Motor energy,Geopolitical entity (reporting),TIME_PERIOD,OBS_VALUE
Alternative energy,Albania,2019,3757.0
Alternative energy,Albania,2020,372.0
Alternative energy,Albania,2021,5703.0
Alternative energy,Albania,2022,4114.0
Alternative energy,Albania,2023,6088.0
Alternative energy,Albania,2024,11047.0
Alternative energy,Austria,2013,1285.0
Alternative energy,Austria,2014,2074.0
Alternative energy,Austria,2015,2389.0
Alternative energy,Austria,2016,4317.0
Alternative energy,Austria,2017,5868.0
Alternative energy,Austria,2018,7406.0
Alternative energy,Austria,2019,9841.0
Alternative energy,Austria,2020,16393.0
Alternative energy,Austria,2021,33466.0
Alternative energy,Austria,2022,34242.0
Alternative energy,Austria,2023,47642.0
Alternative energy,Austria,2024,44635.0
Alternative energy,Bosnia and Herzegovina,2013,39.0
Alternative energy,Bosnia and Herzegovina,2014,46.0
Alternative energy,Bosnia and Herzegovina,2015,49.0
Alternative energy,Bosnia and Herzegovina,2016,141.0
Alternative energy,Bosnia and Herzegovina,2017,136.0
Alternative energy,Bosnia and Herzegovina,2018,101.0
Alternative energy,Bosnia and Herzegovina,2019,137.0
Alternative energy,Bosnia and Herzegovina,2020,73.0
Alternative energy,Bosnia and Herzegovina,2021,229.0
Alternative energy,Bosnia and Herzegovina,2022,300.0
Alternative energy,Bosnia and Herzegovina,2023,333.0
Alternative energy,Bosnia and Herzegovina,2024,300.0
Alternative energy,Belgium,2013,843.0
Alternative energy,Belgium,2014,2234.0
Alternative energy,Belgium,2015,2146.0
Alternative energy,Belgium,2016,4453.0
Alternative energy,Belgium,2017,5408.0
Alternative energy,Belgium,2018,7931.0
Alternative energy,Belgium,2019,12525.0
Alternative energy,Belgium,2020,18919.0
Alternative energy,Belgium,2021,25866.0
Alternative energy,Belgium,2022,40652.0
Alternative energy,Belgium,2023,97043.0
Alternative energy,Belgium,2024,131433.0
Alternative energy,Bulgaria,2022,1042.0
Alternative energy,Bulgaria,2023,1783.0
Alternative energy,Bulgaria,2024,1786.0
Alternative energy,Switzerland,2013,2272.0
Alternative energy,Switzerland,2014,3012.0
Alternative energy,Switzerland,2015,4993.0
Alternative energy,Switzerland,2016,4484.0
Alternative energy,Switzerland,2017,5704.0
Alternative energy,Switzerland,2018,6172.0
Alternative energy,Switzerland,2019,14460.0
Alternative energy,Switzerland,2020,20378.0
Alternative energy,Switzerland,2021,32394.0
Alternative energy,Switzerland,2022,40730.0
Alternative energy,Switzerland,2023,53031.0
Alternative energy,Switzerland,2024,46636.0
Alternative energy,Cyprus,2013,8.0
Alternative energy,Cyprus,2014,1.0
Alternative energy,Cyprus,2015,4.0
Alternative energy,Cyprus,2016,7.0
Alternative energy,Cyprus,2017,18.0
Alternative energy,Cyprus,2018,5.0
Alternative energy,Cyprus,2019,58.0
Alternative energy,Cyprus,2020,42.0
Alternative energy,Cyprus,2021,80.0
Alternative energy,Cyprus,2022,403.0
Alternative energy,Cyprus,2023,788.0
Alternative energy,Cyprus,2024,1193.0
Alternative energy,Czechia,2021,6726.0
Alternative energy,Czechia,2022,8584.0
Alternative energy,Czechia,2023,10661.0
Alternative energy,Czechia,2024,15523.0
Alternative energy,Germany,2013,46534.0
Alternative energy,Germany,2014,50482.0
Alternative energy,Germany,2015,56202.0
Alternative energy,Germany,2016,65703.0
Alternative energy,Germany,2017,33326.0
Alternative energy,Germany,2018,51711.0
Alternative energy,Germany,2019,78487.0
Alternative energy,Germany,2020,208271.0
Alternative energy,Germany,2021,370529.0
Alternative energy,Germany,2022,488321.0
Alternative energy,Germany,2023,539070.0
Alternative energy,Germany,2024,394733.0
Alternative energy,Denmark,2013,549.0
Alternative energy,Denmark,2014,1608.0
Alternative energy,Denmark,2015,1315.0
Alternative energy,Denmark,2016,1315.0
Alternative energy,Denmark,2017,753.0
Alternative energy,Denmark,2018,1557.0
Alternative energy,Denmark,2019,5515.0
Alternative energy,Denmark,2020,14263.0
Alternative energy,Denmark,2021,24951.0
Alternative energy,Denmark,2022,30805.0
Alternative energy,Denmark,2023,62577.0
Alternative energy,Denmark,2024,89058.0
Alternative energy,Estonia,2013,137.0
Alternative energy,Estonia,2014,348.0
Alternative energy,Estonia,2015,46.0
Alternative energy,Estonia,2016,35.0
Alternative energy,Estonia,2017,35.0
Alternative energy,Estonia,2018,86.0
Alternative energy,Estonia,2019,655.0
Alternative energy,Estonia,2020,1008.0
Alternative energy,Estonia,2021,954.0
Alternative energy,Estonia,2022,979.0
Alternative energy,Estonia,2023,1515.0
Alternative energy,Estonia,2024,1469.0
Alternative energy,Greece,2021,5568.0
Alternative energy,Greece,2022,6536.0
Alternative energy,Greece,2023,10154.0
Alternative energy,Greece,2024,12177.0
Alternative energy,Spain,2013,2088.0
Alternative energy,Spain,2014,2589.0
Alternative energy,Spain,2015,5121.0
Alternative energy,Spain,2016,5522.0
Alternative energy,Spain,2017,12531.0
Alternative energy,Spain,2018,34090.0
Alternative energy,Spain,2019,42864.0
Alternative energy,Spain,2020,33560.0
Alternative energy,Spain,2021,40091.0
Alternative energy,Spain,2022,47636.0
Alternative energy,Spain,2023,82720.0
Alternative energy,Spain,2024,93935.0
Alternative energy,European Union - 27 countries (from 2020),2022,1399095.0
Alternative energy,European Union - 27 countries (from 2020),2023,1863466.0
Alternative energy,European Union - 27 countries (from 2020),2024,1778303.0
Alternative energy,Finland,2013,559.0
Alternative energy,Finland,2014,650.0
Alternative energy,Finland,2015,506.0
Alternative energy,Finland,2016,402.0
Alternative energy,Finland,2017,936.0
Alternative energy,Finland,2018,1937.0
Alternative energy,Finland,2019,4039.0
Alternative energy,Finland,2020,6086.0
Alternative energy,Finland,2021,11075.0
Alternative energy,Finland,2022,15153.0
Alternative energy,Finland,2023,30007.0
Alternative energy,Finland,2024,22027.0
Alternative energy,France,2013,11975.0
Alternative energy,France,2014,13201.0
Alternative energy,France,2015,19181.0
Alternative energy,France,2016,23419.0
Alternative energy,France,2017,26597.0
Alternative energy,France,2018,34030.0
Alternative energy,France,2019,45968.0
Alternative energy,France,2020,129367.0
Alternative energy,France,2021,212089.0
Alternative energy,France,2022,254315.0
Alternative energy,France,2023,366779.0
Alternative energy,France,2024,352309.0
Alternative energy,Georgia,2017,83.0
Alternative energy,Georgia,2018,22.0
Alternative energy,Georgia,2019,23.0
Alternative energy,Georgia,2020,23.0
Alternative energy,Georgia,2021,44.0
Alternative energy,Georgia,2022,206.0
Alternative energy,Georgia,2023,245.0
Alternative energy,Georgia,2024,513.0
Alternative energy,Croatia,2013,272.0
Alternative energy,Croatia,2014,971.0
Alternative energy,Croatia,2015,1063.0
Alternative energy,Croatia,2016,1544.0
Alternative energy,Croatia,2017,1542.0
Alternative energy,Croatia,2018,2404.0
Alternative energy,Croatia,2019,3341.0
Alternative energy,Croatia,2021,2916.0
Alternative energy,Croatia,2022,2638.0
Alternative energy,Croatia,2023,2413.0
Alternative energy,Croatia,2024,1676.0
Alternative energy,Hungary,2013,283.0
Alternative energy,Hungary,2014,176.0
Alternative energy,Hungary,2015,270.0
Alternative energy,Hungary,2016,282.0
Alternative energy,Hungary,2017,808.0
Alternative energy,Hungary,2018,1382.0
Alternative energy,Hungary,2019,1962.0
Alternative energy,Hungary,2020,3413.0
Alternative energy,Hungary,2021,5040.0
Alternative energy,Hungary,2022,5603.0
Alternative energy,Hungary,2023,6370.0
Alternative energy,Hungary,2024,8928.0
Alternative energy,Ireland,2013,640.0
Alternative energy,Ireland,2014,1152.0
Alternative energy,Ireland,2015,2212.0
Alternative energy,Ireland,2016,3346.0
Alternative energy,Ireland,2017,631.0
Alternative energy,Ireland,2018,1252.0
Alternative energy,Ireland,2019,3666.0
Alternative energy,Ireland,2020,4075.0
Alternative energy,Ireland,2021,9515.0
Alternative energy,Ireland,2022,16597.0
Alternative energy,Ireland,2023,23181.0
Alternative energy,Ireland,2024,17508.0
Alternative energy,Iceland,2017,862.0
Alternative energy,Iceland,2018,790.0
Alternative energy,Iceland,2019,1149.0
Alternative energy,Iceland,2020,2586.0
Alternative energy,Iceland,2021,4254.0
Alternative energy,Iceland,2022,5571.0
Alternative energy,Iceland,2023,8787.0
Alternative energy,Iceland,2024,2665.0
Alternative energy,Italy,2013,184666.0
Alternative energy,Italy,2014,197644.0
Alternative energy,Italy,2015,185333.0
Alternative energy,Italy,2016,146790.0
Alternative energy,Italy,2017,163320.0
Alternative energy,Italy,2018,169393.0
Alternative energy,Italy,2019,185884.0
Alternative energy,Italy,2020,158381.0
Alternative energy,Italy,2021,208973.0
Alternative energy,Italy,2022,178126.0
Alternative energy,Italy,2023,209366.0
Alternative energy,Italy,2024,212659.0
Alternative energy,Liechtenstein,2013,21.0
Alternative energy,Liechtenstein,2014,21.0
Alternative energy,Liechtenstein,2015,40.0
Alternative energy,Liechtenstein,2016,48.0
Alternative energy,Liechtenstein,2017,59.0
Alternative energy,Liechtenstein,2018,53.0
Alternative energy,Liechtenstein,2019,104.0
Alternative energy,Liechtenstein,2020,166.0
Alternative energy,Liechtenstein,2021,295.0
Alternative energy,Liechtenstein,2022,319.0
Alternative energy,Liechtenstein,2023,338.0
Alternative energy,Liechtenstein,2024,368.0
Alternative energy,Lithuania,2013,2.0
Alternative energy,Lithuania,2014,60.0
Alternative energy,Lithuania,2015,65.0
Alternative energy,Lithuania,2016,81.0
Alternative energy,Lithuania,2017,56.0
Alternative energy,Lithuania,2018,244.0
Alternative energy,Lithuania,2019,430.0
Alternative energy,Lithuania,2020,914.0
Alternative energy,Lithuania,2021,1611.0
Alternative energy,Lithuania,2022,1877.0
Alternative energy,Lithuania,2023,2215.0
Alternative energy,Lithuania,2024,2453.0
Alternative energy,Luxembourg,2013,177.0
Alternative energy,Luxembourg,2014,350.0
Alternative energy,Luxembourg,2015,92.0
Alternative energy,Luxembourg,2016,158.0
Alternative energy,Luxembourg,2017,396.0
Alternative energy,Luxembourg,2018,441.0
Alternative energy,Luxembourg,2019,991.0
Alternative energy,Luxembourg,2020,2490.0
Alternative energy,Luxembourg,2021,4671.0
Alternative energy,Luxembourg,2022,6417.0
Alternative energy,Luxembourg,2023,11082.0
Alternative energy,Luxembourg,2024,12861.0
Alternative energy,Latvia,2014,385.0
Alternative energy,Latvia,2015,157.0
Alternative energy,Latvia,2016,100.0
Alternative energy,Latvia,2017,130.0
Alternative energy,Latvia,2018,138.0
Alternative energy,Latvia,2019,251.0
Alternative energy,Latvia,2020,492.0
Alternative energy,Latvia,2021,763.0
Alternative energy,Latvia,2022,1413.0
Alternative energy,Latvia,2023,2020.0
Alternative energy,Latvia,2024,1638.0
Alternative energy,Moldova,2013,2119.0
Alternative energy,Moldova,2014,2357.0
Alternative energy,Moldova,2015,2081.0
Alternative energy,Moldova,2016,2530.0
Alternative energy,Moldova,2017,5158.0
Alternative energy,Moldova,2018,4280.0
Alternative energy,Moldova,2019,6296.0
Alternative energy,Moldova,2020,5571.0
Alternative energy,Moldova,2021,8988.0
Alternative energy,Moldova,2022,6520.0
Alternative energy,Moldova,2023,8974.0
Alternative energy,Moldova,2024,14065.0
Alternative energy,Montenegro,2016,13.0
Alternative energy,Montenegro,2017,4.0
Alternative energy,Montenegro,2018,1.0
Alternative energy,Montenegro,2019,6.0
Alternative energy,Montenegro,2021,22.0
Alternative energy,Malta,2013,27.0
Alternative energy,Malta,2014,94.0
Alternative energy,Malta,2015,38.0
Alternative energy,Malta,2016,24.0
Alternative energy,Malta,2017,27.0
Alternative energy,Malta,2018,286.0
Alternative energy,Malta,2019,283.0
Alternative energy,Malta,2020,198.0
Alternative energy,Malta,2021,429.0
Alternative energy,Malta,2022,999.0
Alternative energy,Malta,2023,1522.0
Alternative energy,Malta,2024,2893.0
Alternative energy,Netherlands,2013,5248.0
Alternative energy,Netherlands,2014,7135.0
Alternative energy,Netherlands,2015,4256.0
Alternative energy,Netherlands,2016,5514.0
Alternative energy,Netherlands,2017,10432.0
Alternative energy,Netherlands,2018,25960.0
Alternative energy,Netherlands,2019,62518.0
Alternative energy,Netherlands,2020,74987.0
Alternative energy,Netherlands,2021,66048.0
Alternative energy,Netherlands,2022,75641.0
Alternative energy,Netherlands,2023,116368.0
Alternative energy,Netherlands,2024,134356.0
Alternative energy,Norway,2013,9021.0
Alternative energy,Norway,2014,18573.0
Alternative energy,Norway,2015,25942.0
Alternative energy,Norway,2016,24257.0
Alternative energy,Norway,2017,33120.0
Alternative energy,Norway,2018,46209.0
Alternative energy,Norway,2019,60320.0
Alternative energy,Norway,2020,82239.0
Alternative energy,Norway,2021,116436.0
Alternative energy,Norway,2022,142531.0
Alternative energy,Norway,2023,104729.0
Alternative energy,Norway,2024,114823.0
Alternative energy,Poland,2013,3525.0
Alternative energy,Poland,2014,4873.0
Alternative energy,Poland,2015,5614.0
Alternative energy,Poland,2016,6659.0
Alternative energy,Poland,2017,10619.0
Alternative energy,Poland,2018,8243.0
Alternative energy,Poland,2019,9964.0
Alternative energy,Poland,2020,13010.0
Alternative energy,Poland,2021,20671.0
Alternative energy,Poland,2022,23534.0
Alternative energy,Poland,2023,29674.0
Alternative energy,Poland,2024,33126.0
Alternative energy,Portugal,2017,3723.0
Alternative energy,Portugal,2018,6383.0
Alternative energy,Portugal,2019,9173.0
Alternative energy,Portugal,2020,9822.0
Alternative energy,Portugal,2021,17198.0
Alternative energy,Portugal,2022,24138.0
Alternative energy,Portugal,2023,47805.0
Alternative energy,Portugal,2024,56958.0
Alternative energy,Romania,2013,392.0
Alternative energy,Romania,2014,802.0
Alternative energy,Romania,2015,762.0
Alternative energy,Romania,2016,1068.0
Alternative energy,Romania,2017,1141.0
Alternative energy,Romania,2018,1964.0
Alternative energy,Romania,2019,2922.0
Alternative energy,Romania,2020,12122.0
Alternative energy,Romania,2021,22296.0
Alternative energy,Romania,2022,25203.0
Alternative energy,Romania,2023,33036.0
Alternative energy,Romania,2024,25196.0
Alternative energy,Serbia,2019,1238.0
Alternative energy,Serbia,2020,1176.0
Alternative energy,Serbia,2021,1192.0
Alternative energy,Serbia,2022,1513.0
Alternative energy,Serbia,2023,2522.0
Alternative energy,Serbia,2024,2284.0
Alternative energy,Sweden,2013,7610.0
Alternative energy,Sweden,2014,9013.0
Alternative energy,Sweden,2015,9434.0
Alternative energy,Sweden,2016,7711.0
Alternative energy,Sweden,2017,9477.0
Alternative energy,Sweden,2018,11487.0
Alternative energy,Sweden,2019,21958.0
Alternative energy,Sweden,2020,31525.0
Alternative energy,Sweden,2021,60416.0
Alternative energy,Sweden,2022,99960.0
Alternative energy,Sweden,2023,118536.0
Alternative energy,Sweden,2024,99629.0
Alternative energy,Slovenia,2013,10.0
Alternative energy,Slovenia,2014,407.0
Alternative energy,Slovenia,2015,599.0
Alternative energy,Slovenia,2016,881.0
Alternative energy,Slovenia,2017,1838.0
Alternative energy,Slovenia,2018,2401.0
Alternative energy,Slovenia,2019,3274.0
Alternative energy,Slovenia,2020,3162.0
Alternative energy,Slovenia,2021,4466.0
Alternative energy,Slovenia,2022,5074.0
Alternative energy,Slovenia,2023,4810.0
Alternative energy,Slovenia,2024,3987.0
Alternative energy,Slovakia,2016,536.0
Alternative energy,Slovakia,2017,979.0
Alternative energy,Slovakia,2018,1051.0
Alternative energy,Slovakia,2019,557.0
Alternative energy,Slovakia,2020,1851.0
Alternative energy,Slovakia,2021,1969.0
Alternative energy,Slovakia,2022,3207.0
Alternative energy,Slovakia,2023,4329.0
Alternative energy,Slovakia,2024,4157.0
Alternative energy,Türkiye,2013,14495.0
Alternative energy,Türkiye,2014,11404.0
Alternative energy,Türkiye,2015,13442.0
Alternative energy,Türkiye,2016,13792.0
Alternative energy,Türkiye,2017,25508.0
Alternative energy,Türkiye,2018,26652.0
Alternative energy,Türkiye,2019,22779.0
Alternative energy,Türkiye,2020,34876.0
Alternative energy,Türkiye,2021,35216.0
Alternative energy,Türkiye,2022,19481.0
Alternative energy,Türkiye,2023,78659.0
Alternative energy,Türkiye,2024,114434.0
Alternative energy,Ukraine,2019,7647.0
Alternative energy,Ukraine,2020,2055.0
Alternative energy,Ukraine,2021,3202.0
Alternative energy,Ukraine,2022,2659.0
Alternative energy,Ukraine,2023,7647.0
Alternative energy,Ukraine,2024,10541.0
Alternative energy,United Kingdom,2015,10119.0
Alternative energy,United Kingdom,2016,10589.0
Alternative energy,United Kingdom,2017,13744.0
Alternative energy,United Kingdom,2018,15715.0
Alternative energy,United Kingdom,2021,190471.0
Alternative energy,United Kingdom,2022,266796.0
Alternative energy,United Kingdom,2023,311630.0
Alternative energy,Kosovo*,2017,4.0
Alternative energy,Kosovo*,2018,2.0
Alternative energy,Kosovo*,2019,0.0
Alternative energy,Kosovo*,2021,20.0
Bi-fuel,Albania,2020,0.0
Bi-fuel,Albania,2021,5310.0
Bi-fuel,Albania,2022,3432.0
Bi-fuel,Albania,2023,4246.0
Bi-fuel,Albania,2024,7775.0
Bi-fuel,Austria,2013,176.0
Bi-fuel,Austria,2014,511.0
Bi-fuel,Austria,2015,536.0
Bi-fuel,Austria,2016,367.0
Bi-fuel,Austria,2017,321.0
Bi-fuel,Austria,2018,532.0
Bi-fuel,Austria,2019,159.0
Bi-fuel,Austria,2020,21.0
Bi-fuel,Austria,2021,16.0
Bi-fuel,Austria,2022,12.0
Bi-fuel,Austria,2023,5.0
Bi-fuel,Austria,2024,1.0
Bi-fuel,Bosnia and Herzegovina,2013,39.0
Bi-fuel,Bosnia and Herzegovina,2014,46.0
Bi-fuel,Bosnia and Herzegovina,2015,48.0
Bi-fuel,Bosnia and Herzegovina,2016,140.0
Bi-fuel,Bosnia and Herzegovina,2017,129.0
Bi-fuel,Bosnia and Herzegovina,2018,97.0
Bi-fuel,Bosnia and Herzegovina,2019,123.0
Bi-fuel,Bosnia and Herzegovina,2020,62.0
Bi-fuel,Bosnia and Herzegovina,2021,200.0
Bi-fuel,Bosnia and Herzegovina,2022,266.0
Bi-fuel,Bosnia and Herzegovina,2023,197.0
Bi-fuel,Bosnia and Herzegovina,2024,202.0
Bi-fuel,Belgium,2013,199.0
Bi-fuel,Belgium,2014,795.0
Bi-fuel,Belgium,2015,645.0
Bi-fuel,Belgium,2016,1592.0
Bi-fuel,Belgium,2017,1948.0
Bi-fuel,Belgium,2018,3215.0
Bi-fuel,Belgium,2019,477.0
Bi-fuel,Belgium,2020,1073.0
Bi-fuel,Belgium,2021,2177.0
Bi-fuel,Belgium,2022,2488.0
Bi-fuel,Belgium,2023,3468.0
Bi-fuel,Belgium,2024,3502.0
Bi-fuel,Bulgaria,2024,0.0
Bi-fuel,Switzerland,2013,444.0
Bi-fuel,Switzerland,2014,839.0
Bi-fuel,Switzerland,2015,897.0
Bi-fuel,Switzerland,2016,692.0
Bi-fuel,Switzerland,2017,639.0
Bi-fuel,Switzerland,2018,691.0
Bi-fuel,Switzerland,2019,157.0
Bi-fuel,Switzerland,2020,60.0
Bi-fuel,Switzerland,2021,26.0
Bi-fuel,Switzerland,2022,23.0
Bi-fuel,Switzerland,2023,15.0
Bi-fuel,Switzerland,2024,8.0
Bi-fuel,Cyprus,2013,0.0
Bi-fuel,Cyprus,2014,0.0
Bi-fuel,Cyprus,2015,0.0
Bi-fuel,Cyprus,2016,0.0
Bi-fuel,Cyprus,2017,0.0
Bi-fuel,Cyprus,2018,0.0
Bi-fuel,Cyprus,2019,0.0
Bi-fuel,Cyprus,2020,0.0
Bi-fuel,Cyprus,2021,0.0
Bi-fuel,Cyprus,2022,0.0
Bi-fuel,Cyprus,2023,0.0
Bi-fuel,Cyprus,2024,0.0
Bi-fuel,Czechia,2021,2704.0
Bi-fuel,Denmark,2019,0.0
Bi-fuel,Denmark,2020,0.0
Bi-fuel,Denmark,2021,0.0
Bi-fuel,Denmark,2022,0.0
Bi-fuel,Denmark,2023,0.0
Bi-fuel,Denmark,2024,0.0
Bi-fuel,Greece,2021,2295.0
Bi-fuel,Greece,2022,3066.0
Bi-fuel,Greece,2023,3380.0
Bi-fuel,Greece,2024,3430.0
Bi-fuel,Spain,2015,0.0
Bi-fuel,Spain,2016,2462.0
Bi-fuel,Spain,2017,6603.0
Bi-fuel,Spain,2018,24522.0
Bi-fuel,Spain,2019,24247.0
Bi-fuel,Spain,2020,11072.0
Bi-fuel,Spain,2021,14226.0
Bi-fuel,Spain,2022,15208.0
Bi-fuel,Spain,2023,26717.0
Bi-fuel,Spain,2024,33823.0
Bi-fuel,Finland,2013,83.0
Bi-fuel,Finland,2014,86.0
Bi-fuel,Finland,2015,140.0
Bi-fuel,Finland,2016,127.0
Bi-fuel,Finland,2017,368.0
Bi-fuel,Finland,2018,979.0
Bi-fuel,Finland,2019,7.0
Bi-fuel,Finland,2021,0.0
Bi-fuel,Finland,2022,0.0
Bi-fuel,Finland,2023,0.0
Bi-fuel,Finland,2024,0.0
Bi-fuel,France,2013,2850.0
Bi-fuel,France,2014,2314.0
Bi-fuel,France,2015,1579.0
Bi-fuel,France,2016,450.0
Bi-fuel,France,2017,1033.0
Bi-fuel,France,2018,2275.0
Bi-fuel,France,2019,2107.0
Bi-fuel,France,2020,16335.0
Bi-fuel,France,2021,46291.0
Bi-fuel,France,2022,46841.0
Bi-fuel,France,2023,62781.0
Bi-fuel,France,2024,56627.0
Bi-fuel,Georgia,2023,0.0
Bi-fuel,Georgia,2024,0.0
Bi-fuel,Croatia,2013,171.0
Bi-fuel,Croatia,2014,504.0
Bi-fuel,Croatia,2015,517.0
Bi-fuel,Croatia,2016,973.0
Bi-fuel,Croatia,2017,822.0
Bi-fuel,Croatia,2018,1135.0
Bi-fuel,Croatia,2019,1137.0
Bi-fuel,Croatia,2021,1794.0
Bi-fuel,Croatia,2022,1575.0
Bi-fuel,Croatia,2023,1287.0
Bi-fuel,Croatia,2024,794.0
Bi-fuel,Hungary,2013,234.0
Bi-fuel,Hungary,2014,99.0
Bi-fuel,Hungary,2015,143.0
Bi-fuel,Hungary,2016,91.0
Bi-fuel,Hungary,2017,45.0
Bi-fuel,Hungary,2018,73.0
Bi-fuel,Hungary,2019,124.0
Bi-fuel,Hungary,2020,363.0
Bi-fuel,Hungary,2021,721.0
Bi-fuel,Hungary,2022,889.0
Bi-fuel,Hungary,2023,523.0
Bi-fuel,Hungary,2024,363.0
Bi-fuel,Liechtenstein,2013,3.0
Bi-fuel,Liechtenstein,2014,2.0
Bi-fuel,Liechtenstein,2015,5.0
Bi-fuel,Liechtenstein,2016,1.0
Bi-fuel,Liechtenstein,2017,1.0
Bi-fuel,Liechtenstein,2018,4.0
Bi-fuel,Liechtenstein,2019,0.0
Bi-fuel,Liechtenstein,2020,0.0
Bi-fuel,Liechtenstein,2021,0.0
Bi-fuel,Liechtenstein,2022,0.0
Bi-fuel,Liechtenstein,2023,0.0
Bi-fuel,Liechtenstein,2024,3.0
Bi-fuel,Lithuania,2013,0.0
Bi-fuel,Lithuania,2014,0.0
Bi-fuel,Lithuania,2015,0.0
Bi-fuel,Lithuania,2016,0.0
Bi-fuel,Lithuania,2017,0.0
Bi-fuel,Lithuania,2018,0.0
Bi-fuel,Lithuania,2019,0.0
Bi-fuel,Lithuania,2020,0.0
Bi-fuel,Lithuania,2021,0.0
Bi-fuel,Lithuania,2022,0.0
Bi-fuel,Lithuania,2023,0.0
Bi-fuel,Lithuania,2024,0.0
Bi-fuel,Luxembourg,2021,18.0
Bi-fuel,Luxembourg,2022,22.0
Bi-fuel,Luxembourg,2023,33.0
Bi-fuel,Luxembourg,2024,35.0
Bi-fuel,Latvia,2014,0.0
Bi-fuel,Latvia,2016,0.0
Bi-fuel,Latvia,2017,0.0
Bi-fuel,Latvia,2018,0.0
Bi-fuel,Latvia,2019,0.0
Bi-fuel,Latvia,2020,0.0
Bi-fuel,Latvia,2021,0.0
Bi-fuel,Latvia,2022,0.0
Bi-fuel,Latvia,2023,0.0
Bi-fuel,Latvia,2024,0.0
Bi-fuel,Malta,2013,5.0
Bi-fuel,Malta,2014,24.0
Bi-fuel,Malta,2015,11.0
Bi-fuel,Malta,2016,5.0
Bi-fuel,Malta,2017,3.0
Bi-fuel,Malta,2018,1.0
Bi-fuel,Malta,2019,2.0
Bi-fuel,Malta,2020,20.0
Bi-fuel,Malta,2021,13.0
Bi-fuel,Malta,2022,9.0
Bi-fuel,Malta,2023,6.0
Bi-fuel,Malta,2024,0.0
Bi-fuel,Netherlands,2015,0.0
Bi-fuel,Netherlands,2016,0.0
Bi-fuel,Netherlands,2021,0.0
Bi-fuel,Netherlands,2022,0.0
Bi-fuel,Netherlands,2023,0.0
Bi-fuel,Netherlands,2024,0.0
Bi-fuel,Norway,2018,0.0
Bi-fuel,Norway,2019,0.0
Bi-fuel,Norway,2020,0.0
Bi-fuel,Norway,2021,0.0
Bi-fuel,Norway,2022,0.0
Bi-fuel,Norway,2023,
Bi-fuel,Norway,2024,0.0
Bi-fuel,Poland,2014,0.0
Bi-fuel,Poland,2015,0.0
Bi-fuel,Poland,2016,0.0
Bi-fuel,Poland,2017,0.0
Bi-fuel,Poland,2018,0.0
Bi-fuel,Poland,2019,0.0
Bi-fuel,Poland,2020,0.0
Bi-fuel,Poland,2021,0.0
Bi-fuel,Poland,2022,0.0
Bi-fuel,Poland,2023,0.0
Bi-fuel,Poland,2024,0.0
Bi-fuel,Portugal,2017,9.0
Bi-fuel,Portugal,2018,30.0
Bi-fuel,Portugal,2019,12.0
Bi-fuel,Portugal,2020,6.0
Bi-fuel,Portugal,2021,4.0
Bi-fuel,Portugal,2022,181.0
Bi-fuel,Portugal,2023,26.0
Bi-fuel,Portugal,2024,3.0
Bi-fuel,Romania,2013,354.0
Bi-fuel,Romania,2014,785.0
Bi-fuel,Romania,2015,734.0
Bi-fuel,Romania,2016,999.0
Bi-fuel,Romania,2017,908.0
Bi-fuel,Romania,2018,1360.0
Bi-fuel,Romania,2019,1416.0
Bi-fuel,Romania,2020,9278.0
Bi-fuel,Romania,2021,15952.0
Bi-fuel,Romania,2022,13565.0
Bi-fuel,Romania,2023,17669.0
Bi-fuel,Romania,2024,15392.0
Bi-fuel,Serbia,2019,1201.0
Bi-fuel,Serbia,2020,1114.0
Bi-fuel,Serbia,2021,1053.0
Bi-fuel,Serbia,2022,1286.0
Bi-fuel,Serbia,2023,2013.0
Bi-fuel,Serbia,2024,1668.0
Bi-fuel,Sweden,2013,2545.0
Bi-fuel,Sweden,2014,3419.0
Bi-fuel,Sweden,2015,4231.0
Bi-fuel,Sweden,2016,3311.0
Bi-fuel,Sweden,2017,3190.0
Bi-fuel,Sweden,2018,2696.0
Bi-fuel,Sweden,2019,436.0
Bi-fuel,Sweden,2020,261.0
Bi-fuel,Sweden,2021,54.0
Bi-fuel,Sweden,2022,24.0
Bi-fuel,Sweden,2023,18.0
Bi-fuel,Sweden,2024,12.0
Bi-fuel,Türkiye,2017,0.0
Bi-fuel,Türkiye,2018,0.0
Bi-fuel,Türkiye,2019,0.0
Bi-fuel,Türkiye,2020,0.0
Bi-fuel,Türkiye,2021,0.0
Bi-fuel,Türkiye,2022,0.0
Bi-fuel,Türkiye,2023,0.0
Bi-fuel,Türkiye,2024,0.0
Bi-fuel,Ukraine,2019,380.0
Bi-fuel,Ukraine,2020,1407.0
Bi-fuel,Ukraine,2021,1987.0
Bi-fuel,Ukraine,2022,403.0
Bi-fuel,Ukraine,2023,380.0
Bi-fuel,Ukraine,2024,309.0
Bi-fuel,United Kingdom,2015,33.0
Bi-fuel,United Kingdom,2016,29.0
Bi-fuel,United Kingdom,2017,11.0
Bi-fuel,United Kingdom,2018,95.0
Bi-fuel,United Kingdom,2021,2299.0
Bi-fuel,United Kingdom,2022,3577.0
Bi-fuel,United Kingdom,2023,2646.0
Bi-fuel,Kosovo*,2017,0.0
Bi-fuel,Kosovo*,2018,0.0
Bi-fuel,Kosovo*,2019,0.0
Bi-fuel,Kosovo*,2021,0.0
Biodiesel,Albania,2020,0.0
Biodiesel,Albania,2021,1.0
Biodiesel,Austria,2019,0.0
Biodiesel,Austria,2020,0.0
Biodiesel,Austria,2021,0.0
Biodiesel,Austria,2022,0.0
Biodiesel,Austria,2023,0.0
Biodiesel,Austria,2024,0.0
Biodiesel,Bosnia and Herzegovina,2013,0.0
Biodiesel,Bosnia and Herzegovina,2014,0.0
Biodiesel,Bosnia and Herzegovina,2015,0.0
Biodiesel,Bosnia and Herzegovina,2016,0.0
Biodiesel,Bosnia and Herzegovina,2017,0.0
Biodiesel,Bosnia and Herzegovina,2018,0.0
Biodiesel,Bosnia and Herzegovina,2019,0.0
Biodiesel,Bosnia and Herzegovina,2020,0.0
Biodiesel,Bosnia and Herzegovina,2021,0.0
Biodiesel,Bosnia and Herzegovina,2022,0.0
Biodiesel,Bosnia and Herzegovina,2023,0.0
Biodiesel,Bosnia and Herzegovina,2024,0.0
Biodiesel,Belgium,2013,0.0
Biodiesel,Belgium,2014,0.0
Biodiesel,Belgium,2015,0.0
Biodiesel,Belgium,2016,0.0
Biodiesel,Belgium,2017,0.0
Biodiesel,Belgium,2018,0.0
Biodiesel,Belgium,2019,0.0
Biodiesel,Belgium,2020,1.0
Biodiesel,Belgium,2021,0.0
Biodiesel,Belgium,2022,2.0
Biodiesel,Belgium,2023,0.0
Biodiesel,Belgium,2024,1.0
Biodiesel,Bulgaria,2024,0.0
Biodiesel,Switzerland,2013,0.0
Biodiesel,Switzerland,2014,0.0
Biodiesel,Switzerland,2015,0.0
Biodiesel,Switzerland,2016,0.0
Biodiesel,Switzerland,2017,0.0
Biodiesel,Switzerland,2018,0.0
Biodiesel,Switzerland,2019,0.0
Biodiesel,Switzerland,2020,0.0
Biodiesel,Switzerland,2021,0.0
Biodiesel,Switzerland,2022,0.0
Biodiesel,Switzerland,2023,0.0
Biodiesel,Cyprus,2013,0.0
Biodiesel,Cyprus,2014,0.0
Biodiesel,Cyprus,2015,0.0
Biodiesel,Cyprus,2016,0.0
Biodiesel,Cyprus,2017,0.0
Biodiesel,Cyprus,2018,0.0
Biodiesel,Cyprus,2019,0.0
Biodiesel,Cyprus,2020,0.0
Biodiesel,Cyprus,2021,0.0
Biodiesel,Cyprus,2022,0.0
Biodiesel,Cyprus,2023,0.0
Biodiesel,Cyprus,2024,0.0
Biodiesel,Czechia,2021,0.0
Biodiesel,Czechia,2023,1.0
Biodiesel,Czechia,2024,2.0
Biodiesel,Denmark,2019,0.0
Biodiesel,Denmark,2020,0.0
Biodiesel,Denmark,2021,0.0
Biodiesel,Denmark,2022,0.0
Biodiesel,Denmark,2023,0.0
Biodiesel,Denmark,2024,0.0
Biodiesel,Greece,2023,0.0
Biodiesel,Spain,2014,6.0
Biodiesel,Spain,2015,0.0
Biodiesel,Spain,2016,0.0
Biodiesel,Spain,2018,0.0
Biodiesel,Spain,2019,0.0
Biodiesel,Spain,2020,0.0
Biodiesel,Spain,2021,0.0
Biodiesel,Spain,2022,0.0
Biodiesel,Spain,2023,0.0
Biodiesel,Spain,2024,0.0
Biodiesel,Finland,2013,0.0
Biodiesel,Finland,2014,0.0
Biodiesel,Finland,2015,0.0
Biodiesel,Finland,2016,0.0
Biodiesel,Finland,2021,0.0
Biodiesel,Finland,2022,0.0
Biodiesel,Finland,2023,0.0
Biodiesel,Finland,2024,0.0
Biodiesel,France,2013,0.0
Biodiesel,France,2023,0.0
Biodiesel,Georgia,2023,0.0
Biodiesel,Georgia,2024,0.0
Biodiesel,Hungary,2013,0.0
Biodiesel,Hungary,2014,0.0
Biodiesel,Hungary,2015,0.0
Biodiesel,Hungary,2016,0.0
Biodiesel,Hungary,2017,0.0
Biodiesel,Hungary,2018,0.0
Biodiesel,Hungary,2019,0.0
Biodiesel,Hungary,2020,0.0
Biodiesel,Hungary,2021,0.0
Biodiesel,Hungary,2022,0.0
Biodiesel,Hungary,2023,0.0
Biodiesel,Hungary,2024,0.0
Biodiesel,Italy,2023,33.0
Biodiesel,Italy,2024,397.0
Biodiesel,Liechtenstein,2013,0.0
Biodiesel,Liechtenstein,2014,0.0
Biodiesel,Liechtenstein,2015,0.0
Biodiesel,Liechtenstein,2016,0.0
Biodiesel,Liechtenstein,2017,0.0
Biodiesel,Liechtenstein,2018,0.0
Biodiesel,Liechtenstein,2019,0.0
Biodiesel,Liechtenstein,2020,0.0
Biodiesel,Liechtenstein,2021,0.0
Biodiesel,Liechtenstein,2022,0.0
Biodiesel,Liechtenstein,2023,0.0
Biodiesel,Liechtenstein,2024,0.0
Biodiesel,Lithuania,2013,0.0
Biodiesel,Lithuania,2014,0.0
Biodiesel,Lithuania,2015,0.0
Biodiesel,Lithuania,2016,0.0
Biodiesel,Lithuania,2017,0.0
Biodiesel,Lithuania,2018,0.0
Biodiesel,Lithuania,2019,0.0
Biodiesel,Lithuania,2020,0.0
Biodiesel,Lithuania,2021,0.0
Biodiesel,Lithuania,2022,0.0
Biodiesel,Lithuania,2023,0.0
Biodiesel,Lithuania,2024,0.0
Biodiesel,Luxembourg,2021,0.0
Biodiesel,Luxembourg,2022,0.0
Biodiesel,Luxembourg,2023,0.0
Biodiesel,Luxembourg,2024,0.0
Biodiesel,Latvia,2014,0.0
Biodiesel,Latvia,2016,0.0
Biodiesel,Latvia,2017,0.0
Biodiesel,Latvia,2018,0.0
Biodiesel,Latvia,2019,0.0
Biodiesel,Latvia,2020,0.0
Biodiesel,Latvia,2021,0.0
Biodiesel,Latvia,2022,0.0
Biodiesel,Latvia,2023,0.0
Biodiesel,Latvia,2024,0.0
Biodiesel,Malta,2013,0.0
Biodiesel,Malta,2014,0.0
Biodiesel,Malta,2015,0.0
Biodiesel,Malta,2016,0.0
Biodiesel,Malta,2017,0.0
Biodiesel,Malta,2018,0.0
Biodiesel,Malta,2019,0.0
Biodiesel,Malta,2020,0.0
Biodiesel,Malta,2021,0.0
Biodiesel,Malta,2022,0.0
Biodiesel,Malta,2023,0.0
Biodiesel,Malta,2024,0.0
Biodiesel,Netherlands,2015,0.0
Biodiesel,Netherlands,2016,0.0
Biodiesel,Netherlands,2021,0.0
Biodiesel,Netherlands,2022,0.0
Biodiesel,Netherlands,2023,0.0
Biodiesel,Netherlands,2024,0.0
Biodiesel,Norway,2018,0.0
Biodiesel,Norway,2019,0.0
Biodiesel,Norway,2020,0.0
Biodiesel,Norway,2021,0.0
Biodiesel,Norway,2022,0.0
Biodiesel,Norway,2023,0.0
Biodiesel,Norway,2024,0.0
Biodiesel,Poland,2013,0.0
Biodiesel,Poland,2014,0.0
Biodiesel,Poland,2015,0.0
Biodiesel,Poland,2016,0.0
Biodiesel,Poland,2017,0.0
Biodiesel,Poland,2018,27.0
Biodiesel,Poland,2019,21.0
Biodiesel,Poland,2020,34.0
Biodiesel,Poland,2021,0.0
Biodiesel,Poland,2022,0.0
Biodiesel,Poland,2023,0.0
Biodiesel,Poland,2024,0.0
Biodiesel,Portugal,2017,0.0
Biodiesel,Portugal,2018,0.0
Biodiesel,Portugal,2019,0.0
Biodiesel,Portugal,2020,0.0
Biodiesel,Portugal,2021,0.0
Biodiesel,Portugal,2022,0.0
Biodiesel,Portugal,2023,0.0
Biodiesel,Portugal,2024,0.0
Biodiesel,Serbia,2019,0.0
Biodiesel,Serbia,2020,0.0
Biodiesel,Serbia,2021,0.0
Biodiesel,Serbia,2022,0.0
Biodiesel,Serbia,2023,0.0
Biodiesel,Serbia,2024,0.0
Biodiesel,Sweden,2013,2.0
Biodiesel,Sweden,2014,0.0
Biodiesel,Sweden,2015,1.0
Biodiesel,Sweden,2016,0.0
Biodiesel,Sweden,2017,0.0
Biodiesel,Sweden,2018,0.0
Biodiesel,Sweden,2019,0.0
Biodiesel,Sweden,2020,0.0
Biodiesel,Sweden,2021,0.0
Biodiesel,Sweden,2022,0.0
Biodiesel,Sweden,2023,0.0
Biodiesel,Türkiye,2017,0.0
Biodiesel,Türkiye,2018,0.0
Biodiesel,Türkiye,2019,0.0
Biodiesel,Türkiye,2020,0.0
Biodiesel,Türkiye,2021,0.0
Biodiesel,Türkiye,2022,0.0
Biodiesel,Türkiye,2023,0.0
Biodiesel,Türkiye,2024,0.0
Biodiesel,Kosovo*,2017,0.0
Biodiesel,Kosovo*,2018,0.0
Biodiesel,Kosovo*,2019,0.0
Biodiesel,Kosovo*,2021,0.0
Bioethanol,Albania,2020,0.0
Bioethanol,Albania,2021,1.0
Bioethanol,Austria,2019,0.0
Bioethanol,Austria,2020,0.0
Bioethanol,Austria,2021,0.0
Bioethanol,Austria,2022,0.0
Bioethanol,Austria,2023,0.0
Bioethanol,Austria,2024,0.0
Bioethanol,Bosnia and Herzegovina,2013,0.0
Bioethanol,Bosnia and Herzegovina,2014,0.0
Bioethanol,Bosnia and Herzegovina,2015,0.0
Bioethanol,Bosnia and Herzegovina,2016,0.0
Bioethanol,Bosnia and Herzegovina,2017,0.0
Bioethanol,Bosnia and Herzegovina,2018,0.0
Bioethanol,Bosnia and Herzegovina,2019,0.0
Bioethanol,Bosnia and Herzegovina,2020,0.0
Bioethanol,Bosnia and Herzegovina,2021,0.0
Bioethanol,Bosnia and Herzegovina,2022,0.0
Bioethanol,Bosnia and Herzegovina,2023,0.0
Bioethanol,Bosnia and Herzegovina,2024,0.0
Bioethanol,Belgium,2013,13.0
Bioethanol,Belgium,2014,1.0
Bioethanol,Belgium,2015,1.0
Bioethanol,Belgium,2016,6.0
Bioethanol,Belgium,2017,0.0
Bioethanol,Belgium,2018,2.0
Bioethanol,Belgium,2019,1.0
Bioethanol,Belgium,2020,0.0
Bioethanol,Belgium,2021,0.0
Bioethanol,Belgium,2022,0.0
Bioethanol,Belgium,2023,0.0
Bioethanol,Belgium,2024,0.0
Bioethanol,Bulgaria,2024,0.0
Bioethanol,Switzerland,2013,0.0
Bioethanol,Switzerland,2014,1.0
Bioethanol,Switzerland,2015,1.0
Bioethanol,Switzerland,2016,1.0
Bioethanol,Switzerland,2017,0.0
Bioethanol,Switzerland,2018,0.0
Bioethanol,Switzerland,2019,2.0
Bioethanol,Switzerland,2020,0.0
Bioethanol,Switzerland,2021,1.0
Bioethanol,Switzerland,2022,0.0
Bioethanol,Switzerland,2023,0.0
Bioethanol,Cyprus,2013,0.0
Bioethanol,Cyprus,2014,0.0
Bioethanol,Cyprus,2015,0.0
Bioethanol,Cyprus,2016,0.0
Bioethanol,Cyprus,2017,0.0
Bioethanol,Cyprus,2018,0.0
Bioethanol,Cyprus,2019,0.0
Bioethanol,Cyprus,2020,0.0
Bioethanol,Cyprus,2021,0.0
Bioethanol,Cyprus,2022,0.0
Bioethanol,Cyprus,2023,0.0
Bioethanol,Cyprus,2024,0.0
Bioethanol,Czechia,2021,1.0
Bioethanol,Czechia,2022,0.0
Bioethanol,Czechia,2023,0.0
Bioethanol,Czechia,2024,0.0
Bioethanol,Denmark,2019,0.0
Bioethanol,Denmark,2020,0.0
Bioethanol,Denmark,2021,0.0
Bioethanol,Denmark,2022,0.0
Bioethanol,Denmark,2023,0.0
Bioethanol,Denmark,2024,0.0
Bioethanol,Greece,2023,0.0
Bioethanol,Spain,2015,5.0
Bioethanol,Spain,2016,1.0
Bioethanol,Spain,2018,0.0
Bioethanol,Spain,2019,0.0
Bioethanol,Spain,2020,0.0
Bioethanol,Spain,2021,1.0
Bioethanol,Spain,2022,0.0
Bioethanol,Spain,2023,0.0
Bioethanol,Spain,2024,0.0
Bioethanol,Finland,2013,402.0
Bioethanol,Finland,2014,344.0
Bioethanol,Finland,2015,105.0
Bioethanol,Finland,2016,14.0
Bioethanol,Finland,2017,1.0
Bioethanol,Finland,2018,0.0
Bioethanol,Finland,2019,0.0
Bioethanol,Finland,2020,0.0
Bioethanol,Finland,2021,12.0
Bioethanol,Finland,2022,27.0
Bioethanol,Finland,2023,17.0
Bioethanol,Finland,2024,43.0
Bioethanol,France,2013,238.0
Bioethanol,France,2014,254.0
Bioethanol,France,2015,231.0
Bioethanol,France,2016,1062.0
Bioethanol,France,2017,0.0
Bioethanol,France,2018,0.0
Bioethanol,France,2019,0.0
Bioethanol,France,2020,0.0
Bioethanol,France,2021,0.0
Bioethanol,France,2022,0.0
Bioethanol,France,2023,0.0
Bioethanol,Georgia,2023,0.0
Bioethanol,Georgia,2024,0.0
Bioethanol,Hungary,2013,0.0
Bioethanol,Hungary,2014,0.0
Bioethanol,Hungary,2015,0.0
Bioethanol,Hungary,2016,0.0
Bioethanol,Hungary,2017,0.0
Bioethanol,Hungary,2018,0.0
Bioethanol,Hungary,2019,0.0
Bioethanol,Hungary,2020,0.0
Bioethanol,Hungary,2021,0.0
Bioethanol,Hungary,2022,0.0
Bioethanol,Hungary,2023,0.0
Bioethanol,Hungary,2024,0.0
Bioethanol,Liechtenstein,2013,0.0
Bioethanol,Liechtenstein,2014,0.0
Bioethanol,Liechtenstein,2015,0.0
Bioethanol,Liechtenstein,2016,0.0
Bioethanol,Liechtenstein,2017,0.0
Bioethanol,Liechtenstein,2018,0.0
Bioethanol,Liechtenstein,2019,0.0
Bioethanol,Liechtenstein,2020,0.0
Bioethanol,Liechtenstein,2021,0.0
Bioethanol,Liechtenstein,2022,0.0
Bioethanol,Liechtenstein,2023,0.0
Bioethanol,Liechtenstein,2024,0.0
Bioethanol,Lithuania,2013,0.0
Bioethanol,Lithuania,2014,0.0
Bioethanol,Lithuania,2015,0.0
Bioethanol,Lithuania,2016,0.0
Bioethanol,Lithuania,2017,0.0
Bioethanol,Lithuania,2018,0.0
Bioethanol,Lithuania,2019,0.0
Bioethanol,Lithuania,2020,0.0
Bioethanol,Lithuania,2021,0.0
Bioethanol,Lithuania,2022,0.0
Bioethanol,Lithuania,2023,0.0
Bioethanol,Lithuania,2024,0.0
Bioethanol,Luxembourg,2021,0.0
Bioethanol,Luxembourg,2022,0.0
Bioethanol,Luxembourg,2023,0.0
Bioethanol,Luxembourg,2024,0.0
Bioethanol,Latvia,2014,0.0
Bioethanol,Latvia,2016,0.0
Bioethanol,Latvia,2017,0.0
Bioethanol,Latvia,2018,0.0
Bioethanol,Latvia,2019,0.0
Bioethanol,Latvia,2020,0.0
Bioethanol,Latvia,2021,0.0
Bioethanol,Latvia,2022,0.0
Bioethanol,Latvia,2023,0.0
Bioethanol,Latvia,2024,0.0
Bioethanol,Malta,2013,0.0
Bioethanol,Malta,2014,0.0
Bioethanol,Malta,2015,0.0
Bioethanol,Malta,2016,0.0
Bioethanol,Malta,2017,0.0
Bioethanol,Malta,2018,0.0
Bioethanol,Malta,2019,0.0
Bioethanol,Malta,2020,0.0
Bioethanol,Malta,2021,0.0
Bioethanol,Malta,2022,0.0
Bioethanol,Malta,2023,0.0
Bioethanol,Malta,2024,0.0
Bioethanol,Netherlands,2015,0.0
Bioethanol,Netherlands,2016,0.0
Bioethanol,Netherlands,2021,0.0
Bioethanol,Netherlands,2022,0.0
Bioethanol,Netherlands,2023,0.0
Bioethanol,Netherlands,2024,0.0
Bioethanol,Norway,2018,0.0
Bioethanol,Norway,2019,0.0
Bioethanol,Norway,2020,2.0
Bioethanol,Norway,2021,0.0
Bioethanol,Norway,2022,0.0
Bioethanol,Norway,2023,0.0
Bioethanol,Norway,2024,0.0
Bioethanol,Poland,2013,16.0
Bioethanol,Poland,2014,1.0
Bioethanol,Poland,2015,2.0
Bioethanol,Poland,2016,2.0
Bioethanol,Poland,2017,11.0
Bioethanol,Poland,2018,22.0
Bioethanol,Poland,2019,55.0
Bioethanol,Poland,2020,24.0
Bioethanol,Poland,2021,0.0
Bioethanol,Poland,2022,0.0
Bioethanol,Poland,2023,0.0
Bioethanol,Poland,2024,0.0
Bioethanol,Portugal,2017,0.0
Bioethanol,Portugal,2018,0.0
Bioethanol,Portugal,2019,0.0
Bioethanol,Portugal,2020,0.0
Bioethanol,Portugal,2021,0.0
Bioethanol,Portugal,2022,0.0
Bioethanol,Portugal,2023,0.0
Bioethanol,Portugal,2024,0.0
Bioethanol,Serbia,2019,0.0
Bioethanol,Serbia,2020,0.0
Bioethanol,Serbia,2021,0.0
Bioethanol,Serbia,2022,0.0
Bioethanol,Serbia,2023,0.0
Bioethanol,Serbia,2024,0.0
Bioethanol,Sweden,2013,1.0
Bioethanol,Sweden,2014,4.0
Bioethanol,Sweden,2015,3.0
Bioethanol,Sweden,2016,1.0
Bioethanol,Sweden,2017,0.0
Bioethanol,Sweden,2018,4.0
Bioethanol,Sweden,2019,3.0
Bioethanol,Sweden,2020,2.0
Bioethanol,Sweden,2021,7.0
Bioethanol,Sweden,2022,5.0
Bioethanol,Sweden,2023,4191.0
Bioethanol,Sweden,2024,3981.0
Bioethanol,Türkiye,2017,0.0
Bioethanol,Türkiye,2018,0.0
Bioethanol,Türkiye,2019,0.0
Bioethanol,Türkiye,2020,0.0
Bioethanol,Türkiye,2021,0.0
Bioethanol,Türkiye,2022,0.0
Bioethanol,Türkiye,2023,0.0
Bioethanol,Türkiye,2024,0.0
Bioethanol,Kosovo*,2017,0.0
Bioethanol,Kosovo*,2018,1.0
Bioethanol,Kosovo*,2019,0.0
Bioethanol,Kosovo*,2021,0.0
Diesel,Albania,2019,33064.0
Diesel,Albania,2020,32953.0
Diesel,Albania,2021,42914.0
Diesel,Albania,2022,36523.0
Diesel,Albania,2023,47440.0
Diesel,Albania,2024,56773.0
Diesel,Austria,2013,181061.0
Diesel,Austria,2014,172574.0
Diesel,Austria,2015,180510.0
Diesel,Austria,2016,189139.0
Diesel,Austria,2017,175590.0
Diesel,Austria,2018,141159.0
Diesel,Austria,2019,130468.0
Diesel,Austria,2020,99196.0
Diesel,Austria,2021,71808.0
Diesel,Austria,2022,61537.0
Diesel,Austria,2023,61187.0
Diesel,Austria,2024,58478.0
Diesel,Bosnia and Herzegovina,2013,4049.0
Diesel,Bosnia and Herzegovina,2014,4097.0
Diesel,Bosnia and Herzegovina,2015,3835.0
Diesel,Bosnia and Herzegovina,2016,4932.0
Diesel,Bosnia and Herzegovina,2017,5123.0
Diesel,Bosnia and Herzegovina,2018,5028.0
Diesel,Bosnia and Herzegovina,2019,4685.0
Diesel,Bosnia and Herzegovina,2020,3481.0
Diesel,Bosnia and Herzegovina,2021,3385.0
Diesel,Bosnia and Herzegovina,2022,3058.0
Diesel,Bosnia and Herzegovina,2023,3136.0
Diesel,Bosnia and Herzegovina,2024,3192.0
Diesel,Belgium,2013,319863.0
Diesel,Belgium,2014,303953.0
Diesel,Belgium,2015,305838.0
Diesel,Belgium,2016,285653.0
Diesel,Belgium,2017,259790.0
Diesel,Belgium,2018,202272.0
Diesel,Belgium,2019,179716.0
Diesel,Belgium,2020,151970.0
Diesel,Belgium,2021,103914.0
Diesel,Belgium,2022,70559.0
Diesel,Belgium,2023,50855.0
Diesel,Belgium,2024,34322.0
Diesel,Bulgaria,2022,5330.0
Diesel,Bulgaria,2023,6032.0
Diesel,Bulgaria,2024,6986.0
Diesel,Switzerland,2013,119767.0
Diesel,Switzerland,2014,117318.0
Diesel,Switzerland,2015,132789.0
Diesel,Switzerland,2016,130457.0
Diesel,Switzerland,2017,118800.0
Diesel,Switzerland,2018,95612.0
Diesel,Switzerland,2019,88965.0
Diesel,Switzerland,2020,64475.0
Diesel,Switzerland,2021,51670.0
Diesel,Switzerland,2022,45069.0
Diesel,Switzerland,2023,44501.0
Diesel,Switzerland,2024,43218.0
Diesel,Cyprus,2013,1255.0
Diesel,Cyprus,2014,3184.0
Diesel,Cyprus,2015,4157.0
Diesel,Cyprus,2016,5327.0
Diesel,Cyprus,2017,5450.0
Diesel,Cyprus,2018,5264.0
Diesel,Cyprus,2019,4532.0
Diesel,Cyprus,2020,3065.0
Diesel,Cyprus,2021,1460.0
Diesel,Cyprus,2022,541.0
Diesel,Cyprus,2023,443.0
Diesel,Cyprus,2024,373.0
Diesel,Czechia,2021,56933.0
Diesel,Czechia,2022,46078.0
Diesel,Czechia,2023,54687.0
Diesel,Czechia,2024,55084.0
Diesel,Germany,2013,1403113.0
Diesel,Germany,2014,1452565.0
Diesel,Germany,2015,1538451.0
Diesel,Germany,2016,1539596.0
Diesel,Germany,2017,1336195.0
Diesel,Germany,2018,1129025.0
Diesel,Germany,2019,1230267.0
Diesel,Germany,2020,949336.0
Diesel,Germany,2021,691261.0
Diesel,Germany,2022,642418.0
Diesel,Germany,2023,703839.0
Diesel,Germany,2024,684509.0
Diesel,Denmark,2013,57435.0
Diesel,Denmark,2014,59545.0
Diesel,Denmark,2015,64203.0
Diesel,Denmark,2016,80216.0
Diesel,Denmark,2017,77493.0
Diesel,Denmark,2018,72475.0
Diesel,Denmark,2019,60475.0
Diesel,Denmark,2020,46295.0
Diesel,Denmark,2021,26648.0
Diesel,Denmark,2022,17441.0
Diesel,Denmark,2023,15258.0
Diesel,Denmark,2024,12308.0
Diesel,Estonia,2013,7345.0
Diesel,Estonia,2014,7726.0
Diesel,Estonia,2015,6949.0
Diesel,Estonia,2016,6393.0
Diesel,Estonia,2017,6409.0
Diesel,Estonia,2018,6527.0
Diesel,Estonia,2019,6414.0
Diesel,Estonia,2020,5123.0
Diesel,Estonia,2021,5242.0
Diesel,Estonia,2022,4256.0
Diesel,Estonia,2023,4114.0
Diesel,Estonia,2024,5879.0
Diesel,Greece,2021,18717.0
Diesel,Greece,2022,18602.0
Diesel,Greece,2023,19785.0
Diesel,Greece,2024,12587.0
Diesel,Spain,2014,590360.0
Diesel,Spain,2015,658757.0
Diesel,Spain,2016,725997.0
Diesel,Spain,2017,690660.0
Diesel,Spain,2018,573370.0
Diesel,Spain,2019,455468.0
Diesel,Spain,2020,332422.0
Diesel,Spain,2021,265643.0
Diesel,Spain,2022,205650.0
Diesel,Spain,2023,186368.0
Diesel,Spain,2024,184510.0
Diesel,European Union - 27 countries (from 2020),2022,1947531.0
Diesel,European Union - 27 countries (from 2020),2023,1956968.0
Diesel,European Union - 27 countries (from 2020),2024,1817179.0
Diesel,Finland,2013,38697.0
Diesel,Finland,2014,41404.0
Diesel,Finland,2015,38844.0
Diesel,Finland,2016,39556.0
Diesel,Finland,2017,36216.0
Diesel,Finland,2018,29071.0
Diesel,Finland,2019,22022.0
Diesel,Finland,2020,14567.0
Diesel,Finland,2021,11252.0
Diesel,Finland,2022,7447.0
Diesel,Finland,2023,5277.0
Diesel,Finland,2024,4008.0
Diesel,France,2013,1182129.0
Diesel,France,2014,1129453.0
Diesel,France,2015,1089403.0
Diesel,France,2016,1032695.0
Diesel,France,2017,1014418.0
Diesel,France,2018,859623.0
Diesel,France,2019,773411.0
Diesel,France,2020,539142.0
Diesel,France,2021,399164.0
Diesel,France,2022,273570.0
Diesel,France,2023,223258.0
Diesel,France,2024,169406.0
Diesel,Georgia,2017,680.0
Diesel,Georgia,2018,1242.0
Diesel,Georgia,2019,994.0
Diesel,Georgia,2020,994.0
Diesel,Georgia,2021,1358.0
Diesel,Georgia,2022,1760.0
Diesel,Georgia,2023,1514.0
Diesel,Georgia,2024,2520.0
Diesel,Croatia,2021,8904.0
Diesel,Croatia,2022,7788.0
Diesel,Croatia,2023,9219.0
Diesel,Croatia,2024,10691.0
Diesel,Hungary,2013,25769.0
Diesel,Hungary,2014,30219.0
Diesel,Hungary,2015,32271.0
Diesel,Hungary,2016,34700.0
Diesel,Hungary,2017,37039.0
Diesel,Hungary,2018,32655.0
Diesel,Hungary,2019,32299.0
Diesel,Hungary,2020,31606.0
Diesel,Hungary,2021,27065.0
Diesel,Hungary,2022,20567.0
Diesel,Hungary,2023,19836.0
Diesel,Hungary,2024,22889.0
Diesel,Ireland,2013,54428.0
Diesel,Ireland,2014,61917.0
Diesel,Ireland,2015,92436.0
Diesel,Ireland,2016,105257.0
Diesel,Ireland,2017,87644.0
Diesel,Ireland,2018,70743.0
Diesel,Ireland,2019,59884.0
Diesel,Ireland,2020,41688.0
Diesel,Ireland,2021,40292.0
Diesel,Ireland,2022,31336.0
Diesel,Ireland,2023,32255.0
Diesel,Ireland,2024,31272.0
Diesel,Iceland,2017,11091.0
Diesel,Iceland,2018,8219.0
Diesel,Iceland,2019,4253.0
Diesel,Iceland,2020,2327.0
Diesel,Iceland,2021,2584.0
Diesel,Iceland,2022,3107.0
Diesel,Iceland,2023,3039.0
Diesel,Iceland,2024,2750.0
Diesel,Italy,2013,707641.0
Diesel,Italy,2014,757895.0
Diesel,Italy,2015,887074.0
Diesel,Italy,2016,1058886.0
Diesel,Italy,2017,1130434.0
Diesel,Italy,2018,1000494.0
Diesel,Italy,2019,793367.0
Diesel,Italy,2020,505406.0
Diesel,Italy,2021,403271.0
Diesel,Italy,2022,323829.0
Diesel,Italy,2023,357239.0
Diesel,Italy,2024,305596.0
Diesel,Liechtenstein,2013,858.0
Diesel,Liechtenstein,2014,800.0
Diesel,Liechtenstein,2015,937.0
Diesel,Liechtenstein,2016,985.0
Diesel,Liechtenstein,2017,849.0
Diesel,Liechtenstein,2018,644.0
Diesel,Liechtenstein,2019,663.0
Diesel,Liechtenstein,2020,422.0
Diesel,Liechtenstein,2021,355.0
Diesel,Liechtenstein,2022,315.0
Diesel,Liechtenstein,2023,294.0
Diesel,Liechtenstein,2024,299.0
Diesel,Lithuania,2013,7019.0
Diesel,Lithuania,2014,6879.0
Diesel,Lithuania,2015,7690.0
Diesel,Lithuania,2016,7587.0
Diesel,Lithuania,2017,7865.0
Diesel,Lithuania,2018,7210.0
Diesel,Lithuania,2019,7262.0
Diesel,Lithuania,2020,7042.0
Diesel,Lithuania,2021,4706.0
Diesel,Lithuania,2022,3183.0
Diesel,Lithuania,2023,3684.0
Diesel,Lithuania,2024,5473.0
Diesel,Luxembourg,2013,34299.0
Diesel,Luxembourg,2014,35889.0
Diesel,Luxembourg,2015,32934.0
Diesel,Luxembourg,2016,32780.0
Diesel,Luxembourg,2017,28488.0
Diesel,Luxembourg,2018,24915.0
Diesel,Luxembourg,2019,23897.0
Diesel,Luxembourg,2020,18151.0
Diesel,Luxembourg,2021,14569.0
Diesel,Luxembourg,2022,12338.0
Diesel,Luxembourg,2023,10265.0
Diesel,Luxembourg,2024,8085.0
Diesel,Latvia,2014,7029.0
Diesel,Latvia,2015,6923.0
Diesel,Latvia,2016,7287.0
Diesel,Latvia,2017,7446.0
Diesel,Latvia,2018,6807.0
Diesel,Latvia,2019,6893.0
Diesel,Latvia,2020,4870.0
Diesel,Latvia,2021,3923.0
Diesel,Latvia,2022,3445.0
Diesel,Latvia,2023,3729.0
Diesel,Latvia,2024,3720.0
Diesel,Moldova,2013,12453.0
Diesel,Moldova,2014,12611.0
Diesel,Moldova,2015,8407.0
Diesel,Moldova,2016,7908.0
Diesel,Moldova,2017,24132.0
Diesel,Moldova,2018,13821.0
Diesel,Moldova,2019,17550.0
Diesel,Moldova,2020,17019.0
Diesel,Moldova,2021,21624.0
Diesel,Moldova,2022,16781.0
Diesel,Moldova,2023,26266.0
Diesel,Moldova,2024,25755.0
Diesel,Montenegro,2016,1288.0
Diesel,Montenegro,2017,1662.0
Diesel,Montenegro,2018,1599.0
Diesel,Montenegro,2019,1164.0
Diesel,Montenegro,2020,500.0
Diesel,Montenegro,2021,1181.0
Diesel,Montenegro,2022,699.0
Diesel,Malta,2015,2712.0
Diesel,Malta,2016,2603.0
Diesel,Malta,2017,2616.0
Diesel,Malta,2018,2412.0
Diesel,Malta,2019,2088.0
Diesel,Malta,2020,1062.0
Diesel,Malta,2021,595.0
Diesel,Malta,2022,497.0
Diesel,Malta,2023,724.0
Diesel,Malta,2024,387.0
Diesel,Netherlands,2013,103557.0
Diesel,Netherlands,2014,105014.0
Diesel,Netherlands,2015,129768.0
Diesel,Netherlands,2016,72355.0
Diesel,Netherlands,2017,72265.0
Diesel,Netherlands,2018,56996.0
Diesel,Netherlands,2019,32685.0
Diesel,Netherlands,2020,12963.0
Diesel,Netherlands,2021,6920.0
Diesel,Netherlands,2022,4638.0
Diesel,Netherlands,2023,3966.0
Diesel,Netherlands,2024,3765.0
Diesel,Norway,2013,83067.0
Diesel,Norway,2014,76478.0
Diesel,Norway,2015,76985.0
Diesel,Norway,2016,53516.0
Diesel,Norway,2017,44498.0
Diesel,Norway,2018,34305.0
Diesel,Norway,2019,28398.0
Diesel,Norway,2020,19709.0
Diesel,Norway,2021,11972.0
Diesel,Norway,2022,8148.0
Diesel,Norway,2023,4936.0
Diesel,Norway,2024,4477.0
Diesel,Poland,2013,102495.0
Diesel,Poland,2014,121588.0
Diesel,Poland,2015,120373.0
Diesel,Poland,2016,134037.0
Diesel,Poland,2017,139474.0
Diesel,Poland,2018,136952.0
Diesel,Poland,2019,121385.0
Diesel,Poland,2020,94592.0
Diesel,Poland,2021,86455.0
Diesel,Poland,2022,73990.0
Diesel,Poland,2023,83234.0
Diesel,Poland,2024,99258.0
Diesel,Portugal,2017,139241.0
Diesel,Portugal,2018,124059.0
Diesel,Portugal,2019,91437.0
Diesel,Portugal,2020,51887.0
Diesel,Portugal,2021,38051.0
Diesel,Portugal,2022,33362.0
Diesel,Portugal,2023,29010.0
Diesel,Portugal,2024,23998.0
Diesel,Romania,2013,31501.0
Diesel,Romania,2014,39797.0
Diesel,Romania,2015,44904.0
Diesel,Romania,2016,48696.0
Diesel,Romania,2017,54178.0
Diesel,Romania,2018,53371.0
Diesel,Romania,2019,44078.0
Diesel,Romania,2020,34963.0
Diesel,Romania,2021,24057.0
Diesel,Romania,2022,19178.0
Diesel,Romania,2023,20455.0
Diesel,Romania,2024,22796.0
Diesel,Serbia,2019,20403.0
Diesel,Serbia,2020,16454.0
Diesel,Serbia,2021,12341.0
Diesel,Serbia,2022,11738.0
Diesel,Serbia,2023,12486.0
Diesel,Serbia,2024,13818.0
Diesel,Sweden,2013,176485.0
Diesel,Sweden,2014,188998.0
Diesel,Sweden,2015,207091.0
Diesel,Sweden,2016,202383.0
Diesel,Sweden,2017,192191.0
Diesel,Sweden,2018,138666.0
Diesel,Sweden,2019,123708.0
Diesel,Sweden,2020,67981.0
Diesel,Sweden,2021,53988.0
Diesel,Sweden,2022,36432.0
Diesel,Sweden,2023,25820.0
Diesel,Sweden,2024,23290.0
Diesel,Slovenia,2013,28016.0
Diesel,Slovenia,2014,29763.0
Diesel,Slovenia,2015,31031.0
Diesel,Slovenia,2016,32589.0
Diesel,Slovenia,2017,32410.0
Diesel,Slovenia,2018,23877.0
Diesel,Slovenia,2019,21499.0
Diesel,Slovenia,2020,16918.0
Diesel,Slovenia,2021,11743.0
Diesel,Slovenia,2022,7739.0
Diesel,Slovenia,2023,7355.0
Diesel,Slovenia,2024,8113.0
Diesel,Slovakia,2022,15780.0
Diesel,Slovakia,2023,19074.0
Diesel,Slovakia,2024,19396.0
Diesel,Türkiye,2013,383904.0
Diesel,Türkiye,2014,364242.0
Diesel,Türkiye,2015,462191.0
Diesel,Türkiye,2016,460829.0
Diesel,Türkiye,2017,457069.0
Diesel,Türkiye,2018,320452.0
Diesel,Türkiye,2019,211961.0
Diesel,Türkiye,2020,247626.0
Diesel,Türkiye,2021,149611.0
Diesel,Türkiye,2022,107792.0
Diesel,Türkiye,2023,162855.0
Diesel,Türkiye,2024,122014.0
Diesel,Ukraine,2019,18351.0
Diesel,Ukraine,2020,29605.0
Diesel,Ukraine,2021,31099.0
Diesel,Ukraine,2022,10768.0
Diesel,Ukraine,2023,18351.0
Diesel,Ukraine,2024,20399.0
Diesel,United Kingdom,2015,1257152.0
Diesel,United Kingdom,2016,1264307.0
Diesel,United Kingdom,2017,1049086.0
Diesel,United Kingdom,2018,736172.0
Diesel,United Kingdom,2021,223460.0
Diesel,United Kingdom,2022,151936.0
Diesel,United Kingdom,2023,141438.0
Diesel,Kosovo*,2017,16568.0
Diesel,Kosovo*,2018,7714.0
Diesel,Kosovo*,2019,22587.0
Diesel,Kosovo*,2021,24300.0
Diesel (excluding hybrids)  ,Albania,2019,33041.0
Diesel (excluding hybrids)  ,Albania,2020,32906.0
Diesel (excluding hybrids)  ,Albania,2021,42736.0
Diesel (excluding hybrids)  ,Albania,2022,36189.0
Diesel (excluding hybrids)  ,Albania,2023,46857.0
Diesel (excluding hybrids)  ,Albania,2024,56043.0
Diesel (excluding hybrids)  ,Austria,2013,180901.0
Diesel (excluding hybrids)  ,Austria,2014,172381.0
Diesel (excluding hybrids)  ,Austria,2015,179822.0
Diesel (excluding hybrids)  ,Austria,2016,188820.0
Diesel (excluding hybrids)  ,Austria,2017,175458.0
Diesel (excluding hybrids)  ,Austria,2018,140111.0
Diesel (excluding hybrids)  ,Austria,2019,126311.0
Diesel (excluding hybrids)  ,Austria,2020,90909.0
Diesel (excluding hybrids)  ,Austria,2021,58263.0
Diesel (excluding hybrids)  ,Austria,2022,48115.0
Diesel (excluding hybrids)  ,Austria,2023,46568.0
Diesel (excluding hybrids)  ,Austria,2024,44132.0
Diesel (excluding hybrids)  ,Bosnia and Herzegovina,2013,4049.0
Diesel (excluding hybrids)  ,Bosnia and Herzegovina,2014,4096.0
Diesel (excluding hybrids)  ,Bosnia and Herzegovina,2015,3835.0
Diesel (excluding hybrids)  ,Bosnia and Herzegovina,2016,4930.0
Diesel (excluding hybrids)  ,Bosnia and Herzegovina,2017,5123.0
Diesel (excluding hybrids)  ,Bosnia and Herzegovina,2018,5027.0
Diesel (excluding hybrids)  ,Bosnia and Herzegovina,2019,4674.0
Diesel (excluding hybrids)  ,Bosnia and Herzegovina,2020,3473.0
Diesel (excluding hybrids)  ,Bosnia and Herzegovina,2021,3363.0
Diesel (excluding hybrids)  ,Bosnia and Herzegovina,2022,2948.0
Diesel (excluding hybrids)  ,Bosnia and Herzegovina,2023,3007.0
Diesel (excluding hybrids)  ,Bosnia and Herzegovina,2024,3024.0
Diesel (excluding hybrids)  ,Belgium,2013,318951.0
Diesel (excluding hybrids)  ,Belgium,2014,303212.0
Diesel (excluding hybrids)  ,Belgium,2015,303345.0
Diesel (excluding hybrids)  ,Belgium,2016,284352.0
Diesel (excluding hybrids)  ,Belgium,2017,258956.0
Diesel (excluding hybrids)  ,Belgium,2018,201023.0
Diesel (excluding hybrids)  ,Belgium,2019,173704.0
Diesel (excluding hybrids)  ,Belgium,2020,137015.0
Diesel (excluding hybrids)  ,Belgium,2021,82566.0
Diesel (excluding hybrids)  ,Belgium,2022,54759.0
Diesel (excluding hybrids)  ,Belgium,2023,39275.0
Diesel (excluding hybrids)  ,Belgium,2024,23547.0
Diesel (excluding hybrids)  ,Bulgaria,2022,5330.0
Diesel (excluding hybrids)  ,Bulgaria,2023,6032.0
Diesel (excluding hybrids)  ,Bulgaria,2024,6986.0
Diesel (excluding hybrids)  ,Switzerland,2013,118801.0
Diesel (excluding hybrids)  ,Switzerland,2014,116590.0
Diesel (excluding hybrids)  ,Switzerland,2015,131679.0
Diesel (excluding hybrids)  ,Switzerland,2016,129819.0
Diesel (excluding hybrids)  ,Switzerland,2017,118518.0
Diesel (excluding hybrids)  ,Switzerland,2018,94748.0
Diesel (excluding hybrids)  ,Switzerland,2019,85105.0
Diesel (excluding hybrids)  ,Switzerland,2020,58947.0
Diesel (excluding hybrids)  ,Switzerland,2021,41406.0
Diesel (excluding hybrids)  ,Switzerland,2022,33849.0
Diesel (excluding hybrids)  ,Switzerland,2023,31391.0
Diesel (excluding hybrids)  ,Switzerland,2024,29910.0
Diesel (excluding hybrids)  ,Cyprus,2013,1255.0
Diesel (excluding hybrids)  ,Cyprus,2014,3184.0
Diesel (excluding hybrids)  ,Cyprus,2015,4157.0
Diesel (excluding hybrids)  ,Cyprus,2016,5327.0
Diesel (excluding hybrids)  ,Cyprus,2017,5450.0
Diesel (excluding hybrids)  ,Cyprus,2018,5264.0
Diesel (excluding hybrids)  ,Cyprus,2019,4532.0
Diesel (excluding hybrids)  ,Cyprus,2020,3065.0
Diesel (excluding hybrids)  ,Cyprus,2021,1460.0
Diesel (excluding hybrids)  ,Cyprus,2022,541.0
Diesel (excluding hybrids)  ,Cyprus,2023,443.0
Diesel (excluding hybrids)  ,Cyprus,2024,373.0
Diesel (excluding hybrids)  ,Czechia,2021,56111.0
Diesel (excluding hybrids)  ,Czechia,2022,44991.0
Diesel (excluding hybrids)  ,Czechia,2023,50098.0
Diesel (excluding hybrids)  ,Czechia,2024,54423.0
Diesel (excluding hybrids)  ,Germany,2017,1336776.0
Diesel (excluding hybrids)  ,Germany,2018,1111130.0
Diesel (excluding hybrids)  ,Germany,2019,1152733.0
Diesel (excluding hybrids)  ,Germany,2020,819896.0
Diesel (excluding hybrids)  ,Germany,2021,524446.0
Diesel (excluding hybrids)  ,Germany,2022,472274.0
Diesel (excluding hybrids)  ,Germany,2023,486581.0
Diesel (excluding hybrids)  ,Germany,2024,483261.0
Diesel (excluding hybrids)  ,Denmark,2013,57435.0
Diesel (excluding hybrids)  ,Denmark,2014,59544.0
Diesel (excluding hybrids)  ,Denmark,2015,64203.0
Diesel (excluding hybrids)  ,Denmark,2016,80211.0
Diesel (excluding hybrids)  ,Denmark,2017,77492.0
Diesel (excluding hybrids)  ,Denmark,2018,72474.0
Diesel (excluding hybrids)  ,Denmark,2019,60362.0
Diesel (excluding hybrids)  ,Denmark,2020,44709.0
Diesel (excluding hybrids)  ,Denmark,2021,23904.0
Diesel (excluding hybrids)  ,Denmark,2022,10104.0
Diesel (excluding hybrids)  ,Denmark,2023,8132.0
Diesel (excluding hybrids)  ,Denmark,2024,7048.0
Diesel (excluding hybrids)  ,Estonia,2013,7341.0
Diesel (excluding hybrids)  ,Estonia,2014,7723.0
Diesel (excluding hybrids)  ,Estonia,2015,6949.0
Diesel (excluding hybrids)  ,Estonia,2016,6392.0
Diesel (excluding hybrids)  ,Estonia,2017,6408.0
Diesel (excluding hybrids)  ,Estonia,2018,6454.0
Diesel (excluding hybrids)  ,Estonia,2019,6180.0
Diesel (excluding hybrids)  ,Estonia,2020,4863.0
Diesel (excluding hybrids)  ,Estonia,2021,4251.0
Diesel (excluding hybrids)  ,Estonia,2022,3336.0
Diesel (excluding hybrids)  ,Estonia,2023,2867.0
Diesel (excluding hybrids)  ,Estonia,2024,4508.0
Diesel (excluding hybrids)  ,Greece,2021,17004.0
Diesel (excluding hybrids)  ,Greece,2022,17047.0
Diesel (excluding hybrids)  ,Greece,2023,17691.0
Diesel (excluding hybrids)  ,Greece,2024,9835.0
Diesel (excluding hybrids)  ,Spain,2014,590198.0
Diesel (excluding hybrids)  ,Spain,2015,658725.0
Diesel (excluding hybrids)  ,Spain,2016,725953.0
Diesel (excluding hybrids)  ,Spain,2017,690523.0
Diesel (excluding hybrids)  ,Spain,2018,572154.0
Diesel (excluding hybrids)  ,Spain,2019,440448.0
Diesel (excluding hybrids)  ,Spain,2020,305013.0
Diesel (excluding hybrids)  ,Spain,2021,224708.0
Diesel (excluding hybrids)  ,Spain,2022,170932.0
Diesel (excluding hybrids)  ,Spain,2023,143811.0
Diesel (excluding hybrids)  ,Spain,2024,137867.0
Diesel (excluding hybrids)  ,European Union - 27 countries (from 2020),2022,1550511.0
Diesel (excluding hybrids)  ,European Union - 27 countries (from 2020),2023,1497870.0
Diesel (excluding hybrids)  ,European Union - 27 countries (from 2020),2024,1365819.0
Diesel (excluding hybrids)  ,Finland,2014,41278.0
Diesel (excluding hybrids)  ,Finland,2015,38800.0
Diesel (excluding hybrids)  ,Finland,2016,39452.0
Diesel (excluding hybrids)  ,Finland,2017,36062.0
Diesel (excluding hybrids)  ,Finland,2018,28712.0
Diesel (excluding hybrids)  ,Finland,2019,20873.0
Diesel (excluding hybrids)  ,Finland,2020,12778.0
Diesel (excluding hybrids)  ,Finland,2021,8397.0
Diesel (excluding hybrids)  ,Finland,2022,5420.0
Diesel (excluding hybrids)  ,Finland,2023,3890.0
Diesel (excluding hybrids)  ,Finland,2024,3401.0
Diesel (excluding hybrids)  ,France,2013,1168194.0
Diesel (excluding hybrids)  ,France,2014,1119954.0
Diesel (excluding hybrids)  ,France,2015,1070443.0
Diesel (excluding hybrids)  ,France,2016,1027912.0
Diesel (excluding hybrids)  ,France,2017,1013099.0
Diesel (excluding hybrids)  ,France,2018,856583.0
Diesel (excluding hybrids)  ,France,2019,761198.0
Diesel (excluding hybrids)  ,France,2020,513168.0
Diesel (excluding hybrids)  ,France,2021,354949.0
Diesel (excluding hybrids)  ,France,2022,241783.0
Diesel (excluding hybrids)  ,France,2023,196837.0
Diesel (excluding hybrids)  ,France,2024,151503.0
Diesel (excluding hybrids)  ,Georgia,2017,680.0
Diesel (excluding hybrids)  ,Georgia,2018,1242.0
Diesel (excluding hybrids)  ,Georgia,2019,994.0
Diesel (excluding hybrids)  ,Georgia,2020,994.0
Diesel (excluding hybrids)  ,Georgia,2021,1358.0
Diesel (excluding hybrids)  ,Georgia,2022,1760.0
Diesel (excluding hybrids)  ,Georgia,2023,1514.0
Diesel (excluding hybrids)  ,Georgia,2024,2520.0
Diesel (excluding hybrids)  ,Croatia,2021,8904.0
Diesel (excluding hybrids)  ,Croatia,2022,7788.0
Diesel (excluding hybrids)  ,Croatia,2023,9219.0
Diesel (excluding hybrids)  ,Croatia,2024,10691.0
Diesel (excluding hybrids)  ,Hungary,2013,25769.0
Diesel (excluding hybrids)  ,Hungary,2014,30219.0
Diesel (excluding hybrids)  ,Hungary,2015,32265.0
Diesel (excluding hybrids)  ,Hungary,2016,34688.0
Diesel (excluding hybrids)  ,Hungary,2017,37022.0
Diesel (excluding hybrids)  ,Hungary,2018,32408.0
Diesel (excluding hybrids)  ,Hungary,2019,31221.0
Diesel (excluding hybrids)  ,Hungary,2020,27711.0
Diesel (excluding hybrids)  ,Hungary,2021,19092.0
Diesel (excluding hybrids)  ,Hungary,2022,14322.0
Diesel (excluding hybrids)  ,Hungary,2023,13105.0
Diesel (excluding hybrids)  ,Hungary,2024,14674.0
Diesel (excluding hybrids)  ,Ireland,2017,87640.0
Diesel (excluding hybrids)  ,Ireland,2018,70732.0
Diesel (excluding hybrids)  ,Ireland,2019,59879.0
Diesel (excluding hybrids)  ,Ireland,2020,41134.0
Diesel (excluding hybrids)  ,Ireland,2021,37772.0
Diesel (excluding hybrids)  ,Ireland,2022,29803.0
Diesel (excluding hybrids)  ,Ireland,2023,29503.0
Diesel (excluding hybrids)  ,Ireland,2024,29471.0
Diesel (excluding hybrids)  ,Iceland,2017,10957.0
Diesel (excluding hybrids)  ,Iceland,2018,7978.0
Diesel (excluding hybrids)  ,Iceland,2019,4046.0
Diesel (excluding hybrids)  ,Iceland,2021,1923.0
Diesel (excluding hybrids)  ,Iceland,2022,2385.0
Diesel (excluding hybrids)  ,Iceland,2023,2409.0
Diesel (excluding hybrids)  ,Iceland,2024,2281.0
Diesel (excluding hybrids)  ,Italy,2013,707641.0
Diesel (excluding hybrids)  ,Italy,2014,757895.0
Diesel (excluding hybrids)  ,Italy,2015,887074.0
Diesel (excluding hybrids)  ,Italy,2016,1058886.0
Diesel (excluding hybrids)  ,Italy,2017,1130434.0
Diesel (excluding hybrids)  ,Italy,2018,1000494.0
Diesel (excluding hybrids)  ,Italy,2019,779857.0
Diesel (excluding hybrids)  ,Italy,2020,485245.0
Diesel (excluding hybrids)  ,Italy,2021,343952.0
Diesel (excluding hybrids)  ,Italy,2022,261466.0
Diesel (excluding hybrids)  ,Italy,2023,275753.0
Diesel (excluding hybrids)  ,Italy,2024,215296.0
Diesel (excluding hybrids)  ,Liechtenstein,2013,857.0
Diesel (excluding hybrids)  ,Liechtenstein,2014,796.0
Diesel (excluding hybrids)  ,Liechtenstein,2015,934.0
Diesel (excluding hybrids)  ,Liechtenstein,2016,984.0
Diesel (excluding hybrids)  ,Liechtenstein,2017,846.0
Diesel (excluding hybrids)  ,Liechtenstein,2018,634.0
Diesel (excluding hybrids)  ,Liechtenstein,2019,621.0
Diesel (excluding hybrids)  ,Liechtenstein,2020,371.0
Diesel (excluding hybrids)  ,Liechtenstein,2021,251.0
Diesel (excluding hybrids)  ,Liechtenstein,2022,200.0
Diesel (excluding hybrids)  ,Liechtenstein,2023,176.0
Diesel (excluding hybrids)  ,Liechtenstein,2024,173.0
Diesel (excluding hybrids)  ,Lithuania,2013,7019.0
Diesel (excluding hybrids)  ,Lithuania,2014,6879.0
Diesel (excluding hybrids)  ,Lithuania,2015,7690.0
Diesel (excluding hybrids)  ,Lithuania,2016,7587.0
Diesel (excluding hybrids)  ,Lithuania,2017,7865.0
Diesel (excluding hybrids)  ,Lithuania,2018,7210.0
Diesel (excluding hybrids)  ,Lithuania,2019,7260.0
Diesel (excluding hybrids)  ,Lithuania,2020,7037.0
Diesel (excluding hybrids)  ,Lithuania,2021,3806.0
Diesel (excluding hybrids)  ,Lithuania,2022,2389.0
Diesel (excluding hybrids)  ,Lithuania,2023,2739.0
Diesel (excluding hybrids)  ,Lithuania,2024,3868.0
Diesel (excluding hybrids)  ,Luxembourg,2013,34243.0
Diesel (excluding hybrids)  ,Luxembourg,2014,35845.0
Diesel (excluding hybrids)  ,Luxembourg,2015,32867.0
Diesel (excluding hybrids)  ,Luxembourg,2016,32713.0
Diesel (excluding hybrids)  ,Luxembourg,2017,28461.0
Diesel (excluding hybrids)  ,Luxembourg,2018,24761.0
Diesel (excluding hybrids)  ,Luxembourg,2019,23022.0
Diesel (excluding hybrids)  ,Luxembourg,2020,16628.0
Diesel (excluding hybrids)  ,Luxembourg,2021,11194.0
Diesel (excluding hybrids)  ,Luxembourg,2022,9236.0
Diesel (excluding hybrids)  ,Luxembourg,2023,7482.0
Diesel (excluding hybrids)  ,Luxembourg,2024,5749.0
Diesel (excluding hybrids)  ,Latvia,2014,7029.0
Diesel (excluding hybrids)  ,Latvia,2015,6923.0
Diesel (excluding hybrids)  ,Latvia,2016,7287.0
Diesel (excluding hybrids)  ,Latvia,2017,7445.0
Diesel (excluding hybrids)  ,Latvia,2018,6807.0
Diesel (excluding hybrids)  ,Latvia,2019,6893.0
Diesel (excluding hybrids)  ,Latvia,2020,4870.0
Diesel (excluding hybrids)  ,Latvia,2021,3923.0
Diesel (excluding hybrids)  ,Latvia,2022,2606.0
Diesel (excluding hybrids)  ,Latvia,2023,2700.0
Diesel (excluding hybrids)  ,Latvia,2024,2518.0
Diesel (excluding hybrids)  ,Moldova,2017,0.0
Diesel (excluding hybrids)  ,Montenegro,2016,1288.0
Diesel (excluding hybrids)  ,Montenegro,2018,1599.0
Diesel (excluding hybrids)  ,Montenegro,2019,1164.0
Diesel (excluding hybrids)  ,Montenegro,2020,500.0
Diesel (excluding hybrids)  ,Montenegro,2021,1181.0
Diesel (excluding hybrids)  ,Montenegro,2022,699.0
Diesel (excluding hybrids)  ,Malta,2015,2709.0
Diesel (excluding hybrids)  ,Malta,2016,2601.0
Diesel (excluding hybrids)  ,Malta,2017,2613.0
Diesel (excluding hybrids)  ,Malta,2018,2409.0
Diesel (excluding hybrids)  ,Malta,2019,2074.0
Diesel (excluding hybrids)  ,Malta,2020,1036.0
Diesel (excluding hybrids)  ,Malta,2021,528.0
Diesel (excluding hybrids)  ,Malta,2022,406.0
Diesel (excluding hybrids)  ,Malta,2023,623.0
Diesel (excluding hybrids)  ,Malta,2024,301.0
Diesel (excluding hybrids)  ,Netherlands,2019,32685.0
Diesel (excluding hybrids)  ,Netherlands,2020,12963.0
Diesel (excluding hybrids)  ,Netherlands,2021,6920.0
Diesel (excluding hybrids)  ,Netherlands,2022,4638.0
Diesel (excluding hybrids)  ,Netherlands,2023,3966.0
Diesel (excluding hybrids)  ,Netherlands,2024,3765.0
Diesel (excluding hybrids)  ,Norway,2016,52313.0
Diesel (excluding hybrids)  ,Norway,2017,42015.0
Diesel (excluding hybrids)  ,Norway,2018,32340.0
Diesel (excluding hybrids)  ,Norway,2019,26871.0
Diesel (excluding hybrids)  ,Norway,2020,17331.0
Diesel (excluding hybrids)  ,Norway,2021,9576.0
Diesel (excluding hybrids)  ,Norway,2022,6968.0
Diesel (excluding hybrids)  ,Norway,2023,4477.0
Diesel (excluding hybrids)  ,Norway,2024,4286.0
Diesel (excluding hybrids)  ,Poland,2013,102260.0
Diesel (excluding hybrids)  ,Poland,2014,121102.0
Diesel (excluding hybrids)  ,Poland,2015,119613.0
Diesel (excluding hybrids)  ,Poland,2016,132663.0
Diesel (excluding hybrids)  ,Poland,2017,137213.0
Diesel (excluding hybrids)  ,Poland,2018,133738.0
Diesel (excluding hybrids)  ,Poland,2019,115838.0
Diesel (excluding hybrids)  ,Poland,2020,85610.0
Diesel (excluding hybrids)  ,Poland,2021,71053.0
Diesel (excluding hybrids)  ,Poland,2022,59875.0
Diesel (excluding hybrids)  ,Poland,2023,63610.0
Diesel (excluding hybrids)  ,Poland,2024,73139.0
Diesel (excluding hybrids)  ,Portugal,2017,138712.0
Diesel (excluding hybrids)  ,Portugal,2018,123326.0
Diesel (excluding hybrids)  ,Portugal,2019,89376.0
Diesel (excluding hybrids)  ,Portugal,2020,47564.0
Diesel (excluding hybrids)  ,Portugal,2021,31766.0
Diesel (excluding hybrids)  ,Portugal,2022,27881.0
Diesel (excluding hybrids)  ,Portugal,2023,23900.0
Diesel (excluding hybrids)  ,Portugal,2024,18190.0
Diesel (excluding hybrids)  ,Romania,2013,31481.0
Diesel (excluding hybrids)  ,Romania,2014,39774.0
Diesel (excluding hybrids)  ,Romania,2015,44861.0
Diesel (excluding hybrids)  ,Romania,2016,48591.0
Diesel (excluding hybrids)  ,Romania,2017,53979.0
Diesel (excluding hybrids)  ,Romania,2018,53239.0
Diesel (excluding hybrids)  ,Romania,2019,43365.0
Diesel (excluding hybrids)  ,Romania,2020,33826.0
Diesel (excluding hybrids)  ,Romania,2021,20393.0
Diesel (excluding hybrids)  ,Romania,2022,16413.0
Diesel (excluding hybrids)  ,Romania,2023,16322.0
Diesel (excluding hybrids)  ,Romania,2024,18435.0
Diesel (excluding hybrids)  ,Serbia,2019,20379.0
Diesel (excluding hybrids)  ,Serbia,2020,16104.0
Diesel (excluding hybrids)  ,Serbia,2021,10951.0
Diesel (excluding hybrids)  ,Serbia,2022,9568.0
Diesel (excluding hybrids)  ,Serbia,2023,9584.0
Diesel (excluding hybrids)  ,Serbia,2024,10036.0
Diesel (excluding hybrids)  ,Sweden,2013,175422.0
Diesel (excluding hybrids)  ,Sweden,2014,188028.0
Diesel (excluding hybrids)  ,Sweden,2015,206377.0
Diesel (excluding hybrids)  ,Sweden,2016,201040.0
Diesel (excluding hybrids)  ,Sweden,2017,191059.0
Diesel (excluding hybrids)  ,Sweden,2018,137387.0
Diesel (excluding hybrids)  ,Sweden,2019,117760.0
Diesel (excluding hybrids)  ,Sweden,2020,54132.0
Diesel (excluding hybrids)  ,Sweden,2021,27184.0
Diesel (excluding hybrids)  ,Sweden,2022,18379.0
Diesel (excluding hybrids)  ,Sweden,2023,24115.0
Diesel (excluding hybrids)  ,Sweden,2024,19917.0
Diesel (excluding hybrids)  ,Slovenia,2014,29763.0
Diesel (excluding hybrids)  ,Slovenia,2015,31031.0
Diesel (excluding hybrids)  ,Slovenia,2016,32589.0
Diesel (excluding hybrids)  ,Slovenia,2017,32410.0
Diesel (excluding hybrids)  ,Slovenia,2018,23877.0
Diesel (excluding hybrids)  ,Slovenia,2019,21499.0
Diesel (excluding hybrids)  ,Slovenia,2020,16918.0
Diesel (excluding hybrids)  ,Slovenia,2021,11743.0
Diesel (excluding hybrids)  ,Slovenia,2022,7739.0
Diesel (excluding hybrids)  ,Slovenia,2023,7355.0
Diesel (excluding hybrids)  ,Slovenia,2024,8113.0
Diesel (excluding hybrids)  ,Slovakia,2022,12938.0
Diesel (excluding hybrids)  ,Slovakia,2023,15253.0
Diesel (excluding hybrids)  ,Slovakia,2024,14808.0
Diesel (excluding hybrids)  ,Türkiye,2013,383904.0
Diesel (excluding hybrids)  ,Türkiye,2014,364241.0
Diesel (excluding hybrids)  ,Türkiye,2015,462119.0
Diesel (excluding hybrids)  ,Türkiye,2016,460781.0
Diesel (excluding hybrids)  ,Türkiye,2017,457060.0
Diesel (excluding hybrids)  ,Türkiye,2018,320349.0
Diesel (excluding hybrids)  ,Türkiye,2019,211027.0
Diesel (excluding hybrids)  ,Türkiye,2020,246016.0
Diesel (excluding hybrids)  ,Türkiye,2021,144640.0
Diesel (excluding hybrids)  ,Türkiye,2022,101808.0
Diesel (excluding hybrids)  ,Türkiye,2023,153675.0
Diesel (excluding hybrids)  ,Türkiye,2024,114264.0
Diesel (excluding hybrids)  ,Ukraine,2019,15805.0
Diesel (excluding hybrids)  ,Ukraine,2020,28777.0
Diesel (excluding hybrids)  ,Ukraine,2021,28817.0
Diesel (excluding hybrids)  ,Ukraine,2022,9614.0
Diesel (excluding hybrids)  ,Ukraine,2023,15805.0
Diesel (excluding hybrids)  ,Ukraine,2024,17521.0
Diesel (excluding hybrids)  ,United Kingdom,2015,1253393.0
Diesel (excluding hybrids)  ,United Kingdom,2016,1262512.0
Diesel (excluding hybrids)  ,United Kingdom,2017,1047685.0
Diesel (excluding hybrids)  ,United Kingdom,2018,735720.0
Diesel (excluding hybrids)  ,United Kingdom,2021,188492.0
Diesel (excluding hybrids)  ,United Kingdom,2022,122987.0
Diesel (excluding hybrids)  ,United Kingdom,2023,122159.0
Diesel (excluding hybrids)  ,Kosovo*,2017,16564.0
Diesel (excluding hybrids)  ,Kosovo*,2018,7686.0
Diesel (excluding hybrids)  ,Kosovo*,2019,22587.0
Diesel (excluding hybrids)  ,Kosovo*,2021,24003.0
Electricity,Albania,2019,24.0
Electricity,Albania,2020,239.0
Electricity,Albania,2021,262.0
Electricity,Albania,2022,624.0
Electricity,Albania,2023,1671.0
Electricity,Albania,2024,2843.0
Electricity,Austria,2013,654.0
Electricity,Austria,2014,1281.0
Electricity,Austria,2015,1677.0
Electricity,Austria,2016,3826.0
Electricity,Austria,2017,5433.0
Electricity,Austria,2018,6757.0
Electricity,Austria,2019,9242.0
Electricity,Austria,2020,15972.0
Electricity,Austria,2021,33366.0
Electricity,Austria,2022,34165.0
Electricity,Austria,2023,47621.0
Electricity,Austria,2024,44622.0
Electricity,Bosnia and Herzegovina,2013,0.0
Electricity,Bosnia and Herzegovina,2014,0.0
Electricity,Bosnia and Herzegovina,2015,1.0
Electricity,Bosnia and Herzegovina,2016,0.0
Electricity,Bosnia and Herzegovina,2017,7.0
Electricity,Bosnia and Herzegovina,2018,3.0
Electricity,Bosnia and Herzegovina,2019,13.0
Electricity,Bosnia and Herzegovina,2020,8.0
Electricity,Bosnia and Herzegovina,2021,28.0
Electricity,Bosnia and Herzegovina,2022,33.0
Electricity,Bosnia and Herzegovina,2023,135.0
Electricity,Bosnia and Herzegovina,2024,96.0
Electricity,Belgium,2013,501.0
Electricity,Belgium,2014,1167.0
Electricity,Belgium,2015,1360.0
Electricity,Belgium,2016,2061.0
Electricity,Belgium,2017,2717.0
Electricity,Belgium,2018,3763.0
Electricity,Belgium,2019,8892.0
Electricity,Belgium,2020,15044.0
Electricity,Belgium,2021,22774.0
Electricity,Belgium,2022,37760.0
Electricity,Belgium,2023,93482.0
Electricity,Belgium,2024,127915.0
Electricity,Bulgaria,2013,0.0
Electricity,Bulgaria,2014,0.0
Electricity,Bulgaria,2015,10.0
Electricity,Bulgaria,2016,11.0
Electricity,Bulgaria,2017,13.0
Electricity,Bulgaria,2018,145.0
Electricity,Bulgaria,2019,188.0
Electricity,Bulgaria,2020,277.0
Electricity,Bulgaria,2021,550.0
Electricity,Bulgaria,2022,1021.0
Electricity,Bulgaria,2023,1754.0
Electricity,Bulgaria,2024,1665.0
Electricity,Switzerland,2013,1393.0
Electricity,Switzerland,2014,1948.0
Electricity,Switzerland,2015,3882.0
Electricity,Switzerland,2016,3525.0
Electricity,Switzerland,2017,4929.0
Electricity,Switzerland,2018,5349.0
Electricity,Switzerland,2019,13177.0
Electricity,Switzerland,2020,19753.0
Electricity,Switzerland,2021,32025.0
Electricity,Switzerland,2022,40518.0
Electricity,Switzerland,2023,52947.0
Electricity,Switzerland,2024,46608.0
Electricity,Cyprus,2013,8.0
Electricity,Cyprus,2014,1.0
Electricity,Cyprus,2015,4.0
Electricity,Cyprus,2016,7.0
Electricity,Cyprus,2017,18.0
Electricity,Cyprus,2018,5.0
Electricity,Cyprus,2019,58.0
Electricity,Cyprus,2020,42.0
Electricity,Cyprus,2021,78.0
Electricity,Cyprus,2022,401.0
Electricity,Cyprus,2023,788.0
Electricity,Cyprus,2024,1193.0
Electricity,Czechia,2013,33.0
Electricity,Czechia,2014,58.0
Electricity,Czechia,2015,312.0
Electricity,Czechia,2016,210.0
Electricity,Czechia,2017,376.0
Electricity,Czechia,2018,731.0
Electricity,Czechia,2019,778.0
Electricity,Czechia,2020,3264.0
Electricity,Czechia,2021,3172.0
Electricity,Czechia,2022,3786.0
Electricity,Czechia,2023,6567.0
Electricity,Czechia,2024,10854.0
Electricity,Germany,2013,6051.0
Electricity,Germany,2014,8522.0
Electricity,Germany,2015,12363.0
Electricity,Germany,2016,11410.0
Electricity,Germany,2017,25056.0
Electricity,Germany,2018,36062.0
Electricity,Germany,2019,63281.0
Electricity,Germany,2020,194163.0
Electricity,Germany,2021,355961.0
Electricity,Germany,2022,470559.0
Electricity,Germany,2023,524219.0
Electricity,Germany,2024,380609.0
Electricity,Denmark,2013,533.0
Electricity,Denmark,2014,1564.0
Electricity,Denmark,2015,1265.0
Electricity,Denmark,2016,1265.0
Electricity,Denmark,2017,691.0
Electricity,Denmark,2018,1544.0
Electricity,Denmark,2019,5501.0
Electricity,Denmark,2020,14218.0
Electricity,Denmark,2021,24876.0
Electricity,Denmark,2022,30799.0
Electricity,Denmark,2023,62576.0
Electricity,Denmark,2024,89058.0
Electricity,Estonia,2013,130.0
Electricity,Estonia,2014,331.0
Electricity,Estonia,2015,30.0
Electricity,Estonia,2016,32.0
Electricity,Estonia,2017,26.0
Electricity,Estonia,2018,83.0
Electricity,Estonia,2019,77.0
Electricity,Estonia,2020,344.0
Electricity,Estonia,2021,487.0
Electricity,Estonia,2022,693.0
Electricity,Estonia,2023,1448.0
Electricity,Estonia,2024,1323.0
Electricity,Greece,2013,2.0
Electricity,Greece,2014,38.0
Electricity,Greece,2015,32.0
Electricity,Greece,2016,20.0
Electricity,Greece,2017,37.0
Electricity,Greece,2018,77.0
Electricity,Greece,2019,188.0
Electricity,Greece,2020,678.0
Electricity,Greece,2021,2174.0
Electricity,Greece,2022,2826.0
Electricity,Greece,2023,6377.0
Electricity,Greece,2024,8708.0
Electricity,Spain,2013,936.0
Electricity,Spain,2014,1004.0
Electricity,Spain,2015,2620.0
Electricity,Spain,2016,2085.0
Electricity,Spain,2017,4038.0
Electricity,Spain,2018,6238.0
Electricity,Spain,2019,10415.0
Electricity,Spain,2020,18217.0
Electricity,Spain,2021,24400.0
Electricity,Spain,2022,31737.0
Electricity,Spain,2023,55388.0
Electricity,Spain,2024,59383.0
Electricity,European Union - 27 countries (from 2020),2013,22066.0
Electricity,European Union - 27 countries (from 2020),2014,31179.0
Electricity,European Union - 27 countries (from 2020),2015,46669.0
Electricity,European Union - 27 countries (from 2020),2016,53527.0
Electricity,European Union - 27 countries (from 2020),2017,83793.0
Electricity,European Union - 27 countries (from 2020),2018,134444.0
Electricity,European Union - 27 countries (from 2020),2019,250082.0
Electricity,European Union - 27 countries (from 2020),2020,539034.0
Electricity,European Union - 27 countries (from 2020),2021,885298.0
Electricity,European Union - 27 countries (from 2020),2022,1129786.0
Electricity,European Union - 27 countries (from 2020),2023,1547669.0
Electricity,European Union - 27 countries (from 2020),2024,1453922.0
Electricity,Finland,2013,50.0
Electricity,Finland,2014,183.0
Electricity,Finland,2015,243.0
Electricity,Finland,2016,223.0
Electricity,Finland,2017,502.0
Electricity,Finland,2018,776.0
Electricity,Finland,2019,1897.0
Electricity,Finland,2020,4245.0
Electricity,Finland,2021,10153.0
Electricity,Finland,2022,14531.0
Electricity,Finland,2023,29537.0
Electricity,Finland,2024,21870.0
Electricity,France,2013,8781.0
Electricity,France,2014,10567.0
Electricity,France,2015,17269.0
Electricity,France,2016,21758.0
Electricity,France,2017,25368.0
Electricity,France,2018,31687.0
Electricity,France,2019,43564.0
Electricity,France,2020,112499.0
Electricity,France,2021,165566.0
Electricity,France,2022,207171.0
Electricity,France,2023,303590.0
Electricity,France,2024,295055.0
Electricity,Georgia,2017,83.0
Electricity,Georgia,2018,21.0
Electricity,Georgia,2019,22.0
Electricity,Georgia,2020,22.0
Electricity,Georgia,2021,43.0
Electricity,Georgia,2022,206.0
Electricity,Georgia,2023,245.0
Electricity,Georgia,2024,513.0
Electricity,Croatia,2013,3.0
Electricity,Croatia,2014,47.0
Electricity,Croatia,2015,80.0
Electricity,Croatia,2016,66.0
Electricity,Croatia,2017,55.0
Electricity,Croatia,2018,182.0
Electricity,Croatia,2019,279.0
Electricity,Croatia,2020,639.0
Electricity,Croatia,2021,1121.0
Electricity,Croatia,2022,1062.0
Electricity,Croatia,2023,1125.0
Electricity,Croatia,2024,882.0
Electricity,Hungary,2013,10.0
Electricity,Hungary,2014,32.0
Electricity,Hungary,2015,116.0
Electricity,Hungary,2016,176.0
Electricity,Hungary,2017,749.0
Electricity,Hungary,2018,1300.0
Electricity,Hungary,2019,1834.0
Electricity,Hungary,2020,3047.0
Electricity,Hungary,2021,4313.0
Electricity,Hungary,2022,4707.0
Electricity,Hungary,2023,5807.0
Electricity,Hungary,2024,8565.0
Electricity,Ireland,2013,49.0
Electricity,Ireland,2014,194.0
Electricity,Ireland,2015,494.0
Electricity,Ireland,2016,402.0
Electricity,Ireland,2017,631.0
Electricity,Ireland,2018,1252.0
Electricity,Ireland,2019,3665.0
Electricity,Ireland,2020,4075.0
Electricity,Ireland,2021,9199.0
Electricity,Ireland,2022,15872.0
Electricity,Ireland,2023,23181.0
Electricity,Ireland,2024,17506.0
Electricity,Iceland,2017,845.0
Electricity,Iceland,2018,784.0
Electricity,Iceland,2019,1090.0
Electricity,Iceland,2020,2551.0
Electricity,Iceland,2021,4246.0
Electricity,Iceland,2022,5567.0
Electricity,Iceland,2023,8783.0
Electricity,Iceland,2024,2661.0
Electricity,Italy,2013,846.0
Electricity,Italy,2014,1155.0
Electricity,Italy,2015,1576.0
Electricity,Italy,2016,1497.0
Electricity,Italy,2017,2109.0
Electricity,Italy,2018,5198.0
Electricity,Italy,2019,10612.0
Electricity,Italy,2020,30930.0
Electricity,Italy,2021,69178.0
Electricity,Italy,2022,48960.0
Electricity,Italy,2023,65800.0
Electricity,Italy,2024,65617.0
Electricity,Liechtenstein,2013,14.0
Electricity,Liechtenstein,2014,18.0
Electricity,Liechtenstein,2015,30.0
Electricity,Liechtenstein,2016,46.0
Electricity,Liechtenstein,2017,57.0
Electricity,Liechtenstein,2018,48.0
Electricity,Liechtenstein,2019,97.0
Electricity,Liechtenstein,2020,164.0
Electricity,Liechtenstein,2021,292.0
Electricity,Liechtenstein,2022,317.0
Electricity,Liechtenstein,2023,338.0
Electricity,Liechtenstein,2024,362.0
Electricity,Lithuania,2013,2.0
Electricity,Lithuania,2014,8.0
Electricity,Lithuania,2015,26.0
Electricity,Lithuania,2016,62.0
Electricity,Lithuania,2017,43.0
Electricity,Lithuania,2018,141.0
Electricity,Lithuania,2019,175.0
Electricity,Lithuania,2020,480.0
Electricity,Lithuania,2021,1277.0
Electricity,Lithuania,2022,1507.0
Electricity,Lithuania,2023,2210.0
Electricity,Lithuania,2024,1877.0
Electricity,Luxembourg,2013,158.0
Electricity,Luxembourg,2014,312.0
Electricity,Luxembourg,2015,73.0
Electricity,Luxembourg,2016,145.0
Electricity,Luxembourg,2017,386.0
Electricity,Luxembourg,2018,430.0
Electricity,Luxembourg,2019,986.0
Electricity,Luxembourg,2020,2473.0
Electricity,Luxembourg,2021,4649.0
Electricity,Luxembourg,2022,6391.0
Electricity,Luxembourg,2023,11048.0
Electricity,Luxembourg,2024,12777.0
Electricity,Latvia,2013,0.0
Electricity,Latvia,2014,174.0
Electricity,Latvia,2015,17.0
Electricity,Latvia,2016,19.0
Electricity,Latvia,2017,41.0
Electricity,Latvia,2018,78.0
Electricity,Latvia,2019,116.0
Electricity,Latvia,2020,351.0
Electricity,Latvia,2021,480.0
Electricity,Latvia,2022,1069.0
Electricity,Latvia,2023,1629.0
Electricity,Latvia,2024,1260.0
Electricity,Moldova,2013,0.0
Electricity,Moldova,2014,1.0
Electricity,Moldova,2015,13.0
Electricity,Moldova,2016,14.0
Electricity,Moldova,2017,37.0
Electricity,Moldova,2018,42.0
Electricity,Moldova,2019,185.0
Electricity,Moldova,2020,211.0
Electricity,Moldova,2021,396.0
Electricity,Moldova,2022,729.0
Electricity,Moldova,2023,1012.0
Electricity,Moldova,2024,1666.0
Electricity,Montenegro,2017,4.0
Electricity,Montenegro,2018,1.0
Electricity,Malta,2013,18.0
Electricity,Malta,2014,30.0
Electricity,Malta,2015,23.0
Electricity,Malta,2016,19.0
Electricity,Malta,2017,24.0
Electricity,Malta,2018,285.0
Electricity,Malta,2019,281.0
Electricity,Malta,2020,178.0
Electricity,Malta,2021,416.0
Electricity,Malta,2022,990.0
Electricity,Malta,2023,1516.0
Electricity,Malta,2024,2893.0
Electricity,Netherlands,2013,2619.0
Electricity,Netherlands,2014,2912.0
Electricity,Netherlands,2015,3193.0
Electricity,Netherlands,2016,3988.0
Electricity,Netherlands,2017,7958.0
Electricity,Netherlands,2018,23985.0
Electricity,Netherlands,2019,61547.0
Electricity,Netherlands,2020,72859.0
Electricity,Netherlands,2021,63658.0
Electricity,Netherlands,2022,73250.0
Electricity,Netherlands,2023,113961.0
Electricity,Netherlands,2024,132167.0
Electricity,Norway,2013,7885.0
Electricity,Norway,2014,18091.0
Electricity,Norway,2015,25779.0
Electricity,Norway,2016,24222.0
Electricity,Norway,2017,33023.0
Electricity,Norway,2018,46091.0
Electricity,Norway,2019,60271.0
Electricity,Norway,2020,82212.0
Electricity,Norway,2021,116399.0
Electricity,Norway,2022,142504.0
Electricity,Norway,2023,104727.0
Electricity,Norway,2024,114814.0
Electricity,Poland,2013,26.0
Electricity,Poland,2014,81.0
Electricity,Poland,2015,112.0
Electricity,Poland,2016,157.0
Electricity,Poland,2017,508.0
Electricity,Poland,2018,694.0
Electricity,Poland,2019,1464.0
Electricity,Poland,2020,3679.0
Electricity,Poland,2021,7092.0
Electricity,Poland,2022,11293.0
Electricity,Poland,2023,17078.0
Electricity,Poland,2024,16564.0
Electricity,Portugal,2013,167.0
Electricity,Portugal,2014,198.0
Electricity,Portugal,2015,692.0
Electricity,Portugal,2016,820.0
Electricity,Portugal,2017,1912.0
Electricity,Portugal,2018,4458.0
Electricity,Portugal,2019,6880.0
Electricity,Portugal,2020,7908.0
Electricity,Portugal,2021,13546.0
Electricity,Portugal,2022,18426.0
Electricity,Portugal,2023,36456.0
Electricity,Portugal,2024,41837.0
Electricity,Romania,2013,37.0
Electricity,Romania,2014,17.0
Electricity,Romania,2015,28.0
Electricity,Romania,2016,69.0
Electricity,Romania,2017,232.0
Electricity,Romania,2018,604.0
Electricity,Romania,2019,1506.0
Electricity,Romania,2020,2844.0
Electricity,Romania,2021,6344.0
Electricity,Romania,2022,11638.0
Electricity,Romania,2023,15367.0
Electricity,Romania,2024,9795.0
Electricity,Serbia,2019,37.0
Electricity,Serbia,2020,61.0
Electricity,Serbia,2021,138.0
Electricity,Serbia,2022,221.0
Electricity,Serbia,2023,494.0
Electricity,Serbia,2024,604.0
Electricity,Sweden,2013,452.0
Electricity,Sweden,2014,1266.0
Electricity,Sweden,2015,2916.0
Electricity,Sweden,2016,2993.0
Electricity,Sweden,2017,4359.0
Electricity,Sweden,2018,7147.0
Electricity,Sweden,2019,15795.0
Electricity,Sweden,2020,27981.0
Electricity,Sweden,2021,57590.0
Electricity,Sweden,2022,95371.0
Electricity,Sweden,2023,112321.0
Electricity,Sweden,2024,94546.0
Electricity,Slovenia,2013,0.0
Electricity,Slovenia,2014,13.0
Electricity,Slovenia,2015,123.0
Electricity,Slovenia,2016,151.0
Electricity,Slovenia,2017,297.0
Electricity,Slovenia,2018,521.0
Electricity,Slovenia,2019,695.0
Electricity,Slovenia,2020,1720.0
Electricity,Slovenia,2021,1742.0
Electricity,Slovenia,2022,2293.0
Electricity,Slovenia,2023,4306.0
Electricity,Slovenia,2024,3154.0
Electricity,Slovakia,2013,0.0
Electricity,Slovakia,2014,24.0
Electricity,Slovakia,2015,15.0
Electricity,Slovakia,2016,55.0
Electricity,Slovakia,2017,214.0
Electricity,Slovakia,2018,301.0
Electricity,Slovakia,2019,166.0
Electricity,Slovakia,2020,907.0
Electricity,Slovakia,2021,1136.0
Electricity,Slovakia,2022,1508.0
Electricity,Slovakia,2023,2517.0
Electricity,Slovakia,2024,2227.0
Electricity,Türkiye,2013,180.0
Electricity,Türkiye,2014,63.0
Electricity,Türkiye,2015,154.0
Electricity,Türkiye,2016,77.0
Electricity,Türkiye,2017,117.0
Electricity,Türkiye,2018,206.0
Electricity,Türkiye,2019,228.0
Electricity,Türkiye,2020,1617.0
Electricity,Türkiye,2021,3575.0
Electricity,Türkiye,2022,8312.0
Electricity,Türkiye,2023,65558.0
Electricity,Türkiye,2024,103850.0
Electricity,Ukraine,2019,7261.0
Electricity,Ukraine,2020,641.0
Electricity,Ukraine,2021,1210.0
Electricity,Ukraine,2022,2255.0
Electricity,Ukraine,2023,7261.0
Electricity,Ukraine,2024,10231.0
Electricity,United Kingdom,2015,10063.0
Electricity,United Kingdom,2016,10544.0
Electricity,United Kingdom,2017,13727.0
Electricity,United Kingdom,2018,15579.0
Electricity,United Kingdom,2021,188143.0
Electricity,United Kingdom,2022,263197.0
Electricity,United Kingdom,2023,308941.0
Electricity,Kosovo*,2017,2.0
Electricity,Kosovo*,2018,1.0
Electricity,Kosovo*,2019,0.0
Electricity,Kosovo*,2021,20.0
Hybrid diesel-electric,Albania,2019,23.0
Hybrid diesel-electric,Albania,2020,47.0
Hybrid diesel-electric,Albania,2021,178.0
Hybrid diesel-electric,Albania,2022,334.0
Hybrid diesel-electric,Albania,2023,583.0
Hybrid diesel-electric,Albania,2024,730.0
Hybrid diesel-electric,Austria,2013,130.0
Hybrid diesel-electric,Austria,2014,90.0
Hybrid diesel-electric,Austria,2015,518.0
Hybrid diesel-electric,Austria,2016,169.0
Hybrid diesel-electric,Austria,2017,43.0
Hybrid diesel-electric,Austria,2018,1008.0
Hybrid diesel-electric,Austria,2019,4112.0
Hybrid diesel-electric,Austria,2020,7848.0
Hybrid diesel-electric,Austria,2021,12519.0
Hybrid diesel-electric,Austria,2022,12620.0
Hybrid diesel-electric,Austria,2023,13925.0
Hybrid diesel-electric,Austria,2024,12479.0
Hybrid diesel-electric,Bosnia and Herzegovina,2013,0.0
Hybrid diesel-electric,Bosnia and Herzegovina,2014,1.0
Hybrid diesel-electric,Bosnia and Herzegovina,2015,0.0
Hybrid diesel-electric,Bosnia and Herzegovina,2016,2.0
Hybrid diesel-electric,Bosnia and Herzegovina,2017,0.0
Hybrid diesel-electric,Bosnia and Herzegovina,2018,1.0
Hybrid diesel-electric,Bosnia and Herzegovina,2019,11.0
Hybrid diesel-electric,Bosnia and Herzegovina,2020,8.0
Hybrid diesel-electric,Bosnia and Herzegovina,2021,22.0
Hybrid diesel-electric,Bosnia and Herzegovina,2022,110.0
Hybrid diesel-electric,Bosnia and Herzegovina,2023,129.0
Hybrid diesel-electric,Bosnia and Herzegovina,2024,168.0
Hybrid diesel-electric,Belgium,2013,912.0
Hybrid diesel-electric,Belgium,2014,741.0
Hybrid diesel-electric,Belgium,2015,2493.0
Hybrid diesel-electric,Belgium,2016,1301.0
Hybrid diesel-electric,Belgium,2017,834.0
Hybrid diesel-electric,Belgium,2018,1249.0
Hybrid diesel-electric,Belgium,2019,6012.0
Hybrid diesel-electric,Belgium,2020,14955.0
Hybrid diesel-electric,Belgium,2021,21348.0
Hybrid diesel-electric,Belgium,2022,15800.0
Hybrid diesel-electric,Belgium,2023,5540.0
Hybrid diesel-electric,Belgium,2024,6739.0
Hybrid diesel-electric,Bulgaria,2024,0.0
Hybrid diesel-electric,Switzerland,2013,705.0
Hybrid diesel-electric,Switzerland,2014,520.0
Hybrid diesel-electric,Switzerland,2015,844.0
Hybrid diesel-electric,Switzerland,2016,493.0
Hybrid diesel-electric,Switzerland,2017,182.0
Hybrid diesel-electric,Switzerland,2018,803.0
Hybrid diesel-electric,Switzerland,2019,3850.0
Hybrid diesel-electric,Switzerland,2020,5367.0
Hybrid diesel-electric,Switzerland,2021,9692.0
Hybrid diesel-electric,Switzerland,2022,10948.0
Hybrid diesel-electric,Switzerland,2023,13106.0
Hybrid diesel-electric,Switzerland,2024,13307.0
Hybrid diesel-electric,Czechia,2021,822.0
Hybrid diesel-electric,Czechia,2022,806.0
Hybrid diesel-electric,Czechia,2023,4119.0
Hybrid diesel-electric,Czechia,2024,229.0
Hybrid diesel-electric,Germany,2017,1228.0
Hybrid diesel-electric,Germany,2018,17312.0
Hybrid diesel-electric,Germany,2019,70102.0
Hybrid diesel-electric,Germany,2020,107009.0
Hybrid diesel-electric,Germany,2021,143234.0
Hybrid diesel-electric,Germany,2022,153135.0
Hybrid diesel-electric,Germany,2023,208149.0
Hybrid diesel-electric,Germany,2024,183998.0
Hybrid diesel-electric,Denmark,2020,1098.0
Hybrid diesel-electric,Denmark,2021,1616.0
Hybrid diesel-electric,Denmark,2022,6488.0
Hybrid diesel-electric,Denmark,2023,6855.0
Hybrid diesel-electric,Denmark,2024,5150.0
Hybrid diesel-electric,Estonia,2013,4.0
Hybrid diesel-electric,Estonia,2014,3.0
Hybrid diesel-electric,Estonia,2015,0.0
Hybrid diesel-electric,Estonia,2016,1.0
Hybrid diesel-electric,Estonia,2017,1.0
Hybrid diesel-electric,Estonia,2018,73.0
Hybrid diesel-electric,Estonia,2019,234.0
Hybrid diesel-electric,Estonia,2020,260.0
Hybrid diesel-electric,Estonia,2021,973.0
Hybrid diesel-electric,Estonia,2022,891.0
Hybrid diesel-electric,Estonia,2023,1227.0
Hybrid diesel-electric,Estonia,2024,1345.0
Hybrid diesel-electric,Greece,2021,1713.0
Hybrid diesel-electric,Greece,2022,1555.0
Hybrid diesel-electric,Greece,2023,1733.0
Hybrid diesel-electric,Greece,2024,2408.0
Hybrid diesel-electric,Spain,2014,139.0
Hybrid diesel-electric,Spain,2015,23.0
Hybrid diesel-electric,Spain,2016,34.0
Hybrid diesel-electric,Spain,2017,129.0
Hybrid diesel-electric,Spain,2018,1210.0
Hybrid diesel-electric,Spain,2019,14943.0
Hybrid diesel-electric,Spain,2020,26157.0
Hybrid diesel-electric,Spain,2021,38766.0
Hybrid diesel-electric,Spain,2022,32589.0
Hybrid diesel-electric,Spain,2023,40815.0
Hybrid diesel-electric,Spain,2024,42115.0
Hybrid diesel-electric,Finland,2014,75.0
Hybrid diesel-electric,Finland,2015,29.0
Hybrid diesel-electric,Finland,2016,11.0
Hybrid diesel-electric,Finland,2017,2.0
Hybrid diesel-electric,Finland,2018,224.0
Hybrid diesel-electric,Finland,2019,990.0
Hybrid diesel-electric,Finland,2020,1354.0
Hybrid diesel-electric,Finland,2021,2235.0
Hybrid diesel-electric,Finland,2022,1626.0
Hybrid diesel-electric,Finland,2023,1167.0
Hybrid diesel-electric,Finland,2024,411.0
Hybrid diesel-electric,France,2013,13694.0
Hybrid diesel-electric,France,2014,9313.0
Hybrid diesel-electric,France,2015,18870.0
Hybrid diesel-electric,France,2016,4522.0
Hybrid diesel-electric,France,2017,1031.0
Hybrid diesel-electric,France,2018,2794.0
Hybrid diesel-electric,France,2019,11434.0
Hybrid diesel-electric,France,2020,23578.0
Hybrid diesel-electric,France,2021,36979.0
Hybrid diesel-electric,France,2022,25547.0
Hybrid diesel-electric,France,2023,21958.0
Hybrid diesel-electric,France,2024,13871.0
Hybrid diesel-electric,Georgia,2024,0.0
Hybrid diesel-electric,Hungary,2013,0.0
Hybrid diesel-electric,Hungary,2014,0.0
Hybrid diesel-electric,Hungary,2015,6.0
Hybrid diesel-electric,Hungary,2016,12.0
Hybrid diesel-electric,Hungary,2017,17.0
Hybrid diesel-electric,Hungary,2018,247.0
Hybrid diesel-electric,Hungary,2019,1078.0
Hybrid diesel-electric,Hungary,2020,3559.0
Hybrid diesel-electric,Hungary,2021,7328.0
Hybrid diesel-electric,Hungary,2022,5602.0
Hybrid diesel-electric,Hungary,2023,5993.0
Hybrid diesel-electric,Hungary,2024,7457.0
Hybrid diesel-electric,Ireland,2017,1.0
Hybrid diesel-electric,Ireland,2018,1.0
Hybrid diesel-electric,Ireland,2019,1.0
Hybrid diesel-electric,Ireland,2020,520.0
Hybrid diesel-electric,Ireland,2021,2249.0
Hybrid diesel-electric,Ireland,2022,959.0
Hybrid diesel-electric,Ireland,2023,2450.0
Hybrid diesel-electric,Ireland,2024,1472.0
Hybrid diesel-electric,Iceland,2017,11.0
Hybrid diesel-electric,Iceland,2018,32.0
Hybrid diesel-electric,Iceland,2019,40.0
Hybrid diesel-electric,Iceland,2021,482.0
Hybrid diesel-electric,Iceland,2022,585.0
Hybrid diesel-electric,Iceland,2023,566.0
Hybrid diesel-electric,Iceland,2024,409.0
Hybrid diesel-electric,Italy,2021,50425.0
Hybrid diesel-electric,Italy,2022,54131.0
Hybrid diesel-electric,Italy,2023,72697.0
Hybrid diesel-electric,Italy,2024,83705.0
Hybrid diesel-electric,Liechtenstein,2013,1.0
Hybrid diesel-electric,Liechtenstein,2014,4.0
Hybrid diesel-electric,Liechtenstein,2015,3.0
Hybrid diesel-electric,Liechtenstein,2016,1.0
Hybrid diesel-electric,Liechtenstein,2017,3.0
Hybrid diesel-electric,Liechtenstein,2018,10.0
Hybrid diesel-electric,Liechtenstein,2019,42.0
Hybrid diesel-electric,Liechtenstein,2020,51.0
Hybrid diesel-electric,Liechtenstein,2021,104.0
Hybrid diesel-electric,Liechtenstein,2022,115.0
Hybrid diesel-electric,Liechtenstein,2023,118.0
Hybrid diesel-electric,Liechtenstein,2024,126.0
Hybrid diesel-electric,Lithuania,2014,0.0
Hybrid diesel-electric,Lithuania,2017,0.0
Hybrid diesel-electric,Lithuania,2018,0.0
Hybrid diesel-electric,Lithuania,2019,2.0
Hybrid diesel-electric,Lithuania,2020,5.0
Hybrid diesel-electric,Lithuania,2021,900.0
Hybrid diesel-electric,Lithuania,2022,794.0
Hybrid diesel-electric,Lithuania,2023,945.0
Hybrid diesel-electric,Lithuania,2024,1605.0
Hybrid diesel-electric,Luxembourg,2013,56.0
Hybrid diesel-electric,Luxembourg,2014,44.0
Hybrid diesel-electric,Luxembourg,2015,67.0
Hybrid diesel-electric,Luxembourg,2016,67.0
Hybrid diesel-electric,Luxembourg,2017,13.0
Hybrid diesel-electric,Luxembourg,2018,144.0
Hybrid diesel-electric,Luxembourg,2019,806.0
Hybrid diesel-electric,Luxembourg,2020,1203.0
Hybrid diesel-electric,Luxembourg,2021,2756.0
Hybrid diesel-electric,Luxembourg,2022,2692.0
Hybrid diesel-electric,Luxembourg,2023,2615.0
Hybrid diesel-electric,Luxembourg,2024,2152.0
Hybrid diesel-electric,Latvia,2014,0.0
Hybrid diesel-electric,Latvia,2015,0.0
Hybrid diesel-electric,Latvia,2016,0.0
Hybrid diesel-electric,Latvia,2017,1.0
Hybrid diesel-electric,Latvia,2018,0.0
Hybrid diesel-electric,Latvia,2019,0.0
Hybrid diesel-electric,Latvia,2020,0.0
Hybrid diesel-electric,Latvia,2022,839.0
Hybrid diesel-electric,Latvia,2023,1029.0
Hybrid diesel-electric,Latvia,2024,1202.0
Hybrid diesel-electric,Malta,2015,3.0
Hybrid diesel-electric,Malta,2016,2.0
Hybrid diesel-electric,Malta,2017,3.0
Hybrid diesel-electric,Malta,2018,3.0
Hybrid diesel-electric,Malta,2019,14.0
Hybrid diesel-electric,Malta,2020,26.0
Hybrid diesel-electric,Malta,2021,67.0
Hybrid diesel-electric,Malta,2022,81.0
Hybrid diesel-electric,Malta,2023,85.0
Hybrid diesel-electric,Malta,2024,70.0
Hybrid diesel-electric,Netherlands,2024,0.0
Hybrid diesel-electric,Norway,2016,91.0
Hybrid diesel-electric,Norway,2017,28.0
Hybrid diesel-electric,Norway,2018,85.0
Hybrid diesel-electric,Norway,2019,550.0
Hybrid diesel-electric,Norway,2020,706.0
Hybrid diesel-electric,Norway,2021,815.0
Hybrid diesel-electric,Norway,2022,645.0
Hybrid diesel-electric,Norway,2023,459.0
Hybrid diesel-electric,Norway,2024,191.0
Hybrid diesel-electric,Poland,2013,234.0
Hybrid diesel-electric,Poland,2014,486.0
Hybrid diesel-electric,Poland,2015,713.0
Hybrid diesel-electric,Poland,2016,1263.0
Hybrid diesel-electric,Poland,2017,2113.0
Hybrid diesel-electric,Poland,2018,3038.0
Hybrid diesel-electric,Poland,2019,5238.0
Hybrid diesel-electric,Poland,2020,8003.0
Hybrid diesel-electric,Poland,2021,13309.0
Hybrid diesel-electric,Poland,2022,12303.0
Hybrid diesel-electric,Poland,2023,17173.0
Hybrid diesel-electric,Poland,2024,23253.0
Hybrid diesel-electric,Portugal,2017,394.0
Hybrid diesel-electric,Portugal,2018,637.0
Hybrid diesel-electric,Portugal,2019,910.0
Hybrid diesel-electric,Portugal,2020,2403.0
Hybrid diesel-electric,Portugal,2021,4151.0
Hybrid diesel-electric,Portugal,2022,4192.0
Hybrid diesel-electric,Portugal,2023,3790.0
Hybrid diesel-electric,Portugal,2024,3333.0
Hybrid diesel-electric,Romania,2013,20.0
Hybrid diesel-electric,Romania,2014,23.0
Hybrid diesel-electric,Romania,2015,43.0
Hybrid diesel-electric,Romania,2016,105.0
Hybrid diesel-electric,Romania,2017,199.0
Hybrid diesel-electric,Romania,2018,132.0
Hybrid diesel-electric,Romania,2019,713.0
Hybrid diesel-electric,Romania,2020,1054.0
Hybrid diesel-electric,Romania,2021,3350.0
Hybrid diesel-electric,Romania,2022,2499.0
Hybrid diesel-electric,Romania,2023,3860.0
Hybrid diesel-electric,Romania,2024,3725.0
Hybrid diesel-electric,Serbia,2019,24.0
Hybrid diesel-electric,Serbia,2020,350.0
Hybrid diesel-electric,Serbia,2021,1390.0
Hybrid diesel-electric,Serbia,2022,2170.0
Hybrid diesel-electric,Serbia,2023,2902.0
Hybrid diesel-electric,Serbia,2024,3782.0
Hybrid diesel-electric,Sweden,2013,473.0
Hybrid diesel-electric,Sweden,2014,261.0
Hybrid diesel-electric,Sweden,2015,135.0
Hybrid diesel-electric,Sweden,2016,17.0
Hybrid diesel-electric,Sweden,2017,17.0
Hybrid diesel-electric,Sweden,2018,9.0
Hybrid diesel-electric,Sweden,2019,56.0
Hybrid diesel-electric,Sweden,2020,10879.0
Hybrid diesel-electric,Sweden,2021,22825.0
Hybrid diesel-electric,Sweden,2022,15433.0
Hybrid diesel-electric,Sweden,2023,0.0
Hybrid diesel-electric,Sweden,2024,0.0
Hybrid diesel-electric,Slovakia,2022,2742.0
Hybrid diesel-electric,Slovakia,2023,3821.0
Hybrid diesel-electric,Slovakia,2024,4445.0
Hybrid diesel-electric,Türkiye,2014,1.0
Hybrid diesel-electric,Türkiye,2015,72.0
Hybrid diesel-electric,Türkiye,2016,48.0
Hybrid diesel-electric,Türkiye,2017,9.0
Hybrid diesel-electric,Türkiye,2018,103.0
Hybrid diesel-electric,Türkiye,2019,934.0
Hybrid diesel-electric,Türkiye,2020,1610.0
Hybrid diesel-electric,Türkiye,2021,4971.0
Hybrid diesel-electric,Türkiye,2022,5984.0
Hybrid diesel-electric,Türkiye,2023,9180.0
Hybrid diesel-electric,Türkiye,2024,7750.0
Hybrid diesel-electric,Ukraine,2019,2546.0
Hybrid diesel-electric,Ukraine,2020,828.0
Hybrid diesel-electric,Ukraine,2021,2282.0
Hybrid diesel-electric,Ukraine,2022,1154.0
Hybrid diesel-electric,Ukraine,2023,2546.0
Hybrid diesel-electric,Ukraine,2024,2878.0
Hybrid diesel-electric,United Kingdom,2015,3759.0
Hybrid diesel-electric,United Kingdom,2016,1795.0
Hybrid diesel-electric,United Kingdom,2017,783.0
Hybrid diesel-electric,United Kingdom,2018,223.0
Hybrid diesel-electric,United Kingdom,2021,30898.0
Hybrid diesel-electric,United Kingdom,2022,26643.0
Hybrid diesel-electric,United Kingdom,2023,18731.0
Hybrid diesel-electric,Kosovo*,2018,28.0
Hybrid diesel-electric,Kosovo*,2019,0.0
Hybrid diesel-electric,Kosovo*,2021,28.0
Plug-in hybrid diesel-electric  ,Albania,2020,0.0
Plug-in hybrid diesel-electric  ,Austria,2013,30.0
Plug-in hybrid diesel-electric  ,Austria,2014,103.0
Plug-in hybrid diesel-electric  ,Austria,2015,170.0
Plug-in hybrid diesel-electric  ,Austria,2016,150.0
Plug-in hybrid diesel-electric  ,Austria,2017,89.0
Plug-in hybrid diesel-electric  ,Austria,2018,40.0
Plug-in hybrid diesel-electric  ,Austria,2019,45.0
Plug-in hybrid diesel-electric  ,Austria,2020,439.0
Plug-in hybrid diesel-electric  ,Austria,2021,1026.0
Plug-in hybrid diesel-electric  ,Austria,2022,802.0
Plug-in hybrid diesel-electric  ,Austria,2023,694.0
Plug-in hybrid diesel-electric  ,Austria,2024,1867.0
Plug-in hybrid diesel-electric  ,Bosnia and Herzegovina,2013,0.0
Plug-in hybrid diesel-electric  ,Bosnia and Herzegovina,2015,0.0
Plug-in hybrid diesel-electric  ,Bosnia and Herzegovina,2017,0.0
Plug-in hybrid diesel-electric  ,Bosnia and Herzegovina,2019,0.0
Plug-in hybrid diesel-electric  ,Bosnia and Herzegovina,2021,0.0
Plug-in hybrid diesel-electric  ,Belgium,2023,6040.0
Plug-in hybrid diesel-electric  ,Belgium,2024,4036.0
Plug-in hybrid diesel-electric  ,Bulgaria,2024,0.0
Plug-in hybrid diesel-electric  ,Switzerland,2013,261.0
Plug-in hybrid diesel-electric  ,Switzerland,2014,208.0
Plug-in hybrid diesel-electric  ,Switzerland,2015,266.0
Plug-in hybrid diesel-electric  ,Switzerland,2016,145.0
Plug-in hybrid diesel-electric  ,Switzerland,2017,100.0
Plug-in hybrid diesel-electric  ,Switzerland,2018,61.0
Plug-in hybrid diesel-electric  ,Switzerland,2019,10.0
Plug-in hybrid diesel-electric  ,Switzerland,2020,161.0
Plug-in hybrid diesel-electric  ,Switzerland,2021,572.0
Plug-in hybrid diesel-electric  ,Switzerland,2022,272.0
Plug-in hybrid diesel-electric  ,Switzerland,2023,4.0
Plug-in hybrid diesel-electric  ,Switzerland,2024,1.0
Plug-in hybrid diesel-electric  ,Czechia,2022,281.0
Plug-in hybrid diesel-electric  ,Czechia,2023,470.0
Plug-in hybrid diesel-electric  ,Czechia,2024,432.0
Plug-in hybrid diesel-electric  ,Germany,2017,1191.0
Plug-in hybrid diesel-electric  ,Germany,2018,583.0
Plug-in hybrid diesel-electric  ,Germany,2019,7432.0
Plug-in hybrid diesel-electric  ,Germany,2020,22431.0
Plug-in hybrid diesel-electric  ,Germany,2021,23581.0
Plug-in hybrid diesel-electric  ,Germany,2022,17009.0
Plug-in hybrid diesel-electric  ,Germany,2023,9109.0
Plug-in hybrid diesel-electric  ,Germany,2024,17250.0
Plug-in hybrid diesel-electric  ,Denmark,2014,1.0
Plug-in hybrid diesel-electric  ,Denmark,2015,0.0
Plug-in hybrid diesel-electric  ,Denmark,2016,5.0
Plug-in hybrid diesel-electric  ,Denmark,2017,1.0
Plug-in hybrid diesel-electric  ,Denmark,2018,1.0
Plug-in hybrid diesel-electric  ,Denmark,2019,113.0
Plug-in hybrid diesel-electric  ,Denmark,2020,488.0
Plug-in hybrid diesel-electric  ,Denmark,2021,1128.0
Plug-in hybrid diesel-electric  ,Denmark,2022,849.0
Plug-in hybrid diesel-electric  ,Denmark,2023,273.0
Plug-in hybrid diesel-electric  ,Denmark,2024,110.0
Plug-in hybrid diesel-electric  ,Estonia,2021,18.0
Plug-in hybrid diesel-electric  ,Estonia,2022,29.0
Plug-in hybrid diesel-electric  ,Estonia,2023,20.0
Plug-in hybrid diesel-electric  ,Estonia,2024,26.0
Plug-in hybrid diesel-electric  ,Greece,2023,361.0
Plug-in hybrid diesel-electric  ,Greece,2024,344.0
Plug-in hybrid diesel-electric  ,Spain,2014,23.0
Plug-in hybrid diesel-electric  ,Spain,2015,9.0
Plug-in hybrid diesel-electric  ,Spain,2016,10.0
Plug-in hybrid diesel-electric  ,Spain,2017,8.0
Plug-in hybrid diesel-electric  ,Spain,2018,6.0
Plug-in hybrid diesel-electric  ,Spain,2019,77.0
Plug-in hybrid diesel-electric  ,Spain,2020,1252.0
Plug-in hybrid diesel-electric  ,Spain,2021,2169.0
Plug-in hybrid diesel-electric  ,Spain,2022,2129.0
Plug-in hybrid diesel-electric  ,Spain,2023,1742.0
Plug-in hybrid diesel-electric  ,Spain,2024,4528.0
Plug-in hybrid diesel-electric  ,Finland,2014,51.0
Plug-in hybrid diesel-electric  ,Finland,2015,15.0
Plug-in hybrid diesel-electric  ,Finland,2016,93.0
Plug-in hybrid diesel-electric  ,Finland,2017,152.0
Plug-in hybrid diesel-electric  ,Finland,2018,135.0
Plug-in hybrid diesel-electric  ,Finland,2019,159.0
Plug-in hybrid diesel-electric  ,Finland,2020,435.0
Plug-in hybrid diesel-electric  ,Finland,2021,620.0
Plug-in hybrid diesel-electric  ,Finland,2022,401.0
Plug-in hybrid diesel-electric  ,Finland,2023,220.0
Plug-in hybrid diesel-electric  ,Finland,2024,196.0
Plug-in hybrid diesel-electric  ,France,2013,241.0
Plug-in hybrid diesel-electric  ,France,2014,186.0
Plug-in hybrid diesel-electric  ,France,2015,90.0
Plug-in hybrid diesel-electric  ,France,2016,261.0
Plug-in hybrid diesel-electric  ,France,2017,288.0
Plug-in hybrid diesel-electric  ,France,2018,246.0
Plug-in hybrid diesel-electric  ,France,2019,779.0
Plug-in hybrid diesel-electric  ,France,2020,2396.0
Plug-in hybrid diesel-electric  ,France,2021,7236.0
Plug-in hybrid diesel-electric  ,France,2022,6240.0
Plug-in hybrid diesel-electric  ,France,2023,4463.0
Plug-in hybrid diesel-electric  ,France,2024,4032.0
Plug-in hybrid diesel-electric  ,Georgia,2024,0.0
Plug-in hybrid diesel-electric  ,Hungary,2013,0.0
Plug-in hybrid diesel-electric  ,Hungary,2014,0.0
Plug-in hybrid diesel-electric  ,Hungary,2020,336.0
Plug-in hybrid diesel-electric  ,Hungary,2021,645.0
Plug-in hybrid diesel-electric  ,Hungary,2022,643.0
Plug-in hybrid diesel-electric  ,Hungary,2023,738.0
Plug-in hybrid diesel-electric  ,Hungary,2024,758.0
Plug-in hybrid diesel-electric  ,Ireland,2017,3.0
Plug-in hybrid diesel-electric  ,Ireland,2018,10.0
Plug-in hybrid diesel-electric  ,Ireland,2019,4.0
Plug-in hybrid diesel-electric  ,Ireland,2020,34.0
Plug-in hybrid diesel-electric  ,Ireland,2021,271.0
Plug-in hybrid diesel-electric  ,Ireland,2022,574.0
Plug-in hybrid diesel-electric  ,Ireland,2023,302.0
Plug-in hybrid diesel-electric  ,Ireland,2024,329.0
Plug-in hybrid diesel-electric  ,Iceland,2017,123.0
Plug-in hybrid diesel-electric  ,Iceland,2018,209.0
Plug-in hybrid diesel-electric  ,Iceland,2019,167.0
Plug-in hybrid diesel-electric  ,Iceland,2020,104.0
Plug-in hybrid diesel-electric  ,Iceland,2021,179.0
Plug-in hybrid diesel-electric  ,Iceland,2022,137.0
Plug-in hybrid diesel-electric  ,Iceland,2023,64.0
Plug-in hybrid diesel-electric  ,Iceland,2024,60.0
Plug-in hybrid diesel-electric  ,Italy,2021,8894.0
Plug-in hybrid diesel-electric  ,Italy,2022,8232.0
Plug-in hybrid diesel-electric  ,Italy,2023,8789.0
Plug-in hybrid diesel-electric  ,Italy,2024,6595.0
Plug-in hybrid diesel-electric  ,Luxembourg,2013,0.0
Plug-in hybrid diesel-electric  ,Luxembourg,2014,0.0
Plug-in hybrid diesel-electric  ,Luxembourg,2015,0.0
Plug-in hybrid diesel-electric  ,Luxembourg,2016,0.0
Plug-in hybrid diesel-electric  ,Luxembourg,2017,14.0
Plug-in hybrid diesel-electric  ,Luxembourg,2018,10.0
Plug-in hybrid diesel-electric  ,Luxembourg,2019,69.0
Plug-in hybrid diesel-electric  ,Luxembourg,2020,320.0
Plug-in hybrid diesel-electric  ,Luxembourg,2021,619.0
Plug-in hybrid diesel-electric  ,Luxembourg,2022,410.0
Plug-in hybrid diesel-electric  ,Luxembourg,2023,168.0
Plug-in hybrid diesel-electric  ,Luxembourg,2024,184.0
Plug-in hybrid diesel-electric  ,Latvia,2014,0.0
Plug-in hybrid diesel-electric  ,Latvia,2015,0.0
Plug-in hybrid diesel-electric  ,Latvia,2016,0.0
Plug-in hybrid diesel-electric  ,Latvia,2018,0.0
Plug-in hybrid diesel-electric  ,Latvia,2019,0.0
Plug-in hybrid diesel-electric  ,Latvia,2020,0.0
Plug-in hybrid diesel-electric  ,Latvia,2024,0.0
Plug-in hybrid diesel-electric  ,Malta,2019,0.0
Plug-in hybrid diesel-electric  ,Malta,2020,0.0
Plug-in hybrid diesel-electric  ,Malta,2021,5.0
Plug-in hybrid diesel-electric  ,Malta,2022,10.0
Plug-in hybrid diesel-electric  ,Malta,2023,16.0
Plug-in hybrid diesel-electric  ,Malta,2024,16.0
Plug-in hybrid diesel-electric  ,Netherlands,2024,0.0
Plug-in hybrid diesel-electric  ,Norway,2016,1112.0
Plug-in hybrid diesel-electric  ,Norway,2017,2455.0
Plug-in hybrid diesel-electric  ,Norway,2018,1880.0
Plug-in hybrid diesel-electric  ,Norway,2019,977.0
Plug-in hybrid diesel-electric  ,Norway,2020,1672.0
Plug-in hybrid diesel-electric  ,Norway,2021,1581.0
Plug-in hybrid diesel-electric  ,Norway,2022,535.0
Plug-in hybrid diesel-electric  ,Norway,2023,200.0
Plug-in hybrid diesel-electric  ,Norway,2024,20.0
Plug-in hybrid diesel-electric  ,Poland,2013,1.0
Plug-in hybrid diesel-electric  ,Poland,2014,0.0
Plug-in hybrid diesel-electric  ,Poland,2015,47.0
Plug-in hybrid diesel-electric  ,Poland,2016,111.0
Plug-in hybrid diesel-electric  ,Poland,2017,148.0
Plug-in hybrid diesel-electric  ,Poland,2018,176.0
Plug-in hybrid diesel-electric  ,Poland,2019,309.0
Plug-in hybrid diesel-electric  ,Poland,2020,979.0
Plug-in hybrid diesel-electric  ,Poland,2021,2093.0
Plug-in hybrid diesel-electric  ,Poland,2022,1812.0
Plug-in hybrid diesel-electric  ,Poland,2023,2451.0
Plug-in hybrid diesel-electric  ,Poland,2024,2866.0
Plug-in hybrid diesel-electric  ,Portugal,2017,135.0
Plug-in hybrid diesel-electric  ,Portugal,2018,96.0
Plug-in hybrid diesel-electric  ,Portugal,2019,1151.0
Plug-in hybrid diesel-electric  ,Portugal,2020,1920.0
Plug-in hybrid diesel-electric  ,Portugal,2021,2134.0
Plug-in hybrid diesel-electric  ,Portugal,2022,1289.0
Plug-in hybrid diesel-electric  ,Portugal,2023,1320.0
Plug-in hybrid diesel-electric  ,Portugal,2024,2475.0
Plug-in hybrid diesel-electric  ,Romania,2020,83.0
Plug-in hybrid diesel-electric  ,Romania,2021,314.0
Plug-in hybrid diesel-electric  ,Romania,2022,266.0
Plug-in hybrid diesel-electric  ,Romania,2023,273.0
Plug-in hybrid diesel-electric  ,Romania,2024,636.0
Plug-in hybrid diesel-electric  ,Sweden,2013,590.0
Plug-in hybrid diesel-electric  ,Sweden,2014,709.0
Plug-in hybrid diesel-electric  ,Sweden,2015,579.0
Plug-in hybrid diesel-electric  ,Sweden,2016,1326.0
Plug-in hybrid diesel-electric  ,Sweden,2017,1115.0
Plug-in hybrid diesel-electric  ,Sweden,2018,1270.0
Plug-in hybrid diesel-electric  ,Sweden,2019,913.0
Plug-in hybrid diesel-electric  ,Sweden,2020,2970.0
Plug-in hybrid diesel-electric  ,Sweden,2021,3979.0
Plug-in hybrid diesel-electric  ,Sweden,2022,2620.0
Plug-in hybrid diesel-electric  ,Sweden,2023,1705.0
Plug-in hybrid diesel-electric  ,Sweden,2024,3373.0
Plug-in hybrid diesel-electric  ,Slovakia,2022,100.0
Plug-in hybrid diesel-electric  ,Slovakia,2023,0.0
Plug-in hybrid diesel-electric  ,Slovakia,2024,143.0
Plug-in hybrid diesel-electric  ,Türkiye,2017,0.0
Plug-in hybrid diesel-electric  ,Türkiye,2018,0.0
Plug-in hybrid diesel-electric  ,Türkiye,2019,0.0
Plug-in hybrid diesel-electric  ,Türkiye,2020,0.0
Plug-in hybrid diesel-electric  ,Türkiye,2021,0.0
Plug-in hybrid diesel-electric  ,Türkiye,2023,0.0
Plug-in hybrid diesel-electric  ,Türkiye,2024,0.0
Plug-in hybrid diesel-electric  ,United Kingdom,2017,618.0
Plug-in hybrid diesel-electric  ,United Kingdom,2018,229.0
Plug-in hybrid diesel-electric  ,United Kingdom,2021,4070.0
Plug-in hybrid diesel-electric  ,United Kingdom,2022,2306.0
Plug-in hybrid diesel-electric  ,Kosovo*,2018,0.0
Plug-in hybrid diesel-electric  ,Kosovo*,2019,0.0
Plug-in hybrid diesel-electric  ,Kosovo*,2021,1.0
Hybrid electric-petrol,Albania,2019,134.0
Hybrid electric-petrol,Albania,2020,193.0
Hybrid electric-petrol,Albania,2021,423.0
Hybrid electric-petrol,Albania,2022,528.0
Hybrid electric-petrol,Albania,2023,871.0
Hybrid electric-petrol,Albania,2024,1542.0
Hybrid electric-petrol,Austria,2013,2259.0
Hybrid electric-petrol,Austria,2014,1836.0
Hybrid electric-petrol,Austria,2015,1893.0
Hybrid electric-petrol,Austria,2016,3305.0
Hybrid electric-petrol,Austria,2017,6529.0
Hybrid electric-petrol,Austria,2018,6135.0
Hybrid electric-petrol,Austria,2019,10237.0
Hybrid electric-petrol,Austria,2020,18178.0
Hybrid electric-petrol,Austria,2021,29451.0
Hybrid electric-petrol,Austria,2022,28238.0
Hybrid electric-petrol,Austria,2023,36705.0
Hybrid electric-petrol,Austria,2024,51611.0
Hybrid electric-petrol,Bosnia and Herzegovina,2013,0.0
Hybrid electric-petrol,Bosnia and Herzegovina,2014,2.0
Hybrid electric-petrol,Bosnia and Herzegovina,2015,2.0
Hybrid electric-petrol,Bosnia and Herzegovina,2016,56.0
Hybrid electric-petrol,Bosnia and Herzegovina,2017,136.0
Hybrid electric-petrol,Bosnia and Herzegovina,2018,127.0
Hybrid electric-petrol,Bosnia and Herzegovina,2019,191.0
Hybrid electric-petrol,Bosnia and Herzegovina,2020,151.0
Hybrid electric-petrol,Bosnia and Herzegovina,2021,315.0
Hybrid electric-petrol,Bosnia and Herzegovina,2022,455.0
Hybrid electric-petrol,Bosnia and Herzegovina,2023,923.0
Hybrid electric-petrol,Bosnia and Herzegovina,2024,1270.0
Hybrid electric-petrol,Belgium,2013,4920.0
Hybrid electric-petrol,Belgium,2014,7585.0
Hybrid electric-petrol,Belgium,2015,8352.0
Hybrid electric-petrol,Belgium,2016,15692.0
Hybrid electric-petrol,Belgium,2017,23458.0
Hybrid electric-petrol,Belgium,2018,23510.0
Hybrid electric-petrol,Belgium,2019,28998.0
Hybrid electric-petrol,Belgium,2020,56502.0
Hybrid electric-petrol,Belgium,2021,93969.0
Hybrid electric-petrol,Belgium,2022,117384.0
Hybrid electric-petrol,Belgium,2023,86480.0
Hybrid electric-petrol,Belgium,2024,103003.0
Hybrid electric-petrol,Bulgaria,2022,386.0
Hybrid electric-petrol,Bulgaria,2023,693.0
Hybrid electric-petrol,Bulgaria,2024,1005.0
Hybrid electric-petrol,Switzerland,2013,128.0
Hybrid electric-petrol,Switzerland,2014,528.0
Hybrid electric-petrol,Switzerland,2015,2089.0
Hybrid electric-petrol,Switzerland,2016,7274.0
Hybrid electric-petrol,Switzerland,2017,8293.0
Hybrid electric-petrol,Switzerland,2018,10553.0
Hybrid electric-petrol,Switzerland,2019,18285.0
Hybrid electric-petrol,Switzerland,2020,27513.0
Hybrid electric-petrol,Switzerland,2021,44741.0
Hybrid electric-petrol,Switzerland,2022,47102.0
Hybrid electric-petrol,Switzerland,2023,63355.0
Hybrid electric-petrol,Switzerland,2024,80648.0
Hybrid electric-petrol,Cyprus,2013,84.0
Hybrid electric-petrol,Cyprus,2014,108.0
Hybrid electric-petrol,Cyprus,2015,202.0
Hybrid electric-petrol,Cyprus,2016,381.0
Hybrid electric-petrol,Cyprus,2017,759.0
Hybrid electric-petrol,Cyprus,2018,983.0
Hybrid electric-petrol,Cyprus,2019,1052.0
Hybrid electric-petrol,Cyprus,2020,1424.0
Hybrid electric-petrol,Cyprus,2021,2990.0
Hybrid electric-petrol,Cyprus,2022,4022.0
Hybrid electric-petrol,Cyprus,2023,5616.0
Hybrid electric-petrol,Cyprus,2024,6437.0
Hybrid electric-petrol,Czechia,2021,3078.0
Hybrid electric-petrol,Czechia,2022,13191.0
Hybrid electric-petrol,Czechia,2023,27412.0
Hybrid electric-petrol,Czechia,2024,2624.0
Hybrid electric-petrol,Germany,2017,54009.0
Hybrid electric-petrol,Germany,2018,81503.0
Hybrid electric-petrol,Germany,2019,123799.0
Hybrid electric-petrol,Germany,2020,220385.0
Hybrid electric-petrol,Germany,2021,285898.0
Hybrid electric-petrol,Germany,2022,312090.0
Hybrid electric-petrol,Germany,2023,456426.0
Hybrid electric-petrol,Germany,2024,571488.0
Hybrid electric-petrol,Denmark,2020,9415.0
Hybrid electric-petrol,Denmark,2021,8539.0
Hybrid electric-petrol,Denmark,2022,22790.0
Hybrid electric-petrol,Denmark,2023,24237.0
Hybrid electric-petrol,Denmark,2024,25631.0
Hybrid electric-petrol,Estonia,2013,191.0
Hybrid electric-petrol,Estonia,2014,308.0
Hybrid electric-petrol,Estonia,2015,351.0
Hybrid electric-petrol,Estonia,2016,771.0
Hybrid electric-petrol,Estonia,2017,1186.0
Hybrid electric-petrol,Estonia,2018,1512.0
Hybrid electric-petrol,Estonia,2019,2582.0
Hybrid electric-petrol,Estonia,2020,2582.0
Hybrid electric-petrol,Estonia,2021,5376.0
Hybrid electric-petrol,Estonia,2022,5933.0
Hybrid electric-petrol,Estonia,2023,7908.0
Hybrid electric-petrol,Estonia,2024,10369.0
Hybrid electric-petrol,Greece,2021,26319.0
Hybrid electric-petrol,Greece,2022,32929.0
Hybrid electric-petrol,Greece,2023,39792.0
Hybrid electric-petrol,Greece,2024,55509.0
Hybrid electric-petrol,Spain,2014,8070.0
Hybrid electric-petrol,Spain,2015,7156.0
Hybrid electric-petrol,Spain,2016,30431.0
Hybrid electric-petrol,Spain,2017,55236.0
Hybrid electric-petrol,Spain,2018,73544.0
Hybrid electric-petrol,Spain,2019,92605.0
Hybrid electric-petrol,Spain,2020,112546.0
Hybrid electric-petrol,Spain,2021,182089.0
Hybrid electric-petrol,Spain,2022,207950.0
Hybrid electric-petrol,Spain,2023,263300.0
Hybrid electric-petrol,Spain,2024,350144.0
Hybrid electric-petrol,European Union - 27 countries (from 2020),2022,1812526.0
Hybrid electric-petrol,European Union - 27 countries (from 2020),2023,2264948.0
Hybrid electric-petrol,European Union - 27 countries (from 2020),2024,2780661.0
Hybrid electric-petrol,Finland,2014,2236.0
Hybrid electric-petrol,Finland,2015,2817.0
Hybrid electric-petrol,Finland,2016,4668.0
Hybrid electric-petrol,Finland,2017,8512.0
Hybrid electric-petrol,Finland,2018,11631.0
Hybrid electric-petrol,Finland,2019,14582.0
Hybrid electric-petrol,Finland,2020,17373.0
Hybrid electric-petrol,Finland,2021,25874.0
Hybrid electric-petrol,Finland,2022,24083.0
Hybrid electric-petrol,Finland,2023,19097.0
Hybrid electric-petrol,Finland,2024,22114.0
Hybrid electric-petrol,France,2013,32194.0
Hybrid electric-petrol,France,2014,31829.0
Hybrid electric-petrol,France,2015,35950.0
Hybrid electric-petrol,France,2016,46301.0
Hybrid electric-petrol,France,2017,70320.0
Hybrid electric-petrol,France,2018,90727.0
Hybrid electric-petrol,France,2019,97951.0
Hybrid electric-petrol,France,2020,149738.0
Hybrid electric-petrol,France,2021,262497.0
Hybrid electric-petrol,France,2022,316690.0
Hybrid electric-petrol,France,2023,420146.0
Hybrid electric-petrol,France,2024,585851.0
Hybrid electric-petrol,Georgia,2017,198.0
Hybrid electric-petrol,Georgia,2018,204.0
Hybrid electric-petrol,Georgia,2019,418.0
Hybrid electric-petrol,Georgia,2020,418.0
Hybrid electric-petrol,Georgia,2021,692.0
Hybrid electric-petrol,Georgia,2022,836.0
Hybrid electric-petrol,Georgia,2023,1430.0
Hybrid electric-petrol,Georgia,2024,1998.0
Hybrid electric-petrol,Croatia,2022,6780.0
Hybrid electric-petrol,Croatia,2023,10411.0
Hybrid electric-petrol,Croatia,2024,5248.0
Hybrid electric-petrol,Hungary,2013,492.0
Hybrid electric-petrol,Hungary,2014,518.0
Hybrid electric-petrol,Hungary,2015,829.0
Hybrid electric-petrol,Hungary,2016,1810.0
Hybrid electric-petrol,Hungary,2017,3960.0
Hybrid electric-petrol,Hungary,2018,6163.0
Hybrid electric-petrol,Hungary,2019,9197.0
Hybrid electric-petrol,Hungary,2020,28216.0
Hybrid electric-petrol,Hungary,2021,40823.0
Hybrid electric-petrol,Hungary,2022,36898.0
Hybrid electric-petrol,Hungary,2023,39039.0
Hybrid electric-petrol,Hungary,2024,48577.0
Hybrid electric-petrol,Ireland,2017,4482.0
Hybrid electric-petrol,Ireland,2018,6977.0
Hybrid electric-petrol,Ireland,2019,10789.0
Hybrid electric-petrol,Ireland,2020,10553.0
Hybrid electric-petrol,Ireland,2021,17110.0
Hybrid electric-petrol,Ireland,2022,20331.0
Hybrid electric-petrol,Ireland,2023,19541.0
Hybrid electric-petrol,Ireland,2024,25517.0
Hybrid electric-petrol,Iceland,2017,1158.0
Hybrid electric-petrol,Iceland,2018,991.0
Hybrid electric-petrol,Iceland,2019,1062.0
Hybrid electric-petrol,Iceland,2021,1981.0
Hybrid electric-petrol,Iceland,2022,2402.0
Hybrid electric-petrol,Iceland,2023,2325.0
Hybrid electric-petrol,Iceland,2024,1682.0
Hybrid electric-petrol,Italy,2021,363948.0
Hybrid electric-petrol,Italy,2022,400850.0
Hybrid electric-petrol,Italy,2023,498069.0
Hybrid electric-petrol,Italy,2024,539824.0
Hybrid electric-petrol,Liechtenstein,2013,41.0
Hybrid electric-petrol,Liechtenstein,2014,35.0
Hybrid electric-petrol,Liechtenstein,2015,55.0
Hybrid electric-petrol,Liechtenstein,2016,62.0
Hybrid electric-petrol,Liechtenstein,2017,84.0
Hybrid electric-petrol,Liechtenstein,2018,106.0
Hybrid electric-petrol,Liechtenstein,2019,139.0
Hybrid electric-petrol,Liechtenstein,2020,263.0
Hybrid electric-petrol,Liechtenstein,2021,394.0
Hybrid electric-petrol,Liechtenstein,2022,376.0
Hybrid electric-petrol,Liechtenstein,2023,362.0
Hybrid electric-petrol,Liechtenstein,2024,413.0
Hybrid electric-petrol,Lithuania,2013,45.0
Hybrid electric-petrol,Lithuania,2014,84.0
Hybrid electric-petrol,Lithuania,2015,94.0
Hybrid electric-petrol,Lithuania,2016,235.0
Hybrid electric-petrol,Lithuania,2017,501.0
Hybrid electric-petrol,Lithuania,2018,2304.0
Hybrid electric-petrol,Lithuania,2019,3200.0
Hybrid electric-petrol,Lithuania,2020,7998.0
Hybrid electric-petrol,Lithuania,2021,9085.0
Hybrid electric-petrol,Lithuania,2022,8009.0
Hybrid electric-petrol,Lithuania,2023,9767.0
Hybrid electric-petrol,Lithuania,2024,11514.0
Hybrid electric-petrol,Luxembourg,2013,290.0
Hybrid electric-petrol,Luxembourg,2014,401.0
Hybrid electric-petrol,Luxembourg,2015,401.0
Hybrid electric-petrol,Luxembourg,2016,615.0
Hybrid electric-petrol,Luxembourg,2017,850.0
Hybrid electric-petrol,Luxembourg,2018,941.0
Hybrid electric-petrol,Luxembourg,2019,1439.0
Hybrid electric-petrol,Luxembourg,2020,2594.0
Hybrid electric-petrol,Luxembourg,2021,4468.0
Hybrid electric-petrol,Luxembourg,2022,5336.0
Hybrid electric-petrol,Luxembourg,2023,6859.0
Hybrid electric-petrol,Luxembourg,2024,8264.0
Hybrid electric-petrol,Latvia,2014,1.0
Hybrid electric-petrol,Latvia,2015,9.0
Hybrid electric-petrol,Latvia,2016,18.0
Hybrid electric-petrol,Latvia,2017,17.0
Hybrid electric-petrol,Latvia,2018,18.0
Hybrid electric-petrol,Latvia,2019,14.0
Hybrid electric-petrol,Latvia,2020,78.0
Hybrid electric-petrol,Latvia,2021,147.0
Hybrid electric-petrol,Latvia,2022,4532.0
Hybrid electric-petrol,Latvia,2023,5509.0
Hybrid electric-petrol,Latvia,2024,6393.0
Hybrid electric-petrol,Montenegro,2017,16.0
Hybrid electric-petrol,Montenegro,2018,25.0
Hybrid electric-petrol,Montenegro,2019,28.0
Hybrid electric-petrol,Montenegro,2020,34.0
Hybrid electric-petrol,Montenegro,2021,137.0
Hybrid electric-petrol,Montenegro,2022,775.0
Hybrid electric-petrol,Malta,2015,48.0
Hybrid electric-petrol,Malta,2016,119.0
Hybrid electric-petrol,Malta,2017,225.0
Hybrid electric-petrol,Malta,2018,522.0
Hybrid electric-petrol,Malta,2019,715.0
Hybrid electric-petrol,Malta,2020,426.0
Hybrid electric-petrol,Malta,2021,872.0
Hybrid electric-petrol,Malta,2022,1316.0
Hybrid electric-petrol,Malta,2023,1731.0
Hybrid electric-petrol,Malta,2024,1458.0
Hybrid electric-petrol,Netherlands,2013,43326.0
Hybrid electric-petrol,Netherlands,2014,26727.0
Hybrid electric-petrol,Netherlands,2015,56219.0
Hybrid electric-petrol,Netherlands,2016,29916.0
Hybrid electric-petrol,Netherlands,2017,20732.0
Hybrid electric-petrol,Netherlands,2018,26173.0
Hybrid electric-petrol,Netherlands,2019,33741.0
Hybrid electric-petrol,Netherlands,2020,47583.0
Hybrid electric-petrol,Netherlands,2021,71513.0
Hybrid electric-petrol,Netherlands,2022,77648.0
Hybrid electric-petrol,Netherlands,2023,89981.0
Hybrid electric-petrol,Netherlands,2024,107597.0
Hybrid electric-petrol,Norway,2016,17372.0
Hybrid electric-petrol,Norway,2017,20805.0
Hybrid electric-petrol,Norway,2018,17237.0
Hybrid electric-petrol,Norway,2019,18356.0
Hybrid electric-petrol,Norway,2020,14352.0
Hybrid electric-petrol,Norway,2021,13646.0
Hybrid electric-petrol,Norway,2022,12261.0
Hybrid electric-petrol,Norway,2023,8274.0
Hybrid electric-petrol,Norway,2024,7530.0
Hybrid electric-petrol,Poland,2013,701.0
Hybrid electric-petrol,Poland,2014,1458.0
Hybrid electric-petrol,Poland,2015,2138.0
Hybrid electric-petrol,Poland,2016,3788.0
Hybrid electric-petrol,Poland,2017,6338.0
Hybrid electric-petrol,Poland,2018,9113.0
Hybrid electric-petrol,Poland,2019,15713.0
Hybrid electric-petrol,Poland,2020,28785.0
Hybrid electric-petrol,Poland,2021,44788.0
Hybrid electric-petrol,Poland,2022,53314.0
Hybrid electric-petrol,Poland,2023,75674.0
Hybrid electric-petrol,Poland,2024,98345.0
Hybrid electric-petrol,Portugal,2017,4317.0
Hybrid electric-petrol,Portugal,2018,6726.0
Hybrid electric-petrol,Portugal,2019,8546.0
Hybrid electric-petrol,Portugal,2020,9635.0
Hybrid electric-petrol,Portugal,2021,14969.0
Hybrid electric-petrol,Portugal,2022,19822.0
Hybrid electric-petrol,Portugal,2023,25199.0
Hybrid electric-petrol,Portugal,2024,31896.0
Hybrid electric-petrol,Romania,2013,190.0
Hybrid electric-petrol,Romania,2014,214.0
Hybrid electric-petrol,Romania,2015,43.0
Hybrid electric-petrol,Romania,2016,955.0
Hybrid electric-petrol,Romania,2017,1890.0
Hybrid electric-petrol,Romania,2018,3713.0
Hybrid electric-petrol,Romania,2019,6754.0
Hybrid electric-petrol,Romania,2020,12181.0
Hybrid electric-petrol,Romania,2021,24728.0
Hybrid electric-petrol,Romania,2022,28602.0
Hybrid electric-petrol,Romania,2023,37436.0
Hybrid electric-petrol,Romania,2024,47943.0
Hybrid electric-petrol,Serbia,2019,337.0
Hybrid electric-petrol,Serbia,2020,1249.0
Hybrid electric-petrol,Serbia,2021,2890.0
Hybrid electric-petrol,Serbia,2022,4219.0
Hybrid electric-petrol,Serbia,2023,6371.0
Hybrid electric-petrol,Serbia,2024,10203.0
Hybrid electric-petrol,Sweden,2013,4699.0
Hybrid electric-petrol,Sweden,2014,6798.0
Hybrid electric-petrol,Sweden,2015,8634.0
Hybrid electric-petrol,Sweden,2016,13621.0
Hybrid electric-petrol,Sweden,2017,18380.0
Hybrid electric-petrol,Sweden,2018,21006.0
Hybrid electric-petrol,Sweden,2019,28089.0
Hybrid electric-petrol,Sweden,2020,36863.0
Hybrid electric-petrol,Sweden,2021,47249.0
Hybrid electric-petrol,Sweden,2022,42514.0
Hybrid electric-petrol,Sweden,2023,26466.0
Hybrid electric-petrol,Sweden,2024,25414.0
Hybrid electric-petrol,Slovenia,2020,1719.0
Hybrid electric-petrol,Slovenia,2021,5783.0
Hybrid electric-petrol,Slovenia,2022,6275.0
Hybrid electric-petrol,Slovenia,2023,11092.0
Hybrid electric-petrol,Slovenia,2024,12460.0
Hybrid electric-petrol,Slovakia,2022,14613.0
Hybrid electric-petrol,Slovakia,2023,20362.0
Hybrid electric-petrol,Slovakia,2024,23761.0
Hybrid electric-petrol,Türkiye,2013,27.0
Hybrid electric-petrol,Türkiye,2014,27.0
Hybrid electric-petrol,Türkiye,2015,128.0
Hybrid electric-petrol,Türkiye,2016,138.0
Hybrid electric-petrol,Türkiye,2017,385.0
Hybrid electric-petrol,Türkiye,2018,3616.0
Hybrid electric-petrol,Türkiye,2019,12110.0
Hybrid electric-petrol,Türkiye,2020,18347.0
Hybrid electric-petrol,Türkiye,2021,48237.0
Hybrid electric-petrol,Türkiye,2022,42095.0
Hybrid electric-petrol,Türkiye,2023,78753.0
Hybrid electric-petrol,Türkiye,2024,161683.0
Hybrid electric-petrol,Ukraine,2019,8264.0
Hybrid electric-petrol,Ukraine,2020,4230.0
Hybrid electric-petrol,Ukraine,2021,8235.0
Hybrid electric-petrol,Ukraine,2022,3888.0
Hybrid electric-petrol,Ukraine,2023,8264.0
Hybrid electric-petrol,Ukraine,2024,10760.0
Hybrid electric-petrol,United Kingdom,2015,58716.0
Hybrid electric-petrol,United Kingdom,2016,76970.0
Hybrid electric-petrol,United Kingdom,2017,70123.0
Hybrid electric-petrol,United Kingdom,2018,86207.0
Hybrid electric-petrol,United Kingdom,2021,226410.0
Hybrid electric-petrol,United Kingdom,2022,296033.0
Hybrid electric-petrol,United Kingdom,2023,432352.0
Hybrid electric-petrol,Kosovo*,2018,96.0
Hybrid electric-petrol,Kosovo*,2019,0.0
Hybrid electric-petrol,Kosovo*,2021,231.0
Plug-in hybrid petrol-electric  ,Albania,2020,4563.0
Plug-in hybrid petrol-electric  ,Austria,2013,154.0
Plug-in hybrid petrol-electric  ,Austria,2014,331.0
Plug-in hybrid petrol-electric  ,Austria,2015,931.0
Plug-in hybrid petrol-electric  ,Austria,2016,1087.0
Plug-in hybrid petrol-electric  ,Austria,2017,1632.0
Plug-in hybrid petrol-electric  ,Austria,2018,2218.0
Plug-in hybrid petrol-electric  ,Austria,2019,2111.0
Plug-in hybrid petrol-electric  ,Austria,2020,7202.0
Plug-in hybrid petrol-electric  ,Austria,2021,13600.0
Plug-in hybrid petrol-electric  ,Austria,2022,12466.0
Plug-in hybrid petrol-electric  ,Austria,2023,16262.0
Plug-in hybrid petrol-electric  ,Austria,2024,15061.0
Plug-in hybrid petrol-electric  ,Bosnia and Herzegovina,2013,0.0
Plug-in hybrid petrol-electric  ,Bosnia and Herzegovina,2019,0.0
Plug-in hybrid petrol-electric  ,Bosnia and Herzegovina,2021,0.0
Plug-in hybrid petrol-electric  ,Belgium,2023,94268.0
Plug-in hybrid petrol-electric  ,Belgium,2024,62998.0
Plug-in hybrid petrol-electric  ,Bulgaria,2022,141.0
Plug-in hybrid petrol-electric  ,Bulgaria,2023,355.0
Plug-in hybrid petrol-electric  ,Bulgaria,2024,467.0
Plug-in hybrid petrol-electric  ,Switzerland,2013,6066.0
Plug-in hybrid petrol-electric  ,Switzerland,2014,5637.0
Plug-in hybrid petrol-electric  ,Switzerland,2015,5589.0
Plug-in hybrid petrol-electric  ,Switzerland,2016,2675.0
Plug-in hybrid petrol-electric  ,Switzerland,2017,3271.0
Plug-in hybrid petrol-electric  ,Switzerland,2018,3969.0
Plug-in hybrid petrol-electric  ,Switzerland,2019,4199.0
Plug-in hybrid petrol-electric  ,Switzerland,2020,14132.0
Plug-in hybrid petrol-electric  ,Switzerland,2021,21231.0
Plug-in hybrid petrol-electric  ,Switzerland,2022,17541.0
Plug-in hybrid petrol-electric  ,Switzerland,2023,17373.0
Plug-in hybrid petrol-electric  ,Switzerland,2024,10526.0
Plug-in hybrid petrol-electric  ,Cyprus,2021,84.0
Plug-in hybrid petrol-electric  ,Cyprus,2022,231.0
Plug-in hybrid petrol-electric  ,Cyprus,2023,511.0
Plug-in hybrid petrol-electric  ,Cyprus,2024,664.0
Plug-in hybrid petrol-electric  ,Czechia,2022,3166.0
Plug-in hybrid petrol-electric  ,Czechia,2023,4781.0
Plug-in hybrid petrol-electric  ,Czechia,2024,4394.0
Plug-in hybrid petrol-electric  ,Germany,2017,28244.0
Plug-in hybrid petrol-electric  ,Germany,2018,30839.0
Plug-in hybrid petrol-electric  ,Germany,2019,37814.0
Plug-in hybrid petrol-electric  ,Germany,2020,177963.0
Plug-in hybrid petrol-electric  ,Germany,2021,301856.0
Plug-in hybrid petrol-electric  ,Germany,2022,345083.0
Plug-in hybrid petrol-electric  ,Germany,2023,166614.0
Plug-in hybrid petrol-electric  ,Germany,2024,174653.0
Plug-in hybrid petrol-electric  ,Denmark,2014,81.0
Plug-in hybrid petrol-electric  ,Denmark,2015,406.0
Plug-in hybrid petrol-electric  ,Denmark,2016,567.0
Plug-in hybrid petrol-electric  ,Denmark,2017,620.0
Plug-in hybrid petrol-electric  ,Denmark,2018,3125.0
Plug-in hybrid petrol-electric  ,Denmark,2019,3767.0
Plug-in hybrid petrol-electric  ,Denmark,2020,17747.0
Plug-in hybrid petrol-electric  ,Denmark,2021,39317.0
Plug-in hybrid petrol-electric  ,Denmark,2022,25594.0
Plug-in hybrid petrol-electric  ,Denmark,2023,16945.0
Plug-in hybrid petrol-electric  ,Denmark,2024,6958.0
Plug-in hybrid petrol-electric  ,Estonia,2021,222.0
Plug-in hybrid petrol-electric  ,Estonia,2022,362.0
Plug-in hybrid petrol-electric  ,Estonia,2023,535.0
Plug-in hybrid petrol-electric  ,Estonia,2024,1243.0
Plug-in hybrid petrol-electric  ,Greece,2023,8475.0
Plug-in hybrid petrol-electric  ,Greece,2024,7918.0
Plug-in hybrid petrol-electric  ,Spain,2014,246.0
Plug-in hybrid petrol-electric  ,Spain,2015,57.0
Plug-in hybrid petrol-electric  ,Spain,2016,142.0
Plug-in hybrid petrol-electric  ,Spain,2017,509.0
Plug-in hybrid petrol-electric  ,Spain,2018,1909.0
Plug-in hybrid petrol-electric  ,Spain,2019,5511.0
Plug-in hybrid petrol-electric  ,Spain,2020,21350.0
Plug-in hybrid petrol-electric  ,Spain,2021,40927.0
Plug-in hybrid petrol-electric  ,Spain,2022,45948.0
Plug-in hybrid petrol-electric  ,Spain,2023,61038.0
Plug-in hybrid petrol-electric  ,Spain,2024,54931.0
Plug-in hybrid petrol-electric  ,European Union - 27 countries (from 2020),2024,714856.0
Plug-in hybrid petrol-electric  ,Finland,2014,212.0
Plug-in hybrid petrol-electric  ,Finland,2015,400.0
Plug-in hybrid petrol-electric  ,Finland,2016,1116.0
Plug-in hybrid petrol-electric  ,Finland,2017,2401.0
Plug-in hybrid petrol-electric  ,Finland,2018,4797.0
Plug-in hybrid petrol-electric  ,Finland,2019,5808.0
Plug-in hybrid petrol-electric  ,Finland,2020,12796.0
Plug-in hybrid petrol-electric  ,Finland,2021,19524.0
Plug-in hybrid petrol-electric  ,Finland,2022,15770.0
Plug-in hybrid petrol-electric  ,Finland,2023,17867.0
Plug-in hybrid petrol-electric  ,Finland,2024,14667.0
Plug-in hybrid petrol-electric  ,France,2013,601.0
Plug-in hybrid petrol-electric  ,France,2014,1850.0
Plug-in hybrid petrol-electric  ,France,2015,5587.0
Plug-in hybrid petrol-electric  ,France,2016,7218.0
Plug-in hybrid petrol-electric  ,France,2017,11801.0
Plug-in hybrid petrol-electric  ,France,2018,14507.0
Plug-in hybrid petrol-electric  ,France,2019,18010.0
Plug-in hybrid petrol-electric  ,France,2020,72565.0
Plug-in hybrid petrol-electric  ,France,2021,134006.0
Plug-in hybrid petrol-electric  ,France,2022,121196.0
Plug-in hybrid petrol-electric  ,France,2023,158373.0
Plug-in hybrid petrol-electric  ,France,2024,143062.0
Plug-in hybrid petrol-electric  ,Georgia,2024,0.0
Plug-in hybrid petrol-electric  ,Croatia,2022,689.0
Plug-in hybrid petrol-electric  ,Croatia,2023,783.0
Plug-in hybrid petrol-electric  ,Croatia,2024,350.0
Plug-in hybrid petrol-electric  ,Hungary,2020,2660.0
Plug-in hybrid petrol-electric  ,Hungary,2021,3591.0
Plug-in hybrid petrol-electric  ,Hungary,2022,4233.0
Plug-in hybrid petrol-electric  ,Hungary,2023,4804.0
Plug-in hybrid petrol-electric  ,Hungary,2024,4937.0
Plug-in hybrid petrol-electric  ,Ireland,2017,327.0
Plug-in hybrid petrol-electric  ,Ireland,2018,737.0
Plug-in hybrid petrol-electric  ,Ireland,2019,1447.0
Plug-in hybrid petrol-electric  ,Ireland,2020,2482.0
Plug-in hybrid petrol-electric  ,Ireland,2021,7698.0
Plug-in hybrid petrol-electric  ,Ireland,2022,7261.0
Plug-in hybrid petrol-electric  ,Ireland,2023,10183.0
Plug-in hybrid petrol-electric  ,Ireland,2024,11094.0
Plug-in hybrid petrol-electric  ,Iceland,2017,2061.0
Plug-in hybrid petrol-electric  ,Iceland,2018,2659.0
Plug-in hybrid petrol-electric  ,Iceland,2019,1792.0
Plug-in hybrid petrol-electric  ,Iceland,2020,2256.0
Plug-in hybrid petrol-electric  ,Iceland,2021,4718.0
Plug-in hybrid petrol-electric  ,Iceland,2022,3615.0
Plug-in hybrid petrol-electric  ,Iceland,2023,1691.0
Plug-in hybrid petrol-electric  ,Iceland,2024,1586.0
Plug-in hybrid petrol-electric  ,Italy,2021,60940.0
Plug-in hybrid petrol-electric  ,Italy,2022,56400.0
Plug-in hybrid petrol-electric  ,Italy,2023,60219.0
Plug-in hybrid petrol-electric  ,Italy,2024,45189.0
Plug-in hybrid petrol-electric  ,Liechtenstein,2023,65.0
Plug-in hybrid petrol-electric  ,Liechtenstein,2024,87.0
Plug-in hybrid petrol-electric  ,Lithuania,2021,400.0
Plug-in hybrid petrol-electric  ,Lithuania,2022,740.0
Plug-in hybrid petrol-electric  ,Lithuania,2023,787.0
Plug-in hybrid petrol-electric  ,Lithuania,2024,1674.0
Plug-in hybrid petrol-electric  ,Luxembourg,2013,11.0
Plug-in hybrid petrol-electric  ,Luxembourg,2014,56.0
Plug-in hybrid petrol-electric  ,Luxembourg,2015,25.0
Plug-in hybrid petrol-electric  ,Luxembourg,2016,108.0
Plug-in hybrid petrol-electric  ,Luxembourg,2017,673.0
Plug-in hybrid petrol-electric  ,Luxembourg,2018,703.0
Plug-in hybrid petrol-electric  ,Luxembourg,2019,844.0
Plug-in hybrid petrol-electric  ,Luxembourg,2020,2365.0
Plug-in hybrid petrol-electric  ,Luxembourg,2021,3825.0
Plug-in hybrid petrol-electric  ,Luxembourg,2022,3444.0
Plug-in hybrid petrol-electric  ,Luxembourg,2023,4638.0
Plug-in hybrid petrol-electric  ,Luxembourg,2024,3636.0
Plug-in hybrid petrol-electric  ,Latvia,2022,301.0
Plug-in hybrid petrol-electric  ,Latvia,2023,352.0
Plug-in hybrid petrol-electric  ,Latvia,2024,765.0
Plug-in hybrid petrol-electric  ,Malta,2019,0.0
Plug-in hybrid petrol-electric  ,Malta,2020,215.0
Plug-in hybrid petrol-electric  ,Malta,2021,668.0
Plug-in hybrid petrol-electric  ,Malta,2022,1206.0
Plug-in hybrid petrol-electric  ,Malta,2023,962.0
Plug-in hybrid petrol-electric  ,Malta,2024,492.0
Plug-in hybrid petrol-electric  ,Netherlands,2020,14891.0
Plug-in hybrid petrol-electric  ,Netherlands,2021,31016.0
Plug-in hybrid petrol-electric  ,Netherlands,2022,34742.0
Plug-in hybrid petrol-electric  ,Netherlands,2023,47082.0
Plug-in hybrid petrol-electric  ,Netherlands,2024,52576.0
Plug-in hybrid petrol-electric  ,Norway,2013,344.0
Plug-in hybrid petrol-electric  ,Norway,2014,1684.0
Plug-in hybrid petrol-electric  ,Norway,2015,7982.0
Plug-in hybrid petrol-electric  ,Norway,2016,19644.0
Plug-in hybrid petrol-electric  ,Norway,2017,26777.0
Plug-in hybrid petrol-electric  ,Norway,2018,24694.0
Plug-in hybrid petrol-electric  ,Norway,2019,18314.0
Plug-in hybrid petrol-electric  ,Norway,2020,26490.0
Plug-in hybrid petrol-electric  ,Norway,2021,36803.0
Plug-in hybrid petrol-electric  ,Norway,2022,15641.0
Plug-in hybrid petrol-electric  ,Norway,2023,9974.0
Plug-in hybrid petrol-electric  ,Norway,2024,3477.0
Plug-in hybrid petrol-electric  ,Poland,2013,4.0
Plug-in hybrid petrol-electric  ,Poland,2014,0.0
Plug-in hybrid petrol-electric  ,Poland,2015,141.0
Plug-in hybrid petrol-electric  ,Poland,2016,332.0
Plug-in hybrid petrol-electric  ,Poland,2017,444.0
Plug-in hybrid petrol-electric  ,Poland,2018,530.0
Plug-in hybrid petrol-electric  ,Poland,2019,927.0
Plug-in hybrid petrol-electric  ,Poland,2020,3520.0
Plug-in hybrid petrol-electric  ,Poland,2021,7045.0
Plug-in hybrid petrol-electric  ,Poland,2022,7852.0
Plug-in hybrid petrol-electric  ,Poland,2023,10800.0
Plug-in hybrid petrol-electric  ,Poland,2024,12124.0
Plug-in hybrid petrol-electric  ,Portugal,2017,2399.0
Plug-in hybrid petrol-electric  ,Portugal,2018,3888.0
Plug-in hybrid petrol-electric  ,Portugal,2019,4671.0
Plug-in hybrid petrol-electric  ,Portugal,2020,10010.0
Plug-in hybrid petrol-electric  ,Portugal,2021,13543.0
Plug-in hybrid petrol-electric  ,Portugal,2022,14878.0
Plug-in hybrid petrol-electric  ,Portugal,2023,25942.0
Plug-in hybrid petrol-electric  ,Portugal,2024,25842.0
Plug-in hybrid petrol-electric  ,Romania,2020,953.0
Plug-in hybrid petrol-electric  ,Romania,2021,2316.0
Plug-in hybrid petrol-electric  ,Romania,2022,3043.0
Plug-in hybrid petrol-electric  ,Romania,2023,2648.0
Plug-in hybrid petrol-electric  ,Romania,2024,6165.0
Plug-in hybrid petrol-electric  ,Sweden,2013,519.0
Plug-in hybrid petrol-electric  ,Sweden,2014,2702.0
Plug-in hybrid petrol-electric  ,Sweden,2015,5173.0
Plug-in hybrid petrol-electric  ,Sweden,2016,8964.0
Plug-in hybrid petrol-electric  ,Sweden,2017,14874.0
Plug-in hybrid petrol-electric  ,Sweden,2018,20541.0
Plug-in hybrid petrol-electric  ,Sweden,2019,23992.0
Plug-in hybrid petrol-electric  ,Sweden,2020,62954.0
Plug-in hybrid petrol-electric  ,Sweden,2021,73848.0
Plug-in hybrid petrol-electric  ,Sweden,2022,63911.0
Plug-in hybrid petrol-electric  ,Sweden,2023,59364.0
Plug-in hybrid petrol-electric  ,Sweden,2024,59734.0
Plug-in hybrid petrol-electric  ,Slovenia,2020,39.0
Plug-in hybrid petrol-electric  ,Slovenia,2021,191.0
Plug-in hybrid petrol-electric  ,Slovenia,2022,602.0
Plug-in hybrid petrol-electric  ,Slovenia,2024,1162.0
Plug-in hybrid petrol-electric  ,Slovakia,2022,1456.0
Plug-in hybrid petrol-electric  ,Slovakia,2023,2997.0
Plug-in hybrid petrol-electric  ,Slovakia,2024,2100.0
Plug-in hybrid petrol-electric  ,Türkiye,2017,0.0
Plug-in hybrid petrol-electric  ,Türkiye,2018,0.0
Plug-in hybrid petrol-electric  ,Türkiye,2019,0.0
Plug-in hybrid petrol-electric  ,Türkiye,2020,0.0
Plug-in hybrid petrol-electric  ,Türkiye,2021,0.0
Plug-in hybrid petrol-electric  ,Türkiye,2023,0.0
Plug-in hybrid petrol-electric  ,Türkiye,2024,0.0
Plug-in hybrid petrol-electric  ,United Kingdom,2017,34225.0
Plug-in hybrid petrol-electric  ,United Kingdom,2018,43647.0
Plug-in hybrid petrol-electric  ,United Kingdom,2021,108651.0
Plug-in hybrid petrol-electric  ,United Kingdom,2022,96942.0
Plug-in hybrid petrol-electric  ,United Kingdom,2023,138346.0
Plug-in hybrid petrol-electric  ,Kosovo*,2018,0.0
Plug-in hybrid petrol-electric  ,Kosovo*,2019,0.0
Plug-in hybrid petrol-electric  ,Kosovo*,2021,5.0
Natural gas,Albania,2020,0.0
Natural gas,Albania,2021,1.0
Natural gas,Austria,2013,455.0
Natural gas,Austria,2014,279.0
Natural gas,Austria,2015,167.0
Natural gas,Austria,2016,119.0
Natural gas,Austria,2017,114.0
Natural gas,Austria,2018,110.0
Natural gas,Austria,2019,421.0
Natural gas,Austria,2020,386.0
Natural gas,Austria,2021,70.0
Natural gas,Austria,2022,51.0
Natural gas,Austria,2023,6.0
Natural gas,Austria,2024,11.0
Natural gas,Bosnia and Herzegovina,2013,0.0
Natural gas,Bosnia and Herzegovina,2014,0.0
Natural gas,Bosnia and Herzegovina,2015,0.0
Natural gas,Bosnia and Herzegovina,2016,0.0
Natural gas,Bosnia and Herzegovina,2017,0.0
Natural gas,Bosnia and Herzegovina,2018,0.0
Natural gas,Bosnia and Herzegovina,2019,0.0
Natural gas,Bosnia and Herzegovina,2020,0.0
Natural gas,Bosnia and Herzegovina,2021,0.0
Natural gas,Bosnia and Herzegovina,2022,0.0
Natural gas,Bosnia and Herzegovina,2023,0.0
Natural gas,Bosnia and Herzegovina,2024,0.0
Natural gas,Belgium,2013,109.0
Natural gas,Belgium,2014,263.0
Natural gas,Belgium,2015,135.0
Natural gas,Belgium,2016,790.0
Natural gas,Belgium,2017,741.0
Natural gas,Belgium,2018,950.0
Natural gas,Belgium,2019,3147.0
Natural gas,Belgium,2020,2796.0
Natural gas,Belgium,2021,913.0
Natural gas,Belgium,2022,400.0
Natural gas,Belgium,2023,91.0
Natural gas,Belgium,2024,11.0
Natural gas,Bulgaria,2013,194.0
Natural gas,Bulgaria,2015,215.0
Natural gas,Bulgaria,2016,56.0
Natural gas,Bulgaria,2017,215.0
Natural gas,Bulgaria,2018,292.0
Natural gas,Bulgaria,2019,450.0
Natural gas,Bulgaria,2022,0.0
Natural gas,Bulgaria,2023,0.0
Natural gas,Bulgaria,2024,0.0
Natural gas,Switzerland,2013,432.0
Natural gas,Switzerland,2014,217.0
Natural gas,Switzerland,2015,162.0
Natural gas,Switzerland,2016,249.0
Natural gas,Switzerland,2017,127.0
Natural gas,Switzerland,2018,114.0
Natural gas,Switzerland,2019,1090.0
Natural gas,Switzerland,2020,514.0
Natural gas,Switzerland,2021,268.0
Natural gas,Switzerland,2022,113.0
Natural gas,Switzerland,2023,38.0
Natural gas,Switzerland,2024,4.0
Natural gas,Cyprus,2013,0.0
Natural gas,Cyprus,2014,0.0
Natural gas,Cyprus,2015,0.0
Natural gas,Cyprus,2016,0.0
Natural gas,Cyprus,2017,0.0
Natural gas,Cyprus,2018,0.0
Natural gas,Cyprus,2019,0.0
Natural gas,Cyprus,2020,0.0
Natural gas,Cyprus,2021,0.0
Natural gas,Cyprus,2022,0.0
Natural gas,Cyprus,2023,0.0
Natural gas,Cyprus,2024,0.0
Natural gas,Czechia,2021,840.0
Natural gas,Czechia,2022,804.0
Natural gas,Czechia,2023,455.0
Natural gas,Czechia,2024,216.0
Natural gas,Germany,2013,7835.0
Natural gas,Germany,2014,8194.0
Natural gas,Germany,2015,5285.0
Natural gas,Germany,2016,3240.0
Natural gas,Germany,2017,3723.0
Natural gas,Germany,2018,10804.0
Natural gas,Germany,2019,7623.0
Natural gas,Germany,2020,7159.0
Natural gas,Germany,2021,3916.0
Natural gas,Germany,2022,1846.0
Natural gas,Germany,2023,1327.0
Natural gas,Germany,2024,137.0
Natural gas,Denmark,2013,15.0
Natural gas,Denmark,2014,43.0
Natural gas,Denmark,2015,36.0
Natural gas,Denmark,2016,36.0
Natural gas,Denmark,2017,47.0
Natural gas,Denmark,2018,7.0
Natural gas,Denmark,2019,6.0
Natural gas,Denmark,2020,0.0
Natural gas,Denmark,2021,0.0
Natural gas,Denmark,2022,0.0
Natural gas,Denmark,2023,0.0
Natural gas,Denmark,2024,0.0
Natural gas,Estonia,2013,6.0
Natural gas,Estonia,2014,17.0
Natural gas,Estonia,2015,16.0
Natural gas,Estonia,2016,3.0
Natural gas,Estonia,2017,9.0
Natural gas,Estonia,2018,3.0
Natural gas,Estonia,2019,578.0
Natural gas,Estonia,2020,664.0
Natural gas,Estonia,2021,466.0
Natural gas,Estonia,2022,285.0
Natural gas,Estonia,2023,66.0
Natural gas,Estonia,2024,146.0
Natural gas,Greece,2021,1099.0
Natural gas,Greece,2022,644.0
Natural gas,Greece,2023,397.0
Natural gas,Greece,2024,39.0
Natural gas,Spain,2014,127.0
Natural gas,Spain,2015,160.0
Natural gas,Spain,2016,70.0
Natural gas,Spain,2017,119.0
Natural gas,Spain,2018,429.0
Natural gas,Spain,2019,5914.0
Natural gas,Spain,2020,3782.0
Natural gas,Spain,2021,1195.0
Natural gas,Spain,2022,403.0
Natural gas,Spain,2023,148.0
Natural gas,Spain,2024,101.0
Natural gas,Finland,2013,21.0
Natural gas,Finland,2014,37.0
Natural gas,Finland,2015,18.0
Natural gas,Finland,2016,38.0
Natural gas,Finland,2017,65.0
Natural gas,Finland,2018,182.0
Natural gas,Finland,2019,2135.0
Natural gas,Finland,2020,1841.0
Natural gas,Finland,2021,909.0
Natural gas,Finland,2022,595.0
Natural gas,Finland,2023,453.0
Natural gas,Finland,2024,114.0
Natural gas,France,2013,19.0
Natural gas,France,2014,27.0
Natural gas,France,2015,46.0
Natural gas,France,2016,10.0
Natural gas,France,2017,26.0
Natural gas,France,2018,20.0
Natural gas,France,2019,230.0
Natural gas,France,2020,320.0
Natural gas,France,2021,170.0
Natural gas,France,2022,109.0
Natural gas,France,2023,98.0
Natural gas,France,2024,98.0
Natural gas,Georgia,2018,0.0
Natural gas,Georgia,2023,0.0
Natural gas,Georgia,2024,0.0
Natural gas,Croatia,2016,2.0
Natural gas,Croatia,2017,1.0
Natural gas,Croatia,2018,2.0
Natural gas,Croatia,2019,3.0
Natural gas,Croatia,2020,1.0
Natural gas,Hungary,2013,33.0
Natural gas,Hungary,2014,31.0
Natural gas,Hungary,2015,1.0
Natural gas,Hungary,2016,4.0
Natural gas,Hungary,2017,5.0
Natural gas,Hungary,2018,9.0
Natural gas,Hungary,2019,3.0
Natural gas,Hungary,2020,2.0
Natural gas,Hungary,2021,5.0
Natural gas,Hungary,2022,4.0
Natural gas,Hungary,2023,0.0
Natural gas,Hungary,2024,0.0
Natural gas,Iceland,2017,18.0
Natural gas,Iceland,2018,5.0
Natural gas,Iceland,2019,52.0
Natural gas,Iceland,2020,35.0
Natural gas,Iceland,2021,5.0
Natural gas,Iceland,2022,4.0
Natural gas,Iceland,2023,3.0
Natural gas,Iceland,2024,4.0
Natural gas,Italy,2013,67982.0
Natural gas,Italy,2014,72387.0
Natural gas,Italy,2015,62939.0
Natural gas,Italy,2016,43787.0
Natural gas,Italy,2017,32659.0
Natural gas,Italy,2018,37416.0
Natural gas,Italy,2019,38159.0
Natural gas,Italy,2020,32455.0
Natural gas,Italy,2021,31695.0
Natural gas,Italy,2022,10740.0
Natural gas,Italy,2023,1855.0
Natural gas,Italy,2024,1247.0
Natural gas,Liechtenstein,2013,4.0
Natural gas,Liechtenstein,2014,1.0
Natural gas,Liechtenstein,2015,5.0
Natural gas,Liechtenstein,2016,0.0
Natural gas,Liechtenstein,2017,1.0
Natural gas,Liechtenstein,2018,1.0
Natural gas,Liechtenstein,2019,7.0
Natural gas,Liechtenstein,2020,2.0
Natural gas,Liechtenstein,2021,3.0
Natural gas,Liechtenstein,2022,2.0
Natural gas,Liechtenstein,2023,0.0
Natural gas,Liechtenstein,2024,0.0
Natural gas,Lithuania,2013,0.0
Natural gas,Lithuania,2014,0.0
Natural gas,Lithuania,2015,0.0
Natural gas,Lithuania,2017,0.0
Natural gas,Lithuania,2022,0.0
Natural gas,Lithuania,2023,0.0
Natural gas,Lithuania,2024,0.0
Natural gas,Luxembourg,2021,3.0
Natural gas,Luxembourg,2022,2.0
Natural gas,Luxembourg,2023,0.0
Natural gas,Luxembourg,2024,1.0
Natural gas,Latvia,2016,4.0
Natural gas,Latvia,2017,11.0
Natural gas,Latvia,2018,4.0
Natural gas,Latvia,2019,15.0
Natural gas,Latvia,2020,35.0
Natural gas,Latvia,2021,19.0
Natural gas,Latvia,2022,24.0
Natural gas,Latvia,2023,3.0
Natural gas,Latvia,2024,0.0
Natural gas,Moldova,2013,415.0
Natural gas,Moldova,2014,680.0
Natural gas,Moldova,2015,576.0
Natural gas,Moldova,2016,636.0
Natural gas,Moldova,2017,841.0
Natural gas,Moldova,2018,644.0
Natural gas,Moldova,2019,737.0
Natural gas,Moldova,2020,699.0
Natural gas,Moldova,2021,1431.0
Natural gas,Moldova,2022,293.0
Natural gas,Moldova,2023,169.0
Natural gas,Moldova,2024,701.0
Natural gas,Malta,2013,0.0
Natural gas,Malta,2014,0.0
Natural gas,Malta,2015,0.0
Natural gas,Malta,2016,0.0
Natural gas,Malta,2017,0.0
Natural gas,Malta,2018,0.0
Natural gas,Malta,2019,0.0
Natural gas,Malta,2020,0.0
Natural gas,Malta,2021,0.0
Natural gas,Malta,2022,0.0
Natural gas,Malta,2023,0.0
Natural gas,Malta,2024,0.0
Natural gas,Netherlands,2013,530.0
Natural gas,Netherlands,2014,3223.0
Natural gas,Netherlands,2015,678.0
Natural gas,Netherlands,2016,658.0
Natural gas,Netherlands,2017,1268.0
Natural gas,Netherlands,2018,990.0
Natural gas,Netherlands,2019,295.0
Natural gas,Netherlands,2020,60.0
Natural gas,Netherlands,2021,39.0
Natural gas,Netherlands,2022,16.0
Natural gas,Netherlands,2023,6.0
Natural gas,Netherlands,2024,0.0
Natural gas,Norway,2016,5.0
Natural gas,Norway,2017,37.0
Natural gas,Norway,2018,60.0
Natural gas,Norway,2019,17.0
Natural gas,Norway,2020,7.0
Natural gas,Norway,2021,0.0
Natural gas,Norway,2022,0.0
Natural gas,Norway,2023,0.0
Natural gas,Norway,2024,0.0
Natural gas,Poland,2013,11.0
Natural gas,Poland,2014,14.0
Natural gas,Poland,2020,27.0
Natural gas,Poland,2021,5.0
Natural gas,Poland,2022,0.0
Natural gas,Poland,2023,0.0
Natural gas,Poland,2024,0.0
Natural gas,Portugal,2017,7.0
Natural gas,Portugal,2018,1.0
Natural gas,Portugal,2019,42.0
Natural gas,Portugal,2020,30.0
Natural gas,Portugal,2021,31.0
Natural gas,Portugal,2022,10.0
Natural gas,Portugal,2023,2.0
Natural gas,Portugal,2024,0.0
Natural gas,Serbia,2019,0.0
Natural gas,Serbia,2020,1.0
Natural gas,Serbia,2021,1.0
Natural gas,Serbia,2022,3.0
Natural gas,Serbia,2023,5.0
Natural gas,Serbia,2024,10.0
Natural gas,Sweden,2013,1325.0
Natural gas,Sweden,2014,1602.0
Natural gas,Sweden,2015,886.0
Natural gas,Sweden,2016,499.0
Natural gas,Sweden,2017,781.0
Natural gas,Sweden,2018,592.0
Natural gas,Sweden,2019,4535.0
Natural gas,Sweden,2020,3248.0
Natural gas,Sweden,2021,1484.0
Natural gas,Sweden,2022,1879.0
Natural gas,Sweden,2023,2004.0
Natural gas,Sweden,2024,1083.0
Natural gas,Slovenia,2014,48.0
Natural gas,Slovenia,2015,40.0
Natural gas,Slovenia,2016,9.0
Natural gas,Slovenia,2017,43.0
Natural gas,Slovenia,2018,13.0
Natural gas,Slovenia,2019,27.0
Natural gas,Slovenia,2020,46.0
Natural gas,Slovenia,2021,16.0
Natural gas,Slovenia,2022,6.0
Natural gas,Slovenia,2023,0.0
Natural gas,Slovenia,2024,0.0
Natural gas,Slovakia,2013,1362.0
Natural gas,Slovakia,2014,51.0
Natural gas,Slovakia,2015,121.0
Natural gas,Slovakia,2016,188.0
Natural gas,Slovakia,2017,119.0
Natural gas,Slovakia,2018,189.0
Natural gas,Slovakia,2019,152.0
Natural gas,Slovakia,2020,404.0
Natural gas,Slovakia,2021,180.0
Natural gas,Slovakia,2022,291.0
Natural gas,Slovakia,2023,122.0
Natural gas,Slovakia,2024,120.0
Natural gas,Türkiye,2013,3.0
Natural gas,Türkiye,2014,2.0
Natural gas,Türkiye,2017,0.0
Natural gas,Türkiye,2018,3.0
Natural gas,Türkiye,2019,6.0
Natural gas,Türkiye,2020,3.0
Natural gas,Türkiye,2021,1.0
Natural gas,Türkiye,2022,1.0
Natural gas,Türkiye,2023,2.0
Natural gas,Türkiye,2024,4.0
Natural gas,Ukraine,2019,2.0
Natural gas,Ukraine,2020,2.0
Natural gas,Ukraine,2021,3.0
Natural gas,Ukraine,2022,0.0
Natural gas,Ukraine,2023,2.0
Natural gas,Ukraine,2024,0.0
Natural gas,United Kingdom,2015,13.0
Natural gas,United Kingdom,2016,33.0
Natural gas,United Kingdom,2017,3.0
Natural gas,United Kingdom,2018,1.0
Natural gas,United Kingdom,2021,14.0
Natural gas,United Kingdom,2022,11.0
Natural gas,Kosovo*,2017,0.0
Natural gas,Kosovo*,2018,0.0
Natural gas,Kosovo*,2019,0.0
Natural gas,Kosovo*,2021,0.0
Hydrogen and fuel cells ,Albania,2020,0.0
Hydrogen and fuel cells ,Albania,2021,1.0
Hydrogen and fuel cells ,Austria,2013,0.0
Hydrogen and fuel cells ,Austria,2014,3.0
Hydrogen and fuel cells ,Austria,2015,9.0
Hydrogen and fuel cells ,Austria,2016,5.0
Hydrogen and fuel cells ,Austria,2017,0.0
Hydrogen and fuel cells ,Austria,2018,7.0
Hydrogen and fuel cells ,Austria,2019,19.0
Hydrogen and fuel cells ,Austria,2020,14.0
Hydrogen and fuel cells ,Austria,2021,14.0
Hydrogen and fuel cells ,Austria,2022,14.0
Hydrogen and fuel cells ,Austria,2023,10.0
Hydrogen and fuel cells ,Austria,2024,1.0
Hydrogen and fuel cells ,Bosnia and Herzegovina,2013,0.0
Hydrogen and fuel cells ,Bosnia and Herzegovina,2014,0.0
Hydrogen and fuel cells ,Bosnia and Herzegovina,2015,0.0
Hydrogen and fuel cells ,Bosnia and Herzegovina,2016,0.0
Hydrogen and fuel cells ,Bosnia and Herzegovina,2017,0.0
Hydrogen and fuel cells ,Bosnia and Herzegovina,2018,0.0
Hydrogen and fuel cells ,Bosnia and Herzegovina,2019,0.0
Hydrogen and fuel cells ,Bosnia and Herzegovina,2020,0.0
Hydrogen and fuel cells ,Bosnia and Herzegovina,2021,0.0
Hydrogen and fuel cells ,Bosnia and Herzegovina,2022,0.0
Hydrogen and fuel cells ,Bosnia and Herzegovina,2023,0.0
Hydrogen and fuel cells ,Bosnia and Herzegovina,2024,0.0
Hydrogen and fuel cells ,Belgium,2013,0.0
Hydrogen and fuel cells ,Belgium,2014,1.0
Hydrogen and fuel cells ,Belgium,2015,0.0
Hydrogen and fuel cells ,Belgium,2016,0.0
Hydrogen and fuel cells ,Belgium,2017,0.0
Hydrogen and fuel cells ,Belgium,2018,0.0
Hydrogen and fuel cells ,Belgium,2019,4.0
Hydrogen and fuel cells ,Belgium,2020,2.0
Hydrogen and fuel cells ,Belgium,2021,1.0
Hydrogen and fuel cells ,Belgium,2022,2.0
Hydrogen and fuel cells ,Belgium,2023,1.0
Hydrogen and fuel cells ,Belgium,2024,4.0
Hydrogen and fuel cells ,Bulgaria,2013,0.0
Hydrogen and fuel cells ,Bulgaria,2014,0.0
Hydrogen and fuel cells ,Bulgaria,2015,0.0
Hydrogen and fuel cells ,Bulgaria,2016,0.0
Hydrogen and fuel cells ,Bulgaria,2017,0.0
Hydrogen and fuel cells ,Bulgaria,2018,0.0
Hydrogen and fuel cells ,Bulgaria,2019,0.0
Hydrogen and fuel cells ,Bulgaria,2020,0.0
Hydrogen and fuel cells ,Bulgaria,2021,0.0
Hydrogen and fuel cells ,Bulgaria,2022,0.0
Hydrogen and fuel cells ,Bulgaria,2023,1.0
Hydrogen and fuel cells ,Bulgaria,2024,0.0
Hydrogen and fuel cells ,Switzerland,2013,0.0
Hydrogen and fuel cells ,Switzerland,2014,0.0
Hydrogen and fuel cells ,Switzerland,2015,15.0
Hydrogen and fuel cells ,Switzerland,2016,10.0
Hydrogen and fuel cells ,Switzerland,2017,2.0
Hydrogen and fuel cells ,Switzerland,2018,14.0
Hydrogen and fuel cells ,Switzerland,2019,27.0
Hydrogen and fuel cells ,Switzerland,2020,48.0
Hydrogen and fuel cells ,Switzerland,2021,66.0
Hydrogen and fuel cells ,Switzerland,2022,72.0
Hydrogen and fuel cells ,Switzerland,2023,28.0
Hydrogen and fuel cells ,Switzerland,2024,13.0
Hydrogen and fuel cells ,Cyprus,2013,0.0
Hydrogen and fuel cells ,Cyprus,2014,0.0
Hydrogen and fuel cells ,Cyprus,2015,0.0
Hydrogen and fuel cells ,Cyprus,2016,0.0
Hydrogen and fuel cells ,Cyprus,2017,0.0
Hydrogen and fuel cells ,Cyprus,2018,0.0
Hydrogen and fuel cells ,Cyprus,2019,0.0
Hydrogen and fuel cells ,Cyprus,2020,0.0
Hydrogen and fuel cells ,Cyprus,2021,0.0
Hydrogen and fuel cells ,Cyprus,2022,0.0
Hydrogen and fuel cells ,Cyprus,2023,0.0
Hydrogen and fuel cells ,Cyprus,2024,0.0
Hydrogen and fuel cells ,Czechia,2013,0.0
Hydrogen and fuel cells ,Czechia,2014,0.0
Hydrogen and fuel cells ,Czechia,2015,0.0
Hydrogen and fuel cells ,Czechia,2016,0.0
Hydrogen and fuel cells ,Czechia,2017,0.0
Hydrogen and fuel cells ,Czechia,2018,0.0
Hydrogen and fuel cells ,Czechia,2019,0.0
Hydrogen and fuel cells ,Czechia,2020,2.0
Hydrogen and fuel cells ,Czechia,2021,9.0
Hydrogen and fuel cells ,Czechia,2022,3.0
Hydrogen and fuel cells ,Czechia,2023,16.0
Hydrogen and fuel cells ,Czechia,2024,0.0
Hydrogen and fuel cells ,Germany,2013,0.0
Hydrogen and fuel cells ,Germany,2014,3.0
Hydrogen and fuel cells ,Germany,2015,72.0
Hydrogen and fuel cells ,Germany,2016,49.0
Hydrogen and fuel cells ,Germany,2017,122.0
Hydrogen and fuel cells ,Germany,2018,154.0
Hydrogen and fuel cells ,Germany,2019,210.0
Hydrogen and fuel cells ,Germany,2020,311.0
Hydrogen and fuel cells ,Germany,2021,466.0
Hydrogen and fuel cells ,Germany,2022,836.0
Hydrogen and fuel cells ,Germany,2023,267.0
Hydrogen and fuel cells ,Germany,2024,179.0
Hydrogen and fuel cells ,Denmark,2013,1.0
Hydrogen and fuel cells ,Denmark,2014,1.0
Hydrogen and fuel cells ,Denmark,2015,14.0
Hydrogen and fuel cells ,Denmark,2016,14.0
Hydrogen and fuel cells ,Denmark,2017,15.0
Hydrogen and fuel cells ,Denmark,2018,6.0
Hydrogen and fuel cells ,Denmark,2019,8.0
Hydrogen and fuel cells ,Denmark,2020,45.0
Hydrogen and fuel cells ,Denmark,2021,75.0
Hydrogen and fuel cells ,Denmark,2022,6.0
Hydrogen and fuel cells ,Denmark,2023,1.0
Hydrogen and fuel cells ,Denmark,2024,0.0
Hydrogen and fuel cells ,Estonia,2013,0.0
Hydrogen and fuel cells ,Estonia,2014,0.0
Hydrogen and fuel cells ,Estonia,2015,0.0
Hydrogen and fuel cells ,Estonia,2016,0.0
Hydrogen and fuel cells ,Estonia,2017,0.0
Hydrogen and fuel cells ,Estonia,2018,0.0
Hydrogen and fuel cells ,Estonia,2019,0.0
Hydrogen and fuel cells ,Estonia,2020,0.0
Hydrogen and fuel cells ,Estonia,2021,1.0
Hydrogen and fuel cells ,Estonia,2022,1.0
Hydrogen and fuel cells ,Estonia,2023,1.0
Hydrogen and fuel cells ,Estonia,2024,0.0
Hydrogen and fuel cells ,Greece,2013,0.0
Hydrogen and fuel cells ,Greece,2014,0.0
Hydrogen and fuel cells ,Greece,2015,0.0
Hydrogen and fuel cells ,Greece,2016,0.0
Hydrogen and fuel cells ,Greece,2017,0.0
Hydrogen and fuel cells ,Greece,2018,0.0
Hydrogen and fuel cells ,Greece,2019,0.0
Hydrogen and fuel cells ,Greece,2020,0.0
Hydrogen and fuel cells ,Greece,2021,0.0
Hydrogen and fuel cells ,Greece,2022,0.0
Hydrogen and fuel cells ,Greece,2023,0.0
Hydrogen and fuel cells ,Greece,2024,0.0
Hydrogen and fuel cells ,Spain,2013,0.0
Hydrogen and fuel cells ,Spain,2014,0.0
Hydrogen and fuel cells ,Spain,2015,0.0
Hydrogen and fuel cells ,Spain,2016,0.0
Hydrogen and fuel cells ,Spain,2017,0.0
Hydrogen and fuel cells ,Spain,2018,1.0
Hydrogen and fuel cells ,Spain,2019,1.0
Hydrogen and fuel cells ,Spain,2020,7.0
Hydrogen and fuel cells ,Spain,2021,9.0
Hydrogen and fuel cells ,Spain,2022,4.0
Hydrogen and fuel cells ,Spain,2023,8.0
Hydrogen and fuel cells ,Spain,2024,7.0
Hydrogen and fuel cells ,European Union - 27 countries (from 2020),2013,7.0
Hydrogen and fuel cells ,European Union - 27 countries (from 2020),2014,21.0
Hydrogen and fuel cells ,European Union - 27 countries (from 2020),2015,126.0
Hydrogen and fuel cells ,European Union - 27 countries (from 2020),2016,104.0
Hydrogen and fuel cells ,European Union - 27 countries (from 2020),2017,214.0
Hydrogen and fuel cells ,European Union - 27 countries (from 2020),2018,223.0
Hydrogen and fuel cells ,European Union - 27 countries (from 2020),2019,480.0
Hydrogen and fuel cells ,European Union - 27 countries (from 2020),2020,751.0
Hydrogen and fuel cells ,European Union - 27 countries (from 2020),2021,866.0
Hydrogen and fuel cells ,European Union - 27 countries (from 2020),2022,1206.0
Hydrogen and fuel cells ,European Union - 27 countries (from 2020),2023,738.0
Hydrogen and fuel cells ,European Union - 27 countries (from 2020),2024,750.0
Hydrogen and fuel cells ,Finland,2013,1.0
Hydrogen and fuel cells ,Finland,2014,0.0
Hydrogen and fuel cells ,Finland,2015,0.0
Hydrogen and fuel cells ,Finland,2016,0.0
Hydrogen and fuel cells ,Finland,2017,0.0
Hydrogen and fuel cells ,Finland,2018,0.0
Hydrogen and fuel cells ,Finland,2019,0.0
Hydrogen and fuel cells ,Finland,2020,0.0
Hydrogen and fuel cells ,Finland,2021,1.0
Hydrogen and fuel cells ,Finland,2022,0.0
Hydrogen and fuel cells ,Finland,2023,0.0
Hydrogen and fuel cells ,Finland,2024,0.0
Hydrogen and fuel cells ,France,2013,1.0
Hydrogen and fuel cells ,France,2014,1.0
Hydrogen and fuel cells ,France,2015,10.0
Hydrogen and fuel cells ,France,2016,9.0
Hydrogen and fuel cells ,France,2017,57.0
Hydrogen and fuel cells ,France,2018,36.0
Hydrogen and fuel cells ,France,2019,63.0
Hydrogen and fuel cells ,France,2020,211.0
Hydrogen and fuel cells ,France,2021,61.0
Hydrogen and fuel cells ,France,2022,193.0
Hydrogen and fuel cells ,France,2023,306.0
Hydrogen and fuel cells ,France,2024,529.0
Hydrogen and fuel cells ,Georgia,2023,0.0
Hydrogen and fuel cells ,Georgia,2024,0.0
Hydrogen and fuel cells ,Croatia,2013,0.0
Hydrogen and fuel cells ,Croatia,2014,0.0
Hydrogen and fuel cells ,Croatia,2015,0.0
Hydrogen and fuel cells ,Croatia,2016,0.0
Hydrogen and fuel cells ,Croatia,2017,0.0
Hydrogen and fuel cells ,Croatia,2018,0.0
Hydrogen and fuel cells ,Croatia,2019,0.0
Hydrogen and fuel cells ,Croatia,2020,0.0
Hydrogen and fuel cells ,Croatia,2021,0.0
Hydrogen and fuel cells ,Croatia,2022,0.0
Hydrogen and fuel cells ,Croatia,2023,0.0
Hydrogen and fuel cells ,Croatia,2024,0.0
Hydrogen and fuel cells ,Hungary,2013,0.0
Hydrogen and fuel cells ,Hungary,2014,0.0
Hydrogen and fuel cells ,Hungary,2015,0.0
Hydrogen and fuel cells ,Hungary,2016,0.0
Hydrogen and fuel cells ,Hungary,2017,0.0
Hydrogen and fuel cells ,Hungary,2018,0.0
Hydrogen and fuel cells ,Hungary,2019,0.0
Hydrogen and fuel cells ,Hungary,2020,0.0
Hydrogen and fuel cells ,Hungary,2021,1.0
Hydrogen and fuel cells ,Hungary,2022,1.0
Hydrogen and fuel cells ,Hungary,2023,0.0
Hydrogen and fuel cells ,Hungary,2024,0.0
Hydrogen and fuel cells ,Ireland,2013,0.0
Hydrogen and fuel cells ,Ireland,2014,0.0
Hydrogen and fuel cells ,Ireland,2015,0.0
Hydrogen and fuel cells ,Ireland,2016,1.0
Hydrogen and fuel cells ,Ireland,2017,0.0
Hydrogen and fuel cells ,Ireland,2018,0.0
Hydrogen and fuel cells ,Ireland,2019,0.0
Hydrogen and fuel cells ,Ireland,2020,0.0
Hydrogen and fuel cells ,Ireland,2021,0.0
Hydrogen and fuel cells ,Ireland,2022,0.0
Hydrogen and fuel cells ,Ireland,2023,0.0
Hydrogen and fuel cells ,Ireland,2024,0.0
Hydrogen and fuel cells ,Iceland,2018,16.0
Hydrogen and fuel cells ,Iceland,2019,7.0
Hydrogen and fuel cells ,Iceland,2021,3.0
Hydrogen and fuel cells ,Iceland,2022,0.0
Hydrogen and fuel cells ,Iceland,2023,1.0
Hydrogen and fuel cells ,Iceland,2024,0.0
Hydrogen and fuel cells ,Italy,2013,0.0
Hydrogen and fuel cells ,Italy,2014,10.0
Hydrogen and fuel cells ,Italy,2015,1.0
Hydrogen and fuel cells ,Italy,2016,0.0
Hydrogen and fuel cells ,Italy,2017,0.0
Hydrogen and fuel cells ,Italy,2018,1.0
Hydrogen and fuel cells ,Italy,2019,17.0
Hydrogen and fuel cells ,Italy,2020,7.0
Hydrogen and fuel cells ,Italy,2021,10.0
Hydrogen and fuel cells ,Italy,2022,11.0
Hydrogen and fuel cells ,Italy,2023,2.0
Hydrogen and fuel cells ,Italy,2024,1.0
Hydrogen and fuel cells ,Liechtenstein,2013,0.0
Hydrogen and fuel cells ,Liechtenstein,2014,0.0
Hydrogen and fuel cells ,Liechtenstein,2015,0.0
Hydrogen and fuel cells ,Liechtenstein,2016,0.0
Hydrogen and fuel cells ,Liechtenstein,2017,0.0
Hydrogen and fuel cells ,Liechtenstein,2018,0.0
Hydrogen and fuel cells ,Liechtenstein,2019,0.0
Hydrogen and fuel cells ,Liechtenstein,2020,0.0
Hydrogen and fuel cells ,Liechtenstein,2021,0.0
Hydrogen and fuel cells ,Liechtenstein,2022,0.0
Hydrogen and fuel cells ,Liechtenstein,2023,0.0
Hydrogen and fuel cells ,Liechtenstein,2024,0.0
Hydrogen and fuel cells ,Lithuania,2013,0.0
Hydrogen and fuel cells ,Lithuania,2014,0.0
Hydrogen and fuel cells ,Lithuania,2015,0.0
Hydrogen and fuel cells ,Lithuania,2016,0.0
Hydrogen and fuel cells ,Lithuania,2017,0.0
Hydrogen and fuel cells ,Lithuania,2018,0.0
Hydrogen and fuel cells ,Lithuania,2019,0.0
Hydrogen and fuel cells ,Lithuania,2020,0.0
Hydrogen and fuel cells ,Lithuania,2021,0.0
Hydrogen and fuel cells ,Lithuania,2022,0.0
Hydrogen and fuel cells ,Lithuania,2023,0.0
Hydrogen and fuel cells ,Lithuania,2024,0.0
Hydrogen and fuel cells ,Luxembourg,2013,0.0
Hydrogen and fuel cells ,Luxembourg,2014,0.0
Hydrogen and fuel cells ,Luxembourg,2015,0.0
Hydrogen and fuel cells ,Luxembourg,2016,0.0
Hydrogen and fuel cells ,Luxembourg,2017,0.0
Hydrogen and fuel cells ,Luxembourg,2018,0.0
Hydrogen and fuel cells ,Luxembourg,2019,0.0
Hydrogen and fuel cells ,Luxembourg,2020,0.0
Hydrogen and fuel cells ,Luxembourg,2021,1.0
Hydrogen and fuel cells ,Luxembourg,2022,2.0
Hydrogen and fuel cells ,Luxembourg,2023,0.0
Hydrogen and fuel cells ,Luxembourg,2024,10.0
Hydrogen and fuel cells ,Latvia,2013,0.0
Hydrogen and fuel cells ,Latvia,2014,0.0
Hydrogen and fuel cells ,Latvia,2015,0.0
Hydrogen and fuel cells ,Latvia,2016,0.0
Hydrogen and fuel cells ,Latvia,2017,0.0
Hydrogen and fuel cells ,Latvia,2018,0.0
Hydrogen and fuel cells ,Latvia,2019,0.0
Hydrogen and fuel cells ,Latvia,2020,0.0
Hydrogen and fuel cells ,Latvia,2021,0.0
Hydrogen and fuel cells ,Latvia,2022,0.0
Hydrogen and fuel cells ,Latvia,2023,0.0
Hydrogen and fuel cells ,Latvia,2024,0.0
Hydrogen and fuel cells ,Malta,2013,0.0
Hydrogen and fuel cells ,Malta,2014,0.0
Hydrogen and fuel cells ,Malta,2015,0.0
Hydrogen and fuel cells ,Malta,2016,0.0
Hydrogen and fuel cells ,Malta,2017,0.0
Hydrogen and fuel cells ,Malta,2018,0.0
Hydrogen and fuel cells ,Malta,2019,0.0
Hydrogen and fuel cells ,Malta,2020,0.0
Hydrogen and fuel cells ,Malta,2021,0.0
Hydrogen and fuel cells ,Malta,2022,0.0
Hydrogen and fuel cells ,Malta,2023,0.0
Hydrogen and fuel cells ,Malta,2024,0.0
Hydrogen and fuel cells ,Netherlands,2013,1.0
Hydrogen and fuel cells ,Netherlands,2014,2.0
Hydrogen and fuel cells ,Netherlands,2015,19.0
Hydrogen and fuel cells ,Netherlands,2016,7.0
Hydrogen and fuel cells ,Netherlands,2017,6.0
Hydrogen and fuel cells ,Netherlands,2018,13.0
Hydrogen and fuel cells ,Netherlands,2019,156.0
Hydrogen and fuel cells ,Netherlands,2020,147.0
Hydrogen and fuel cells ,Netherlands,2021,122.0
Hydrogen and fuel cells ,Netherlands,2022,89.0
Hydrogen and fuel cells ,Netherlands,2023,39.0
Hydrogen and fuel cells ,Netherlands,2024,0.0
Hydrogen and fuel cells ,Norway,2013,3.0
Hydrogen and fuel cells ,Norway,2014,4.0
Hydrogen and fuel cells ,Norway,2015,9.0
Hydrogen and fuel cells ,Norway,2016,23.0
Hydrogen and fuel cells ,Norway,2017,55.0
Hydrogen and fuel cells ,Norway,2018,50.0
Hydrogen and fuel cells ,Norway,2019,29.0
Hydrogen and fuel cells ,Norway,2020,16.0
Hydrogen and fuel cells ,Norway,2021,36.0
Hydrogen and fuel cells ,Norway,2022,27.0
Hydrogen and fuel cells ,Norway,2023,2.0
Hydrogen and fuel cells ,Norway,2024,9.0
Hydrogen and fuel cells ,Poland,2013,0.0
Hydrogen and fuel cells ,Poland,2014,0.0
Hydrogen and fuel cells ,Poland,2015,0.0
Hydrogen and fuel cells ,Poland,2016,0.0
Hydrogen and fuel cells ,Poland,2017,0.0
Hydrogen and fuel cells ,Poland,2018,0.0
Hydrogen and fuel cells ,Poland,2019,0.0
Hydrogen and fuel cells ,Poland,2020,0.0
Hydrogen and fuel cells ,Poland,2021,74.0
Hydrogen and fuel cells ,Poland,2022,41.0
Hydrogen and fuel cells ,Poland,2023,83.0
Hydrogen and fuel cells ,Poland,2024,12.0
Hydrogen and fuel cells ,Portugal,2013,0.0
Hydrogen and fuel cells ,Portugal,2014,0.0
Hydrogen and fuel cells ,Portugal,2015,0.0
Hydrogen and fuel cells ,Portugal,2016,0.0
Hydrogen and fuel cells ,Portugal,2017,0.0
Hydrogen and fuel cells ,Portugal,2018,0.0
Hydrogen and fuel cells ,Portugal,2019,0.0
Hydrogen and fuel cells ,Portugal,2020,0.0
Hydrogen and fuel cells ,Portugal,2021,3.0
Hydrogen and fuel cells ,Portugal,2022,0.0
Hydrogen and fuel cells ,Portugal,2023,0.0
Hydrogen and fuel cells ,Portugal,2024,0.0
Hydrogen and fuel cells ,Romania,2013,0.0
Hydrogen and fuel cells ,Romania,2014,0.0
Hydrogen and fuel cells ,Romania,2015,0.0
Hydrogen and fuel cells ,Romania,2016,0.0
Hydrogen and fuel cells ,Romania,2017,0.0
Hydrogen and fuel cells ,Romania,2018,0.0
Hydrogen and fuel cells ,Romania,2019,0.0
Hydrogen and fuel cells ,Romania,2020,0.0
Hydrogen and fuel cells ,Romania,2021,0.0
Hydrogen and fuel cells ,Romania,2022,0.0
Hydrogen and fuel cells ,Romania,2023,0.0
Hydrogen and fuel cells ,Romania,2024,0.0
Hydrogen and fuel cells ,Serbia,2019,0.0
Hydrogen and fuel cells ,Serbia,2020,0.0
Hydrogen and fuel cells ,Serbia,2021,0.0
Hydrogen and fuel cells ,Serbia,2022,0.0
Hydrogen and fuel cells ,Serbia,2023,0.0
Hydrogen and fuel cells ,Serbia,2024,0.0
Hydrogen and fuel cells ,Sweden,2013,3.0
Hydrogen and fuel cells ,Sweden,2014,0.0
Hydrogen and fuel cells ,Sweden,2015,1.0
Hydrogen and fuel cells ,Sweden,2016,19.0
Hydrogen and fuel cells ,Sweden,2017,14.0
Hydrogen and fuel cells ,Sweden,2018,5.0
Hydrogen and fuel cells ,Sweden,2019,2.0
Hydrogen and fuel cells ,Sweden,2020,5.0
Hydrogen and fuel cells ,Sweden,2021,16.0
Hydrogen and fuel cells ,Sweden,2022,2.0
Hydrogen and fuel cells ,Sweden,2023,2.0
Hydrogen and fuel cells ,Sweden,2024,7.0
Hydrogen and fuel cells ,Slovenia,2013,0.0
Hydrogen and fuel cells ,Slovenia,2014,0.0
Hydrogen and fuel cells ,Slovenia,2015,0.0
Hydrogen and fuel cells ,Slovenia,2016,0.0
Hydrogen and fuel cells ,Slovenia,2017,0.0
Hydrogen and fuel cells ,Slovenia,2018,0.0
Hydrogen and fuel cells ,Slovenia,2019,0.0
Hydrogen and fuel cells ,Slovenia,2020,0.0
Hydrogen and fuel cells ,Slovenia,2021,0.0
Hydrogen and fuel cells ,Slovenia,2022,0.0
Hydrogen and fuel cells ,Slovenia,2023,0.0
Hydrogen and fuel cells ,Slovenia,2024,0.0
Hydrogen and fuel cells ,Slovakia,2013,0.0
Hydrogen and fuel cells ,Slovakia,2014,0.0
Hydrogen and fuel cells ,Slovakia,2015,0.0
Hydrogen and fuel cells ,Slovakia,2016,0.0
Hydrogen and fuel cells ,Slovakia,2017,0.0
Hydrogen and fuel cells ,Slovakia,2018,0.0
Hydrogen and fuel cells ,Slovakia,2019,0.0
Hydrogen and fuel cells ,Slovakia,2020,0.0
Hydrogen and fuel cells ,Slovakia,2021,2.0
Hydrogen and fuel cells ,Slovakia,2022,1.0
Hydrogen and fuel cells ,Slovakia,2023,1.0
Hydrogen and fuel cells ,Slovakia,2024,0.0
Hydrogen and fuel cells ,Türkiye,2017,0.0
Hydrogen and fuel cells ,Türkiye,2018,0.0
Hydrogen and fuel cells ,Türkiye,2019,0.0
Hydrogen and fuel cells ,Türkiye,2020,0.0
Hydrogen and fuel cells ,Türkiye,2021,0.0
Hydrogen and fuel cells ,Türkiye,2022,0.0
Hydrogen and fuel cells ,Türkiye,2023,0.0
Hydrogen and fuel cells ,Türkiye,2024,0.0
Hydrogen and fuel cells ,Ukraine,2024,0.0
Hydrogen and fuel cells ,United Kingdom,2016,7.0
Hydrogen and fuel cells ,United Kingdom,2017,35.0
Hydrogen and fuel cells ,United Kingdom,2018,37.0
Hydrogen and fuel cells ,United Kingdom,2021,12.0
Hydrogen and fuel cells ,United Kingdom,2022,8.0
Hydrogen and fuel cells ,Kosovo*,2017,0.0
Hydrogen and fuel cells ,Kosovo*,2018,0.0
Hydrogen and fuel cells ,Kosovo*,2019,0.0
Hydrogen and fuel cells ,Kosovo*,2021,0.0
Liquefied petroleum gases (LPG),Albania,2019,49.0
Liquefied petroleum gases (LPG),Albania,2020,133.0
Liquefied petroleum gases (LPG),Albania,2021,130.0
Liquefied petroleum gases (LPG),Albania,2022,58.0
Liquefied petroleum gases (LPG),Albania,2023,171.0
Liquefied petroleum gases (LPG),Albania,2024,429.0
Liquefied petroleum gases (LPG),Austria,2013,0.0
Liquefied petroleum gases (LPG),Austria,2014,0.0
Liquefied petroleum gases (LPG),Austria,2015,0.0
Liquefied petroleum gases (LPG),Austria,2016,0.0
Liquefied petroleum gases (LPG),Austria,2018,0.0
Liquefied petroleum gases (LPG),Austria,2019,0.0
Liquefied petroleum gases (LPG),Austria,2020,0.0
Liquefied petroleum gases (LPG),Austria,2021,0.0
Liquefied petroleum gases (LPG),Austria,2022,0.0
Liquefied petroleum gases (LPG),Austria,2023,0.0
Liquefied petroleum gases (LPG),Austria,2024,0.0
Liquefied petroleum gases (LPG),Bosnia and Herzegovina,2013,0.0
Liquefied petroleum gases (LPG),Bosnia and Herzegovina,2014,0.0
Liquefied petroleum gases (LPG),Bosnia and Herzegovina,2015,0.0
Liquefied petroleum gases (LPG),Bosnia and Herzegovina,2016,0.0
Liquefied petroleum gases (LPG),Bosnia and Herzegovina,2017,0.0
Liquefied petroleum gases (LPG),Bosnia and Herzegovina,2018,0.0
Liquefied petroleum gases (LPG),Bosnia and Herzegovina,2019,0.0
Liquefied petroleum gases (LPG),Bosnia and Herzegovina,2020,0.0
Liquefied petroleum gases (LPG),Bosnia and Herzegovina,2021,1.0
Liquefied petroleum gases (LPG),Bosnia and Herzegovina,2022,0.0
Liquefied petroleum gases (LPG),Bosnia and Herzegovina,2023,1.0
Liquefied petroleum gases (LPG),Bosnia and Herzegovina,2024,1.0
Liquefied petroleum gases (LPG),Belgium,2013,21.0
Liquefied petroleum gases (LPG),Belgium,2014,7.0
Liquefied petroleum gases (LPG),Belgium,2015,5.0
Liquefied petroleum gases (LPG),Belgium,2016,4.0
Liquefied petroleum gases (LPG),Belgium,2017,2.0
Liquefied petroleum gases (LPG),Belgium,2018,1.0
Liquefied petroleum gases (LPG),Belgium,2019,0.0
Liquefied petroleum gases (LPG),Belgium,2020,0.0
Liquefied petroleum gases (LPG),Belgium,2021,1.0
Liquefied petroleum gases (LPG),Belgium,2022,0.0
Liquefied petroleum gases (LPG),Belgium,2023,0.0
Liquefied petroleum gases (LPG),Belgium,2024,0.0
Liquefied petroleum gases (LPG),Bulgaria,2013,40.0
Liquefied petroleum gases (LPG),Bulgaria,2015,116.0
Liquefied petroleum gases (LPG),Bulgaria,2016,502.0
Liquefied petroleum gases (LPG),Bulgaria,2017,465.0
Liquefied petroleum gases (LPG),Bulgaria,2019,1769.0
Liquefied petroleum gases (LPG),Bulgaria,2022,4.0
Liquefied petroleum gases (LPG),Bulgaria,2023,28.0
Liquefied petroleum gases (LPG),Bulgaria,2024,121.0
Liquefied petroleum gases (LPG),Switzerland,2013,3.0
Liquefied petroleum gases (LPG),Switzerland,2014,7.0
Liquefied petroleum gases (LPG),Switzerland,2015,34.0
Liquefied petroleum gases (LPG),Switzerland,2016,6.0
Liquefied petroleum gases (LPG),Switzerland,2017,7.0
Liquefied petroleum gases (LPG),Switzerland,2018,4.0
Liquefied petroleum gases (LPG),Switzerland,2019,7.0
Liquefied petroleum gases (LPG),Switzerland,2020,3.0
Liquefied petroleum gases (LPG),Switzerland,2021,7.0
Liquefied petroleum gases (LPG),Switzerland,2022,3.0
Liquefied petroleum gases (LPG),Switzerland,2023,3.0
Liquefied petroleum gases (LPG),Cyprus,2013,0.0
Liquefied petroleum gases (LPG),Cyprus,2014,0.0
Liquefied petroleum gases (LPG),Cyprus,2015,0.0
Liquefied petroleum gases (LPG),Cyprus,2016,0.0
Liquefied petroleum gases (LPG),Cyprus,2017,0.0
Liquefied petroleum gases (LPG),Cyprus,2018,0.0
Liquefied petroleum gases (LPG),Cyprus,2019,0.0
Liquefied petroleum gases (LPG),Cyprus,2020,0.0
Liquefied petroleum gases (LPG),Cyprus,2021,0.0
Liquefied petroleum gases (LPG),Cyprus,2022,0.0
Liquefied petroleum gases (LPG),Cyprus,2023,0.0
Liquefied petroleum gases (LPG),Cyprus,2024,0.0
Liquefied petroleum gases (LPG),Czechia,2021,0.0
Liquefied petroleum gases (LPG),Czechia,2022,3991.0
Liquefied petroleum gases (LPG),Czechia,2023,3622.0
Liquefied petroleum gases (LPG),Czechia,2024,4451.0
Liquefied petroleum gases (LPG),Germany,2013,6257.0
Liquefied petroleum gases (LPG),Germany,2014,6234.0
Liquefied petroleum gases (LPG),Germany,2015,4716.0
Liquefied petroleum gases (LPG),Germany,2016,2990.0
Liquefied petroleum gases (LPG),Germany,2017,4400.0
Liquefied petroleum gases (LPG),Germany,2018,4663.0
Liquefied petroleum gases (LPG),Germany,2019,7256.0
Liquefied petroleum gases (LPG),Germany,2020,6543.0
Liquefied petroleum gases (LPG),Germany,2021,10118.0
Liquefied petroleum gases (LPG),Germany,2022,15006.0
Liquefied petroleum gases (LPG),Germany,2023,13147.0
Liquefied petroleum gases (LPG),Germany,2024,13711.0
Liquefied petroleum gases (LPG),Denmark,2013,0.0
Liquefied petroleum gases (LPG),Denmark,2014,0.0
Liquefied petroleum gases (LPG),Denmark,2015,0.0
Liquefied petroleum gases (LPG),Denmark,2016,0.0
Liquefied petroleum gases (LPG),Denmark,2017,0.0
Liquefied petroleum gases (LPG),Denmark,2018,0.0
Liquefied petroleum gases (LPG),Denmark,2019,0.0
Liquefied petroleum gases (LPG),Denmark,2020,0.0
Liquefied petroleum gases (LPG),Denmark,2021,0.0
Liquefied petroleum gases (LPG),Denmark,2022,0.0
Liquefied petroleum gases (LPG),Denmark,2023,0.0
Liquefied petroleum gases (LPG),Denmark,2024,0.0
Liquefied petroleum gases (LPG),Estonia,2013,1.0
Liquefied petroleum gases (LPG),Estonia,2014,0.0
Liquefied petroleum gases (LPG),Estonia,2015,0.0
Liquefied petroleum gases (LPG),Estonia,2016,0.0
Liquefied petroleum gases (LPG),Estonia,2017,0.0
Liquefied petroleum gases (LPG),Estonia,2018,0.0
Liquefied petroleum gases (LPG),Estonia,2019,0.0
Liquefied petroleum gases (LPG),Estonia,2020,0.0
Liquefied petroleum gases (LPG),Estonia,2021,0.0
Liquefied petroleum gases (LPG),Estonia,2022,0.0
Liquefied petroleum gases (LPG),Estonia,2023,0.0
Liquefied petroleum gases (LPG),Estonia,2024,0.0
Liquefied petroleum gases (LPG),Greece,2023,0.0
Liquefied petroleum gases (LPG),Spain,2014,1108.0
Liquefied petroleum gases (LPG),Spain,2015,2317.0
Liquefied petroleum gases (LPG),Spain,2016,133.0
Liquefied petroleum gases (LPG),Spain,2017,136.0
Liquefied petroleum gases (LPG),Spain,2018,269.0
Liquefied petroleum gases (LPG),Spain,2019,717.0
Liquefied petroleum gases (LPG),Spain,2020,232.0
Liquefied petroleum gases (LPG),Spain,2021,139.0
Liquefied petroleum gases (LPG),Spain,2022,271.0
Liquefied petroleum gases (LPG),Spain,2023,452.0
Liquefied petroleum gases (LPG),Spain,2024,616.0
Liquefied petroleum gases (LPG),Finland,2013,0.0
Liquefied petroleum gases (LPG),Finland,2014,0.0
Liquefied petroleum gases (LPG),Finland,2015,0.0
Liquefied petroleum gases (LPG),Finland,2016,0.0
Liquefied petroleum gases (LPG),Finland,2017,0.0
Liquefied petroleum gases (LPG),Finland,2018,0.0
Liquefied petroleum gases (LPG),Finland,2019,0.0
Liquefied petroleum gases (LPG),Finland,2020,0.0
Liquefied petroleum gases (LPG),Finland,2021,0.0
Liquefied petroleum gases (LPG),Finland,2022,0.0
Liquefied petroleum gases (LPG),Finland,2023,0.0
Liquefied petroleum gases (LPG),Finland,2024,0.0
Liquefied petroleum gases (LPG),France,2013,0.0
Liquefied petroleum gases (LPG),France,2014,0.0
Liquefied petroleum gases (LPG),France,2015,0.0
Liquefied petroleum gases (LPG),France,2016,47.0
Liquefied petroleum gases (LPG),France,2017,0.0
Liquefied petroleum gases (LPG),France,2018,1.0
Liquefied petroleum gases (LPG),France,2019,1.0
Liquefied petroleum gases (LPG),France,2020,0.0
Liquefied petroleum gases (LPG),France,2021,0.0
Liquefied petroleum gases (LPG),France,2022,0.0
Liquefied petroleum gases (LPG),France,2023,0.0
Liquefied petroleum gases (LPG),Georgia,2023,0.0
Liquefied petroleum gases (LPG),Georgia,2024,0.0
Liquefied petroleum gases (LPG),Croatia,2016,2.0
Liquefied petroleum gases (LPG),Croatia,2020,1.0
Liquefied petroleum gases (LPG),Croatia,2021,1.0
Liquefied petroleum gases (LPG),Croatia,2022,1.0
Liquefied petroleum gases (LPG),Croatia,2023,1.0
Liquefied petroleum gases (LPG),Croatia,2024,0.0
Liquefied petroleum gases (LPG),Hungary,2013,1.0
Liquefied petroleum gases (LPG),Hungary,2014,0.0
Liquefied petroleum gases (LPG),Hungary,2015,0.0
Liquefied petroleum gases (LPG),Hungary,2016,0.0
Liquefied petroleum gases (LPG),Hungary,2017,0.0
Liquefied petroleum gases (LPG),Hungary,2018,0.0
Liquefied petroleum gases (LPG),Hungary,2019,0.0
Liquefied petroleum gases (LPG),Hungary,2020,0.0
Liquefied petroleum gases (LPG),Hungary,2021,0.0
Liquefied petroleum gases (LPG),Hungary,2022,0.0
Liquefied petroleum gases (LPG),Hungary,2023,0.0
Liquefied petroleum gases (LPG),Hungary,2024,0.0
Liquefied petroleum gases (LPG),Ireland,2022,140.0
Liquefied petroleum gases (LPG),Italy,2013,115838.0
Liquefied petroleum gases (LPG),Italy,2014,124092.0
Liquefied petroleum gases (LPG),Italy,2015,120728.0
Liquefied petroleum gases (LPG),Italy,2016,101619.0
Liquefied petroleum gases (LPG),Italy,2017,128765.0
Liquefied petroleum gases (LPG),Italy,2018,126778.0
Liquefied petroleum gases (LPG),Italy,2019,137096.0
Liquefied petroleum gases (LPG),Italy,2020,94989.0
Liquefied petroleum gases (LPG),Italy,2021,108090.0
Liquefied petroleum gases (LPG),Italy,2022,118415.0
Liquefied petroleum gases (LPG),Italy,2023,141624.0
Liquefied petroleum gases (LPG),Italy,2024,145397.0
Liquefied petroleum gases (LPG),Liechtenstein,2013,0.0
Liquefied petroleum gases (LPG),Liechtenstein,2014,0.0
Liquefied petroleum gases (LPG),Liechtenstein,2015,0.0
Liquefied petroleum gases (LPG),Liechtenstein,2016,1.0
Liquefied petroleum gases (LPG),Liechtenstein,2017,0.0
Liquefied petroleum gases (LPG),Liechtenstein,2018,0.0
Liquefied petroleum gases (LPG),Liechtenstein,2019,0.0
Liquefied petroleum gases (LPG),Liechtenstein,2020,0.0
Liquefied petroleum gases (LPG),Liechtenstein,2021,0.0
Liquefied petroleum gases (LPG),Liechtenstein,2022,0.0
Liquefied petroleum gases (LPG),Liechtenstein,2023,0.0
Liquefied petroleum gases (LPG),Liechtenstein,2024,0.0
Liquefied petroleum gases (LPG),Lithuania,2013,0.0
Liquefied petroleum gases (LPG),Lithuania,2014,14.0
Liquefied petroleum gases (LPG),Lithuania,2015,0.0
Liquefied petroleum gases (LPG),Lithuania,2016,0.0
Liquefied petroleum gases (LPG),Lithuania,2017,0.0
Liquefied petroleum gases (LPG),Lithuania,2018,1.0
Liquefied petroleum gases (LPG),Lithuania,2019,1.0
Liquefied petroleum gases (LPG),Lithuania,2020,1.0
Liquefied petroleum gases (LPG),Lithuania,2021,0.0
Liquefied petroleum gases (LPG),Lithuania,2022,1.0
Liquefied petroleum gases (LPG),Lithuania,2023,1.0
Liquefied petroleum gases (LPG),Lithuania,2024,1.0
Liquefied petroleum gases (LPG),Luxembourg,2021,0.0
Liquefied petroleum gases (LPG),Luxembourg,2022,0.0
Liquefied petroleum gases (LPG),Luxembourg,2023,0.0
Liquefied petroleum gases (LPG),Luxembourg,2024,1.0
Liquefied petroleum gases (LPG),Latvia,2016,77.0
Liquefied petroleum gases (LPG),Latvia,2017,78.0
Liquefied petroleum gases (LPG),Latvia,2018,56.0
Liquefied petroleum gases (LPG),Latvia,2019,120.0
Liquefied petroleum gases (LPG),Latvia,2020,106.0
Liquefied petroleum gases (LPG),Latvia,2021,264.0
Liquefied petroleum gases (LPG),Latvia,2022,320.0
Liquefied petroleum gases (LPG),Latvia,2023,388.0
Liquefied petroleum gases (LPG),Latvia,2024,378.0
Liquefied petroleum gases (LPG),Moldova,2013,1555.0
Liquefied petroleum gases (LPG),Moldova,2014,1204.0
Liquefied petroleum gases (LPG),Moldova,2015,712.0
Liquefied petroleum gases (LPG),Moldova,2016,605.0
Liquefied petroleum gases (LPG),Moldova,2017,1440.0
Liquefied petroleum gases (LPG),Moldova,2018,467.0
Liquefied petroleum gases (LPG),Moldova,2019,431.0
Liquefied petroleum gases (LPG),Moldova,2020,276.0
Liquefied petroleum gases (LPG),Moldova,2021,524.0
Liquefied petroleum gases (LPG),Moldova,2022,401.0
Liquefied petroleum gases (LPG),Moldova,2023,389.0
Liquefied petroleum gases (LPG),Moldova,2024,549.0
Liquefied petroleum gases (LPG),Montenegro,2016,12.0
Liquefied petroleum gases (LPG),Montenegro,2019,6.0
Liquefied petroleum gases (LPG),Montenegro,2021,22.0
Liquefied petroleum gases (LPG),Montenegro,2022,15.0
Liquefied petroleum gases (LPG),Malta,2013,0.0
Liquefied petroleum gases (LPG),Malta,2014,1.0
Liquefied petroleum gases (LPG),Malta,2015,0.0
Liquefied petroleum gases (LPG),Malta,2016,0.0
Liquefied petroleum gases (LPG),Malta,2017,0.0
Liquefied petroleum gases (LPG),Malta,2018,0.0
Liquefied petroleum gases (LPG),Malta,2019,0.0
Liquefied petroleum gases (LPG),Malta,2020,0.0
Liquefied petroleum gases (LPG),Malta,2021,0.0
Liquefied petroleum gases (LPG),Malta,2022,0.0
Liquefied petroleum gases (LPG),Malta,2023,0.0
Liquefied petroleum gases (LPG),Malta,2024,0.0
Liquefied petroleum gases (LPG),Netherlands,2013,2081.0
Liquefied petroleum gases (LPG),Netherlands,2014,998.0
Liquefied petroleum gases (LPG),Netherlands,2015,362.0
Liquefied petroleum gases (LPG),Netherlands,2016,860.0
Liquefied petroleum gases (LPG),Netherlands,2017,1200.0
Liquefied petroleum gases (LPG),Netherlands,2018,969.0
Liquefied petroleum gases (LPG),Netherlands,2019,520.0
Liquefied petroleum gases (LPG),Netherlands,2020,1921.0
Liquefied petroleum gases (LPG),Netherlands,2021,2229.0
Liquefied petroleum gases (LPG),Netherlands,2022,2285.0
Liquefied petroleum gases (LPG),Netherlands,2023,2362.0
Liquefied petroleum gases (LPG),Netherlands,2024,2189.0
Liquefied petroleum gases (LPG),Norway,2018,0.0
Liquefied petroleum gases (LPG),Norway,2019,0.0
Liquefied petroleum gases (LPG),Norway,2020,2.0
Liquefied petroleum gases (LPG),Norway,2021,0.0
Liquefied petroleum gases (LPG),Norway,2022,0.0
Liquefied petroleum gases (LPG),Norway,2023,0.0
Liquefied petroleum gases (LPG),Norway,2024,0.0
Liquefied petroleum gases (LPG),Poland,2013,3472.0
Liquefied petroleum gases (LPG),Poland,2014,4777.0
Liquefied petroleum gases (LPG),Poland,2015,5500.0
Liquefied petroleum gases (LPG),Poland,2016,6500.0
Liquefied petroleum gases (LPG),Poland,2017,10100.0
Liquefied petroleum gases (LPG),Poland,2018,7500.0
Liquefied petroleum gases (LPG),Poland,2019,8100.0
Liquefied petroleum gases (LPG),Poland,2020,9100.0
Liquefied petroleum gases (LPG),Poland,2021,13500.0
Liquefied petroleum gases (LPG),Poland,2022,12200.0
Liquefied petroleum gases (LPG),Poland,2023,12513.0
Liquefied petroleum gases (LPG),Poland,2024,16550.0
Liquefied petroleum gases (LPG),Portugal,2017,1795.0
Liquefied petroleum gases (LPG),Portugal,2018,1894.0
Liquefied petroleum gases (LPG),Portugal,2019,2239.0
Liquefied petroleum gases (LPG),Portugal,2020,1878.0
Liquefied petroleum gases (LPG),Portugal,2021,3614.0
Liquefied petroleum gases (LPG),Portugal,2022,5521.0
Liquefied petroleum gases (LPG),Portugal,2023,11321.0
Liquefied petroleum gases (LPG),Portugal,2024,15115.0
Liquefied petroleum gases (LPG),Serbia,2019,0.0
Liquefied petroleum gases (LPG),Serbia,2020,0.0
Liquefied petroleum gases (LPG),Serbia,2021,0.0
Liquefied petroleum gases (LPG),Serbia,2022,3.0
Liquefied petroleum gases (LPG),Serbia,2023,10.0
Liquefied petroleum gases (LPG),Serbia,2024,2.0
Liquefied petroleum gases (LPG),Sweden,2013,1.0
Liquefied petroleum gases (LPG),Sweden,2014,0.0
Liquefied petroleum gases (LPG),Sweden,2015,0.0
Liquefied petroleum gases (LPG),Sweden,2016,0.0
Liquefied petroleum gases (LPG),Sweden,2017,0.0
Liquefied petroleum gases (LPG),Sweden,2018,0.0
Liquefied petroleum gases (LPG),Sweden,2019,0.0
Liquefied petroleum gases (LPG),Sweden,2020,0.0
Liquefied petroleum gases (LPG),Sweden,2021,0.0
Liquefied petroleum gases (LPG),Sweden,2022,0.0
Liquefied petroleum gases (LPG),Sweden,2023,0.0
Liquefied petroleum gases (LPG),Sweden,2024,0.0
Liquefied petroleum gases (LPG),Slovenia,2014,232.0
Liquefied petroleum gases (LPG),Slovenia,2015,199.0
Liquefied petroleum gases (LPG),Slovenia,2016,290.0
Liquefied petroleum gases (LPG),Slovenia,2017,335.0
Liquefied petroleum gases (LPG),Slovenia,2018,148.0
Liquefied petroleum gases (LPG),Slovenia,2019,90.0
Liquefied petroleum gases (LPG),Slovenia,2020,137.0
Liquefied petroleum gases (LPG),Slovenia,2021,557.0
Liquefied petroleum gases (LPG),Slovenia,2022,689.0
Liquefied petroleum gases (LPG),Slovenia,2023,504.0
Liquefied petroleum gases (LPG),Slovenia,2024,833.0
Liquefied petroleum gases (LPG),Slovakia,2015,0.0
Liquefied petroleum gases (LPG),Slovakia,2016,293.0
Liquefied petroleum gases (LPG),Slovakia,2017,646.0
Liquefied petroleum gases (LPG),Slovakia,2018,561.0
Liquefied petroleum gases (LPG),Slovakia,2019,239.0
Liquefied petroleum gases (LPG),Slovakia,2020,540.0
Liquefied petroleum gases (LPG),Slovakia,2021,651.0
Liquefied petroleum gases (LPG),Slovakia,2022,1407.0
Liquefied petroleum gases (LPG),Slovakia,2023,1568.0
Liquefied petroleum gases (LPG),Slovakia,2024,1810.0
Liquefied petroleum gases (LPG),Türkiye,2013,14312.0
Liquefied petroleum gases (LPG),Türkiye,2014,11339.0
Liquefied petroleum gases (LPG),Türkiye,2015,13288.0
Liquefied petroleum gases (LPG),Türkiye,2016,13715.0
Liquefied petroleum gases (LPG),Türkiye,2017,25391.0
Liquefied petroleum gases (LPG),Türkiye,2018,26443.0
Liquefied petroleum gases (LPG),Türkiye,2019,22545.0
Liquefied petroleum gases (LPG),Türkiye,2020,33256.0
Liquefied petroleum gases (LPG),Türkiye,2021,31640.0
Liquefied petroleum gases (LPG),Türkiye,2022,11168.0
Liquefied petroleum gases (LPG),Türkiye,2023,13099.0
Liquefied petroleum gases (LPG),Türkiye,2024,10580.0
Liquefied petroleum gases (LPG),Kosovo*,2017,0.0
Liquefied petroleum gases (LPG),Kosovo*,2018,0.0
Liquefied petroleum gases (LPG),Kosovo*,2019,0.0
Liquefied petroleum gases (LPG),Kosovo*,2021,0.0
Other,Albania,2019,3684.0
Other,Albania,2020,0.0
Other,Albania,2021,1.0
Other,Albania,2022,0.0
Other,Albania,2023,0.0
Other,Austria,2013,0.0
Other,Austria,2014,0.0
Other,Austria,2015,0.0
Other,Austria,2016,0.0
Other,Austria,2017,0.0
Other,Austria,2018,0.0
Other,Austria,2019,0.0
Other,Austria,2020,0.0
Other,Austria,2021,0.0
Other,Austria,2022,0.0
Other,Austria,2023,0.0
Other,Austria,2024,0.0
Other,Bosnia and Herzegovina,2013,0.0
Other,Bosnia and Herzegovina,2014,0.0
Other,Bosnia and Herzegovina,2015,0.0
Other,Bosnia and Herzegovina,2016,1.0
Other,Bosnia and Herzegovina,2017,0.0
Other,Bosnia and Herzegovina,2018,1.0
Other,Bosnia and Herzegovina,2019,1.0
Other,Bosnia and Herzegovina,2020,3.0
Other,Bosnia and Herzegovina,2021,0.0
Other,Bosnia and Herzegovina,2022,1.0
Other,Bosnia and Herzegovina,2023,0.0
Other,Bosnia and Herzegovina,2024,1.0
Other,Belgium,2013,0.0
Other,Belgium,2014,0.0
Other,Belgium,2015,0.0
Other,Belgium,2016,0.0
Other,Belgium,2017,0.0
Other,Belgium,2018,0.0
Other,Belgium,2019,4.0
Other,Belgium,2020,3.0
Other,Belgium,2021,0.0
Other,Belgium,2022,0.0
Other,Belgium,2023,1.0
Other,Belgium,2024,0.0
Other,Bulgaria,2022,17.0
Other,Bulgaria,2024,0.0
Other,Switzerland,2013,0.0
Other,Switzerland,2014,0.0
Other,Switzerland,2015,2.0
Other,Switzerland,2016,1.0
Other,Switzerland,2017,0.0
Other,Switzerland,2018,0.0
Other,Switzerland,2019,0.0
Other,Switzerland,2020,0.0
Other,Switzerland,2021,1.0
Other,Switzerland,2022,1.0
Other,Switzerland,2023,0.0
Other,Switzerland,2024,3.0
Other,Cyprus,2013,0.0
Other,Cyprus,2014,0.0
Other,Cyprus,2015,0.0
Other,Cyprus,2016,0.0
Other,Cyprus,2017,0.0
Other,Cyprus,2018,0.0
Other,Cyprus,2019,0.0
Other,Cyprus,2020,0.0
Other,Cyprus,2021,2.0
Other,Cyprus,2022,2.0
Other,Cyprus,2023,0.0
Other,Cyprus,2024,0.0
Other,Czechia,2021,0.0
Other,Germany,2013,26391.0
Other,Germany,2014,27529.0
Other,Germany,2015,33838.0
Other,Germany,2016,48063.0
Other,Germany,2017,25.0
Other,Germany,2018,28.0
Other,Germany,2019,117.0
Other,Germany,2020,95.0
Other,Germany,2021,68.0
Other,Germany,2022,74.0
Other,Germany,2023,110.0
Other,Germany,2024,97.0
Other,Denmark,2019,0.0
Other,Denmark,2020,0.0
Other,Denmark,2021,0.0
Other,Denmark,2022,0.0
Other,Denmark,2023,0.0
Other,Denmark,2024,0.0
Other,Estonia,2013,0.0
Other,Greece,2023,0.0
Other,Spain,2014,344.0
Other,Spain,2015,19.0
Other,Spain,2016,771.0
Other,Spain,2017,1635.0
Other,Spain,2018,2631.0
Other,Spain,2019,1570.0
Other,Spain,2020,250.0
Other,Spain,2021,121.0
Other,Spain,2022,13.0
Other,Spain,2023,7.0
Other,Spain,2024,5.0
Other,Finland,2013,2.0
Other,Finland,2014,0.0
Other,Finland,2015,0.0
Other,Finland,2016,0.0
Other,Finland,2017,0.0
Other,Finland,2018,0.0
Other,Finland,2019,0.0
Other,Finland,2021,0.0
Other,Finland,2022,0.0
Other,Finland,2023,0.0
Other,Finland,2024,0.0
Other,France,2013,86.0
Other,France,2014,38.0
Other,France,2015,46.0
Other,France,2016,83.0
Other,France,2017,113.0
Other,France,2018,11.0
Other,France,2019,3.0
Other,France,2020,2.0
Other,France,2021,1.0
Other,France,2022,1.0
Other,France,2023,4.0
Other,Georgia,2018,1.0
Other,Georgia,2019,1.0
Other,Georgia,2020,1.0
Other,Georgia,2021,1.0
Other,Georgia,2023,0.0
Other,Georgia,2024,0.0
Other,Croatia,2013,98.0
Other,Croatia,2014,420.0
Other,Croatia,2015,466.0
Other,Croatia,2016,501.0
Other,Croatia,2017,664.0
Other,Croatia,2018,1085.0
Other,Croatia,2019,1922.0
Other,Croatia,2023,0.0
Other,Croatia,2024,0.0
Other,Hungary,2013,5.0
Other,Hungary,2014,14.0
Other,Hungary,2015,10.0
Other,Hungary,2016,11.0
Other,Hungary,2017,9.0
Other,Hungary,2018,0.0
Other,Hungary,2019,1.0
Other,Hungary,2020,1.0
Other,Hungary,2021,0.0
Other,Hungary,2022,2.0
Other,Hungary,2023,40.0
Other,Hungary,2024,0.0
Other,Ireland,2013,591.0
Other,Ireland,2014,958.0
Other,Ireland,2015,1718.0
Other,Ireland,2016,2943.0
Other,Ireland,2018,0.0
Other,Ireland,2019,1.0
Other,Ireland,2021,316.0
Other,Ireland,2022,585.0
Other,Ireland,2023,0.0
Other,Ireland,2024,2.0
Other,Iceland,2018,1.0
Other,Iceland,2024,0.0
Other,Italy,2015,89.0
Other,Italy,2017,1896.0
Other,Italy,2023,52.0
Other,Liechtenstein,2013,0.0
Other,Liechtenstein,2014,0.0
Other,Liechtenstein,2015,0.0
Other,Liechtenstein,2016,0.0
Other,Liechtenstein,2017,0.0
Other,Liechtenstein,2018,0.0
Other,Liechtenstein,2019,0.0
Other,Liechtenstein,2020,0.0
Other,Liechtenstein,2021,0.0
Other,Liechtenstein,2022,0.0
Other,Liechtenstein,2023,0.0
Other,Liechtenstein,2024,3.0
Other,Lithuania,2013,0.0
Other,Lithuania,2014,38.0
Other,Lithuania,2015,39.0
Other,Lithuania,2016,19.0
Other,Lithuania,2017,13.0
Other,Lithuania,2018,102.0
Other,Lithuania,2019,254.0
Other,Lithuania,2020,433.0
Other,Lithuania,2021,334.0
Other,Lithuania,2022,369.0
Other,Lithuania,2023,4.0
Other,Lithuania,2024,575.0
Other,Luxembourg,2019,5.0
Other,Luxembourg,2020,17.0
Other,Luxembourg,2021,0.0
Other,Luxembourg,2022,0.0
Other,Luxembourg,2023,1.0
Other,Luxembourg,2024,37.0
Other,Latvia,2014,211.0
Other,Latvia,2015,140.0
Other,Latvia,2016,0.0
Other,Latvia,2017,0.0
Other,Latvia,2018,0.0
Other,Latvia,2019,0.0
Other,Latvia,2020,0.0
Other,Latvia,2021,0.0
Other,Latvia,2022,0.0
Other,Latvia,2023,0.0
Other,Latvia,2024,0.0
Other,Moldova,2013,149.0
Other,Moldova,2014,473.0
Other,Moldova,2015,793.0
Other,Moldova,2016,1275.0
Other,Moldova,2017,2840.0
Other,Moldova,2018,3427.0
Other,Moldova,2019,4946.0
Other,Moldova,2020,4385.0
Other,Moldova,2021,6637.0
Other,Moldova,2022,5097.0
Other,Moldova,2023,7404.0
Other,Moldova,2024,11149.0
Other,Montenegro,2016,1.0
Other,Malta,2013,4.0
Other,Malta,2014,39.0
Other,Malta,2015,4.0
Other,Malta,2016,0.0
Other,Malta,2017,0.0
Other,Malta,2018,0.0
Other,Malta,2019,0.0
Other,Malta,2020,0.0
Other,Malta,2021,0.0
Other,Malta,2022,0.0
Other,Malta,2023,0.0
Other,Malta,2024,0.0
Other,Netherlands,2013,17.0
Other,Netherlands,2014,1.0
Other,Netherlands,2015,4.0
Other,Netherlands,2016,1.0
Other,Netherlands,2017,0.0
Other,Netherlands,2018,2.0
Other,Netherlands,2019,0.0
Other,Netherlands,2020,0.0
Other,Netherlands,2021,0.0
Other,Netherlands,2022,1.0
Other,Netherlands,2023,0.0
Other,Netherlands,2024,0.0
Other,Norway,2013,1133.0
Other,Norway,2014,478.0
Other,Norway,2015,154.0
Other,Norway,2016,7.0
Other,Norway,2017,5.0
Other,Norway,2018,8.0
Other,Norway,2019,3.0
Other,Norway,2020,0.0
Other,Norway,2021,1.0
Other,Norway,2022,0.0
Other,Norway,2023,0.0
Other,Norway,2024,0.0
Other,Poland,2018,0.0
Other,Poland,2019,324.0
Other,Poland,2020,146.0
Other,Poland,2021,0.0
Other,Poland,2022,0.0
Other,Poland,2023,0.0
Other,Poland,2024,0.0
Other,Portugal,2017,0.0
Other,Portugal,2018,0.0
Other,Portugal,2019,0.0
Other,Portugal,2020,0.0
Other,Portugal,2021,0.0
Other,Portugal,2022,0.0
Other,Portugal,2023,0.0
Other,Portugal,2024,3.0
Other,Romania,2013,1.0
Other,Romania,2017,1.0
Other,Romania,2024,9.0
Other,Serbia,2019,0.0
Other,Serbia,2020,0.0
Other,Serbia,2021,0.0
Other,Serbia,2022,0.0
Other,Serbia,2023,0.0
Other,Serbia,2024,0.0
Other,Sweden,2013,3281.0
Other,Sweden,2014,2722.0
Other,Sweden,2015,1396.0
Other,Sweden,2016,888.0
Other,Sweden,2017,1133.0
Other,Sweden,2018,1043.0
Other,Sweden,2019,1187.0
Other,Sweden,2020,28.0
Other,Sweden,2021,1265.0
Other,Sweden,2022,2679.0
Other,Sweden,2023,0.0
Other,Sweden,2024,0.0
Other,Slovenia,2014,114.0
Other,Slovenia,2015,237.0
Other,Slovenia,2016,431.0
Other,Slovenia,2017,1163.0
Other,Slovenia,2018,1719.0
Other,Slovenia,2019,2462.0
Other,Slovenia,2020,1259.0
Other,Slovenia,2021,2151.0
Other,Slovenia,2022,2086.0
Other,Slovenia,2023,0.0
Other,Slovenia,2024,0.0
Other,Slovakia,2023,121.0
Other,Slovakia,2024,0.0
Other,Türkiye,2017,0.0
Other,Türkiye,2018,0.0
Other,Türkiye,2019,0.0
Other,Türkiye,2020,0.0
Other,Türkiye,2021,0.0
Other,Türkiye,2022,0.0
Other,Türkiye,2023,0.0
Other,Türkiye,2024,0.0
Other,Ukraine,2019,4.0
Other,Ukraine,2020,5.0
Other,Ukraine,2021,2.0
Other,Ukraine,2022,1.0
Other,Ukraine,2023,4.0
Other,Ukraine,2024,1.0
Other,United Kingdom,2015,10.0
Other,United Kingdom,2016,2.0
Other,United Kingdom,2017,3.0
Other,United Kingdom,2018,3.0
Other,United Kingdom,2021,3.0
Other,United Kingdom,2022,3.0
Other,Kosovo*,2017,2.0
Other,Kosovo*,2018,0.0
Other,Kosovo*,2019,0.0
Other,Kosovo*,2021,0.0
Petroleum products,Albania,2019,5860.0
Petroleum products,Albania,2020,10336.0
Petroleum products,Albania,2021,9591.0
Petroleum products,Albania,2022,8822.0
Petroleum products,Albania,2023,12476.0
Petroleum products,Albania,2024,15111.0
Petroleum products,Austria,2013,136689.0
Petroleum products,Austria,2014,128670.0
Petroleum products,Austria,2015,125656.0
Petroleum products,Austria,2016,136148.0
Petroleum products,Austria,2017,171862.0
Petroleum products,Austria,2018,192503.0
Petroleum products,Austria,2019,189054.0
Petroleum products,Austria,2020,133151.0
Petroleum products,Austria,2021,134529.0
Petroleum products,Austria,2022,119271.0
Petroleum products,Austria,2023,130321.0
Petroleum products,Austria,2024,150676.0
Petroleum products,Bosnia and Herzegovina,2013,1967.0
Petroleum products,Bosnia and Herzegovina,2014,1833.0
Petroleum products,Bosnia and Herzegovina,2015,1825.0
Petroleum products,Bosnia and Herzegovina,2016,2377.0
Petroleum products,Bosnia and Herzegovina,2017,2905.0
Petroleum products,Bosnia and Herzegovina,2018,3347.0
Petroleum products,Bosnia and Herzegovina,2019,3858.0
Petroleum products,Bosnia and Herzegovina,2020,2951.0
Petroleum products,Bosnia and Herzegovina,2021,3723.0
Petroleum products,Bosnia and Herzegovina,2022,4609.0
Petroleum products,Bosnia and Herzegovina,2023,5558.0
Petroleum products,Bosnia and Herzegovina,2024,5658.0
Petroleum products,Belgium,2013,169665.0
Petroleum products,Belgium,2014,181524.0
Petroleum products,Belgium,2015,198299.0
Petroleum products,Belgium,2016,256076.0
Petroleum products,Belgium,2017,288484.0
Petroleum products,Belgium,2018,347284.0
Petroleum products,Belgium,2019,365729.0
Petroleum products,Belgium,2020,268148.0
Petroleum products,Belgium,2021,262988.0
Petroleum products,Belgium,2022,263382.0
Petroleum products,Belgium,2023,336741.0
Petroleum products,Belgium,2024,294584.0
Petroleum products,Bulgaria,2022,22196.0
Petroleum products,Bulgaria,2023,29661.0
Petroleum products,Bulgaria,2024,34027.0
Petroleum products,Switzerland,2013,191314.0
Petroleum products,Switzerland,2014,187073.0
Petroleum products,Switzerland,2015,193203.0
Petroleum products,Switzerland,2016,188679.0
Petroleum products,Switzerland,2017,195261.0
Petroleum products,Switzerland,2018,202879.0
Petroleum products,Switzerland,2019,214640.0
Petroleum products,Switzerland,2020,160657.0
Petroleum products,Switzerland,2021,166837.0
Petroleum products,Switzerland,2022,150952.0
Petroleum products,Switzerland,2023,165982.0
Petroleum products,Switzerland,2024,162693.0
Petroleum products,Cyprus,2013,5784.0
Petroleum products,Cyprus,2014,5086.0
Petroleum products,Cyprus,2015,5917.0
Petroleum products,Cyprus,2016,7134.0
Petroleum products,Cyprus,2017,7650.0
Petroleum products,Cyprus,2018,7857.0
Petroleum products,Cyprus,2019,8011.0
Petroleum products,Cyprus,2020,7130.0
Petroleum products,Cyprus,2021,9071.0
Petroleum products,Cyprus,2022,10633.0
Petroleum products,Cyprus,2023,13406.0
Petroleum products,Cyprus,2024,13495.0
Petroleum products,Czechia,2021,141738.0
Petroleum products,Czechia,2022,122954.0
Petroleum products,Czechia,2023,147244.0
Petroleum products,Czechia,2024,146875.0
Petroleum products,Germany,2013,1502784.0
Petroleum products,Germany,2014,1533726.0
Petroleum products,Germany,2015,1611389.0
Petroleum products,Germany,2016,1746291.0
Petroleum products,Germany,2017,2068741.0
Petroleum products,Germany,2018,2255042.0
Petroleum products,Germany,2019,2298504.0
Petroleum products,Germany,2020,1760071.0
Petroleum products,Germany,2021,1560342.0
Petroleum products,Germany,2022,1520618.0
Petroleum products,Germany,2023,1601700.0
Petroleum products,Germany,2024,1738089.0
Petroleum products,Denmark,2013,122644.0
Petroleum products,Denmark,2014,127253.0
Petroleum products,Denmark,2015,138104.0
Petroleum products,Denmark,2016,140938.0
Petroleum products,Denmark,2017,143227.0
Petroleum products,Denmark,2018,144443.0
Petroleum products,Denmark,2019,159630.0
Petroleum products,Denmark,2020,138421.0
Petroleum products,Denmark,2021,134993.0
Petroleum products,Denmark,2022,101039.0
Petroleum products,Denmark,2023,95539.0
Petroleum products,Denmark,2024,72095.0
Petroleum products,Estonia,2013,12208.0
Petroleum products,Estonia,2014,13054.0
Petroleum products,Estonia,2015,14069.0
Petroleum products,Estonia,2016,16592.0
Petroleum products,Estonia,2017,19177.0
Petroleum products,Estonia,2018,19686.0
Petroleum products,Estonia,2019,20510.0
Petroleum products,Estonia,2020,13164.0
Petroleum products,Estonia,2021,16415.0
Petroleum products,Estonia,2022,15324.0
Petroleum products,Estonia,2023,17357.0
Petroleum products,Estonia,2024,18397.0
Petroleum products,Greece,2021,75989.0
Petroleum products,Greece,2022,80081.0
Petroleum products,Greece,2023,104526.0
Petroleum products,Greece,2024,112350.0
Petroleum products,Spain,2014,297176.0
Petroleum products,Spain,2015,383904.0
Petroleum products,Spain,2016,496893.0
Petroleum products,Spain,2017,636041.0
Petroleum products,Spain,2018,831810.0
Petroleum products,Spain,2019,874489.0
Petroleum products,Spain,2020,561541.0
Petroleum products,Spain,2021,613097.0
Petroleum products,Spain,2022,598239.0
Petroleum products,Spain,2023,714633.0
Petroleum products,Spain,2024,788727.0
Petroleum products,European Union - 27 countries (from 2020),2022,6014361.0
Petroleum products,European Union - 27 countries (from 2020),2023,6835056.0
Petroleum products,European Union - 27 countries (from 2020),2024,7132654.0
Petroleum products,Finland,2013,64194.0
Petroleum products,Finland,2014,64181.0
Petroleum products,Finland,2015,69469.0
Petroleum products,Finland,2016,79042.0
Petroleum products,Finland,2017,81435.0
Petroleum products,Finland,2018,89497.0
Petroleum products,Finland,2019,88141.0
Petroleum products,Finland,2020,75765.0
Petroleum products,Finland,2021,76158.0
Petroleum products,Finland,2022,59099.0
Petroleum products,Finland,2023,52225.0
Petroleum products,Finland,2024,48039.0
Petroleum products,France,2013,562849.0
Petroleum products,France,2014,623201.0
Petroleum products,France,2015,777645.0
Petroleum products,France,2016,928357.0
Petroleum products,France,2017,1116655.0
Petroleum products,France,2018,1329928.0
Petroleum products,France,2019,1438898.0
Petroleum products,France,2020,1025021.0
Petroleum products,France,2021,1097422.0
Petroleum products,France,2022,1049065.0
Petroleum products,France,2023,1251289.0
Petroleum products,France,2024,1259145.0
Petroleum products,Georgia,2017,1968.0
Petroleum products,Georgia,2018,2168.0
Petroleum products,Georgia,2019,1379.0
Petroleum products,Georgia,2020,1379.0
Petroleum products,Georgia,2021,2149.0
Petroleum products,Georgia,2022,3453.0
Petroleum products,Georgia,2023,4663.0
Petroleum products,Georgia,2024,5440.0
Petroleum products,Croatia,2021,23426.0
Petroleum products,Croatia,2022,26618.0
Petroleum products,Croatia,2023,32234.0
Petroleum products,Croatia,2024,35439.0
Petroleum products,Hungary,2013,30458.0
Petroleum products,Hungary,2014,37621.0
Petroleum products,Hungary,2015,44873.0
Petroleum products,Hungary,2016,61753.0
Petroleum products,Hungary,2017,78458.0
Petroleum products,Hungary,2018,102718.0
Petroleum products,Hungary,2019,123906.0
Petroleum products,Hungary,2020,93177.0
Petroleum products,Hungary,2021,89975.0
Petroleum products,Hungary,2022,85461.0
Petroleum products,Hungary,2023,81654.0
Petroleum products,Hungary,2024,89794.0
Petroleum products,Ireland,2013,19892.0
Petroleum products,Ireland,2014,21067.0
Petroleum products,Ireland,2015,35311.0
Petroleum products,Ireland,2016,41160.0
Petroleum products,Ireland,2017,45304.0
Petroleum products,Ireland,2018,56554.0
Petroleum products,Ireland,2019,62554.0
Petroleum products,Ireland,2020,46630.0
Petroleum products,Ireland,2021,58808.0
Petroleum products,Ireland,2022,59687.0
Petroleum products,Ireland,2023,70094.0
Petroleum products,Ireland,2024,74274.0
Petroleum products,Iceland,2017,13645.0
Petroleum products,Iceland,2018,12061.0
Petroleum products,Iceland,2019,8233.0
Petroleum products,Iceland,2020,5706.0
Petroleum products,Iceland,2021,8949.0
Petroleum products,Iceland,2022,8002.0
Petroleum products,Iceland,2023,5727.0
Petroleum products,Iceland,2024,4819.0
Petroleum products,Italy,2013,419045.0
Petroleum products,Italy,2014,420708.0
Petroleum products,Italy,2015,521450.0
Petroleum products,Italy,2016,643165.0
Petroleum products,Italy,2017,700072.0
Petroleum products,Italy,2018,774685.0
Petroleum products,Italy,2019,969245.0
Petroleum products,Italy,2020,773479.0
Petroleum products,Italy,2021,906634.0
Petroleum products,Italy,2022,833735.0
Petroleum products,Italy,2023,1014551.0
Petroleum products,Italy,2024,1040953.0
Petroleum products,Liechtenstein,2013,1041.0
Petroleum products,Liechtenstein,2014,979.0
Petroleum products,Liechtenstein,2015,1072.0
Petroleum products,Liechtenstein,2016,951.0
Petroleum products,Liechtenstein,2017,1116.0
Petroleum products,Liechtenstein,2018,1152.0
Petroleum products,Liechtenstein,2019,1186.0
Petroleum products,Liechtenstein,2020,922.0
Petroleum products,Liechtenstein,2021,977.0
Petroleum products,Liechtenstein,2022,890.0
Petroleum products,Liechtenstein,2023,958.0
Petroleum products,Liechtenstein,2024,900.0
Petroleum products,Lithuania,2013,5236.0
Petroleum products,Lithuania,2014,4760.0
Petroleum products,Lithuania,2015,6002.0
Petroleum products,Lithuania,2016,8734.0
Petroleum products,Lithuania,2017,11162.0
Petroleum products,Lithuania,2018,14224.0
Petroleum products,Lithuania,2019,17917.0
Petroleum products,Lithuania,2020,32922.0
Petroleum products,Lithuania,2021,21892.0
Petroleum products,Lithuania,2022,19072.0
Petroleum products,Lithuania,2023,20520.0
Petroleum products,Lithuania,2024,19931.0
Petroleum products,Luxembourg,2013,12148.0
Petroleum products,Luxembourg,2014,13554.0
Petroleum products,Luxembourg,2015,13447.0
Petroleum products,Luxembourg,2016,17623.0
Petroleum products,Luxembourg,2017,23891.0
Petroleum products,Luxembourg,2018,27455.0
Petroleum products,Luxembourg,2019,30120.0
Petroleum products,Luxembourg,2020,24548.0
Petroleum products,Luxembourg,2021,25132.0
Petroleum products,Luxembourg,2022,23339.0
Petroleum products,Luxembourg,2023,27804.0
Petroleum products,Luxembourg,2024,25683.0
Petroleum products,Latvia,2014,5759.0
Petroleum products,Latvia,2015,7211.0
Petroleum products,Latvia,2016,9381.0
Petroleum products,Latvia,2017,9488.0
Petroleum products,Latvia,2018,10240.0
Petroleum products,Latvia,2019,11393.0
Petroleum products,Latvia,2020,8363.0
Petroleum products,Latvia,2021,9935.0
Petroleum products,Latvia,2022,11857.0
Petroleum products,Latvia,2023,12702.0
Petroleum products,Latvia,2024,11777.0
Petroleum products,Moldova,2013,15126.0
Petroleum products,Moldova,2014,9874.0
Petroleum products,Moldova,2015,6530.0
Petroleum products,Moldova,2016,6770.0
Petroleum products,Moldova,2017,12395.0
Petroleum products,Moldova,2018,8608.0
Petroleum products,Moldova,2019,8884.0
Petroleum products,Moldova,2020,7749.0
Petroleum products,Moldova,2021,10409.0
Petroleum products,Moldova,2022,8090.0
Petroleum products,Moldova,2023,10793.0
Petroleum products,Moldova,2024,13406.0
Petroleum products,Montenegro,2016,999.0
Petroleum products,Montenegro,2017,1313.0
Petroleum products,Montenegro,2018,1625.0
Petroleum products,Montenegro,2019,2026.0
Petroleum products,Montenegro,2020,596.0
Petroleum products,Montenegro,2021,1787.0
Petroleum products,Montenegro,2022,2456.0
Petroleum products,Malta,2015,4418.0
Petroleum products,Malta,2016,4679.0
Petroleum products,Malta,2017,5133.0
Petroleum products,Malta,2018,5477.0
Petroleum products,Malta,2019,5327.0
Petroleum products,Malta,2020,3342.0
Petroleum products,Malta,2021,4226.0
Petroleum products,Malta,2022,4933.0
Petroleum products,Malta,2023,5218.0
Petroleum products,Malta,2024,4403.0
Petroleum products,Netherlands,2013,307912.0
Petroleum products,Netherlands,2014,275419.0
Petroleum products,Netherlands,2015,314882.0
Petroleum products,Netherlands,2016,304643.0
Petroleum products,Netherlands,2017,331608.0
Petroleum products,Netherlands,2018,360573.0
Petroleum products,Netherlands,2019,350015.0
Petroleum products,Netherlands,2020,267482.0
Petroleum products,Netherlands,2021,249350.0
Petroleum products,Netherlands,2022,231791.0
Petroleum products,Netherlands,2023,249274.0
Petroleum products,Netherlands,2024,243408.0
Petroleum products,Norway,2013,57700.0
Petroleum products,Norway,2014,54912.0
Petroleum products,Norway,2015,55671.0
Petroleum products,Norway,2016,82910.0
Petroleum products,Norway,2017,90074.0
Petroleum products,Norway,2018,78323.0
Petroleum products,Norway,2019,59964.0
Petroleum products,Norway,2020,52595.0
Petroleum products,Norway,2021,54209.0
Petroleum products,Norway,2022,30186.0
Petroleum products,Norway,2023,19066.0
Petroleum products,Norway,2024,11353.0
Petroleum products,Poland,2013,183889.0
Petroleum products,Poland,2014,201246.0
Petroleum products,Poland,2015,228917.0
Petroleum products,Poland,2016,275508.0
Petroleum products,Poland,2017,336320.0
Petroleum products,Poland,2018,386756.0
Petroleum products,Poland,2019,424253.0
Petroleum products,Poland,2020,324792.0
Petroleum products,Poland,2021,343705.0
Petroleum products,Poland,2022,324041.0
Petroleum products,Poland,2023,364350.0
Petroleum products,Poland,2024,421864.0
Petroleum products,Portugal,2017,81073.0
Petroleum products,Portugal,2018,97697.0
Petroleum products,Portugal,2019,123064.0
Petroleum products,Portugal,2020,83561.0
Petroleum products,Portugal,2021,91395.0
Petroleum products,Portugal,2022,100758.0
Petroleum products,Portugal,2023,123422.0
Petroleum products,Portugal,2024,129267.0
Petroleum products,Romania,2013,25807.0
Petroleum products,Romania,2014,29576.0
Petroleum products,Romania,2015,35509.0
Petroleum products,Romania,2016,45417.0
Petroleum products,Romania,2017,51554.0
Petroleum products,Romania,2018,75586.0
Petroleum products,Romania,2019,114564.0
Petroleum products,Romania,2020,79244.0
Petroleum products,Romania,2021,74857.0
Petroleum products,Romania,2022,84943.0
Petroleum products,Romania,2023,91118.0
Petroleum products,Romania,2024,103113.0
Petroleum products,Serbia,2019,28285.0
Petroleum products,Serbia,2020,27431.0
Petroleum products,Serbia,2021,27768.0
Petroleum products,Serbia,2022,29005.0
Petroleum products,Serbia,2023,30952.0
Petroleum products,Serbia,2024,33180.0
Petroleum products,Sweden,2013,108067.0
Petroleum products,Sweden,2014,126019.0
Petroleum products,Sweden,2015,145383.0
Petroleum products,Sweden,2016,177903.0
Petroleum products,Sweden,2017,191048.0
Petroleum products,Sweden,2018,215360.0
Petroleum products,Sweden,2019,221280.0
Petroleum products,Sweden,2020,194265.0
Petroleum products,Sweden,2021,189502.0
Petroleum products,Sweden,2022,153387.0
Petroleum products,Sweden,2023,146412.0
Petroleum products,Sweden,2024,147825.0
Petroleum products,Slovenia,2013,23942.0
Petroleum products,Slovenia,2014,23916.0
Petroleum products,Slovenia,2015,29038.0
Petroleum products,Slovenia,2016,31429.0
Petroleum products,Slovenia,2017,38229.0
Petroleum products,Slovenia,2018,48240.0
Petroleum products,Slovenia,2019,47937.0
Petroleum products,Slovenia,2020,33287.0
Petroleum products,Slovenia,2021,37219.0
Petroleum products,Slovenia,2022,32866.0
Petroleum products,Slovenia,2023,36290.0
Petroleum products,Slovenia,2024,40433.0
Petroleum products,Slovakia,2022,59972.0
Petroleum products,Slovakia,2023,64771.0
Petroleum products,Slovakia,2024,67991.0
Petroleum products,Türkiye,2013,256506.0
Petroleum products,Türkiye,2014,210168.0
Petroleum products,Türkiye,2015,270762.0
Petroleum products,Türkiye,2016,271453.0
Petroleum products,Türkiye,2017,259325.0
Petroleum products,Türkiye,2018,179131.0
Petroleum products,Türkiye,2019,152008.0
Petroleum products,Türkiye,2020,319023.0
Petroleum products,Türkiye,2021,429210.0
Petroleum products,Türkiye,2022,439007.0
Petroleum products,Türkiye,2023,704254.0
Petroleum products,Türkiye,2024,778382.0
Petroleum products,Ukraine,2019,36953.0
Petroleum products,Ukraine,2020,57137.0
Petroleum products,Ukraine,2021,73470.0
Petroleum products,Ukraine,2022,25663.0
Petroleum products,Ukraine,2023,36953.0
Petroleum products,Ukraine,2024,37817.0
Petroleum products,United Kingdom,2015,1334875.0
Petroleum products,United Kingdom,2016,1390355.0
Petroleum products,United Kingdom,2017,1446500.0
Petroleum products,United Kingdom,2018,1589618.0
Petroleum products,United Kingdom,2021,1226293.0
Petroleum products,United Kingdom,2022,1194409.0
Petroleum products,United Kingdom,2023,1446669.0
Petroleum products,Kosovo*,2017,2928.0
Petroleum products,Kosovo*,2018,2126.0
Petroleum products,Kosovo*,2019,0.0
Petroleum products,Kosovo*,2021,2840.0
Petrol (excluding hybrids)  ,Albania,2019,5726.0
Petrol (excluding hybrids)  ,Albania,2020,5580.0
Petrol (excluding hybrids)  ,Albania,2021,9168.0
Petrol (excluding hybrids)  ,Albania,2022,8294.0
Petrol (excluding hybrids)  ,Albania,2023,11605.0
Petrol (excluding hybrids)  ,Albania,2024,13569.0
Petrol (excluding hybrids)  ,Austria,2013,134276.0
Petrol (excluding hybrids)  ,Austria,2014,126503.0
Petrol (excluding hybrids)  ,Austria,2015,122832.0
Petrol (excluding hybrids)  ,Austria,2016,131756.0
Petrol (excluding hybrids)  ,Austria,2017,163701.0
Petrol (excluding hybrids)  ,Austria,2018,184150.0
Petrol (excluding hybrids)  ,Austria,2019,176706.0
Petrol (excluding hybrids)  ,Austria,2020,107771.0
Petrol (excluding hybrids)  ,Austria,2021,91478.0
Petrol (excluding hybrids)  ,Austria,2022,78567.0
Petrol (excluding hybrids)  ,Austria,2023,77354.0
Petrol (excluding hybrids)  ,Austria,2024,84004.0
Petrol (excluding hybrids)  ,Bosnia and Herzegovina,2013,1967.0
Petrol (excluding hybrids)  ,Bosnia and Herzegovina,2014,1831.0
Petrol (excluding hybrids)  ,Bosnia and Herzegovina,2015,1823.0
Petrol (excluding hybrids)  ,Bosnia and Herzegovina,2016,2321.0
Petrol (excluding hybrids)  ,Bosnia and Herzegovina,2017,2769.0
Petrol (excluding hybrids)  ,Bosnia and Herzegovina,2018,3220.0
Petrol (excluding hybrids)  ,Bosnia and Herzegovina,2019,3667.0
Petrol (excluding hybrids)  ,Bosnia and Herzegovina,2020,2800.0
Petrol (excluding hybrids)  ,Bosnia and Herzegovina,2021,3408.0
Petrol (excluding hybrids)  ,Bosnia and Herzegovina,2022,4154.0
Petrol (excluding hybrids)  ,Bosnia and Herzegovina,2023,4635.0
Petrol (excluding hybrids)  ,Bosnia and Herzegovina,2024,4388.0
Petrol (excluding hybrids)  ,Belgium,2013,164745.0
Petrol (excluding hybrids)  ,Belgium,2014,173939.0
Petrol (excluding hybrids)  ,Belgium,2015,189947.0
Petrol (excluding hybrids)  ,Belgium,2016,240384.0
Petrol (excluding hybrids)  ,Belgium,2017,265026.0
Petrol (excluding hybrids)  ,Belgium,2018,323774.0
Petrol (excluding hybrids)  ,Belgium,2019,336731.0
Petrol (excluding hybrids)  ,Belgium,2020,211646.0
Petrol (excluding hybrids)  ,Belgium,2021,169019.0
Petrol (excluding hybrids)  ,Belgium,2022,145998.0
Petrol (excluding hybrids)  ,Belgium,2023,155993.0
Petrol (excluding hybrids)  ,Belgium,2024,128583.0
Petrol (excluding hybrids)  ,Bulgaria,2022,21669.0
Petrol (excluding hybrids)  ,Bulgaria,2023,28613.0
Petrol (excluding hybrids)  ,Bulgaria,2024,32555.0
Petrol (excluding hybrids)  ,Switzerland,2013,185120.0
Petrol (excluding hybrids)  ,Switzerland,2014,180908.0
Petrol (excluding hybrids)  ,Switzerland,2015,185525.0
Petrol (excluding hybrids)  ,Switzerland,2016,178730.0
Petrol (excluding hybrids)  ,Switzerland,2017,183697.0
Petrol (excluding hybrids)  ,Switzerland,2018,188357.0
Petrol (excluding hybrids)  ,Switzerland,2019,192156.0
Petrol (excluding hybrids)  ,Switzerland,2020,119012.0
Petrol (excluding hybrids)  ,Switzerland,2021,100865.0
Petrol (excluding hybrids)  ,Switzerland,2022,86309.0
Petrol (excluding hybrids)  ,Switzerland,2023,85254.0
Petrol (excluding hybrids)  ,Switzerland,2024,71519.0
Petrol (excluding hybrids)  ,Cyprus,2013,5700.0
Petrol (excluding hybrids)  ,Cyprus,2014,4978.0
Petrol (excluding hybrids)  ,Cyprus,2015,5715.0
Petrol (excluding hybrids)  ,Cyprus,2016,6753.0
Petrol (excluding hybrids)  ,Cyprus,2017,6891.0
Petrol (excluding hybrids)  ,Cyprus,2018,6874.0
Petrol (excluding hybrids)  ,Cyprus,2019,6959.0
Petrol (excluding hybrids)  ,Cyprus,2020,5706.0
Petrol (excluding hybrids)  ,Cyprus,2021,5997.0
Petrol (excluding hybrids)  ,Cyprus,2022,6380.0
Petrol (excluding hybrids)  ,Cyprus,2023,7279.0
Petrol (excluding hybrids)  ,Cyprus,2024,6394.0
Petrol (excluding hybrids)  ,Czechia,2021,138660.0
Petrol (excluding hybrids)  ,Czechia,2022,106597.0
Petrol (excluding hybrids)  ,Czechia,2023,115051.0
Petrol (excluding hybrids)  ,Czechia,2024,139857.0
Petrol (excluding hybrids)  ,Germany,2017,1986488.0
Petrol (excluding hybrids)  ,Germany,2018,2142700.0
Petrol (excluding hybrids)  ,Germany,2019,2136891.0
Petrol (excluding hybrids)  ,Germany,2020,1361723.0
Petrol (excluding hybrids)  ,Germany,2021,972588.0
Petrol (excluding hybrids)  ,Germany,2022,863445.0
Petrol (excluding hybrids)  ,Germany,2023,978660.0
Petrol (excluding hybrids)  ,Germany,2024,991948.0
Petrol (excluding hybrids)  ,Denmark,2013,122644.0
Petrol (excluding hybrids)  ,Denmark,2014,127172.0
Petrol (excluding hybrids)  ,Denmark,2015,137698.0
Petrol (excluding hybrids)  ,Denmark,2016,140371.0
Petrol (excluding hybrids)  ,Denmark,2017,142607.0
Petrol (excluding hybrids)  ,Denmark,2018,141318.0
Petrol (excluding hybrids)  ,Denmark,2019,155863.0
Petrol (excluding hybrids)  ,Denmark,2020,111259.0
Petrol (excluding hybrids)  ,Denmark,2021,87137.0
Petrol (excluding hybrids)  ,Denmark,2022,52655.0
Petrol (excluding hybrids)  ,Denmark,2023,54357.0
Petrol (excluding hybrids)  ,Denmark,2024,39506.0
Petrol (excluding hybrids)  ,Estonia,2013,12017.0
Petrol (excluding hybrids)  ,Estonia,2014,12746.0
Petrol (excluding hybrids)  ,Estonia,2015,13718.0
Petrol (excluding hybrids)  ,Estonia,2016,15821.0
Petrol (excluding hybrids)  ,Estonia,2017,17991.0
Petrol (excluding hybrids)  ,Estonia,2018,18174.0
Petrol (excluding hybrids)  ,Estonia,2019,17928.0
Petrol (excluding hybrids)  ,Estonia,2020,10582.0
Petrol (excluding hybrids)  ,Estonia,2021,10817.0
Petrol (excluding hybrids)  ,Estonia,2022,9029.0
Petrol (excluding hybrids)  ,Estonia,2023,8914.0
Petrol (excluding hybrids)  ,Estonia,2024,6785.0
Petrol (excluding hybrids)  ,Greece,2021,49670.0
Petrol (excluding hybrids)  ,Greece,2022,47152.0
Petrol (excluding hybrids)  ,Greece,2023,56259.0
Petrol (excluding hybrids)  ,Greece,2024,48923.0
Petrol (excluding hybrids)  ,Spain,2014,288860.0
Petrol (excluding hybrids)  ,Spain,2015,376691.0
Petrol (excluding hybrids)  ,Spain,2016,466320.0
Petrol (excluding hybrids)  ,Spain,2017,580296.0
Petrol (excluding hybrids)  ,Spain,2018,756357.0
Petrol (excluding hybrids)  ,Spain,2019,776373.0
Petrol (excluding hybrids)  ,Spain,2020,427645.0
Petrol (excluding hybrids)  ,Spain,2021,390081.0
Petrol (excluding hybrids)  ,Spain,2022,344341.0
Petrol (excluding hybrids)  ,Spain,2023,390295.0
Petrol (excluding hybrids)  ,Spain,2024,383652.0
Petrol (excluding hybrids)  ,European Union - 27 countries (from 2020),2022,3431120.0
Petrol (excluding hybrids)  ,European Union - 27 countries (from 2020),2023,3792523.0
Petrol (excluding hybrids)  ,European Union - 27 countries (from 2020),2024,3637801.0
Petrol (excluding hybrids)  ,Finland,2014,61733.0
Petrol (excluding hybrids)  ,Finland,2015,66252.0
Petrol (excluding hybrids)  ,Finland,2016,73258.0
Petrol (excluding hybrids)  ,Finland,2017,70522.0
Petrol (excluding hybrids)  ,Finland,2018,73069.0
Petrol (excluding hybrids)  ,Finland,2019,67751.0
Petrol (excluding hybrids)  ,Finland,2020,45596.0
Petrol (excluding hybrids)  ,Finland,2021,30760.0
Petrol (excluding hybrids)  ,Finland,2022,19246.0
Petrol (excluding hybrids)  ,Finland,2023,15261.0
Petrol (excluding hybrids)  ,Finland,2024,11258.0
Petrol (excluding hybrids)  ,France,2013,530054.0
Petrol (excluding hybrids)  ,France,2014,589522.0
Petrol (excluding hybrids)  ,France,2015,736108.0
Petrol (excluding hybrids)  ,France,2016,874838.0
Petrol (excluding hybrids)  ,France,2017,1034534.0
Petrol (excluding hybrids)  ,France,2018,1224694.0
Petrol (excluding hybrids)  ,France,2019,1322937.0
Petrol (excluding hybrids)  ,France,2020,802718.0
Petrol (excluding hybrids)  ,France,2021,700919.0
Petrol (excluding hybrids)  ,France,2022,611179.0
Petrol (excluding hybrids)  ,France,2023,672770.0
Petrol (excluding hybrids)  ,France,2024,530232.0
Petrol (excluding hybrids)  ,Georgia,2017,1770.0
Petrol (excluding hybrids)  ,Georgia,2018,1964.0
Petrol (excluding hybrids)  ,Georgia,2019,961.0
Petrol (excluding hybrids)  ,Georgia,2020,961.0
Petrol (excluding hybrids)  ,Georgia,2021,1457.0
Petrol (excluding hybrids)  ,Georgia,2022,2617.0
Petrol (excluding hybrids)  ,Georgia,2023,3233.0
Petrol (excluding hybrids)  ,Georgia,2024,3442.0
Petrol (excluding hybrids)  ,Croatia,2021,23426.0
Petrol (excluding hybrids)  ,Croatia,2022,19149.0
Petrol (excluding hybrids)  ,Croatia,2023,21040.0
Petrol (excluding hybrids)  ,Croatia,2024,29841.0
Petrol (excluding hybrids)  ,Hungary,2013,29966.0
Petrol (excluding hybrids)  ,Hungary,2014,37103.0
Petrol (excluding hybrids)  ,Hungary,2015,44044.0
Petrol (excluding hybrids)  ,Hungary,2016,59943.0
Petrol (excluding hybrids)  ,Hungary,2017,74498.0
Petrol (excluding hybrids)  ,Hungary,2018,96555.0
Petrol (excluding hybrids)  ,Hungary,2019,114709.0
Petrol (excluding hybrids)  ,Hungary,2020,62301.0
Petrol (excluding hybrids)  ,Hungary,2021,45561.0
Petrol (excluding hybrids)  ,Hungary,2022,44330.0
Petrol (excluding hybrids)  ,Hungary,2023,37811.0
Petrol (excluding hybrids)  ,Hungary,2024,36280.0
Petrol (excluding hybrids)  ,Ireland,2017,40495.0
Petrol (excluding hybrids)  ,Ireland,2018,48840.0
Petrol (excluding hybrids)  ,Ireland,2019,50318.0
Petrol (excluding hybrids)  ,Ireland,2020,33595.0
Petrol (excluding hybrids)  ,Ireland,2021,34000.0
Petrol (excluding hybrids)  ,Ireland,2022,32095.0
Petrol (excluding hybrids)  ,Ireland,2023,40370.0
Petrol (excluding hybrids)  ,Ireland,2024,37663.0
Petrol (excluding hybrids)  ,Iceland,2017,10426.0
Petrol (excluding hybrids)  ,Iceland,2018,8411.0
Petrol (excluding hybrids)  ,Iceland,2019,5379.0
Petrol (excluding hybrids)  ,Iceland,2020,2551.0
Petrol (excluding hybrids)  ,Iceland,2021,2250.0
Petrol (excluding hybrids)  ,Iceland,2022,1985.0
Petrol (excluding hybrids)  ,Iceland,2023,1711.0
Petrol (excluding hybrids)  ,Iceland,2024,1551.0
Petrol (excluding hybrids)  ,Italy,2013,419045.0
Petrol (excluding hybrids)  ,Italy,2014,420708.0
Petrol (excluding hybrids)  ,Italy,2015,521450.0
Petrol (excluding hybrids)  ,Italy,2016,643165.0
Petrol (excluding hybrids)  ,Italy,2017,700072.0
Petrol (excluding hybrids)  ,Italy,2018,774685.0
Petrol (excluding hybrids)  ,Italy,2019,889685.0
Petrol (excluding hybrids)  ,Italy,2020,585470.0
Petrol (excluding hybrids)  ,Italy,2021,481746.0
Petrol (excluding hybrids)  ,Italy,2022,376485.0
Petrol (excluding hybrids)  ,Italy,2023,456263.0
Petrol (excluding hybrids)  ,Italy,2024,455940.0
Petrol (excluding hybrids)  ,Liechtenstein,2013,1000.0
Petrol (excluding hybrids)  ,Liechtenstein,2014,944.0
Petrol (excluding hybrids)  ,Liechtenstein,2015,1017.0
Petrol (excluding hybrids)  ,Liechtenstein,2016,889.0
Petrol (excluding hybrids)  ,Liechtenstein,2017,1032.0
Petrol (excluding hybrids)  ,Liechtenstein,2018,1046.0
Petrol (excluding hybrids)  ,Liechtenstein,2019,1047.0
Petrol (excluding hybrids)  ,Liechtenstein,2020,659.0
Petrol (excluding hybrids)  ,Liechtenstein,2021,583.0
Petrol (excluding hybrids)  ,Liechtenstein,2022,514.0
Petrol (excluding hybrids)  ,Liechtenstein,2023,531.0
Petrol (excluding hybrids)  ,Liechtenstein,2024,400.0
Petrol (excluding hybrids)  ,Lithuania,2013,5191.0
Petrol (excluding hybrids)  ,Lithuania,2014,4676.0
Petrol (excluding hybrids)  ,Lithuania,2015,5908.0
Petrol (excluding hybrids)  ,Lithuania,2016,8499.0
Petrol (excluding hybrids)  ,Lithuania,2017,10661.0
Petrol (excluding hybrids)  ,Lithuania,2018,11920.0
Petrol (excluding hybrids)  ,Lithuania,2019,14717.0
Petrol (excluding hybrids)  ,Lithuania,2020,24924.0
Petrol (excluding hybrids)  ,Lithuania,2021,12407.0
Petrol (excluding hybrids)  ,Lithuania,2022,10323.0
Petrol (excluding hybrids)  ,Lithuania,2023,9966.0
Petrol (excluding hybrids)  ,Lithuania,2024,6743.0
Petrol (excluding hybrids)  ,Luxembourg,2013,11847.0
Petrol (excluding hybrids)  ,Luxembourg,2014,13097.0
Petrol (excluding hybrids)  ,Luxembourg,2015,13021.0
Petrol (excluding hybrids)  ,Luxembourg,2016,16900.0
Petrol (excluding hybrids)  ,Luxembourg,2017,22368.0
Petrol (excluding hybrids)  ,Luxembourg,2018,25811.0
Petrol (excluding hybrids)  ,Luxembourg,2019,27837.0
Petrol (excluding hybrids)  ,Luxembourg,2020,19589.0
Petrol (excluding hybrids)  ,Luxembourg,2021,16839.0
Petrol (excluding hybrids)  ,Luxembourg,2022,14559.0
Petrol (excluding hybrids)  ,Luxembourg,2023,16307.0
Petrol (excluding hybrids)  ,Luxembourg,2024,13783.0
Petrol (excluding hybrids)  ,Latvia,2014,5758.0
Petrol (excluding hybrids)  ,Latvia,2015,7202.0
Petrol (excluding hybrids)  ,Latvia,2016,9363.0
Petrol (excluding hybrids)  ,Latvia,2017,9471.0
Petrol (excluding hybrids)  ,Latvia,2018,10222.0
Petrol (excluding hybrids)  ,Latvia,2019,11379.0
Petrol (excluding hybrids)  ,Latvia,2020,8285.0
Petrol (excluding hybrids)  ,Latvia,2021,9788.0
Petrol (excluding hybrids)  ,Latvia,2022,7024.0
Petrol (excluding hybrids)  ,Latvia,2023,6841.0
Petrol (excluding hybrids)  ,Latvia,2024,4619.0
Petrol (excluding hybrids)  ,Montenegro,2016,999.0
Petrol (excluding hybrids)  ,Montenegro,2017,1297.0
Petrol (excluding hybrids)  ,Montenegro,2018,1600.0
Petrol (excluding hybrids)  ,Montenegro,2019,1998.0
Petrol (excluding hybrids)  ,Montenegro,2020,562.0
Petrol (excluding hybrids)  ,Montenegro,2021,1650.0
Petrol (excluding hybrids)  ,Montenegro,2022,1681.0
Petrol (excluding hybrids)  ,Malta,2015,4370.0
Petrol (excluding hybrids)  ,Malta,2016,4560.0
Petrol (excluding hybrids)  ,Malta,2017,4908.0
Petrol (excluding hybrids)  ,Malta,2018,4955.0
Petrol (excluding hybrids)  ,Malta,2019,4612.0
Petrol (excluding hybrids)  ,Malta,2020,2701.0
Petrol (excluding hybrids)  ,Malta,2021,2686.0
Petrol (excluding hybrids)  ,Malta,2022,2411.0
Petrol (excluding hybrids)  ,Malta,2023,2525.0
Petrol (excluding hybrids)  ,Malta,2024,2453.0
Petrol (excluding hybrids)  ,Netherlands,2019,316274.0
Petrol (excluding hybrids)  ,Netherlands,2020,205008.0
Petrol (excluding hybrids)  ,Netherlands,2021,146821.0
Petrol (excluding hybrids)  ,Netherlands,2022,119401.0
Petrol (excluding hybrids)  ,Netherlands,2023,112211.0
Petrol (excluding hybrids)  ,Netherlands,2024,83235.0
Petrol (excluding hybrids)  ,Norway,2016,45894.0
Petrol (excluding hybrids)  ,Norway,2017,42492.0
Petrol (excluding hybrids)  ,Norway,2018,36392.0
Petrol (excluding hybrids)  ,Norway,2019,23294.0
Petrol (excluding hybrids)  ,Norway,2020,11753.0
Petrol (excluding hybrids)  ,Norway,2021,3760.0
Petrol (excluding hybrids)  ,Norway,2022,2284.0
Petrol (excluding hybrids)  ,Norway,2023,818.0
Petrol (excluding hybrids)  ,Norway,2024,346.0
Petrol (excluding hybrids)  ,Poland,2013,183184.0
Petrol (excluding hybrids)  ,Poland,2014,199788.0
Petrol (excluding hybrids)  ,Poland,2015,226638.0
Petrol (excluding hybrids)  ,Poland,2016,271388.0
Petrol (excluding hybrids)  ,Poland,2017,329538.0
Petrol (excluding hybrids)  ,Poland,2018,377113.0
Petrol (excluding hybrids)  ,Poland,2019,407613.0
Petrol (excluding hybrids)  ,Poland,2020,292487.0
Petrol (excluding hybrids)  ,Poland,2021,291872.0
Petrol (excluding hybrids)  ,Poland,2022,262875.0
Petrol (excluding hybrids)  ,Poland,2023,277876.0
Petrol (excluding hybrids)  ,Poland,2024,311395.0
Petrol (excluding hybrids)  ,Portugal,2017,74357.0
Petrol (excluding hybrids)  ,Portugal,2018,87083.0
Petrol (excluding hybrids)  ,Portugal,2019,109847.0
Petrol (excluding hybrids)  ,Portugal,2020,63916.0
Petrol (excluding hybrids)  ,Portugal,2021,62883.0
Petrol (excluding hybrids)  ,Portugal,2022,66058.0
Petrol (excluding hybrids)  ,Portugal,2023,72281.0
Petrol (excluding hybrids)  ,Portugal,2024,71529.0
Petrol (excluding hybrids)  ,Romania,2013,25617.0
Petrol (excluding hybrids)  ,Romania,2014,29362.0
Petrol (excluding hybrids)  ,Romania,2015,408.0
Petrol (excluding hybrids)  ,Romania,2016,44422.0
Petrol (excluding hybrids)  ,Romania,2017,49664.0
Petrol (excluding hybrids)  ,Romania,2018,71873.0
Petrol (excluding hybrids)  ,Romania,2019,107810.0
Petrol (excluding hybrids)  ,Romania,2020,66110.0
Petrol (excluding hybrids)  ,Romania,2021,47813.0
Petrol (excluding hybrids)  ,Romania,2022,53298.0
Petrol (excluding hybrids)  ,Romania,2023,51034.0
Petrol (excluding hybrids)  ,Romania,2024,49005.0
Petrol (excluding hybrids)  ,Serbia,2019,27948.0
Petrol (excluding hybrids)  ,Serbia,2020,26182.0
Petrol (excluding hybrids)  ,Serbia,2021,24878.0
Petrol (excluding hybrids)  ,Serbia,2022,24786.0
Petrol (excluding hybrids)  ,Serbia,2023,24581.0
Petrol (excluding hybrids)  ,Serbia,2024,22977.0
Petrol (excluding hybrids)  ,Sweden,2013,102849.0
Petrol (excluding hybrids)  ,Sweden,2014,116519.0
Petrol (excluding hybrids)  ,Sweden,2015,131576.0
Petrol (excluding hybrids)  ,Sweden,2016,155318.0
Petrol (excluding hybrids)  ,Sweden,2017,157794.0
Petrol (excluding hybrids)  ,Sweden,2018,173813.0
Petrol (excluding hybrids)  ,Sweden,2019,169199.0
Petrol (excluding hybrids)  ,Sweden,2020,94448.0
Petrol (excluding hybrids)  ,Sweden,2021,68405.0
Petrol (excluding hybrids)  ,Sweden,2022,46962.0
Petrol (excluding hybrids)  ,Sweden,2023,60582.0
Petrol (excluding hybrids)  ,Sweden,2024,62677.0
Petrol (excluding hybrids)  ,Slovenia,2013,23942.0
Petrol (excluding hybrids)  ,Slovenia,2014,23916.0
Petrol (excluding hybrids)  ,Slovenia,2015,29038.0
Petrol (excluding hybrids)  ,Slovenia,2016,31429.0
Petrol (excluding hybrids)  ,Slovenia,2017,38229.0
Petrol (excluding hybrids)  ,Slovenia,2018,48240.0
Petrol (excluding hybrids)  ,Slovenia,2019,47937.0
Petrol (excluding hybrids)  ,Slovenia,2020,31529.0
Petrol (excluding hybrids)  ,Slovenia,2021,31245.0
Petrol (excluding hybrids)  ,Slovenia,2022,25989.0
Petrol (excluding hybrids)  ,Slovenia,2023,25198.0
Petrol (excluding hybrids)  ,Slovenia,2024,26811.0
Petrol (excluding hybrids)  ,Slovakia,2022,43903.0
Petrol (excluding hybrids)  ,Slovakia,2023,41412.0
Petrol (excluding hybrids)  ,Slovakia,2024,42130.0
Petrol (excluding hybrids)  ,Türkiye,2013,256479.0
Petrol (excluding hybrids)  ,Türkiye,2014,210141.0
Petrol (excluding hybrids)  ,Türkiye,2015,270634.0
Petrol (excluding hybrids)  ,Türkiye,2016,271315.0
Petrol (excluding hybrids)  ,Türkiye,2017,258940.0
Petrol (excluding hybrids)  ,Türkiye,2018,175515.0
Petrol (excluding hybrids)  ,Türkiye,2019,139898.0
Petrol (excluding hybrids)  ,Türkiye,2020,300676.0
Petrol (excluding hybrids)  ,Türkiye,2021,380973.0
Petrol (excluding hybrids)  ,Türkiye,2022,396912.0
Petrol (excluding hybrids)  ,Türkiye,2023,625501.0
Petrol (excluding hybrids)  ,Türkiye,2024,616699.0
Petrol (excluding hybrids)  ,Ukraine,2019,28689.0
Petrol (excluding hybrids)  ,Ukraine,2020,52907.0
Petrol (excluding hybrids)  ,Ukraine,2021,65235.0
Petrol (excluding hybrids)  ,Ukraine,2022,21775.0
Petrol (excluding hybrids)  ,Ukraine,2023,28689.0
Petrol (excluding hybrids)  ,Ukraine,2024,27057.0
Petrol (excluding hybrids)  ,United Kingdom,2015,1276159.0
Petrol (excluding hybrids)  ,United Kingdom,2016,1313385.0
Petrol (excluding hybrids)  ,United Kingdom,2017,1342152.0
Petrol (excluding hybrids)  ,United Kingdom,2018,1459764.0
Petrol (excluding hybrids)  ,United Kingdom,2021,891232.0
Petrol (excluding hybrids)  ,United Kingdom,2022,801434.0
Petrol (excluding hybrids)  ,United Kingdom,2023,875971.0
Petrol (excluding hybrids)  ,Kosovo*,2017,2928.0
Petrol (excluding hybrids)  ,Kosovo*,2018,2030.0
Petrol (excluding hybrids)  ,Kosovo*,2019,0.0
Petrol (excluding hybrids)  ,Kosovo*,2021,2615.0
Total,Albania,2019,42681.0
Total,Albania,2020,43661.0
Total,Albania,2021,58208.0
Total,Albania,2022,49459.0
Total,Albania,2023,66004.0
Total,Albania,2024,82931.0
Total,Austria,2013,319035.0
Total,Austria,2014,303318.0
Total,Austria,2015,308555.0
Total,Austria,2016,329604.0
Total,Austria,2017,353320.0
Total,Austria,2018,341068.0
Total,Austria,2019,329363.0
Total,Austria,2020,248740.0
Total,Austria,2021,239803.0
Total,Austria,2022,215050.0
Total,Austria,2023,239150.0
Total,Austria,2024,253789.0
Total,Bosnia and Herzegovina,2013,6055.0
Total,Bosnia and Herzegovina,2014,5976.0
Total,Bosnia and Herzegovina,2015,5709.0
Total,Bosnia and Herzegovina,2016,7450.0
Total,Bosnia and Herzegovina,2017,8164.0
Total,Bosnia and Herzegovina,2018,8476.0
Total,Bosnia and Herzegovina,2019,8680.0
Total,Bosnia and Herzegovina,2020,6505.0
Total,Bosnia and Herzegovina,2021,7337.0
Total,Bosnia and Herzegovina,2022,7967.0
Total,Bosnia and Herzegovina,2023,9027.0
Total,Bosnia and Herzegovina,2024,9150.0
Total,Belgium,2013,490369.0
Total,Belgium,2014,487711.0
Total,Belgium,2015,506284.0
Total,Belgium,2016,546142.0
Total,Belgium,2017,553692.0
Total,Belgium,2018,557487.0
Total,Belgium,2019,558003.0
Total,Belgium,2020,439038.0
Total,Belgium,2021,392769.0
Total,Belgium,2022,374597.0
Total,Belgium,2023,484639.0
Total,Belgium,2024,456303.0
Total,Bulgaria,2013,15114.0
Total,Bulgaria,2014,16626.0
Total,Bulgaria,2015,17271.0
Total,Bulgaria,2016,20386.0
Total,Bulgaria,2017,25995.0
Total,Bulgaria,2018,28584.0
Total,Bulgaria,2019,32885.0
Total,Bulgaria,2020,20429.0
Total,Bulgaria,2021,24467.0
Total,Bulgaria,2022,28568.0
Total,Bulgaria,2023,37476.0
Total,Bulgaria,2024,42799.0
Total,Switzerland,2013,313353.0
Total,Switzerland,2014,307403.0
Total,Switzerland,2015,330985.0
Total,Switzerland,2016,323620.0
Total,Switzerland,2017,319765.0
Total,Switzerland,2018,304663.0
Total,Switzerland,2019,318065.0
Total,Switzerland,2020,245510.0
Total,Switzerland,2021,250901.0
Total,Switzerland,2022,236751.0
Total,Switzerland,2023,263514.0
Total,Switzerland,2024,252547.0
Total,Cyprus,2013,7047.0
Total,Cyprus,2014,8271.0
Total,Cyprus,2015,10078.0
Total,Cyprus,2016,12468.0
Total,Cyprus,2017,13118.0
Total,Cyprus,2018,13126.0
Total,Cyprus,2019,12601.0
Total,Cyprus,2020,10237.0
Total,Cyprus,2021,10611.0
Total,Cyprus,2022,11577.0
Total,Cyprus,2023,14637.0
Total,Cyprus,2024,15061.0
Total,Czechia,2013,164627.0
Total,Czechia,2014,192923.0
Total,Czechia,2015,229731.0
Total,Czechia,2016,257854.0
Total,Czechia,2017,269622.0
Total,Czechia,2018,259525.0
Total,Czechia,2019,247567.0
Total,Czechia,2020,198400.0
Total,Czechia,2021,205397.0
Total,Czechia,2022,177644.0
Total,Czechia,2023,212662.0
Total,Czechia,2024,217520.0
Total,Germany,2013,2952431.0
Total,Germany,2014,3036773.0
Total,Germany,2015,3206042.0
Total,Germany,2016,3285904.0
Total,Germany,2017,3441262.0
Total,Germany,2018,3435778.0
Total,Germany,2019,3607258.0
Total,Germany,2020,2917678.0
Total,Germany,2021,2622132.0
Total,Germany,2022,2651357.0
Total,Germany,2023,2844609.0
Total,Germany,2024,2817331.0
Total,Denmark,2013,180642.0
Total,Denmark,2014,188406.0
Total,Denmark,2015,206653.0
Total,Denmark,2016,222469.0
Total,Denmark,2017,221473.0
Total,Denmark,2018,218475.0
Total,Denmark,2019,225620.0
Total,Denmark,2020,198979.0
Total,Denmark,2021,186592.0
Total,Denmark,2022,149285.0
Total,Denmark,2023,173374.0
Total,Denmark,2024,173461.0
Total,Estonia,2013,19690.0
Total,Estonia,2014,21128.0
Total,Estonia,2015,21064.0
Total,Estonia,2016,23020.0
Total,Estonia,2017,25621.0
Total,Estonia,2018,26299.0
Total,Estonia,2019,27579.0
Total,Estonia,2020,19295.0
Total,Estonia,2021,22610.0
Total,Estonia,2022,20558.0
Total,Estonia,2023,22986.0
Total,Estonia,2024,25744.0
Total,Greece,2013,58659.0
Total,Greece,2014,70810.0
Total,Greece,2015,75497.0
Total,Greece,2016,78790.0
Total,Greece,2017,88001.0
Total,Greece,2018,103322.0
Total,Greece,2019,114007.0
Total,Greece,2020,79597.0
Total,Greece,2021,100274.0
Total,Greece,2022,105219.0
Total,Greece,2023,134465.0
Total,Greece,2024,136984.0
Total,Spain,2013,742305.0
Total,Spain,2014,890125.0
Total,Spain,2015,1047782.0
Total,Spain,2016,1228412.0
Total,Spain,2017,1339232.0
Total,Spain,2018,1439270.0
Total,Spain,2019,1372821.0
Total,Spain,2020,927523.0
Total,Spain,2021,918831.0
Total,Spain,2022,851525.0
Total,Spain,2023,983721.0
Total,Spain,2024,1067172.0
Total,European Union - 27 countries (from 2020),2013,9637545.0
Total,European Union - 27 countries (from 2020),2014,10109718.0
Total,European Union - 27 countries (from 2020),2015,11107413.0
Total,European Union - 27 countries (from 2020),2016,11982392.0
Total,European Union - 27 countries (from 2020),2017,12795786.0
Total,European Union - 27 countries (from 2020),2018,13017959.0
Total,European Union - 27 countries (from 2020),2019,13235768.0
Total,European Union - 27 countries (from 2020),2020,10131016.0
Total,European Union - 27 countries (from 2020),2021,9881857.0
Total,European Union - 27 countries (from 2020),2022,9360702.0
Total,European Union - 27 countries (from 2020),2023,10654649.0
Total,European Union - 27 countries (from 2020),2024,10724014.0
Total,Finland,2013,103450.0
Total,Finland,2014,106235.0
Total,Finland,2015,108819.0
Total,Finland,2016,119000.0
Total,Finland,2017,118587.0
Total,Finland,2018,120505.0
Total,Finland,2019,114202.0
Total,Finland,2020,96418.0
Total,Finland,2021,98485.0
Total,Finland,2022,81700.0
Total,Finland,2023,87509.0
Total,Finland,2024,74075.0
Total,France,2013,1756953.0
Total,France,2014,1765855.0
Total,France,2015,1886229.0
Total,France,2016,1984471.0
Total,France,2017,2157670.0
Total,France,2018,2223581.0
Total,France,2019,2258277.0
Total,France,2020,1693530.0
Total,France,2021,1708675.0
Total,France,2022,1576950.0
Total,France,2023,1841326.0
Total,France,2024,1780860.0
Total,Georgia,2017,2731.0
Total,Georgia,2018,3432.0
Total,Georgia,2019,2396.0
Total,Georgia,2020,2396.0
Total,Georgia,2021,3551.0
Total,Georgia,2022,5419.0
Total,Georgia,2023,6422.0
Total,Georgia,2024,8473.0
Total,Croatia,2013,27802.0
Total,Croatia,2014,33997.0
Total,Croatia,2015,34820.0
Total,Croatia,2016,43015.0
Total,Croatia,2017,50412.0
Total,Croatia,2018,59856.0
Total,Croatia,2019,62975.0
Total,Croatia,2020,36047.0
Total,Croatia,2021,35246.0
Total,Croatia,2022,37044.0
Total,Croatia,2023,43866.0
Total,Croatia,2024,47806.0
Total,Hungary,2013,56510.0
Total,Hungary,2014,68016.0
Total,Hungary,2015,77414.0
Total,Hungary,2016,96735.0
Total,Hungary,2017,116305.0
Total,Hungary,2018,136755.0
Total,Hungary,2019,158167.0
Total,Hungary,2020,128196.0
Total,Hungary,2021,122080.0
Total,Hungary,2022,111631.0
Total,Hungary,2023,107860.0
Total,Hungary,2024,121611.0
Total,Ireland,2013,74960.0
Total,Ireland,2014,84136.0
Total,Ireland,2015,129959.0
Total,Ireland,2016,149763.0
Total,Ireland,2017,133579.0
Total,Ireland,2018,128549.0
Total,Ireland,2019,126104.0
Total,Ireland,2020,92393.0
Total,Ireland,2021,108615.0
Total,Ireland,2022,107620.0
Total,Ireland,2023,125530.0
Total,Ireland,2024,123054.0
Total,Iceland,2013,7274.0
Total,Iceland,2014,9536.0
Total,Iceland,2015,14029.0
Total,Iceland,2016,18442.0
Total,Iceland,2017,25900.0
Total,Iceland,2018,21227.0
Total,Iceland,2019,13636.0
Total,Iceland,2020,10622.0
Total,Iceland,2021,15787.0
Total,Iceland,2022,16673.0
Total,Iceland,2023,17543.0
Total,Iceland,2024,10233.0
Total,Italy,2013,1311334.0
Total,Italy,2014,1376185.0
Total,Italy,2015,1593857.0
Total,Italy,2016,1848841.0
Total,Italy,2017,1993826.0
Total,Italy,2018,1944312.0
Total,Italy,2019,1948479.0
Total,Italy,2020,1437259.0
Total,Italy,2021,1518876.0
Total,Italy,2022,1335690.0
Total,Italy,2023,1581156.0
Total,Italy,2024,1559208.0
Total,Liechtenstein,2013,1920.0
Total,Liechtenstein,2014,1800.0
Total,Liechtenstein,2015,2049.0
Total,Liechtenstein,2016,1984.0
Total,Liechtenstein,2017,2024.0
Total,Liechtenstein,2018,1849.0
Total,Liechtenstein,2019,1953.0
Total,Liechtenstein,2020,1510.0
Total,Liechtenstein,2021,1627.0
Total,Liechtenstein,2022,1524.0
Total,Liechtenstein,2023,1590.0
Total,Liechtenstein,2024,1567.0
Total,Lithuania,2013,12257.0
Total,Lithuania,2014,11699.0
Total,Lithuania,2015,13757.0
Total,Lithuania,2016,16402.0
Total,Lithuania,2017,19083.0
Total,Lithuania,2018,21678.0
Total,Lithuania,2019,25609.0
Total,Lithuania,2020,40878.0
Total,Lithuania,2021,28209.0
Total,Lithuania,2022,24115.0
Total,Lithuania,2023,26866.0
Total,Lithuania,2024,27857.0
Total,Luxembourg,2013,46624.0
Total,Luxembourg,2014,49793.0
Total,Luxembourg,2015,46473.0
Total,Luxembourg,2016,50561.0
Total,Luxembourg,2017,52775.0
Total,Luxembourg,2018,52811.0
Total,Luxembourg,2019,55008.0
Total,Luxembourg,2020,45189.0
Total,Luxembourg,2021,44372.0
Total,Luxembourg,2022,42094.0
Total,Luxembourg,2023,49155.0
Total,Luxembourg,2024,46635.0
Total,Latvia,2013,11070.0
Total,Latvia,2014,13173.0
Total,Latvia,2015,14291.0
Total,Latvia,2016,16768.0
Total,Latvia,2017,17064.0
Total,Latvia,2018,17185.0
Total,Latvia,2019,18537.0
Total,Latvia,2020,13725.0
Total,Latvia,2021,14621.0
Total,Latvia,2022,16715.0
Total,Latvia,2023,18451.0
Total,Latvia,2024,17135.0
Total,Moldova,2013,29698.0
Total,Moldova,2014,24843.0
Total,Moldova,2015,17031.0
Total,Moldova,2016,17208.0
Total,Moldova,2017,42225.0
Total,Moldova,2018,27009.0
Total,Moldova,2019,32733.0
Total,Moldova,2020,30339.0
Total,Moldova,2021,41021.0
Total,Moldova,2022,31391.0
Total,Moldova,2023,46033.0
Total,Moldova,2024,53226.0
Total,Montenegro,2014,1864.0
Total,Montenegro,2015,2217.0
Total,Montenegro,2016,2300.0
Total,Montenegro,2017,2979.0
Total,Montenegro,2018,3225.0
Total,Montenegro,2019,3196.0
Total,Montenegro,2020,3981.0
Total,Montenegro,2021,2990.0
Total,Montenegro,2022,4066.0
Total,North Macedonia,2013,31927.0
Total,North Macedonia,2014,29766.0
Total,North Macedonia,2015,29308.0
Total,North Macedonia,2016,30423.0
Total,North Macedonia,2017,26609.0
Total,North Macedonia,2018,33072.0
Total,North Macedonia,2019,39217.0
Total,North Macedonia,2020,29952.0
Total,North Macedonia,2021,39427.0
Total,North Macedonia,2022,28018.0
Total,North Macedonia,2023,35509.0
Total,Malta,2013,5749.0
Total,Malta,2014,6451.0
Total,Malta,2015,7168.0
Total,Malta,2016,7306.0
Total,Malta,2017,7776.0
Total,Malta,2018,8175.0
Total,Malta,2019,7698.0
Total,Malta,2020,4602.0
Total,Malta,2021,5250.0
Total,Malta,2022,6429.0
Total,Malta,2023,7464.0
Total,Malta,2024,7683.0
Total,Netherlands,2013,416717.0
Total,Netherlands,2014,387568.0
Total,Netherlands,2015,448906.0
Total,Netherlands,2016,382512.0
Total,Netherlands,2017,414306.0
Total,Netherlands,2018,443529.0
Total,Netherlands,2019,445218.0
Total,Netherlands,2020,355432.0
Total,Netherlands,2021,322318.0
Total,Netherlands,2022,312070.0
Total,Netherlands,2023,369608.0
Total,Netherlands,2024,381529.0
Total,Norway,2013,150018.0
Total,Norway,2014,149963.0
Total,Norway,2015,158577.0
Total,Norway,2016,160404.0
Total,Norway,2017,167692.0
Total,Norway,2018,158837.0
Total,Norway,2019,148682.0
Total,Norway,2020,157503.0
Total,Norway,2021,182618.0
Total,Norway,2022,180864.0
Total,Norway,2023,128731.0
Total,Norway,2024,130653.0
Total,Poland,2013,290983.0
Total,Poland,2014,327709.0
Total,Poland,2015,356337.0
Total,Poland,2016,418058.0
Total,Poland,2017,490651.0
Total,Poland,2018,540396.0
Total,Poland,2019,561153.0
Total,Poland,2020,432394.0
Total,Poland,2021,450831.0
Total,Poland,2022,421565.0
Total,Poland,2023,477258.0
Total,Poland,2024,554248.0
Total,Portugal,2013,105921.0
Total,Portugal,2014,142826.0
Total,Portugal,2015,178495.0
Total,Portugal,2016,207330.0
Total,Portugal,2017,224037.0
Total,Portugal,2018,228139.0
Total,Portugal,2019,223674.0
Total,Portugal,2020,145270.0
Total,Portugal,2021,146641.0
Total,Portugal,2022,158258.0
Total,Portugal,2023,200237.0
Total,Portugal,2024,210223.0
Total,Romania,2013,57700.0
Total,Romania,2014,70175.0
Total,Romania,2015,81175.0
Total,Romania,2016,95181.0
Total,Romania,2017,106873.0
Total,Romania,2018,130921.0
Total,Romania,2019,161564.0
Total,Romania,2020,126329.0
Total,Romania,2021,121210.0
Total,Romania,2022,129324.0
Total,Romania,2023,144609.0
Total,Romania,2024,151105.0
Total,Serbia,2015,30572.0
Total,Serbia,2016,34461.0
Total,Serbia,2017,40461.0
Total,Serbia,2018,43954.0
Total,Serbia,2019,49926.0
Total,Serbia,2020,45061.0
Total,Serbia,2021,41301.0
Total,Serbia,2022,42256.0
Total,Serbia,2023,45960.0
Total,Serbia,2024,49282.0
Total,Sweden,2013,292162.0
Total,Sweden,2014,324030.0
Total,Sweden,2015,361908.0
Total,Sweden,2016,387997.0
Total,Sweden,2017,392717.0
Total,Sweden,2018,365513.0
Total,Sweden,2019,366946.0
Total,Sweden,2020,293771.0
Total,Sweden,2021,303906.0
Total,Sweden,2022,289779.0
Total,Sweden,2023,290768.0
Total,Sweden,2024,270744.0
Total,Slovenia,2013,51968.0
Total,Slovenia,2014,54086.0
Total,Slovenia,2015,60668.0
Total,Slovenia,2016,64899.0
Total,Slovenia,2017,72477.0
Total,Slovenia,2018,74518.0
Total,Slovenia,2019,72710.0
Total,Slovenia,2020,53367.0
Total,Slovenia,2021,53428.0
Total,Slovenia,2022,45679.0
Total,Slovenia,2023,48455.0
Total,Slovenia,2024,52533.0
Total,Slovakia,2013,65466.0
Total,Slovakia,2014,71693.0
Total,Slovakia,2015,78180.0
Total,Slovakia,2016,88504.0
Total,Slovakia,2017,96312.0
Total,Slovakia,2018,98602.0
Total,Slovakia,2019,101743.0
Total,Slovakia,2020,76300.0
Total,Slovakia,2021,75608.0
Total,Slovakia,2022,78659.0
Total,Slovakia,2023,86812.0
Total,Slovakia,2024,91544.0
Total,Türkiye,2013,654905.0
Total,Türkiye,2014,585814.0
Total,Türkiye,2015,746395.0
Total,Türkiye,2016,746074.0
Total,Türkiye,2017,741902.0
Total,Türkiye,2018,526235.0
Total,Türkiye,2019,386748.0
Total,Türkiye,2020,601525.0
Total,Türkiye,2021,614037.0
Total,Türkiye,2022,566280.0
Total,Türkiye,2023,945768.0
Total,Türkiye,2024,1014830.0
Total,Ukraine,2019,62951.0
Total,Ukraine,2020,88797.0
Total,Ukraine,2021,107771.0
Total,Ukraine,2022,39090.0
Total,Ukraine,2023,62951.0
Total,Ukraine,2024,68757.0
Total,United Kingdom,2013,2264737.0
Total,United Kingdom,2014,2476435.0
Total,United Kingdom,2015,2602146.0
Total,United Kingdom,2016,2665251.0
Total,United Kingdom,2017,2509330.0
Total,United Kingdom,2018,2341505.0
Total,United Kingdom,2019,2311140.0
Total,United Kingdom,2020,1631064.0
Total,United Kingdom,2021,1640224.0
Total,United Kingdom,2022,1613141.0
Total,United Kingdom,2023,1899737.0
Total,Kosovo*,2017,19500.0
Total,Kosovo*,2018,9842.0
Total,Kosovo*,2019,22587.0
Total,Kosovo*,2021,27171.0
