STRUCTURE,STRUCTURE_ID,STRUCTURE_NAME,freq,Time frequency,unit,Unit of measure,mot_nrg,Motor energy,geo,Geopolitical entity (reporting),TIME_PERIOD,Time,OBS_VALUE,Observation value,OBS_FLAG,Observation status (Flag) V2 structure,CONF_STATUS,Confidentiality status (flag)
dataflow,ESTAT:ROAD_EQR_CARPDA(1.0),New passenger cars by type of motor energy,A,Annual,NR,Number,ALT,Alternative energy,AL,Albania,2019,,3757,,,,,
dataflow,ESTAT:ROAD_EQR_CARPDA(1.0),New passenger cars by type of motor energy,A,Annual,NR,Number,ALT,Alternative energy,AL,Albania,2020,,372,,,,,
dataflow,ESTAT:ROAD_EQR_CARPDA(1.0),New passenger cars by type of motor energy,A,Annual,NR,Number,ALT,Alternative energy,AL,Albania,2021,,5703,,,,,
dataflow,ESTAT:ROAD_EQR_CARPDA(1.0),New passenger cars by type of motor energy,A,Annual,NR,Number,ALT,Alternative energy,AL,Albania,2022,,4114,,,,,
dataflow,ESTAT:ROAD_EQR_CARPDA(1.0),New passenger cars by type of motor energy,A,Annual,NR,Number,ALT,Alternative energy,AL,Albania,2023,,6088,,,,,
dataflow,ESTAT:ROAD_EQR_CARPDA(1.0),New passenger cars by type of motor energy,A,Annual,NR,Number,ALT,Alternative energy,AL,Albania,2024,,11047,,,,,
dataflow,ESTAT:ROAD_EQR_CARPDA(1.0),New passenger cars by type of motor energy,A,Annual,NR,Number,ALT,Alternative energy,AT,Austria,2013,,1285,,,,,
dataflow,ESTAT:ROAD_EQR_CARPDA(1.0),New passenger cars by type of motor energy,A,Annual,NR,Number,ALT,Alternative energy,AT,Austria,2014,,2074,,,,,
dataflow,ESTAT:ROAD_EQR_CARPDA(1.0),New passenger cars by type of motor energy,A,Annual,NR,Number,ALT,Alternative energy,AT,Austria,2015,,2389,,,,,
dataflow,ESTAT:ROAD_EQR_CARPDA(1.0),New passenger cars by type of motor energy,A,Annual,NR,Number,ALT,Alternative energy,AT,Austria,2016,,4317,,,,,
dataflow,ESTAT:ROAD_EQR_CARPDA(1.0),New passenger cars by type of motor energy,A,Annual,NR,Number,ALT,Alternative energy,AT,Austria,2017,,5868,,,,,
dataflow,ESTAT:ROAD_EQR_CARPDA(1.0),New passenger cars by type of motor energy,A,Annual,NR,Number,ALT,Alternative energy,AT,Austria,2018,,7406,,,,,
dataflow,ESTAT:ROAD_EQR_CARPDA(1.0),New passenger cars by type of motor energy,A,Annual,NR,Number,ALT,Alternative energy,AT,Austria,2019,,9841,,,,,
dataflow,ESTAT:ROAD_EQR_CARPDA(1.0),New passenger cars by type of motor energy,A,Annual,NR,Number,ALT,Alternative energy,AT,Austria,2020,,16393,,,,,
dataflow,ESTAT:ROAD_EQR_CARPDA(1.0),New passenger cars by type of motor energy,A,Annual,NR,Number,ALT,Alternative energy,AT,Austria,2021,,33466,,,,,
dataflow,ESTAT:ROAD_EQR_CARPDA(1.0),New passenger cars by type of motor energy,A,Annual,NR,Number,ALT,Alternative energy,AT,Austria,2022,,34242,,,,,
dataflow,ESTAT:ROAD_EQR_CARPDA(1.0),New passenger cars by type of motor energy,A,Annual,NR,Number,ALT,Alternative energy,AT,Austria,2023,,47642,,,,,
dataflow,ESTAT:ROAD_EQR_CARPDA(1.0),New passenger cars by type of motor energy,A,Annual,NR,Number,ALT,Alternative energy,AT,Austria,2024,,44635,,,,,
dataflow,ESTAT:ROAD_EQR_CARPDA(1.0),New passenger cars by type of motor energy,A,Annual,NR,Number,ALT,Alternative energy,BA,Bosnia and Herzegovina,2013,,39,,,,,
dataflow,ESTAT:ROAD_EQR_CARPDA(1.0),New passenger cars by type of motor energy,A,Annual,NR,Number,ALT,Alternative energy,BA,Bosnia and Herzegovina,2014,,46,,,,,
dataflow,ESTAT:ROAD_EQR_CARPDA(1.0),New passenger cars by type of motor energy,A,Annual,NR,Number,ALT,Alternative energy,BA,Bosnia and Herzegovina,2015,,49,,,,,
dataflow,ESTAT:ROAD_EQR_CARPDA(1.0),New passenger cars by type of motor energy,A,Annual,NR,Number,ALT,Alternative energy,BA,Bosnia and Herzegovina,2016,,141,,,,,
dataflow,ESTAT:ROAD_EQR_CARPDA(1.0),New passenger cars by type of motor energy,A,Annual,NR,Number,ALT,Alternative energy,BA,Bosnia and Herzegovina,2017,,136,,,,,
dataflow,ESTAT:ROAD_EQR_CARPDA(1.0),New passenger cars by type of motor energy,A,Annual,NR,Number,ALT,Alternative energy,BA,Bosnia and Herzegovina,2018,,101,,,,,
dataflow,ESTAT:ROAD_EQR_CARPDA(1.0),New passenger cars by type of motor energy,A,Annual,NR,Number,ALT,Alternative energy,BA,Bosnia and Herzegovina,2019,,137,,,,,
dataflow,ESTAT:ROAD_EQR_CARPDA(1.0),New passenger cars by type of motor energy,A,Annual,NR,Number,ALT,Alternative energy,BA,Bosnia and Herzegovina,2020,,73,,,,,
dataflow,ESTAT:ROAD_EQR_CARPDA(1.0),New passenger cars by type of motor energy,A,Annual,NR,Number,ALT,Alternative energy,BA,Bosnia and Herzegovina,2021,,229,,,,,
dataflow,ESTAT:ROAD_EQR_CARPDA(1.0),New passenger cars by type of motor energy,A,Annual,NR,Number,ALT,Alternative energy,BA,Bosnia and Herzegovina,2022,,300,,,,,
dataflow,ESTAT:ROAD_EQR_CARPDA(1.0),New passenger cars by type of motor energy,A,Annual,NR,Number,ALT,Alternative energy,BA,Bosnia and Herzegovina,2023,,333,,,,,
dataflow,ESTAT:ROAD_EQR_CARPDA(1.0),New passenger cars by type of motor energy,A,Annual,NR,Number,ALT,Alternative energy,BA,Bosnia and Herzegovina,2024,,300,,,,,
dataflow,ESTAT:ROAD_EQR_CARPDA(1.0),New passenger cars by type of motor energy,A,Annual,NR,Number,ALT,Alternative energy,BE,Belgium,2013,,843,,,,,
dataflow,ESTAT:ROAD_EQR_CARPDA(1.0),New passenger cars by type of motor energy,A,Annual,NR,Number,ALT,Alternative energy,BE,Belgium,2014,,2234,,,,,
dataflow,ESTAT:ROAD_EQR_CARPDA(1.0),New passenger cars by type of motor energy,A,Annual,NR,Number,ALT,Alternative energy,BE,Belgium,2015,,2146,,,,,
dataflow,ESTAT:ROAD_EQR_CARPDA(1.0),New passenger cars by type of motor energy,A,Annual,NR,Number,ALT,Alternative energy,BE,Belgium,2016,,4453,,,,,
dataflow,ESTAT:ROAD_EQR_CARPDA(1.0),New passenger cars by type of motor energy,A,Annual,NR,Number,ALT,Alternative energy,BE,Belgium,2017,,5408,,,,,
dataflow,ESTAT:ROAD_EQR_CARPDA(1.0),New passenger cars by type of motor energy,A,Annual,NR,Number,ALT,Alternative energy,BE,Belgium,2018,,7931,,,,,
dataflow,ESTAT:ROAD_EQR_CARPDA(1.0),New passenger cars by type of motor energy,A,Annual,NR,Number,ALT,Alternative energy,BE,Belgium,2019,,12525,,,,,
dataflow,ESTAT:ROAD_EQR_CARPDA(1.0),New passenger cars by type of motor energy,A,Annual,NR,Number,ALT,Alternative energy,BE,Belgium,2020,,18919,,,,,
dataflow,ESTAT:ROAD_EQR_CARPDA(1.0),New passenger cars by type of motor energy,A,Annual,NR,Number,ALT,Alternative energy,BE,Belgium,2021,,25866,,,,,
dataflow,ESTAT:ROAD_EQR_CARPDA(1.0),New passenger cars by type of motor energy,A,Annual,NR,Number,ALT,Alternative energy,BE,Belgium,2022,,40652,,,,,
dataflow,ESTAT:ROAD_EQR_CARPDA(1.0),New passenger cars by type of motor energy,A,Annual,NR,Number,ALT,Alternative energy,BE,Belgium,2023,,97043,,i,value imputed by Eurostat or other receiving agencies,,
dataflow,ESTAT:ROAD_EQR_CARPDA(1.0),New passenger cars by type of motor energy,A,Annual,NR,Number,ALT,Alternative energy,BE,Belgium,2024,,131433,,i,value imputed by Eurostat or other receiving agencies,,
dataflow,ESTAT:ROAD_EQR_CARPDA(1.0),New passenger cars by type of motor energy,A,Annual,NR,Number,ALT,Alternative energy,BG,Bulgaria,2022,,1042,,i,value imputed by Eurostat or other receiving agencies,,
dataflow,ESTAT:ROAD_EQR_CARPDA(1.0),New passenger cars by type of motor energy,A,Annual,NR,Number,ALT,Alternative energy,BG,Bulgaria,2023,,1783,,i,value imputed by Eurostat or other receiving agencies,,
dataflow,ESTAT:ROAD_EQR_CARPDA(1.0),New passenger cars by type of motor energy,A,Annual,NR,Number,ALT,Alternative energy,BG,Bulgaria,2024,,1786,,i,value imputed by Eurostat or other receiving agencies,,
dataflow,ESTAT:ROAD_EQR_CARPDA(1.0),New passenger cars by type of motor energy,A,Annual,NR,Number,ALT,Alternative energy,CH,Switzerland,2013,,2272,,,,,
dataflow,ESTAT:ROAD_EQR_CARPDA(1.0),New passenger cars by type of motor energy,A,Annual,NR,Number,ALT,Alternative energy,CH,Switzerland,2014,,3012,,,,,
dataflow,ESTAT:ROAD_EQR_CARPDA(1.0),New passenger cars by type of motor energy,A,Annual,NR,Number,ALT,Alternative energy,CH,Switzerland,2015,,4993,,,,,
dataflow,ESTAT:ROAD_EQR_CARPDA(1.0),New passenger cars by type of motor energy,A,Annual,NR,Number,ALT,Alternative energy,CH,Switzerland,2016,,4484,,,,,
dataflow,ESTAT:ROAD_EQR_CARPDA(1.0),New passenger cars by type of motor energy,A,Annual,NR,Number,ALT,Alternative energy,CH,Switzerland,2017,,5704,,,,,
dataflow,ESTAT:ROAD_EQR_CARPDA(1.0),New passenger cars by type of motor energy,A,Annual,NR,Number,ALT,Alternative energy,CH,Switzerland,2018,,6172,,,,,
dataflow,ESTAT:ROAD_EQR_CARPDA(1.0),New passenger cars by type of motor energy,A,Annual,NR,Number,ALT,Alternative energy,CH,Switzerland,2019,,14460,,,,,
dataflow,ESTAT:ROAD_EQR_CARPDA(1.0),New passenger cars by type of motor energy,A,Annual,NR,Number,ALT,Alternative energy,CH,Switzerland,2020,,20378,,,,,
dataflow,ESTAT:ROAD_EQR_CARPDA(1.0),New passenger cars by type of motor energy,A,Annual,NR,Number,ALT,Alternative energy,CH,Switzerland,2021,,32394,,,,,
dataflow,ESTAT:ROAD_EQR_CARPDA(1.0),New passenger cars by type of motor energy,A,Annual,NR,Number,ALT,Alternative energy,CH,Switzerland,2022,,40730,,,,,
dataflow,ESTAT:ROAD_EQR_CARPDA(1.0),New passenger cars by type of motor energy,A,Annual,NR,Number,ALT,Alternative energy,CH,Switzerland,2023,,53031,,,,,
dataflow,ESTAT:ROAD_EQR_CARPDA(1.0),New passenger cars by type of motor energy,A,Annual,NR,Number,ALT,Alternative energy,CH,Switzerland,2024,,46636,,,,,
dataflow,ESTAT:ROAD_EQR_CARPDA(1.0),New passenger cars by type of motor energy,A,Annual,NR,Number,ALT,Alternative energy,CY,Cyprus,2013,,8,,,,,
dataflow,ESTAT:ROAD_EQR_CARPDA(1.0),New passenger cars by type of motor energy,A,Annual,NR,Number,ALT,Alternative energy,CY,Cyprus,2014,,1,,,,,
dataflow,ESTAT:ROAD_EQR_CARPDA(1.0),New passenger cars by type of motor energy,A,Annual,NR,Number,ALT,Alternative energy,CY,Cyprus,2015,,4,,,,,
dataflow,ESTAT:ROAD_EQR_CARPDA(1.0),New passenger cars by type of motor energy,A,Annual,NR,Number,ALT,Alternative energy,CY,Cyprus,2016,,7,,,,,
dataflow,ESTAT:ROAD_EQR_CARPDA(1.0),New passenger cars by type of motor energy,A,Annual,NR,Number,ALT,Alternative energy,CY,Cyprus,2017,,18,,,,,
dataflow,ESTAT:ROAD_EQR_CARPDA(1.0),New passenger cars by type of motor energy,A,Annual,NR,Number,ALT,Alternative energy,CY,Cyprus,2018,,5,,,,,
dataflow,ESTAT:ROAD_EQR_CARPDA(1.0),New passenger cars by type of motor energy,A,Annual,NR,Number,ALT,Alternative energy,CY,Cyprus,2019,,58,,,,,
dataflow,ESTAT:ROAD_EQR_CARPDA(1.0),New passenger cars by type of motor energy,A,Annual,NR,Number,ALT,Alternative energy,CY,Cyprus,2020,,42,,,,,
dataflow,ESTAT:ROAD_EQR_CARPDA(1.0),New passenger cars by type of motor energy,A,Annual,NR,Number,ALT,Alternative energy,CY,Cyprus,2021,,80,,,,,
dataflow,ESTAT:ROAD_EQR_CARPDA(1.0),New passenger cars by type of motor energy,A,Annual,NR,Number,ALT,Alternative energy,CY,Cyprus,2022,,403,,,,,
dataflow,ESTAT:ROAD_EQR_CARPDA(1.0),New passenger cars by type of motor energy,A,Annual,NR,Number,ALT,Alternative energy,CY,Cyprus,2023,,788,,,,,
dataflow,ESTAT:ROAD_EQR_CARPDA(1.0),New passenger cars by type of motor energy,A,Annual,NR,Number,ALT,Alternative energy,CY,Cyprus,2024,,1193,,,,,
dataflow,ESTAT:ROAD_EQR_CARPDA(1.0),New passenger cars by type of motor energy,A,Annual,NR,Number,ALT,Alternative energy,CZ,Czechia,2021,,6726,,,,,
dataflow,ESTAT:ROAD_EQR_CARPDA(1.0),New passenger cars by type of motor energy,A,Annual,NR,Number,ALT,Alternative energy,CZ,Czechia,2022,,8584,,,,,
dataflow,ESTAT:ROAD_EQR_CARPDA(1.0),New passenger cars by type of motor energy,A,Annual,NR,Number,ALT,Alternative energy,CZ,Czechia,2023,,10661,,,,,
dataflow,ESTAT:ROAD_EQR_CARPDA(1.0),New passenger cars by type of motor energy,A,Annual,NR,Number,ALT,Alternative energy,CZ,Czechia,2024,,15523,,,,,
dataflow,ESTAT:ROAD_EQR_CARPDA(1.0),New passenger cars by type of motor energy,A,Annual,NR,Number,ALT,Alternative energy,DE,Germany,2013,,46534,,,,,
dataflow,ESTAT:ROAD_EQR_CARPDA(1.0),New passenger cars by type of motor energy,A,Annual,NR,Number,ALT,Alternative energy,DE,Germany,2014,,50482,,,,,
dataflow,ESTAT:ROAD_EQR_CARPDA(1.0),New passenger cars by type of motor energy,A,Annual,NR,Number,ALT,Alternative energy,DE,Germany,2015,,56202,,,,,
dataflow,ESTAT:ROAD_EQR_CARPDA(1.0),New passenger cars by type of motor energy,A,Annual,NR,Number,ALT,Alternative energy,DE,Germany,2016,,65703,,,,,
dataflow,ESTAT:ROAD_EQR_CARPDA(1.0),New passenger cars by type of motor energy,A,Annual,NR,Number,ALT,Alternative energy,DE,Germany,2017,,33326,,,,,
dataflow,ESTAT:ROAD_EQR_CARPDA(1.0),New passenger cars by type of motor energy,A,Annual,NR,Number,ALT,Alternative energy,DE,Germany,2018,,51711,,,,,
dataflow,ESTAT:ROAD_EQR_CARPDA(1.0),New passenger cars by type of motor energy,A,Annual,NR,Number,ALT,Alternative energy,DE,Germany,2019,,78487,,,,,
dataflow,ESTAT:ROAD_EQR_CARPDA(1.0),New passenger cars by type of motor energy,A,Annual,NR,Number,ALT,Alternative energy,DE,Germany,2020,,208271,,,,,
dataflow,ESTAT:ROAD_EQR_CARPDA(1.0),New passenger cars by type of motor energy,A,Annual,NR,Number,ALT,Alternative energy,DE,Germany,2021,,370529,,,,,
dataflow,ESTAT:ROAD_EQR_CARPDA(1.0),New passenger cars by type of motor energy,A,Annual,NR,Number,ALT,Alternative energy,DE,Germany,2022,,488321,,,,,
dataflow,ESTAT:ROAD_EQR_CARPDA(1.0),New passenger cars by type of motor energy,A,Annual,NR,Number,ALT,Alternative energy,DE,Germany,2023,,539070,,,,,
dataflow,ESTAT:ROAD_EQR_CARPDA(1.0),New passenger cars by type of motor energy,A,Annual,NR,Number,ALT,Alternative energy,DE,Germany,2024,,394733,,,,,
dataflow,ESTAT:ROAD_EQR_CARPDA(1.0),New passenger cars by type of motor energy,A,Annual,NR,Number,ALT,Alternative energy,DK,Denmark,2013,,549,,,,,
dataflow,ESTAT:ROAD_EQR_CARPDA(1.0),New passenger cars by type of motor energy,A,Annual,NR,Number,ALT,Alternative energy,DK,Denmark,2014,,1608,,,,,
dataflow,ESTAT:ROAD_EQR_CARPDA(1.0),New passenger cars by type of motor energy,A,Annual,NR,Number,ALT,Alternative energy,DK,Denmark,2015,,1315,,,,,
dataflow,ESTAT:ROAD_EQR_CARPDA(1.0),New passenger cars by type of motor energy,A,Annual,NR,Number,ALT,Alternative energy,DK,Denmark,2016,,1315,,,,,
dataflow,ESTAT:ROAD_EQR_CARPDA(1.0),New passenger cars by type of motor energy,A,Annual,NR,Number,ALT,Alternative energy,DK,Denmark,2017,,753,,,,,
dataflow,ESTAT:ROAD_EQR_CARPDA(1.0),New passenger cars by type of motor energy,A,Annual,NR,Number,ALT,Alternative energy,DK,Denmark,2018,,1557,,,,,
dataflow,ESTAT:ROAD_EQR_CARPDA(1.0),New passenger cars by type of motor energy,A,Annual,NR,Number,ALT,Alternative energy,DK,Denmark,2019,,5515,,,,,
dataflow,ESTAT:ROAD_EQR_CARPDA(1.0),New passenger cars by type of motor energy,A,Annual,NR,Number,ALT,Alternative energy,DK,Denmark,2020,,14263,,,,,
dataflow,ESTAT:ROAD_EQR_CARPDA(1.0),New passenger cars by type of motor energy,A,Annual,NR,Number,ALT,Alternative energy,DK,Denmark,2021,,24951,,,,,
dataflow,ESTAT:ROAD_EQR_CARPDA(1.0),New passenger cars by type of motor energy,A,Annual,NR,Number,ALT,Alternative energy,DK,Denmark,2022,,30805,,,,,
dataflow,ESTAT:ROAD_EQR_CARPDA(1.0),New passenger cars by type of motor energy,A,Annual,NR,Number,ALT,Alternative energy,DK,Denmark,2023,,62577,,,,,
dataflow,ESTAT:ROAD_EQR_CARPDA(1.0),New passenger cars by type of motor energy,A,Annual,NR,Number,ALT,Alternative energy,DK,Denmark,2024,,89058,,,,,
dataflow,ESTAT:ROAD_EQR_CARPDA(1.0),New passenger cars by type of motor energy,A,Annual,NR,Number,ALT,Alternative energy,EE,Estonia,2013,,137,,,,,
dataflow,ESTAT:ROAD_EQR_CARPDA(1.0),New passenger cars by type of motor energy,A,Annual,NR,Number,ALT,Alternative energy,EE,Estonia,2014,,348,,,,,
dataflow,ESTAT:ROAD_EQR_CARPDA(1.0),New passenger cars by type of motor energy,A,Annual,NR,Number,ALT,Alternative energy,EE,Estonia,2015,,46,,,,,
dataflow,ESTAT:ROAD_EQR_CARPDA(1.0),New passenger cars by type of motor energy,A,Annual,NR,Number,ALT,Alternative energy,EE,Estonia,2016,,35,,,,,
dataflow,ESTAT:ROAD_EQR_CARPDA(1.0),New passenger cars by type of motor energy,A,Annual,NR,Number,ALT,Alternative energy,EE,Estonia,2017,,35,,,,,
dataflow,ESTAT:ROAD_EQR_CARPDA(1.0),New passenger cars by type of motor energy,A,Annual,NR,Number,ALT,Alternative energy,EE,Estonia,2018,,86,,,,,
dataflow,ESTAT:ROAD_EQR_CARPDA(1.0),New passenger cars by type of motor energy,A,Annual,NR,Number,ALT,Alternative energy,EE,Estonia,2019,,655,,,,,
dataflow,ESTAT:ROAD_EQR_CARPDA(1.0),New passenger cars by type of motor energy,A,Annual,NR,Number,ALT,Alternative energy,EE,Estonia,2020,,1008,,,,,
dataflow,ESTAT:ROAD_EQR_CARPDA(1.0),New passenger cars by type of motor energy,A,Annual,NR,Number,ALT,Alternative energy,EE,Estonia,2021,,954,,i,value imputed by Eurostat or other receiving agencies,,
dataflow,ESTAT:ROAD_EQR_CARPDA(1.0),New passenger cars by type of motor energy,A,Annual,NR,Number,ALT,Alternative energy,EE,Estonia,2022,,979,,i,value imputed by Eurostat or other receiving agencies,,
dataflow,ESTAT:ROAD_EQR_CARPDA(1.0),New passenger cars by type of motor energy,A,Annual,NR,Number,ALT,Alternative energy,EE,Estonia,2023,,1515,,,,,
dataflow,ESTAT:ROAD_EQR_CARPDA(1.0),New passenger cars by type of motor energy,A,Annual,NR,Number,ALT,Alternative energy,EE,Estonia,2024,,1469,,,,,
dataflow,ESTAT:ROAD_EQR_CARPDA(1.0),New passenger cars by type of motor energy,A,Annual,NR,Number,ALT,Alternative energy,EL,Greece,2021,,5568,,e,estimated,,
dataflow,ESTAT:ROAD_EQR_CARPDA(1.0),New passenger cars by type of motor energy,A,Annual,NR,Number,ALT,Alternative energy,EL,Greece,2022,,6536,,,,,
dataflow,ESTAT:ROAD_EQR_CARPDA(1.0),New passenger cars by type of motor energy,A,Annual,NR,Number,ALT,Alternative energy,EL,Greece,2023,,10154,,,,,
dataflow,ESTAT:ROAD_EQR_CARPDA(1.0),New passenger cars by type of motor energy,A,Annual,NR,Number,ALT,Alternative energy,EL,Greece,2024,,12177,,i,value imputed by Eurostat or other receiving agencies,,
dataflow,ESTAT:ROAD_EQR_CARPDA(1.0),New passenger cars by type of motor energy,A,Annual,NR,Number,ALT,Alternative energy,ES,Spain,2013,,2088,,,,,
dataflow,ESTAT:ROAD_EQR_CARPDA(1.0),New passenger cars by type of motor energy,A,Annual,NR,Number,ALT,Alternative energy,ES,Spain,2014,,2589,,,,,
dataflow,ESTAT:ROAD_EQR_CARPDA(1.0),New passenger cars by type of motor energy,A,Annual,NR,Number,ALT,Alternative energy,ES,Spain,2015,,5121,,,,,
dataflow,ESTAT:ROAD_EQR_CARPDA(1.0),New passenger cars by type of motor energy,A,Annual,NR,Number,ALT,Alternative energy,ES,Spain,2016,,5522,,,,,
dataflow,ESTAT:ROAD_EQR_CARPDA(1.0),New passenger cars by type of motor energy,A,Annual,NR,Number,ALT,Alternative energy,ES,Spain,2017,,12531,,,,,
dataflow,ESTAT:ROAD_EQR_CARPDA(1.0),New passenger cars by type of motor energy,A,Annual,NR,Number,ALT,Alternative energy,ES,Spain,2018,,34090,,,,,
dataflow,ESTAT:ROAD_EQR_CARPDA(1.0),New passenger cars by type of motor energy,A,Annual,NR,Number,ALT,Alternative energy,ES,Spain,2019,,42864,,,,,
dataflow,ESTAT:ROAD_EQR_CARPDA(1.0),New passenger cars by type of motor energy,A,Annual,NR,Number,ALT,Alternative energy,ES,Spain,2020,,33560,,,,,
dataflow,ESTAT:ROAD_EQR_CARPDA(1.0),New passenger cars by type of motor energy,A,Annual,NR,Number,ALT,Alternative energy,ES,Spain,2021,,40091,,,,,
dataflow,ESTAT:ROAD_EQR_CARPDA(1.0),New passenger cars by type of motor energy,A,Annual,NR,Number,ALT,Alternative energy,ES,Spain,2022,,47636,,,,,
dataflow,ESTAT:ROAD_EQR_CARPDA(1.0),New passenger cars by type of motor energy,A,Annual,NR,Number,ALT,Alternative energy,ES,Spain,2023,,82720,,,,,
dataflow,ESTAT:ROAD_EQR_CARPDA(1.0),New passenger cars by type of motor energy,A,Annual,NR,Number,ALT,Alternative energy,ES,Spain,2024,,93935,,,,,
dataflow,ESTAT:ROAD_EQR_CARPDA(1.0),New passenger cars by type of motor energy,A,Annual,NR,Number,ALT,Alternative energy,EU27_2020,European Union - 27 countries (from 2020),2022,,1399095,,,,,
dataflow,ESTAT:ROAD_EQR_CARPDA(1.0),New passenger cars by type of motor energy,A,Annual,NR,Number,ALT,Alternative energy,EU27_2020,European Union - 27 countries (from 2020),2023,,1863466,,,,,
dataflow,ESTAT:ROAD_EQR_CARPDA(1.0),New passenger cars by type of motor energy,A,Annual,NR,Number,ALT,Alternative energy,EU27_2020,European Union - 27 countries (from 2020),2024,,1778303,,,,,
dataflow,ESTAT:ROAD_EQR_CARPDA(1.0),New passenger cars by type of motor energy,A,Annual,NR,Number,ALT,Alternative energy,FI,Finland,2013,,559,,,,,
dataflow,ESTAT:ROAD_EQR_CARPDA(1.0),New passenger cars by type of motor energy,A,Annual,NR,Number,ALT,Alternative energy,FI,Finland,2014,,650,,,,,
dataflow,ESTAT:ROAD_EQR_CARPDA(1.0),New passenger cars by type of motor energy,A,Annual,NR,Number,ALT,Alternative energy,FI,Finland,2015,,506,,,,,
dataflow,ESTAT:ROAD_EQR_CARPDA(1.0),New passenger cars by type of motor energy,A,Annual,NR,Number,ALT,Alternative energy,FI,Finland,2016,,402,,,,,
dataflow,ESTAT:ROAD_EQR_CARPDA(1.0),New passenger cars by type of motor energy,A,Annual,NR,Number,ALT,Alternative energy,FI,Finland,2017,,936,,,,,
dataflow,ESTAT:ROAD_EQR_CARPDA(1.0),New passenger cars by type of motor energy,A,Annual,NR,Number,ALT,Alternative energy,FI,Finland,2018,,1937,,,,,
dataflow,ESTAT:ROAD_EQR_CARPDA(1.0),New passenger cars by type of motor energy,A,Annual,NR,Number,ALT,Alternative energy,FI,Finland,2019,,4039,,,,,
dataflow,ESTAT:ROAD_EQR_CARPDA(1.0),New passenger cars by type of motor energy,A,Annual,NR,Number,ALT,Alternative energy,FI,Finland,2020,,6086,,,,,
dataflow,ESTAT:ROAD_EQR_CARPDA(1.0),New passenger cars by type of motor energy,A,Annual,NR,Number,ALT,Alternative energy,FI,Finland,2021,,11075,,,,,
dataflow,ESTAT:ROAD_EQR_CARPDA(1.0),New passenger cars by type of motor energy,A,Annual,NR,Number,ALT,Alternative energy,FI,Finland,2022,,15153,,,,,
dataflow,ESTAT:ROAD_EQR_CARPDA(1.0),New passenger cars by type of motor energy,A,Annual,NR,Number,ALT,Alternative energy,FI,Finland,2023,,30007,,,,,
dataflow,ESTAT:ROAD_EQR_CARPDA(1.0),New passenger cars by type of motor energy,A,Annual,NR,Number,ALT,Alternative energy,FI,Finland,2024,,22027,,,,,
dataflow,ESTAT:ROAD_EQR_CARPDA(1.0),New passenger cars by type of motor energy,A,Annual,NR,Number,ALT,Alternative energy,FR,France,2013,,11975,,,,,
dataflow,ESTAT:ROAD_EQR_CARPDA(1.0),New passenger cars by type of motor energy,A,Annual,NR,Number,ALT,Alternative energy,FR,France,2014,,13201,,,,,
dataflow,ESTAT:ROAD_EQR_CARPDA(1.0),New passenger cars by type of motor energy,A,Annual,NR,Number,ALT,Alternative energy,FR,France,2015,,19181,,,,,
dataflow,ESTAT:ROAD_EQR_CARPDA(1.0),New passenger cars by type of motor energy,A,Annual,NR,Number,ALT,Alternative energy,FR,France,2016,,23419,,,,,
dataflow,ESTAT:ROAD_EQR_CARPDA(1.0),New passenger cars by type of motor energy,A,Annual,NR,Number,ALT,Alternative energy,FR,France,2017,,26597,,,,,
dataflow,ESTAT:ROAD_EQR_CARPDA(1.0),New passenger cars by type of motor energy,A,Annual,NR,Number,ALT,Alternative energy,FR,France,2018,,34030,,,,,
dataflow,ESTAT:ROAD_EQR_CARPDA(1.0),New passenger cars by type of motor energy,A,Annual,NR,Number,ALT,Alternative energy,FR,France,2019,,45968,,,,,
dataflow,ESTAT:ROAD_EQR_CARPDA(1.0),New passenger cars by type of motor energy,A,Annual,NR,Number,ALT,Alternative energy,FR,France,2020,,129367,,,,,
dataflow,ESTAT:ROAD_EQR_CARPDA(1.0),New passenger cars by type of motor energy,A,Annual,NR,Number,ALT,Alternative energy,FR,France,2021,,212089,,,,,
dataflow,ESTAT:ROAD_EQR_CARPDA(1.0),New passenger cars by type of motor energy,A,Annual,NR,Number,ALT,Alternative energy,FR,France,2022,,254315,,,,,
dataflow,ESTAT:ROAD_EQR_CARPDA(1.0),New passenger cars by type of motor energy,A,Annual,NR,Number,ALT,Alternative energy,FR,France,2023,,366779,,,,,
dataflow,ESTAT:ROAD_EQR_CARPDA(1.0),New passenger cars by type of motor energy,A,Annual,NR,Number,ALT,Alternative energy,FR,France,2024,,352309,,i,value imputed by Eurostat or other receiving agencies,,
dataflow,ESTAT:ROAD_EQR_CARPDA(1.0),New passenger cars by type of motor energy,A,Annual,NR,Number,ALT,Alternative energy,GE,Georgia,2017,,83,,,,,
dataflow,ESTAT:ROAD_EQR_CARPDA(1.0),New passenger cars by type of motor energy,A,Annual,NR,Number,ALT,Alternative energy,GE,Georgia,2018,,22,,,,,
dataflow,ESTAT:ROAD_EQR_CARPDA(1.0),New passenger cars by type of motor energy,A,Annual,NR,Number,ALT,Alternative energy,GE,Georgia,2019,,23,,,,,
dataflow,ESTAT:ROAD_EQR_CARPDA(1.0),New passenger cars by type of motor energy,A,Annual,NR,Number,ALT,Alternative energy,GE,Georgia,2020,,23,,,,,
dataflow,ESTAT:ROAD_EQR_CARPDA(1.0),New passenger cars by type of motor energy,A,Annual,NR,Number,ALT,Alternative energy,GE,Georgia,2021,,44,,,,,
dataflow,ESTAT:ROAD_EQR_CARPDA(1.0),New passenger cars by type of motor energy,A,Annual,NR,Number,ALT,Alternative energy,GE,Georgia,2022,,206,,,,,
dataflow,ESTAT:ROAD_EQR_CARPDA(1.0),New passenger cars by type of motor energy,A,Annual,NR,Number,ALT,Alternative energy,GE,Georgia,2023,,245,,,,,
dataflow,ESTAT:ROAD_EQR_CARPDA(1.0),New passenger cars by type of motor energy,A,Annual,NR,Number,ALT,Alternative energy,GE,Georgia,2024,,513,,,,,
dataflow,ESTAT:ROAD_EQR_CARPDA(1.0),New passenger cars by type of motor energy,A,Annual,NR,Number,ALT,Alternative energy,HR,Croatia,2013,,272,,b,break in time series,,
dataflow,ESTAT:ROAD_EQR_CARPDA(1.0),New passenger cars by type of motor energy,A,Annual,NR,Number,ALT,Alternative energy,HR,Croatia,2014,,971,,,,,
dataflow,ESTAT:ROAD_EQR_CARPDA(1.0),New passenger cars by type of motor energy,A,Annual,NR,Number,ALT,Alternative energy,HR,Croatia,2015,,1063,,,,,
dataflow,ESTAT:ROAD_EQR_CARPDA(1.0),New passenger cars by type of motor energy,A,Annual,NR,Number,ALT,Alternative energy,HR,Croatia,2016,,1544,,,,,
dataflow,ESTAT:ROAD_EQR_CARPDA(1.0),New passenger cars by type of motor energy,A,Annual,NR,Number,ALT,Alternative energy,HR,Croatia,2017,,1542,,,,,
dataflow,ESTAT:ROAD_EQR_CARPDA(1.0),New passenger cars by type of motor energy,A,Annual,NR,Number,ALT,Alternative energy,HR,Croatia,2018,,2404,,,,,
dataflow,ESTAT:ROAD_EQR_CARPDA(1.0),New passenger cars by type of motor energy,A,Annual,NR,Number,ALT,Alternative energy,HR,Croatia,2019,,3341,,,,,
dataflow,ESTAT:ROAD_EQR_CARPDA(1.0),New passenger cars by type of motor energy,A,Annual,NR,Number,ALT,Alternative energy,HR,Croatia,2021,,2916,,,,,
dataflow,ESTAT:ROAD_EQR_CARPDA(1.0),New passenger cars by type of motor energy,A,Annual,NR,Number,ALT,Alternative energy,HR,Croatia,2022,,2638,,,,,
dataflow,ESTAT:ROAD_EQR_CARPDA(1.0),New passenger cars by type of motor energy,A,Annual,NR,Number,ALT,Alternative energy,HR,Croatia,2023,,2413,,,,,
dataflow,ESTAT:ROAD_EQR_CARPDA(1.0),New passenger cars by type of motor energy,A,Annual,NR,Number,ALT,Alternative energy,HR,Croatia,2024,,1676,,,,,
dataflow,ESTAT:ROAD_EQR_CARPDA(1.0),New passenger cars by type of motor energy,A,Annual,NR,Number,ALT,Alternative energy,HU,Hungary,2013,,283,,,,,
dataflow,ESTAT:ROAD_EQR_CARPDA(1.0),New passenger cars by type of motor energy,A,Annual,NR,Number,ALT,Alternative energy,HU,Hungary,2014,,176,,,,,
dataflow,ESTAT:ROAD_EQR_CARPDA(1.0),New passenger cars by type of motor energy,A,Annual,NR,Number,ALT,Alternative energy,HU,Hungary,2015,,270,,,,,
dataflow,ESTAT:ROAD_EQR_CARPDA(1.0),New passenger cars by type of motor energy,A,Annual,NR,Number,ALT,Alternative energy,HU,Hungary,2016,,282,,,,,
dataflow,ESTAT:ROAD_EQR_CARPDA(1.0),New passenger cars by type of motor energy,A,Annual,NR,Number,ALT,Alternative energy,HU,Hungary,2017,,808,,,,,
dataflow,ESTAT:ROAD_EQR_CARPDA(1.0),New passenger cars by type of motor energy,A,Annual,NR,Number,ALT,Alternative energy,HU,Hungary,2018,,1382,,,,,
dataflow,ESTAT:ROAD_EQR_CARPDA(1.0),New passenger cars by type of motor energy,A,Annual,NR,Number,ALT,Alternative energy,HU,Hungary,2019,,1962,,,,,
dataflow,ESTAT:ROAD_EQR_CARPDA(1.0),New passenger cars by type of motor energy,A,Annual,NR,Number,ALT,Alternative energy,HU,Hungary,2020,,3413,,,,,
dataflow,ESTAT:ROAD_EQR_CARPDA(1.0),New passenger cars by type of motor energy,A,Annual,NR,Number,ALT,Alternative energy,HU,Hungary,2021,,5040,,,,,
dataflow,ESTAT:ROAD_EQR_CARPDA(1.0),New passenger cars by type of motor energy,A,Annual,NR,Number,ALT,Alternative energy,HU,Hungary,2022,,5603,,,,,
dataflow,ESTAT:ROAD_EQR_CARPDA(1.0),New passenger cars by type of motor energy,A,Annual,NR,Number,ALT,Alternative energy,HU,Hungary,2023,,6370,,,,,
dataflow,ESTAT:ROAD_EQR_CARPDA(1.0),New passenger cars by type of motor energy,A,Annual,NR,Number,ALT,Alternative energy,HU,Hungary,2024,,8928,,i,value imputed by Eurostat or other receiving agencies,,
dataflow,ESTAT:ROAD_EQR_CARPDA(1.0),New passenger cars by type of motor energy,A,Annual,NR,Number,ALT,Alternative energy,IE,Ireland,2013,,640,,,,,
dataflow,ESTAT:ROAD_EQR_CARPDA(1.0),New passenger cars by type of motor energy,A,Annual,NR,Number,ALT,Alternative energy,IE,Ireland,2014,,1152,,,,,
dataflow,ESTAT:ROAD_EQR_CARPDA(1.0),New passenger cars by type of motor energy,A,Annual,NR,Number,ALT,Alternative energy,IE,Ireland,2015,,2212,,,,,
dataflow,ESTAT:ROAD_EQR_CARPDA(1.0),New passenger cars by type of motor energy,A,Annual,NR,Number,ALT,Alternative energy,IE,Ireland,2016,,3346,,,,,
dataflow,ESTAT:ROAD_EQR_CARPDA(1.0),New passenger cars by type of motor energy,A,Annual,NR,Number,ALT,Alternative energy,IE,Ireland,2017,,631,,,,,
dataflow,ESTAT:ROAD_EQR_CARPDA(1.0),New passenger cars by type of motor energy,A,Annual,NR,Number,ALT,Alternative energy,IE,Ireland,2018,,1252,,,,,
dataflow,ESTAT:ROAD_EQR_CARPDA(1.0),New passenger cars by type of motor energy,A,Annual,NR,Number,ALT,Alternative energy,IE,Ireland,2019,,3666,,,,,
dataflow,ESTAT:ROAD_EQR_CARPDA(1.0),New passenger cars by type of motor energy,A,Annual,NR,Number,ALT,Alternative energy,IE,Ireland,2020,,4075,,,,,
dataflow,ESTAT:ROAD_EQR_CARPDA(1.0),New passenger cars by type of motor energy,A,Annual,NR,Number,ALT,Alternative energy,IE,Ireland,2021,,9515,,,,,
dataflow,ESTAT:ROAD_EQR_CARPDA(1.0),New passenger cars by type of motor energy,A,Annual,NR,Number,ALT,Alternative energy,IE,Ireland,2022,,16597,,,,,
dataflow,ESTAT:ROAD_EQR_CARPDA(1.0),New passenger cars by type of motor energy,A,Annual,NR,Number,ALT,Alternative energy,IE,Ireland,2023,,23181,,,,,
dataflow,ESTAT:ROAD_EQR_CARPDA(1.0),New passenger cars by type of motor energy,A,Annual,NR,Number,ALT,Alternative energy,IE,Ireland,2024,,17508,,i,value imputed by Eurostat or other receiving agencies,,
dataflow,ESTAT:ROAD_EQR_CARPDA(1.0),New passenger cars by type of motor energy,A,Annual,NR,Number,ALT,Alternative energy,IS,Iceland,2017,,862,,,,,
dataflow,ESTAT:ROAD_EQR_CARPDA(1.0),New passenger cars by type of motor energy,A,Annual,NR,Number,ALT,Alternative energy,IS,Iceland,2018,,790,,,,,
dataflow,ESTAT:ROAD_EQR_CARPDA(1.0),New passenger cars by type of motor energy,A,Annual,NR,Number,ALT,Alternative energy,IS,Iceland,2019,,1149,,,,,
dataflow,ESTAT:ROAD_EQR_CARPDA(1.0),New passenger cars by type of motor energy,A,Annual,NR,Number,ALT,Alternative energy,IS,Iceland,2020,,2586,,,,,
dataflow,ESTAT:ROAD_EQR_CARPDA(1.0),New passenger cars by type of motor energy,A,Annual,NR,Number,ALT,Alternative energy,IS,Iceland,2021,,4254,,,,,
dataflow,ESTAT:ROAD_EQR_CARPDA(1.0),New passenger cars by type of motor energy,A,Annual,NR,Number,ALT,Alternative energy,IS,Iceland,2022,,5571,,i,value imputed by Eurostat or other receiving agencies,,
dataflow,ESTAT:ROAD_EQR_CARPDA(1.0),New passenger cars by type of motor energy,A,Annual,NR,Number,ALT,Alternative energy,IS,Iceland,2023,,8787,,i,value imputed by Eurostat or other receiving agencies,,
dataflow,ESTAT:ROAD_EQR_CARPDA(1.0),New passenger cars by type of motor energy,A,Annual,NR,Number,ALT,Alternative energy,IS,Iceland,2024,,2665,,i,value imputed by Eurostat or other receiving agencies,,
dataflow,ESTAT:ROAD_EQR_CARPDA(1.0),New passenger cars by type of motor energy,A,Annual,NR,Number,ALT,Alternative energy,IT,Italy,2013,,184666,,,,,
dataflow,ESTAT:ROAD_EQR_CARPDA(1.0),New passenger cars by type of motor energy,A,Annual,NR,Number,ALT,Alternative energy,IT,Italy,2014,,197644,,,,,
dataflow,ESTAT:ROAD_EQR_CARPDA(1.0),New passenger cars by type of motor energy,A,Annual,NR,Number,ALT,Alternative energy,IT,Italy,2015,,185333,,,,,
dataflow,ESTAT:ROAD_EQR_CARPDA(1.0),New passenger cars by type of motor energy,A,Annual,NR,Number,ALT,Alternative energy,IT,Italy,2016,,146790,,,,,
dataflow,ESTAT:ROAD_EQR_CARPDA(1.0),New passenger cars by type of motor energy,A,Annual,NR,Number,ALT,Alternative energy,IT,Italy,2017,,163320,,,,,
dataflow,ESTAT:ROAD_EQR_CARPDA(1.0),New passenger cars by type of motor energy,A,Annual,NR,Number,ALT,Alternative energy,IT,Italy,2018,,169393,,,,,
dataflow,ESTAT:ROAD_EQR_CARPDA(1.0),New passenger cars by type of motor energy,A,Annual,NR,Number,ALT,Alternative energy,IT,Italy,2019,,185884,,,,,
dataflow,ESTAT:ROAD_EQR_CARPDA(1.0),New passenger cars by type of motor energy,A,Annual,NR,Number,ALT,Alternative energy,IT,Italy,2020,,158381,,,,,
dataflow,ESTAT:ROAD_EQR_CARPDA(1.0),New passenger cars by type of motor energy,A,Annual,NR,Number,ALT,Alternative energy,IT,Italy,2021,,208973,,,,,
dataflow,ESTAT:ROAD_EQR_CARPDA(1.0),New passenger cars by type of motor energy,A,Annual,NR,Number,ALT,Alternative energy,IT,Italy,2022,,178126,,,,,
dataflow,ESTAT:ROAD_EQR_CARPDA(1.0),New passenger cars by type of motor energy,A,Annual,NR,Number,ALT,Alternative energy,IT,Italy,2023,,209366,,,,,
dataflow,ESTAT:ROAD_EQR_CARPDA(1.0),New passenger cars by type of motor energy,A,Annual,NR,Number,ALT,Alternative energy,IT,Italy,2024,,212659,,i,value imputed by Eurostat or other receiving agencies,,
dataflow,ESTAT:ROAD_EQR_CARPDA(1.0),New passenger cars by type of motor energy,A,Annual,NR,Number,ALT,Alternative energy,LI,Liechtenstein,2013,,21,,,,,
dataflow,ESTAT:ROAD_EQR_CARPDA(1.0),New passenger cars by type of motor energy,A,Annual,NR,Number,ALT,Alternative energy,LI,Liechtenstein,2014,,21,,,,,
dataflow,ESTAT:ROAD_EQR_CARPDA(1.0),New passenger cars by type of motor energy,A,Annual,NR,Number,ALT,Alternative energy,LI,Liechtenstein,2015,,40,,,,,
dataflow,ESTAT:ROAD_EQR_CARPDA(1.0),New passenger cars by type of motor energy,A,Annual,NR,Number,ALT,Alternative energy,LI,Liechtenstein,2016,,48,,,,,
dataflow,ESTAT:ROAD_EQR_CARPDA(1.0),New passenger cars by type of motor energy,A,Annual,NR,Number,ALT,Alternative energy,LI,Liechtenstein,2017,,59,,,,,
dataflow,ESTAT:ROAD_EQR_CARPDA(1.0),New passenger cars by type of motor energy,A,Annual,NR,Number,ALT,Alternative energy,LI,Liechtenstein,2018,,53,,,,,
dataflow,ESTAT:ROAD_EQR_CARPDA(1.0),New passenger cars by type of motor energy,A,Annual,NR,Number,ALT,Alternative energy,LI,Liechtenstein,2019,,104,,,,,
dataflow,ESTAT:ROAD_EQR_CARPDA(1.0),New passenger cars by type of motor energy,A,Annual,NR,Number,ALT,Alternative energy,LI,Liechtenstein,2020,,166,,,,,
dataflow,ESTAT:ROAD_EQR_CARPDA(1.0),New passenger cars by type of motor energy,A,Annual,NR,Number,ALT,Alternative energy,LI,Liechtenstein,2021,,295,,,,,
dataflow,ESTAT:ROAD_EQR_CARPDA(1.0),New passenger cars by type of motor energy,A,Annual,NR,Number,ALT,Alternative energy,LI,Liechtenstein,2022,,319,,,,,
dataflow,ESTAT:ROAD_EQR_CARPDA(1.0),New passenger cars by type of motor energy,A,Annual,NR,Number,ALT,Alternative energy,LI,Liechtenstein,2023,,338,,,,,
dataflow,ESTAT:ROAD_EQR_CARPDA(1.0),New passenger cars by type of motor energy,A,Annual,NR,Number,ALT,Alternative energy,LI,Liechtenstein,2024,,368,,,,,
dataflow,ESTAT:ROAD_EQR_CARPDA(1.0),New passenger cars by type of motor energy,A,Annual,NR,Number,ALT,Alternative energy,LT,Lithuania,2013,,2,,,,,
dataflow,ESTAT:ROAD_EQR_CARPDA(1.0),New passenger cars by type of motor energy,A,Annual,NR,Number,ALT,Alternative energy,LT,Lithuania,2014,,60,,,,,
dataflow,ESTAT:ROAD_EQR_CARPDA(1.0),New passenger cars by type of motor energy,A,Annual,NR,Number,ALT,Alternative energy,LT,Lithuania,2015,,65,,,,,
dataflow,ESTAT:ROAD_EQR_CARPDA(1.0),New passenger cars by type of motor energy,A,Annual,NR,Number,ALT,Alternative energy,LT,Lithuania,2016,,81,,,,,
dataflow,ESTAT:ROAD_EQR_CARPDA(1.0),New passenger cars by type of motor energy,A,Annual,NR,Number,ALT,Alternative energy,LT,Lithuania,2017,,56,,,,,
dataflow,ESTAT:ROAD_EQR_CARPDA(1.0),New passenger cars by type of motor energy,A,Annual,NR,Number,ALT,Alternative energy,LT,Lithuania,2018,,244,,,,,
dataflow,ESTAT:ROAD_EQR_CARPDA(1.0),New passenger cars by type of motor energy,A,Annual,NR,Number,ALT,Alternative energy,LT,Lithuania,2019,,430,,,,,
dataflow,ESTAT:ROAD_EQR_CARPDA(1.0),New passenger cars by type of motor energy,A,Annual,NR,Number,ALT,Alternative energy,LT,Lithuania,2020,,914,,,,,
dataflow,ESTAT:ROAD_EQR_CARPDA(1.0),New passenger cars by type of motor energy,A,Annual,NR,Number,ALT,Alternative energy,LT,Lithuania,2021,,1611,,,,,
dataflow,ESTAT:ROAD_EQR_CARPDA(1.0),New passenger cars by type of motor energy,A,Annual,NR,Number,ALT,Alternative energy,LT,Lithuania,2022,,1877,,,,,
dataflow,ESTAT:ROAD_EQR_CARPDA(1.0),New passenger cars by type of motor energy,A,Annual,NR,Number,ALT,Alternative energy,LT,Lithuania,2023,,2215,,,,,
dataflow,ESTAT:ROAD_EQR_CARPDA(1.0),New passenger cars by type of motor energy,A,Annual,NR,Number,ALT,Alternative energy,LT,Lithuania,2024,,2453,,,,,
dataflow,ESTAT:ROAD_EQR_CARPDA(1.0),New passenger cars by type of motor energy,A,Annual,NR,Number,ALT,Alternative energy,LU,Luxembourg,2013,,177,,,,,
dataflow,ESTAT:ROAD_EQR_CARPDA(1.0),New passenger cars by type of motor energy,A,Annual,NR,Number,ALT,Alternative energy,LU,Luxembourg,2014,,350,,,,,
dataflow,ESTAT:ROAD_EQR_CARPDA(1.0),New passenger cars by type of motor energy,A,Annual,NR,Number,ALT,Alternative energy,LU,Luxembourg,2015,,92,,,,,
dataflow,ESTAT:ROAD_EQR_CARPDA(1.0),New passenger cars by type of motor energy,A,Annual,NR,Number,ALT,Alternative energy,LU,Luxembourg,2016,,158,,,,,
dataflow,ESTAT:ROAD_EQR_CARPDA(1.0),New passenger cars by type of motor energy,A,Annual,NR,Number,ALT,Alternative energy,LU,Luxembourg,2017,,396,,,,,
dataflow,ESTAT:ROAD_EQR_CARPDA(1.0),New passenger cars by type of motor energy,A,Annual,NR,Number,ALT,Alternative energy,LU,Luxembourg,2018,,441,,,,,
dataflow,ESTAT:ROAD_EQR_CARPDA(1.0),New passenger cars by type of motor energy,A,Annual,NR,Number,ALT,Alternative energy,LU,Luxembourg,2019,,991,,,,,
dataflow,ESTAT:ROAD_EQR_CARPDA(1.0),New passenger cars by type of motor energy,A,Annual,NR,Number,ALT,Alternative energy,LU,Luxembourg,2020,,2490,,,,,
dataflow,ESTAT:ROAD_EQR_CARPDA(1.0),New passenger cars by type of motor energy,A,Annual,NR,Number,ALT,Alternative energy,LU,Luxembourg,2021,,4671,,,,,
dataflow,ESTAT:ROAD_EQR_CARPDA(1.0),New passenger cars by type of motor energy,A,Annual,NR,Number,ALT,Alternative energy,LU,Luxembourg,2022,,6417,,,,,
dataflow,ESTAT:ROAD_EQR_CARPDA(1.0),New passenger cars by type of motor energy,A,Annual,NR,Number,ALT,Alternative energy,LU,Luxembourg,2023,,11082,,,,,
dataflow,ESTAT:ROAD_EQR_CARPDA(1.0),New passenger cars by type of motor energy,A,Annual,NR,Number,ALT,Alternative energy,LU,Luxembourg,2024,,12861,,,,,
dataflow,ESTAT:ROAD_EQR_CARPDA(1.0),New passenger cars by type of motor energy,A,Annual,NR,Number,ALT,Alternative energy,LV,Latvia,2014,,385,,,,,
dataflow,ESTAT:ROAD_EQR_CARPDA(1.0),New passenger cars by type of motor energy,A,Annual,NR,Number,ALT,Alternative energy,LV,Latvia,2015,,157,,,,,
dataflow,ESTAT:ROAD_EQR_CARPDA(1.0),New passenger cars by type of motor energy,A,Annual,NR,Number,ALT,Alternative energy,LV,Latvia,2016,,100,,,,,
dataflow,ESTAT:ROAD_EQR_CARPDA(1.0),New passenger cars by type of motor energy,A,Annual,NR,Number,ALT,Alternative energy,LV,Latvia,2017,,130,,,,,
dataflow,ESTAT:ROAD_EQR_CARPDA(1.0),New passenger cars by type of motor energy,A,Annual,NR,Number,ALT,Alternative energy,LV,Latvia,2018,,138,,,,,
dataflow,ESTAT:ROAD_EQR_CARPDA(1.0),New passenger cars by type of motor energy,A,Annual,NR,Number,ALT,Alternative energy,LV,Latvia,2019,,251,,,,,
dataflow,ESTAT:ROAD_EQR_CARPDA(1.0),New passenger cars by type of motor energy,A,Annual,NR,Number,ALT,Alternative energy,LV,Latvia,2020,,492,,,,,
dataflow,ESTAT:ROAD_EQR_CARPDA(1.0),New passenger cars by type of motor energy,A,Annual,NR,Number,ALT,Alternative energy,LV,Latvia,2021,,763,,,,,
dataflow,ESTAT:ROAD_EQR_CARPDA(1.0),New passenger cars by type of motor energy,A,Annual,NR,Number,ALT,Alternative energy,LV,Latvia,2022,,1413,,,,,
dataflow,ESTAT:ROAD_EQR_CARPDA(1.0),New passenger cars by type of motor energy,A,Annual,NR,Number,ALT,Alternative energy,LV,Latvia,2023,,2020,,,,,
dataflow,ESTAT:ROAD_EQR_CARPDA(1.0),New passenger cars by type of motor energy,A,Annual,NR,Number,ALT,Alternative energy,LV,Latvia,2024,,1638,,,,,
dataflow,ESTAT:ROAD_EQR_CARPDA(1.0),New passenger cars by type of motor energy,A,Annual,NR,Number,ALT,Alternative energy,MD,Moldova,2013,,2119,,,,,
dataflow,ESTAT:ROAD_EQR_CARPDA(1.0),New passenger cars by type of motor energy,A,Annual,NR,Number,ALT,Alternative energy,MD,Moldova,2014,,2357,,,,,
dataflow,ESTAT:ROAD_EQR_CARPDA(1.0),New passenger cars by type of motor energy,A,Annual,NR,Number,ALT,Alternative energy,MD,Moldova,2015,,2081,,,,,
dataflow,ESTAT:ROAD_EQR_CARPDA(1.0),New passenger cars by type of motor energy,A,Annual,NR,Number,ALT,Alternative energy,MD,Moldova,2016,,2530,,,,,
dataflow,ESTAT:ROAD_EQR_CARPDA(1.0),New passenger cars by type of motor energy,A,Annual,NR,Number,ALT,Alternative energy,MD,Moldova,2017,,5158,,,,,
dataflow,ESTAT:ROAD_EQR_CARPDA(1.0),New passenger cars by type of motor energy,A,Annual,NR,Number,ALT,Alternative energy,MD,Moldova,2018,,4280,,,,,
dataflow,ESTAT:ROAD_EQR_CARPDA(1.0),New passenger cars by type of motor energy,A,Annual,NR,Number,ALT,Alternative energy,MD,Moldova,2019,,6296,,,,,
dataflow,ESTAT:ROAD_EQR_CARPDA(1.0),New passenger cars by type of motor energy,A,Annual,NR,Number,ALT,Alternative energy,MD,Moldova,2020,,5571,,,,,
dataflow,ESTAT:ROAD_EQR_CARPDA(1.0),New passenger cars by type of motor energy,A,Annual,NR,Number,ALT,Alternative energy,MD,Moldova,2021,,8988,,,,,
dataflow,ESTAT:ROAD_EQR_CARPDA(1.0),New passenger cars by type of motor energy,A,Annual,NR,Number,ALT,Alternative energy,MD,Moldova,2022,,6520,,,,,
dataflow,ESTAT:ROAD_EQR_CARPDA(1.0),New passenger cars by type of motor energy,A,Annual,NR,Number,ALT,Alternative energy,MD,Moldova,2023,,8974,,,,,
dataflow,ESTAT:ROAD_EQR_CARPDA(1.0),New passenger cars by type of motor energy,A,Annual,NR,Number,ALT,Alternative energy,MD,Moldova,2024,,14065,,,,,
dataflow,ESTAT:ROAD_EQR_CARPDA(1.0),New passenger cars by type of motor energy,A,Annual,NR,Number,ALT,Alternative energy,ME,Montenegro,2016,,13,,,,,
dataflow,ESTAT:ROAD_EQR_CARPDA(1.0),New passenger cars by type of motor energy,A,Annual,NR,Number,ALT,Alternative energy,ME,Montenegro,2017,,4,,,,,
dataflow,ESTAT:ROAD_EQR_CARPDA(1.0),New passenger cars by type of motor energy,A,Annual,NR,Number,ALT,Alternative energy,ME,Montenegro,2018,,1,,,,,
dataflow,ESTAT:ROAD_EQR_CARPDA(1.0),New passenger cars by type of motor energy,A,Annual,NR,Number,ALT,Alternative energy,ME,Montenegro,2019,,6,,,,,
dataflow,ESTAT:ROAD_EQR_CARPDA(1.0),New passenger cars by type of motor energy,A,Annual,NR,Number,ALT,Alternative energy,ME,Montenegro,2021,,22,,,,,
dataflow,ESTAT:ROAD_EQR_CARPDA(1.0),New passenger cars by type of motor energy,A,Annual,NR,Number,ALT,Alternative energy,MT,Malta,2013,,27,,,,,
dataflow,ESTAT:ROAD_EQR_CARPDA(1.0),New passenger cars by type of motor energy,A,Annual,NR,Number,ALT,Alternative energy,MT,Malta,2014,,94,,,,,
dataflow,ESTAT:ROAD_EQR_CARPDA(1.0),New passenger cars by type of motor energy,A,Annual,NR,Number,ALT,Alternative energy,MT,Malta,2015,,38,,,,,
dataflow,ESTAT:ROAD_EQR_CARPDA(1.0),New passenger cars by type of motor energy,A,Annual,NR,Number,ALT,Alternative energy,MT,Malta,2016,,24,,,,,
dataflow,ESTAT:ROAD_EQR_CARPDA(1.0),New passenger cars by type of motor energy,A,Annual,NR,Number,ALT,Alternative energy,MT,Malta,2017,,27,,,,,
dataflow,ESTAT:ROAD_EQR_CARPDA(1.0),New passenger cars by type of motor energy,A,Annual,NR,Number,ALT,Alternative energy,MT,Malta,2018,,286,,,,,
dataflow,ESTAT:ROAD_EQR_CARPDA(1.0),New passenger cars by type of motor energy,A,Annual,NR,Number,ALT,Alternative energy,MT,Malta,2019,,283,,,,,
dataflow,ESTAT:ROAD_EQR_CARPDA(1.0),New passenger cars by type of motor energy,A,Annual,NR,Number,ALT,Alternative energy,MT,Malta,2020,,198,,,,,
dataflow,ESTAT:ROAD_EQR_CARPDA(1.0),New passenger cars by type of motor energy,A,Annual,NR,Number,ALT,Alternative energy,MT,Malta,2021,,429,,,,,
dataflow,ESTAT:ROAD_EQR_CARPDA(1.0),New passenger cars by type of motor energy,A,Annual,NR,Number,ALT,Alternative energy,MT,Malta,2022,,999,,,,,
dataflow,ESTAT:ROAD_EQR_CARPDA(1.0),New passenger cars by type of motor energy,A,Annual,NR,Number,ALT,Alternative energy,MT,Malta,2023,,1522,,,,,
dataflow,ESTAT:ROAD_EQR_CARPDA(1.0),New passenger cars by type of motor energy,A,Annual,NR,Number,ALT,Alternative energy,MT,Malta,2024,,2893,,,,,
dataflow,ESTAT:ROAD_EQR_CARPDA(1.0),New passenger cars by type of motor energy,A,Annual,NR,Number,ALT,Alternative energy,NL,Netherlands,2013,,5248,,,,,
dataflow,ESTAT:ROAD_EQR_CARPDA(1.0),New passenger cars by type of motor energy,A,Annual,NR,Number,ALT,Alternative energy,NL,Netherlands,2014,,7135,,,,,
dataflow,ESTAT:ROAD_EQR_CARPDA(1.0),New passenger cars by type of motor energy,A,Annual,NR,Number,ALT,Alternative energy,NL,Netherlands,2015,,4256,,,,,
dataflow,ESTAT:ROAD_EQR_CARPDA(1.0),New passenger cars by type of motor energy,A,Annual,NR,Number,ALT,Alternative energy,NL,Netherlands,2016,,5514,,,,,
dataflow,ESTAT:ROAD_EQR_CARPDA(1.0),New passenger cars by type of motor energy,A,Annual,NR,Number,ALT,Alternative energy,NL,Netherlands,2017,,10432,,,,,
dataflow,ESTAT:ROAD_EQR_CARPDA(1.0),New passenger cars by type of motor energy,A,Annual,NR,Number,ALT,Alternative energy,NL,Netherlands,2018,,25960,,,,,
dataflow,ESTAT:ROAD_EQR_CARPDA(1.0),New passenger cars by type of motor energy,A,Annual,NR,Number,ALT,Alternative energy,NL,Netherlands,2019,,62518,,,,,
dataflow,ESTAT:ROAD_EQR_CARPDA(1.0),New passenger cars by type of motor energy,A,Annual,NR,Number,ALT,Alternative energy,NL,Netherlands,2020,,74987,,,,,
dataflow,ESTAT:ROAD_EQR_CARPDA(1.0),New passenger cars by type of motor energy,A,Annual,NR,Number,ALT,Alternative energy,NL,Netherlands,2021,,66048,,,,,
dataflow,ESTAT:ROAD_EQR_CARPDA(1.0),New passenger cars by type of motor energy,A,Annual,NR,Number,ALT,Alternative energy,NL,Netherlands,2022,,75641,,,,,
dataflow,ESTAT:ROAD_EQR_CARPDA(1.0),New passenger cars by type of motor energy,A,Annual,NR,Number,ALT,Alternative energy,NL,Netherlands,2023,,116368,,,,,
dataflow,ESTAT:ROAD_EQR_CARPDA(1.0),New passenger cars by type of motor energy,A,Annual,NR,Number,ALT,Alternative energy,NL,Netherlands,2024,,134356,,,,,
dataflow,ESTAT:ROAD_EQR_CARPDA(1.0),New passenger cars by type of motor energy,A,Annual,NR,Number,ALT,Alternative energy,NO,Norway,2013,,9021,,,,,
dataflow,ESTAT:ROAD_EQR_CARPDA(1.0),New passenger cars by type of motor energy,A,Annual,NR,Number,ALT,Alternative energy,NO,Norway,2014,,18573,,,,,
dataflow,ESTAT:ROAD_EQR_CARPDA(1.0),New passenger cars by type of motor energy,A,Annual,NR,Number,ALT,Alternative energy,NO,Norway,2015,,25942,,,,,
dataflow,ESTAT:ROAD_EQR_CARPDA(1.0),New passenger cars by type of motor energy,A,Annual,NR,Number,ALT,Alternative energy,NO,Norway,2016,,24257,,,,,
dataflow,ESTAT:ROAD_EQR_CARPDA(1.0),New passenger cars by type of motor energy,A,Annual,NR,Number,ALT,Alternative energy,NO,Norway,2017,,33120,,,,,
dataflow,ESTAT:ROAD_EQR_CARPDA(1.0),New passenger cars by type of motor energy,A,Annual,NR,Number,ALT,Alternative energy,NO,Norway,2018,,46209,,,,,
dataflow,ESTAT:ROAD_EQR_CARPDA(1.0),New passenger cars by type of motor energy,A,Annual,NR,Number,ALT,Alternative energy,NO,Norway,2019,,60320,,,,,
dataflow,ESTAT:ROAD_EQR_CARPDA(1.0),New passenger cars by type of motor energy,A,Annual,NR,Number,ALT,Alternative energy,NO,Norway,2020,,82239,,,,,
dataflow,ESTAT:ROAD_EQR_CARPDA(1.0),New passenger cars by type of motor energy,A,Annual,NR,Number,ALT,Alternative energy,NO,Norway,2021,,116436,,,,,
dataflow,ESTAT:ROAD_EQR_CARPDA(1.0),New passenger cars by type of motor energy,A,Annual,NR,Number,ALT,Alternative energy,NO,Norway,2022,,142531,,,,,
dataflow,ESTAT:ROAD_EQR_CARPDA(1.0),New passenger cars by type of motor energy,A,Annual,NR,Number,ALT,Alternative energy,NO,Norway,2023,,104729,,,,,
dataflow,ESTAT:ROAD_EQR_CARPDA(1.0),New passenger cars by type of motor energy,A,Annual,NR,Number,ALT,Alternative energy,NO,Norway,2024,,114823,,,,,
dataflow,ESTAT:ROAD_EQR_CARPDA(1.0),New passenger cars by type of motor energy,A,Annual,NR,Number,ALT,Alternative energy,PL,Poland,2013,,3525,,b,break in time series,,
dataflow,ESTAT:ROAD_EQR_CARPDA(1.0),New passenger cars by type of motor energy,A,Annual,NR,Number,ALT,Alternative energy,PL,Poland,2014,,4873,,i,value imputed by Eurostat or other receiving agencies,,
dataflow,ESTAT:ROAD_EQR_CARPDA(1.0),New passenger cars by type of motor energy,A,Annual,NR,Number,ALT,Alternative energy,PL,Poland,2015,,5614,,i,value imputed by Eurostat or other receiving agencies,,
dataflow,ESTAT:ROAD_EQR_CARPDA(1.0),New passenger cars by type of motor energy,A,Annual,NR,Number,ALT,Alternative energy,PL,Poland,2016,,6659,,i,value imputed by Eurostat or other receiving agencies,,
dataflow,ESTAT:ROAD_EQR_CARPDA(1.0),New passenger cars by type of motor energy,A,Annual,NR,Number,ALT,Alternative energy,PL,Poland,2017,,10619,,i,value imputed by Eurostat or other receiving agencies,,
dataflow,ESTAT:ROAD_EQR_CARPDA(1.0),New passenger cars by type of motor energy,A,Annual,NR,Number,ALT,Alternative energy,PL,Poland,2018,,8243,,i,value imputed by Eurostat or other receiving agencies,,
dataflow,ESTAT:ROAD_EQR_CARPDA(1.0),New passenger cars by type of motor energy,A,Annual,NR,Number,ALT,Alternative energy,PL,Poland,2019,,9964,,i,value imputed by Eurostat or other receiving agencies,,
dataflow,ESTAT:ROAD_EQR_CARPDA(1.0),New passenger cars by type of motor energy,A,Annual,NR,Number,ALT,Alternative energy,PL,Poland,2020,,13010,,i,value imputed by Eurostat or other receiving agencies,,
dataflow,ESTAT:ROAD_EQR_CARPDA(1.0),New passenger cars by type of motor energy,A,Annual,NR,Number,ALT,Alternative energy,PL,Poland,2021,,20671,,i,value imputed by Eurostat or other receiving agencies,,
dataflow,ESTAT:ROAD_EQR_CARPDA(1.0),New passenger cars by type of motor energy,A,Annual,NR,Number,ALT,Alternative energy,PL,Poland,2022,,23534,,i,value imputed by Eurostat or other receiving agencies,,
dataflow,ESTAT:ROAD_EQR_CARPDA(1.0),New passenger cars by type of motor energy,A,Annual,NR,Number,ALT,Alternative energy,PL,Poland,2023,,29674,,i,value imputed by Eurostat or other receiving agencies,,
dataflow,ESTAT:ROAD_EQR_CARPDA(1.0),New passenger cars by type of motor energy,A,Annual,NR,Number,ALT,Alternative energy,PL,Poland,2024,,33126,,i,value imputed by Eurostat or other receiving agencies,,
dataflow,ESTAT:ROAD_EQR_CARPDA(1.0),New passenger cars by type of motor energy,A,Annual,NR,Number,ALT,Alternative energy,PT,Portugal,2017,,3723,,,,,
dataflow,ESTAT:ROAD_EQR_CARPDA(1.0),New passenger cars by type of motor energy,A,Annual,NR,Number,ALT,Alternative energy,PT,Portugal,2018,,6383,,,,,
dataflow,ESTAT:ROAD_EQR_CARPDA(1.0),New passenger cars by type of motor energy,A,Annual,NR,Number,ALT,Alternative energy,PT,Portugal,2019,,9173,,,,,
dataflow,ESTAT:ROAD_EQR_CARPDA(1.0),New passenger cars by type of motor energy,A,Annual,NR,Number,ALT,Alternative energy,PT,Portugal,2020,,9822,,,,,
dataflow,ESTAT:ROAD_EQR_CARPDA(1.0),New passenger cars by type of motor energy,A,Annual,NR,Number,ALT,Alternative energy,PT,Portugal,2021,,17198,,,,,
dataflow,ESTAT:ROAD_EQR_CARPDA(1.0),New passenger cars by type of motor energy,A,Annual,NR,Number,ALT,Alternative energy,PT,Portugal,2022,,24138,,,,,
dataflow,ESTAT:ROAD_EQR_CARPDA(1.0),New passenger cars by type of motor energy,A,Annual,NR,Number,ALT,Alternative energy,PT,Portugal,2023,,47805,,,,,
dataflow,ESTAT:ROAD_EQR_CARPDA(1.0),New passenger cars by type of motor energy,A,Annual,NR,Number,ALT,Alternative energy,PT,Portugal,2024,,56958,,p,provisional,,
dataflow,ESTAT:ROAD_EQR_CARPDA(1.0),New passenger cars by type of motor energy,A,Annual,NR,Number,ALT,Alternative energy,RO,Romania,2013,,392,,,,,
dataflow,ESTAT:ROAD_EQR_CARPDA(1.0),New passenger cars by type of motor energy,A,Annual,NR,Number,ALT,Alternative energy,RO,Romania,2014,,802,,,,,
dataflow,ESTAT:ROAD_EQR_CARPDA(1.0),New passenger cars by type of motor energy,A,Annual,NR,Number,ALT,Alternative energy,RO,Romania,2015,,762,,,,,
dataflow,ESTAT:ROAD_EQR_CARPDA(1.0),New passenger cars by type of motor energy,A,Annual,NR,Number,ALT,Alternative energy,RO,Romania,2016,,1068,,,,,
dataflow,ESTAT:ROAD_EQR_CARPDA(1.0),New passenger cars by type of motor energy,A,Annual,NR,Number,ALT,Alternative energy,RO,Romania,2017,,1141,,,,,
dataflow,ESTAT:ROAD_EQR_CARPDA(1.0),New passenger cars by type of motor energy,A,Annual,NR,Number,ALT,Alternative energy,RO,Romania,2018,,1964,,,,,
dataflow,ESTAT:ROAD_EQR_CARPDA(1.0),New passenger cars by type of motor energy,A,Annual,NR,Number,ALT,Alternative energy,RO,Romania,2019,,2922,,,,,
dataflow,ESTAT:ROAD_EQR_CARPDA(1.0),New passenger cars by type of motor energy,A,Annual,NR,Number,ALT,Alternative energy,RO,Romania,2020,,12122,,,,,
dataflow,ESTAT:ROAD_EQR_CARPDA(1.0),New passenger cars by type of motor energy,A,Annual,NR,Number,ALT,Alternative energy,RO,Romania,2021,,22296,,,,,
dataflow,ESTAT:ROAD_EQR_CARPDA(1.0),New passenger cars by type of motor energy,A,Annual,NR,Number,ALT,Alternative energy,RO,Romania,2022,,25203,,,,,
dataflow,ESTAT:ROAD_EQR_CARPDA(1.0),New passenger cars by type of motor energy,A,Annual,NR,Number,ALT,Alternative energy,RO,Romania,2023,,33036,,,,,
dataflow,ESTAT:ROAD_EQR_CARPDA(1.0),New passenger cars by type of motor energy,A,Annual,NR,Number,ALT,Alternative energy,RO,Romania,2024,,25196,,,,,
dataflow,ESTAT:ROAD_EQR_CARPDA(1.0),New passenger cars by type of motor energy,A,Annual,NR,Number,ALT,Alternative energy,RS,Serbia,2019,,1238,,,,,
dataflow,ESTAT:ROAD_EQR_CARPDA(1.0),New passenger cars by type of motor energy,A,Annual,NR,Number,ALT,Alternative energy,RS,Serbia,2020,,1176,,,,,
dataflow,ESTAT:ROAD_EQR_CARPDA(1.0),New passenger cars by type of motor energy,A,Annual,NR,Number,ALT,Alternative energy,RS,Serbia,2021,,1192,,,,,
dataflow,ESTAT:ROAD_EQR_CARPDA(1.0),New passenger cars by type of motor energy,A,Annual,NR,Number,ALT,Alternative energy,RS,Serbia,2022,,1513,,,,,
dataflow,ESTAT:ROAD_EQR_CARPDA(1.0),New passenger cars by type of motor energy,A,Annual,NR,Number,ALT,Alternative energy,RS,Serbia,2023,,2522,,,,,
dataflow,ESTAT:ROAD_EQR_CARPDA(1.0),New passenger cars by type of motor energy,A,Annual,NR,Number,ALT,Alternative energy,RS,Serbia,2024,,2284,,,,,
dataflow,ESTAT:ROAD_EQR_CARPDA(1.0),New passenger cars by type of motor energy,A,Annual,NR,Number,ALT,Alternative energy,SE,Sweden,2013,,7610,,,,,
dataflow,ESTAT:ROAD_EQR_CARPDA(1.0),New passenger cars by type of motor energy,A,Annual,NR,Number,ALT,Alternative energy,SE,Sweden,2014,,9013,,,,,
dataflow,ESTAT:ROAD_EQR_CARPDA(1.0),New passenger cars by type of motor energy,A,Annual,NR,Number,ALT,Alternative energy,SE,Sweden,2015,,9434,,,,,
dataflow,ESTAT:ROAD_EQR_CARPDA(1.0),New passenger cars by type of motor energy,A,Annual,NR,Number,ALT,Alternative energy,SE,Sweden,2016,,7711,,,,,
dataflow,ESTAT:ROAD_EQR_CARPDA(1.0),New passenger cars by type of motor energy,A,Annual,NR,Number,ALT,Alternative energy,SE,Sweden,2017,,9477,,,,,
dataflow,ESTAT:ROAD_EQR_CARPDA(1.0),New passenger cars by type of motor energy,A,Annual,NR,Number,ALT,Alternative energy,SE,Sweden,2018,,11487,,,,,
dataflow,ESTAT:ROAD_EQR_CARPDA(1.0),New passenger cars by type of motor energy,A,Annual,NR,Number,ALT,Alternative energy,SE,Sweden,2019,,21958,,,,,
dataflow,ESTAT:ROAD_EQR_CARPDA(1.0),New passenger cars by type of motor energy,A,Annual,NR,Number,ALT,Alternative energy,SE,Sweden,2020,,31525,,,,,
dataflow,ESTAT:ROAD_EQR_CARPDA(1.0),New passenger cars by type of motor energy,A,Annual,NR,Number,ALT,Alternative energy,SE,Sweden,2021,,60416,,,,,
dataflow,ESTAT:ROAD_EQR_CARPDA(1.0),New passenger cars by type of motor energy,A,Annual,NR,Number,ALT,Alternative energy,SE,Sweden,2022,,99960,,,,,
dataflow,ESTAT:ROAD_EQR_CARPDA(1.0),New passenger cars by type of motor energy,A,Annual,NR,Number,ALT,Alternative energy,SE,Sweden,2023,,118536,,,,,
dataflow,ESTAT:ROAD_EQR_CARPDA(1.0),New passenger cars by type of motor energy,A,Annual,NR,Number,ALT,Alternative energy,SE,Sweden,2024,,99629,,,,,
dataflow,ESTAT:ROAD_EQR_CARPDA(1.0),New passenger cars by type of motor energy,A,Annual,NR,Number,ALT,Alternative energy,SI,Slovenia,2013,,10,,,,,
dataflow,ESTAT:ROAD_EQR_CARPDA(1.0),New passenger cars by type of motor energy,A,Annual,NR,Number,ALT,Alternative energy,SI,Slovenia,2014,,407,,,,,
dataflow,ESTAT:ROAD_EQR_CARPDA(1.0),New passenger cars by type of motor energy,A,Annual,NR,Number,ALT,Alternative energy,SI,Slovenia,2015,,599,,,,,
dataflow,ESTAT:ROAD_EQR_CARPDA(1.0),New passenger cars by type of motor energy,A,Annual,NR,Number,ALT,Alternative energy,SI,Slovenia,2016,,881,,,,,
dataflow,ESTAT:ROAD_EQR_CARPDA(1.0),New passenger cars by type of motor energy,A,Annual,NR,Number,ALT,Alternative energy,SI,Slovenia,2017,,1838,,,,,
dataflow,ESTAT:ROAD_EQR_CARPDA(1.0),New passenger cars by type of motor energy,A,Annual,NR,Number,ALT,Alternative energy,SI,Slovenia,2018,,2401,,,,,
dataflow,ESTAT:ROAD_EQR_CARPDA(1.0),New passenger cars by type of motor energy,A,Annual,NR,Number,ALT,Alternative energy,SI,Slovenia,2019,,3274,,,,,
dataflow,ESTAT:ROAD_EQR_CARPDA(1.0),New passenger cars by type of motor energy,A,Annual,NR,Number,ALT,Alternative energy,SI,Slovenia,2020,,3162,,i,value imputed by Eurostat or other receiving agencies,,
dataflow,ESTAT:ROAD_EQR_CARPDA(1.0),New passenger cars by type of motor energy,A,Annual,NR,Number,ALT,Alternative energy,SI,Slovenia,2021,,4466,,,,,
dataflow,ESTAT:ROAD_EQR_CARPDA(1.0),New passenger cars by type of motor energy,A,Annual,NR,Number,ALT,Alternative energy,SI,Slovenia,2022,,5074,,i,value imputed by Eurostat or other receiving agencies,,
dataflow,ESTAT:ROAD_EQR_CARPDA(1.0),New passenger cars by type of motor energy,A,Annual,NR,Number,ALT,Alternative energy,SI,Slovenia,2023,,4810,,,,,
dataflow,ESTAT:ROAD_EQR_CARPDA(1.0),New passenger cars by type of motor energy,A,Annual,NR,Number,ALT,Alternative energy,SI,Slovenia,2024,,3987,,,,,
dataflow,ESTAT:ROAD_EQR_CARPDA(1.0),New passenger cars by type of motor energy,A,Annual,NR,Number,ALT,Alternative energy,SK,Slovakia,2016,,536,,i,value imputed by Eurostat or other receiving agencies,,
dataflow,ESTAT:ROAD_EQR_CARPDA(1.0),New passenger cars by type of motor energy,A,Annual,NR,Number,ALT,Alternative energy,SK,Slovakia,2017,,979,,i,value imputed by Eurostat or other receiving agencies,,
dataflow,ESTAT:ROAD_EQR_CARPDA(1.0),New passenger cars by type of motor energy,A,Annual,NR,Number,ALT,Alternative energy,SK,Slovakia,2018,,1051,,i,value imputed by Eurostat or other receiving agencies,,
dataflow,ESTAT:ROAD_EQR_CARPDA(1.0),New passenger cars by type of motor energy,A,Annual,NR,Number,ALT,Alternative energy,SK,Slovakia,2019,,557,,i,value imputed by Eurostat or other receiving agencies,,
dataflow,ESTAT:ROAD_EQR_CARPDA(1.0),New passenger cars by type of motor energy,A,Annual,NR,Number,ALT,Alternative energy,SK,Slovakia,2020,,1851,,i,value imputed by Eurostat or other receiving agencies,,
dataflow,ESTAT:ROAD_EQR_CARPDA(1.0),New passenger cars by type of motor energy,A,Annual,NR,Number,ALT,Alternative energy,SK,Slovakia,2021,,1969,,i,value imputed by Eurostat or other receiving agencies,,
dataflow,ESTAT:ROAD_EQR_CARPDA(1.0),New passenger cars by type of motor energy,A,Annual,NR,Number,ALT,Alternative energy,SK,Slovakia,2022,,3207,,i,value imputed by Eurostat or other receiving agencies,,
dataflow,ESTAT:ROAD_EQR_CARPDA(1.0),New passenger cars by type of motor energy,A,Annual,NR,Number,ALT,Alternative energy,SK,Slovakia,2023,,4329,,i,value imputed by Eurostat or other receiving agencies,,
dataflow,ESTAT:ROAD_EQR_CARPDA(1.0),New passenger cars by type of motor energy,A,Annual,NR,Number,ALT,Alternative energy,SK,Slovakia,2024,,4157,,i,value imputed by Eurostat or other receiving agencies,,
dataflow,ESTAT:ROAD_EQR_CARPDA(1.0),New passenger cars by type of motor energy,A,Annual,NR,Number,ALT,Alternative energy,TR,Türkiye,2013,,14495,,,,,
dataflow,ESTAT:ROAD_EQR_CARPDA(1.0),New passenger cars by type of motor energy,A,Annual,NR,Number,ALT,Alternative energy,TR,Türkiye,2014,,11404,,,,,
dataflow,ESTAT:ROAD_EQR_CARPDA(1.0),New passenger cars by type of motor energy,A,Annual,NR,Number,ALT,Alternative energy,TR,Türkiye,2015,,13442,,,,,
dataflow,ESTAT:ROAD_EQR_CARPDA(1.0),New passenger cars by type of motor energy,A,Annual,NR,Number,ALT,Alternative energy,TR,Türkiye,2016,,13792,,,,,
dataflow,ESTAT:ROAD_EQR_CARPDA(1.0),New passenger cars by type of motor energy,A,Annual,NR,Number,ALT,Alternative energy,TR,Türkiye,2017,,25508,,,,,
dataflow,ESTAT:ROAD_EQR_CARPDA(1.0),New passenger cars by type of motor energy,A,Annual,NR,Number,ALT,Alternative energy,TR,Türkiye,2018,,26652,,,,,
dataflow,ESTAT:ROAD_EQR_CARPDA(1.0),New passenger cars by type of motor energy,A,Annual,NR,Number,ALT,Alternative energy,TR,Türkiye,2019,,22779,,,,,
dataflow,ESTAT:ROAD_EQR_CARPDA(1.0),New passenger cars by type of motor energy,A,Annual,NR,Number,ALT,Alternative energy,TR,Türkiye,2020,,34876,,,,,
dataflow,ESTAT:ROAD_EQR_CARPDA(1.0),New passenger cars by type of motor energy,A,Annual,NR,Number,ALT,Alternative energy,TR,Türkiye,2021,,35216,,,,,
dataflow,ESTAT:ROAD_EQR_CARPDA(1.0),New passenger cars by type of motor energy,A,Annual,NR,Number,ALT,Alternative energy,TR,Türkiye,2022,,19481,,,,,
dataflow,ESTAT:ROAD_EQR_CARPDA(1.0),New passenger cars by type of motor energy,A,Annual,NR,Number,ALT,Alternative energy,TR,Türkiye,2023,,78659,,,,,
dataflow,ESTAT:ROAD_EQR_CARPDA(1.0),New passenger cars by type of motor energy,A,Annual,NR,Number,ALT,Alternative energy,TR,Türkiye,2024,,114434,,,,,
dataflow,ESTAT:ROAD_EQR_CARPDA(1.0),New passenger cars by type of motor energy,A,Annual,NR,Number,ALT,Alternative energy,UA,Ukraine,2019,,7647,,,,,
dataflow,ESTAT:ROAD_EQR_CARPDA(1.0),New passenger cars by type of motor energy,A,Annual,NR,Number,ALT,Alternative energy,UA,Ukraine,2020,,2055,,,,,
dataflow,ESTAT:ROAD_EQR_CARPDA(1.0),New passenger cars by type of motor energy,A,Annual,NR,Number,ALT,Alternative energy,UA,Ukraine,2021,,3202,,,,,
dataflow,ESTAT:ROAD_EQR_CARPDA(1.0),New passenger cars by type of motor energy,A,Annual,NR,Number,ALT,Alternative energy,UA,Ukraine,2022,,2659,,,,,
dataflow,ESTAT:ROAD_EQR_CARPDA(1.0),New passenger cars by type of motor energy,A,Annual,NR,Number,ALT,Alternative energy,UA,Ukraine,2023,,7647,,,,,
dataflow,ESTAT:ROAD_EQR_CARPDA(1.0),New passenger cars by type of motor energy,A,Annual,NR,Number,ALT,Alternative energy,UA,Ukraine,2024,,10541,,,,,
dataflow,ESTAT:ROAD_EQR_CARPDA(1.0),New passenger cars by type of motor energy,A,Annual,NR,Number,ALT,Alternative energy,UK,United Kingdom,2015,,10119,,,,,
dataflow,ESTAT:ROAD_EQR_CARPDA(1.0),New passenger cars by type of motor energy,A,Annual,NR,Number,ALT,Alternative energy,UK,United Kingdom,2016,,10589,,,,,
dataflow,ESTAT:ROAD_EQR_CARPDA(1.0),New passenger cars by type of motor energy,A,Annual,NR,Number,ALT,Alternative energy,UK,United Kingdom,2017,,13744,,,,,
dataflow,ESTAT:ROAD_EQR_CARPDA(1.0),New passenger cars by type of motor energy,A,Annual,NR,Number,ALT,Alternative energy,UK,United Kingdom,2018,,15715,,,,,
dataflow,ESTAT:ROAD_EQR_CARPDA(1.0),New passenger cars by type of motor energy,A,Annual,NR,Number,ALT,Alternative energy,UK,United Kingdom,2021,,190471,,,,,
dataflow,ESTAT:ROAD_EQR_CARPDA(1.0),New passenger cars by type of motor energy,A,Annual,NR,Number,ALT,Alternative energy,UK,United Kingdom,2022,,266796,,,,,
dataflow,ESTAT:ROAD_EQR_CARPDA(1.0),New passenger cars by type of motor energy,A,Annual,NR,Number,ALT,Alternative energy,UK,United Kingdom,2023,,311630,,,,,
dataflow,ESTAT:ROAD_EQR_CARPDA(1.0),New passenger cars by type of motor energy,A,Annual,NR,Number,ALT,Alternative energy,XK,Kosovo*,2017,,4,,,,,
dataflow,ESTAT:ROAD_EQR_CARPDA(1.0),New passenger cars by type of motor energy,A,Annual,NR,Number,ALT,Alternative energy,XK,Kosovo*,2018,,2,,,,,
dataflow,ESTAT:ROAD_EQR_CARPDA(1.0),New passenger cars by type of motor energy,A,Annual,NR,Number,ALT,Alternative energy,XK,Kosovo*,2019,,0,,,,,
dataflow,ESTAT:ROAD_EQR_CARPDA(1.0),New passenger cars by type of motor energy,A,Annual,NR,Number,ALT,Alternative energy,XK,Kosovo*,2021,,20,,,,,
dataflow,ESTAT:ROAD_EQR_CARPDA(1.0),New passenger cars by type of motor energy,A,Annual,NR,Number,BIFUEL,Bi-fuel,AL,Albania,2020,,0,,,,,
dataflow,ESTAT:ROAD_EQR_CARPDA(1.0),New passenger cars by type of motor energy,A,Annual,NR,Number,BIFUEL,Bi-fuel,AL,Albania,2021,,5310,,,,,
dataflow,ESTAT:ROAD_EQR_CARPDA(1.0),New passenger cars by type of motor energy,A,Annual,NR,Number,BIFUEL,Bi-fuel,AL,Albania,2022,,3432,,,,,
dataflow,ESTAT:ROAD_EQR_CARPDA(1.0),New passenger cars by type of motor energy,A,Annual,NR,Number,BIFUEL,Bi-fuel,AL,Albania,2023,,4246,,,,,
dataflow,ESTAT:ROAD_EQR_CARPDA(1.0),New passenger cars by type of motor energy,A,Annual,NR,Number,BIFUEL,Bi-fuel,AL,Albania,2024,,7775,,,,,
dataflow,ESTAT:ROAD_EQR_CARPDA(1.0),New passenger cars by type of motor energy,A,Annual,NR,Number,BIFUEL,Bi-fuel,AT,Austria,2013,,176,,,,,
dataflow,ESTAT:ROAD_EQR_CARPDA(1.0),New passenger cars by type of motor energy,A,Annual,NR,Number,BIFUEL,Bi-fuel,AT,Austria,2014,,511,,,,,
dataflow,ESTAT:ROAD_EQR_CARPDA(1.0),New passenger cars by type of motor energy,A,Annual,NR,Number,BIFUEL,Bi-fuel,AT,Austria,2015,,536,,,,,
dataflow,ESTAT:ROAD_EQR_CARPDA(1.0),New passenger cars by type of motor energy,A,Annual,NR,Number,BIFUEL,Bi-fuel,AT,Austria,2016,,367,,,,,
dataflow,ESTAT:ROAD_EQR_CARPDA(1.0),New passenger cars by type of motor energy,A,Annual,NR,Number,BIFUEL,Bi-fuel,AT,Austria,2017,,321,,,,,
dataflow,ESTAT:ROAD_EQR_CARPDA(1.0),New passenger cars by type of motor energy,A,Annual,NR,Number,BIFUEL,Bi-fuel,AT,Austria,2018,,532,,,,,
dataflow,ESTAT:ROAD_EQR_CARPDA(1.0),New passenger cars by type of motor energy,A,Annual,NR,Number,BIFUEL,Bi-fuel,AT,Austria,2019,,159,,,,,
dataflow,ESTAT:ROAD_EQR_CARPDA(1.0),New passenger cars by type of motor energy,A,Annual,NR,Number,BIFUEL,Bi-fuel,AT,Austria,2020,,21,,,,,
dataflow,ESTAT:ROAD_EQR_CARPDA(1.0),New passenger cars by type of motor energy,A,Annual,NR,Number,BIFUEL,Bi-fuel,AT,Austria,2021,,16,,,,,
dataflow,ESTAT:ROAD_EQR_CARPDA(1.0),New passenger cars by type of motor energy,A,Annual,NR,Number,BIFUEL,Bi-fuel,AT,Austria,2022,,12,,,,,
dataflow,ESTAT:ROAD_EQR_CARPDA(1.0),New passenger cars by type of motor energy,A,Annual,NR,Number,BIFUEL,Bi-fuel,AT,Austria,2023,,5,,,,,
dataflow,ESTAT:ROAD_EQR_CARPDA(1.0),New passenger cars by type of motor energy,A,Annual,NR,Number,BIFUEL,Bi-fuel,AT,Austria,2024,,1,,,,,
dataflow,ESTAT:ROAD_EQR_CARPDA(1.0),New passenger cars by type of motor energy,A,Annual,NR,Number,BIFUEL,Bi-fuel,BA,Bosnia and Herzegovina,2013,,39,,,,,
dataflow,ESTAT:ROAD_EQR_CARPDA(1.0),New passenger cars by type of motor energy,A,Annual,NR,Number,BIFUEL,Bi-fuel,BA,Bosnia and Herzegovina,2014,,46,,,,,
dataflow,ESTAT:ROAD_EQR_CARPDA(1.0),New passenger cars by type of motor energy,A,Annual,NR,Number,BIFUEL,Bi-fuel,BA,Bosnia and Herzegovina,2015,,48,,,,,
dataflow,ESTAT:ROAD_EQR_CARPDA(1.0),New passenger cars by type of motor energy,A,Annual,NR,Number,BIFUEL,Bi-fuel,BA,Bosnia and Herzegovina,2016,,140,,,,,
dataflow,ESTAT:ROAD_EQR_CARPDA(1.0),New passenger cars by type of motor energy,A,Annual,NR,Number,BIFUEL,Bi-fuel,BA,Bosnia and Herzegovina,2017,,129,,,,,
dataflow,ESTAT:ROAD_EQR_CARPDA(1.0),New passenger cars by type of motor energy,A,Annual,NR,Number,BIFUEL,Bi-fuel,BA,Bosnia and Herzegovina,2018,,97,,,,,
dataflow,ESTAT:ROAD_EQR_CARPDA(1.0),New passenger cars by type of motor energy,A,Annual,NR,Number,BIFUEL,Bi-fuel,BA,Bosnia and Herzegovina,2019,,123,,,,,
dataflow,ESTAT:ROAD_EQR_CARPDA(1.0),New passenger cars by type of motor energy,A,Annual,NR,Number,BIFUEL,Bi-fuel,BA,Bosnia and Herzegovina,2020,,62,,,,,
dataflow,ESTAT:ROAD_EQR_CARPDA(1.0),New passenger cars by type of motor energy,A,Annual,NR,Number,BIFUEL,Bi-fuel,BA,Bosnia and Herzegovina,2021,,200,,,,,
dataflow,ESTAT:ROAD_EQR_CARPDA(1.0),New passenger cars by type of motor energy,A,Annual,NR,Number,BIFUEL,Bi-fuel,BA,Bosnia and Herzegovina,2022,,266,,,,,
dataflow,ESTAT:ROAD_EQR_CARPDA(1.0),New passenger cars by type of motor energy,A,Annual,NR,Number,BIFUEL,Bi-fuel,BA,Bosnia and Herzegovina,2023,,197,,,,,
dataflow,ESTAT:ROAD_EQR_CARPDA(1.0),New passenger cars by type of motor energy,A,Annual,NR,Number,BIFUEL,Bi-fuel,BA,Bosnia and Herzegovina,2024,,202,,,,,
dataflow,ESTAT:ROAD_EQR_CARPDA(1.0),New passenger cars by type of motor energy,A,Annual,NR,Number,BIFUEL,Bi-fuel,BE,Belgium,2013,,199,,,,,
dataflow,ESTAT:ROAD_EQR_CARPDA(1.0),New passenger cars by type of motor energy,A,Annual,NR,Number,BIFUEL,Bi-fuel,BE,Belgium,2014,,795,,,,,
dataflow,ESTAT:ROAD_EQR_CARPDA(1.0),New passenger cars by type of motor energy,A,Annual,NR,Number,BIFUEL,Bi-fuel,BE,Belgium,2015,,645,,,,,
dataflow,ESTAT:ROAD_EQR_CARPDA(1.0),New passenger cars by type of motor energy,A,Annual,NR,Number,BIFUEL,Bi-fuel,BE,Belgium,2016,,1592,,,,,
dataflow,ESTAT:ROAD_EQR_CARPDA(1.0),New passenger cars by type of motor energy,A,Annual,NR,Number,BIFUEL,Bi-fuel,BE,Belgium,2017,,1948,,,,,
dataflow,ESTAT:ROAD_EQR_CARPDA(1.0),New passenger cars by type of motor energy,A,Annual,NR,Number,BIFUEL,Bi-fuel,BE,Belgium,2018,,3215,,,,,
dataflow,ESTAT:ROAD_EQR_CARPDA(1.0),New passenger cars by type of motor energy,A,Annual,NR,Number,BIFUEL,Bi-fuel,BE,Belgium,2019,,477,,,,,
dataflow,ESTAT:ROAD_EQR_CARPDA(1.0),New passenger cars by type of motor energy,A,Annual,NR,Number,BIFUEL,Bi-fuel,BE,Belgium,2020,,1073,,,,,
dataflow,ESTAT:ROAD_EQR_CARPDA(1.0),New passenger cars by type of motor energy,A,Annual,NR,Number,BIFUEL,Bi-fuel,BE,Belgium,2021,,2177,,,,,
dataflow,ESTAT:ROAD_EQR_CARPDA(1.0),New passenger cars by type of motor energy,A,Annual,NR,Number,BIFUEL,Bi-fuel,BE,Belgium,2022,,2488,,,,,
dataflow,ESTAT:ROAD_EQR_CARPDA(1.0),New passenger cars by type of motor energy,A,Annual,NR,Number,BIFUEL,Bi-fuel,BE,Belgium,2023,,3468,,i,value imputed by Eurostat or other receiving agencies,,
dataflow,ESTAT:ROAD_EQR_CARPDA(1.0),New passenger cars by type of motor energy,A,Annual,NR,Number,BIFUEL,Bi-fuel,BE,Belgium,2024,,3502,,i,value imputed by Eurostat or other receiving agencies,,
dataflow,ESTAT:ROAD_EQR_CARPDA(1.0),New passenger cars by type of motor energy,A,Annual,NR,Number,BIFUEL,Bi-fuel,BG,Bulgaria,2024,,0,,i,value imputed by Eurostat or other receiving agencies,,
dataflow,ESTAT:ROAD_EQR_CARPDA(1.0),New passenger cars by type of motor energy,A,Annual,NR,Number,BIFUEL,Bi-fuel,CH,Switzerland,2013,,444,,,,,
dataflow,ESTAT:ROAD_EQR_CARPDA(1.0),New passenger cars by type of motor energy,A,Annual,NR,Number,BIFUEL,Bi-fuel,CH,Switzerland,2014,,839,,,,,
dataflow,ESTAT:ROAD_EQR_CARPDA(1.0),New passenger cars by type of motor energy,A,Annual,NR,Number,BIFUEL,Bi-fuel,CH,Switzerland,2015,,897,,,,,
dataflow,ESTAT:ROAD_EQR_CARPDA(1.0),New passenger cars by type of motor energy,A,Annual,NR,Number,BIFUEL,Bi-fuel,CH,Switzerland,2016,,692,,,,,
dataflow,ESTAT:ROAD_EQR_CARPDA(1.0),New passenger cars by type of motor energy,A,Annual,NR,Number,BIFUEL,Bi-fuel,CH,Switzerland,2017,,639,,,,,
dataflow,ESTAT:ROAD_EQR_CARPDA(1.0),New passenger cars by type of motor energy,A,Annual,NR,Number,BIFUEL,Bi-fuel,CH,Switzerland,2018,,691,,,,,
dataflow,ESTAT:ROAD_EQR_CARPDA(1.0),New passenger cars by type of motor energy,A,Annual,NR,Number,BIFUEL,Bi-fuel,CH,Switzerland,2019,,157,,,,,
dataflow,ESTAT:ROAD_EQR_CARPDA(1.0),New passenger cars by type of motor energy,A,Annual,NR,Number,BIFUEL,Bi-fuel,CH,Switzerland,2020,,60,,,,,
dataflow,ESTAT:ROAD_EQR_CARPDA(1.0),New passenger cars by type of motor energy,A,Annual,NR,Number,BIFUEL,Bi-fuel,CH,Switzerland,2021,,26,,,,,
dataflow,ESTAT:ROAD_EQR_CARPDA(1.0),New passenger cars by type of motor energy,A,Annual,NR,Number,BIFUEL,Bi-fuel,CH,Switzerland,2022,,23,,,,,
dataflow,ESTAT:ROAD_EQR_CARPDA(1.0),New passenger cars by type of motor energy,A,Annual,NR,Number,BIFUEL,Bi-fuel,CH,Switzerland,2023,,15,,,,,
dataflow,ESTAT:ROAD_EQR_CARPDA(1.0),New passenger cars by type of motor energy,A,Annual,NR,Number,BIFUEL,Bi-fuel,CH,Switzerland,2024,,8,,,,,
dataflow,ESTAT:ROAD_EQR_CARPDA(1.0),New passenger cars by type of motor energy,A,Annual,NR,Number,BIFUEL,Bi-fuel,CY,Cyprus,2013,,0,,,,,
dataflow,ESTAT:ROAD_EQR_CARPDA(1.0),New passenger cars by type of motor energy,A,Annual,NR,Number,BIFUEL,Bi-fuel,CY,Cyprus,2014,,0,,,,,
dataflow,ESTAT:ROAD_EQR_CARPDA(1.0),New passenger cars by type of motor energy,A,Annual,NR,Number,BIFUEL,Bi-fuel,CY,Cyprus,2015,,0,,,,,
dataflow,ESTAT:ROAD_EQR_CARPDA(1.0),New passenger cars by type of motor energy,A,Annual,NR,Number,BIFUEL,Bi-fuel,CY,Cyprus,2016,,0,,,,,
dataflow,ESTAT:ROAD_EQR_CARPDA(1.0),New passenger cars by type of motor energy,A,Annual,NR,Number,BIFUEL,Bi-fuel,CY,Cyprus,2017,,0,,,,,
dataflow,ESTAT:ROAD_EQR_CARPDA(1.0),New passenger cars by type of motor energy,A,Annual,NR,Number,BIFUEL,Bi-fuel,CY,Cyprus,2018,,0,,,,,
dataflow,ESTAT:ROAD_EQR_CARPDA(1.0),New passenger cars by type of motor energy,A,Annual,NR,Number,BIFUEL,Bi-fuel,CY,Cyprus,2019,,0,,,,,
dataflow,ESTAT:ROAD_EQR_CARPDA(1.0),New passenger cars by type of motor energy,A,Annual,NR,Number,BIFUEL,Bi-fuel,CY,Cyprus,2020,,0,,,,,
dataflow,ESTAT:ROAD_EQR_CARPDA(1.0),New passenger cars by type of motor energy,A,Annual,NR,Number,BIFUEL,Bi-fuel,CY,Cyprus,2021,,0,,,,,
dataflow,ESTAT:ROAD_EQR_CARPDA(1.0),New passenger cars by type of motor energy,A,Annual,NR,Number,BIFUEL,Bi-fuel,CY,Cyprus,2022,,0,,,,,
dataflow,ESTAT:ROAD_EQR_CARPDA(1.0),New passenger cars by type of motor energy,A,Annual,NR,Number,BIFUEL,Bi-fuel,CY,Cyprus,2023,,0,,,,,
dataflow,ESTAT:ROAD_EQR_CARPDA(1.0),New passenger cars by type of motor energy,A,Annual,NR,Number,BIFUEL,Bi-fuel,CY,Cyprus,2024,,0,,,,,
dataflow,ESTAT:ROAD_EQR_CARPDA(1.0),New passenger cars by type of motor energy,A,Annual,NR,Number,BIFUEL,Bi-fuel,CZ,Czechia,2021,,2704,,,,,
dataflow,ESTAT:ROAD_EQR_CARPDA(1.0),New passenger cars by type of motor energy,A,Annual,NR,Number,BIFUEL,Bi-fuel,DK,Denmark,2019,,0,,,,,
dataflow,ESTAT:ROAD_EQR_CARPDA(1.0),New passenger cars by type of motor energy,A,Annual,NR,Number,BIFUEL,Bi-fuel,DK,Denmark,2020,,0,,,,,
dataflow,ESTAT:ROAD_EQR_CARPDA(1.0),New passenger cars by type of motor energy,A,Annual,NR,Number,BIFUEL,Bi-fuel,DK,Denmark,2021,,0,,,,,
dataflow,ESTAT:ROAD_EQR_CARPDA(1.0),New passenger cars by type of motor energy,A,Annual,NR,Number,BIFUEL,Bi-fuel,DK,Denmark,2022,,0,,,,,
dataflow,ESTAT:ROAD_EQR_CARPDA(1.0),New passenger cars by type of motor energy,A,Annual,NR,Number,BIFUEL,Bi-fuel,DK,Denmark,2023,,0,,,,,
dataflow,ESTAT:ROAD_EQR_CARPDA(1.0),New passenger cars by type of motor energy,A,Annual,NR,Number,BIFUEL,Bi-fuel,DK,Denmark,2024,,0,,,,,
dataflow,ESTAT:ROAD_EQR_CARPDA(1.0),New passenger cars by type of motor energy,A,Annual,NR,Number,BIFUEL,Bi-fuel,EL,Greece,2021,,2295,,e,estimated,,
dataflow,ESTAT:ROAD_EQR_CARPDA(1.0),New passenger cars by type of motor energy,A,Annual,NR,Number,BIFUEL,Bi-fuel,EL,Greece,2022,,3066,,,,,
dataflow,ESTAT:ROAD_EQR_CARPDA(1.0),New passenger cars by type of motor energy,A,Annual,NR,Number,BIFUEL,Bi-fuel,EL,Greece,2023,,3380,,,,,
dataflow,ESTAT:ROAD_EQR_CARPDA(1.0),New passenger cars by type of motor energy,A,Annual,NR,Number,BIFUEL,Bi-fuel,EL,Greece,2024,,3430,,i,value imputed by Eurostat or other receiving agencies,,
dataflow,ESTAT:ROAD_EQR_CARPDA(1.0),New passenger cars by type of motor energy,A,Annual,NR,Number,BIFUEL,Bi-fuel,ES,Spain,2015,,0,,,,,
dataflow,ESTAT:ROAD_EQR_CARPDA(1.0),New passenger cars by type of motor energy,A,Annual,NR,Number,BIFUEL,Bi-fuel,ES,Spain,2016,,2462,,,,,
dataflow,ESTAT:ROAD_EQR_CARPDA(1.0),New passenger cars by type of motor energy,A,Annual,NR,Number,BIFUEL,Bi-fuel,ES,Spain,2017,,6603,,,,,
dataflow,ESTAT:ROAD_EQR_CARPDA(1.0),New passenger cars by type of motor energy,A,Annual,NR,Number,BIFUEL,Bi-fuel,ES,Spain,2018,,24522,,,,,
dataflow,ESTAT:ROAD_EQR_CARPDA(1.0),New passenger cars by type of motor energy,A,Annual,NR,Number,BIFUEL,Bi-fuel,ES,Spain,2019,,24247,,,,,
dataflow,ESTAT:ROAD_EQR_CARPDA(1.0),New passenger cars by type of motor energy,A,Annual,NR,Number,BIFUEL,Bi-fuel,ES,Spain,2020,,11072,,,,,
dataflow,ESTAT:ROAD_EQR_CARPDA(1.0),New passenger cars by type of motor energy,A,Annual,NR,Number,BIFUEL,Bi-fuel,ES,Spain,2021,,14226,,,,,
dataflow,ESTAT:ROAD_EQR_CARPDA(1.0),New passenger cars by type of motor energy,A,Annual,NR,Number,BIFUEL,Bi-fuel,ES,Spain,2022,,15208,,,,,
dataflow,ESTAT:ROAD_EQR_CARPDA(1.0),New passenger cars by type of motor energy,A,Annual,NR,Number,BIFUEL,Bi-fuel,ES,Spain,2023,,26717,,,,,
dataflow,ESTAT:ROAD_EQR_CARPDA(1.0),New passenger cars by type of motor energy,A,Annual,NR,Number,BIFUEL,Bi-fuel,ES,Spain,2024,,33823,,,,,
dataflow,ESTAT:ROAD_EQR_CARPDA(1.0),New passenger cars by type of motor energy,A,Annual,NR,Number,BIFUEL,Bi-fuel,FI,Finland,2013,,83,,,,,
dataflow,ESTAT:ROAD_EQR_CARPDA(1.0),New passenger cars by type of motor energy,A,Annual,NR,Number,BIFUEL,Bi-fuel,FI,Finland,2014,,86,,,,,
dataflow,ESTAT:ROAD_EQR_CARPDA(1.0),New passenger cars by type of motor energy,A,Annual,NR,Number,BIFUEL,Bi-fuel,FI,Finland,2015,,140,,,,,
dataflow,ESTAT:ROAD_EQR_CARPDA(1.0),New passenger cars by type of motor energy,A,Annual,NR,Number,BIFUEL,Bi-fuel,FI,Finland,2016,,127,,,,,
dataflow,ESTAT:ROAD_EQR_CARPDA(1.0),New passenger cars by type of motor energy,A,Annual,NR,Number,BIFUEL,Bi-fuel,FI,Finland,2017,,368,,,,,
dataflow,ESTAT:ROAD_EQR_CARPDA(1.0),New passenger cars by type of motor energy,A,Annual,NR,Number,BIFUEL,Bi-fuel,FI,Finland,2018,,979,,,,,
dataflow,ESTAT:ROAD_EQR_CARPDA(1.0),New passenger cars by type of motor energy,A,Annual,NR,Number,BIFUEL,Bi-fuel,FI,Finland,2019,,7,,,,,
dataflow,ESTAT:ROAD_EQR_CARPDA(1.0),New passenger cars by type of motor energy,A,Annual,NR,Number,BIFUEL,Bi-fuel,FI,Finland,2021,,0,,,,,
dataflow,ESTAT:ROAD_EQR_CARPDA(1.0),New passenger cars by type of motor energy,A,Annual,NR,Number,BIFUEL,Bi-fuel,FI,Finland,2022,,0,,,,,
dataflow,ESTAT:ROAD_EQR_CARPDA(1.0),New passenger cars by type of motor energy,A,Annual,NR,Number,BIFUEL,Bi-fuel,FI,Finland,2023,,0,,,,,
dataflow,ESTAT:ROAD_EQR_CARPDA(1.0),New passenger cars by type of motor energy,A,Annual,NR,Number,BIFUEL,Bi-fuel,FI,Finland,2024,,0,,,,,
dataflow,ESTAT:ROAD_EQR_CARPDA(1.0),New passenger cars by type of motor energy,A,Annual,NR,Number,BIFUEL,Bi-fuel,FR,France,2013,,2850,,,,,
dataflow,ESTAT:ROAD_EQR_CARPDA(1.0),New passenger cars by type of motor energy,A,Annual,NR,Number,BIFUEL,Bi-fuel,FR,France,2014,,2314,,,,,
dataflow,ESTAT:ROAD_EQR_CARPDA(1.0),New passenger cars by type of motor energy,A,Annual,NR,Number,BIFUEL,Bi-fuel,FR,France,2015,,1579,,,,,
dataflow,ESTAT:ROAD_EQR_CARPDA(1.0),New passenger cars by type of motor energy,A,Annual,NR,Number,BIFUEL,Bi-fuel,FR,France,2016,,450,,,,,
dataflow,ESTAT:ROAD_EQR_CARPDA(1.0),New passenger cars by type of motor energy,A,Annual,NR,Number,BIFUEL,Bi-fuel,FR,France,2017,,1033,,,,,
dataflow,ESTAT:ROAD_EQR_CARPDA(1.0),New passenger cars by type of motor energy,A,Annual,NR,Number,BIFUEL,Bi-fuel,FR,France,2018,,2275,,,,,
dataflow,ESTAT:ROAD_EQR_CARPDA(1.0),New passenger cars by type of motor energy,A,Annual,NR,Number,BIFUEL,Bi-fuel,FR,France,2019,,2107,,,,,
dataflow,ESTAT:ROAD_EQR_CARPDA(1.0),New passenger cars by type of motor energy,A,Annual,NR,Number,BIFUEL,Bi-fuel,FR,France,2020,,16335,,,,,
dataflow,ESTAT:ROAD_EQR_CARPDA(1.0),New passenger cars by type of motor energy,A,Annual,NR,Number,BIFUEL,Bi-fuel,FR,France,2021,,46291,,,,,
dataflow,ESTAT:ROAD_EQR_CARPDA(1.0),New passenger cars by type of motor energy,A,Annual,NR,Number,BIFUEL,Bi-fuel,FR,France,2022,,46841,,,,,
dataflow,ESTAT:ROAD_EQR_CARPDA(1.0),New passenger cars by type of motor energy,A,Annual,NR,Number,BIFUEL,Bi-fuel,FR,France,2023,,62781,,,,,
dataflow,ESTAT:ROAD_EQR_CARPDA(1.0),New passenger cars by type of motor energy,A,Annual,NR,Number,BIFUEL,Bi-fuel,FR,France,2024,,56627,,i,value imputed by Eurostat or other receiving agencies,,
dataflow,ESTAT:ROAD_EQR_CARPDA(1.0),New passenger cars by type of motor energy,A,Annual,NR,Number,BIFUEL,Bi-fuel,GE,Georgia,2023,,0,,,,,
dataflow,ESTAT:ROAD_EQR_CARPDA(1.0),New passenger cars by type of motor energy,A,Annual,NR,Number,BIFUEL,Bi-fuel,GE,Georgia,2024,,0,,,,,
dataflow,ESTAT:ROAD_EQR_CARPDA(1.0),New passenger cars by type of motor energy,A,Annual,NR,Number,BIFUEL,Bi-fuel,HR,Croatia,2013,,171,,b,break in time series,,
dataflow,ESTAT:ROAD_EQR_CARPDA(1.0),New passenger cars by type of motor energy,A,Annual,NR,Number,BIFUEL,Bi-fuel,HR,Croatia,2014,,504,,,,,
dataflow,ESTAT:ROAD_EQR_CARPDA(1.0),New passenger cars by type of motor energy,A,Annual,NR,Number,BIFUEL,Bi-fuel,HR,Croatia,2015,,517,,,,,
dataflow,ESTAT:ROAD_EQR_CARPDA(1.0),New passenger cars by type of motor energy,A,Annual,NR,Number,BIFUEL,Bi-fuel,HR,Croatia,2016,,973,,,,,
dataflow,ESTAT:ROAD_EQR_CARPDA(1.0),New passenger cars by type of motor energy,A,Annual,NR,Number,BIFUEL,Bi-fuel,HR,Croatia,2017,,822,,,,,
dataflow,ESTAT:ROAD_EQR_CARPDA(1.0),New passenger cars by type of motor energy,A,Annual,NR,Number,BIFUEL,Bi-fuel,HR,Croatia,2018,,1135,,,,,
dataflow,ESTAT:ROAD_EQR_CARPDA(1.0),New passenger cars by type of motor energy,A,Annual,NR,Number,BIFUEL,Bi-fuel,HR,Croatia,2019,,1137,,,,,
dataflow,ESTAT:ROAD_EQR_CARPDA(1.0),New passenger cars by type of motor energy,A,Annual,NR,Number,BIFUEL,Bi-fuel,HR,Croatia,2021,,1794,,,,,
dataflow,ESTAT:ROAD_EQR_CARPDA(1.0),New passenger cars by type of motor energy,A,Annual,NR,Number,BIFUEL,Bi-fuel,HR,Croatia,2022,,1575,,,,,
dataflow,ESTAT:ROAD_EQR_CARPDA(1.0),New passenger cars by type of motor energy,A,Annual,NR,Number,BIFUEL,Bi-fuel,HR,Croatia,2023,,1287,,,,,
dataflow,ESTAT:ROAD_EQR_CARPDA(1.0),New passenger cars by type of motor energy,A,Annual,NR,Number,BIFUEL,Bi-fuel,HR,Croatia,2024,,794,,,,,
dataflow,ESTAT:ROAD_EQR_CARPDA(1.0),New passenger cars by type of motor energy,A,Annual,NR,Number,BIFUEL,Bi-fuel,HU,Hungary,2013,,234,,,,,
dataflow,ESTAT:ROAD_EQR_CARPDA(1.0),New passenger cars by type of motor energy,A,Annual,NR,Number,BIFUEL,Bi-fuel,HU,Hungary,2014,,99,,,,,
dataflow,ESTAT:ROAD_EQR_CARPDA(1.0),New passenger cars by type of motor energy,A,Annual,NR,Number,BIFUEL,Bi-fuel,HU,Hungary,2015,,143,,,,,
dataflow,ESTAT:ROAD_EQR_CARPDA(1.0),New passenger cars by type of motor energy,A,Annual,NR,Number,BIFUEL,Bi-fuel,HU,Hungary,2016,,91,,,,,
dataflow,ESTAT:ROAD_EQR_CARPDA(1.0),New passenger cars by type of motor energy,A,Annual,NR,Number,BIFUEL,Bi-fuel,HU,Hungary,2017,,45,,,,,
dataflow,ESTAT:ROAD_EQR_CARPDA(1.0),New passenger cars by type of motor energy,A,Annual,NR,Number,BIFUEL,Bi-fuel,HU,Hungary,2018,,73,,,,,
dataflow,ESTAT:ROAD_EQR_CARPDA(1.0),New passenger cars by type of motor energy,A,Annual,NR,Number,BIFUEL,Bi-fuel,HU,Hungary,2019,,124,,,,,
dataflow,ESTAT:ROAD_EQR_CARPDA(1.0),New passenger cars by type of motor energy,A,Annual,NR,Number,BIFUEL,Bi-fuel,HU,Hungary,2020,,363,,,,,
dataflow,ESTAT:ROAD_EQR_CARPDA(1.0),New passenger cars by type of motor energy,A,Annual,NR,Number,BIFUEL,Bi-fuel,HU,Hungary,2021,,721,,,,,
dataflow,ESTAT:ROAD_EQR_CARPDA(1.0),New passenger cars by type of motor energy,A,Annual,NR,Number,BIFUEL,Bi-fuel,HU,Hungary,2022,,889,,,,,
dataflow,ESTAT:ROAD_EQR_CARPDA(1.0),New passenger cars by type of motor energy,A,Annual,NR,Number,BIFUEL,Bi-fuel,HU,Hungary,2023,,523,,,,,
dataflow,ESTAT:ROAD_EQR_CARPDA(1.0),New passenger cars by type of motor energy,A,Annual,NR,Number,BIFUEL,Bi-fuel,HU,Hungary,2024,,363,,i,value imputed by Eurostat or other receiving agencies,,
dataflow,ESTAT:ROAD_EQR_CARPDA(1.0),New passenger cars by type of motor energy,A,Annual,NR,Number,BIFUEL,Bi-fuel,LI,Liechtenstein,2013,,3,,,,,
dataflow,ESTAT:ROAD_EQR_CARPDA(1.0),New passenger cars by type of motor energy,A,Annual,NR,Number,BIFUEL,Bi-fuel,LI,Liechtenstein,2014,,2,,,,,
dataflow,ESTAT:ROAD_EQR_CARPDA(1.0),New passenger cars by type of motor energy,A,Annual,NR,Number,BIFUEL,Bi-fuel,LI,Liechtenstein,2015,,5,,,,,
dataflow,ESTAT:ROAD_EQR_CARPDA(1.0),New passenger cars by type of motor energy,A,Annual,NR,Number,BIFUEL,Bi-fuel,LI,Liechtenstein,2016,,1,,,,,
dataflow,ESTAT:ROAD_EQR_CARPDA(1.0),New passenger cars by type of motor energy,A,Annual,NR,Number,BIFUEL,Bi-fuel,LI,Liechtenstein,2017,,1,,,,,
dataflow,ESTAT:ROAD_EQR_CARPDA(1.0),New passenger cars by type of motor energy,A,Annual,NR,Number,BIFUEL,Bi-fuel,LI,Liechtenstein,2018,,4,,,,,
dataflow,ESTAT:ROAD_EQR_CARPDA(1.0),New passenger cars by type of motor energy,A,Annual,NR,Number,BIFUEL,Bi-fuel,LI,Liechtenstein,2019,,0,,,,,
dataflow,ESTAT:ROAD_EQR_CARPDA(1.0),New passenger cars by type of motor energy,A,Annual,NR,Number,BIFUEL,Bi-fuel,LI,Liechtenstein,2020,,0,,,,,
dataflow,ESTAT:ROAD_EQR_CARPDA(1.0),New passenger cars by type of motor energy,A,Annual,NR,Number,BIFUEL,Bi-fuel,LI,Liechtenstein,2021,,0,,,,,
dataflow,ESTAT:ROAD_EQR_CARPDA(1.0),New passenger cars by type of motor energy,A,Annual,NR,Number,BIFUEL,Bi-fuel,LI,Liechtenstein,2022,,0,,,,,
dataflow,ESTAT:ROAD_EQR_CARPDA(1.0),New passenger cars by type of motor energy,A,Annual,NR,Number,BIFUEL,Bi-fuel,LI,Liechtenstein,2023,,0,,,,,
dataflow,ESTAT:ROAD_EQR_CARPDA(1.0),New passenger cars by type of motor energy,A,Annual,NR,Number,BIFUEL,Bi-fuel,LI,Liechtenstein,2024,,3,,,,,
dataflow,ESTAT:ROAD_EQR_CARPDA(1.0),New passenger cars by type of motor energy,A,Annual,NR,Number,BIFUEL,Bi-fuel,LT,Lithuania,2013,,0,,,,,
dataflow,ESTAT:ROAD_EQR_CARPDA(1.0),New passenger cars by type of motor energy,A,Annual,NR,Number,BIFUEL,Bi-fuel,LT,Lithuania,2014,,0,,,,,
dataflow,ESTAT:ROAD_EQR_CARPDA(1.0),New passenger cars by type of motor energy,A,Annual,NR,Number,BIFUEL,Bi-fuel,LT,Lithuania,2015,,0,,,,,
dataflow,ESTAT:ROAD_EQR_CARPDA(1.0),New passenger cars by type of motor energy,A,Annual,NR,Number,BIFUEL,Bi-fuel,LT,Lithuania,2016,,0,,,,,
dataflow,ESTAT:ROAD_EQR_CARPDA(1.0),New passenger cars by type of motor energy,A,Annual,NR,Number,BIFUEL,Bi-fuel,LT,Lithuania,2017,,0,,,,,
dataflow,ESTAT:ROAD_EQR_CARPDA(1.0),New passenger cars by type of motor energy,A,Annual,NR,Number,BIFUEL,Bi-fuel,LT,Lithuania,2018,,0,,,,,
dataflow,ESTAT:ROAD_EQR_CARPDA(1.0),New passenger cars by type of motor energy,A,Annual,NR,Number,BIFUEL,Bi-fuel,LT,Lithuania,2019,,0,,,,,
dataflow,ESTAT:ROAD_EQR_CARPDA(1.0),New passenger cars by type of motor energy,A,Annual,NR,Number,BIFUEL,Bi-fuel,LT,Lithuania,2020,,0,,,,,
dataflow,ESTAT:ROAD_EQR_CARPDA(1.0),New passenger cars by type of motor energy,A,Annual,NR,Number,BIFUEL,Bi-fuel,LT,Lithuania,2021,,0,,,,,
dataflow,ESTAT:ROAD_EQR_CARPDA(1.0),New passenger cars by type of motor energy,A,Annual,NR,Number,BIFUEL,Bi-fuel,LT,Lithuania,2022,,0,,,,,
dataflow,ESTAT:ROAD_EQR_CARPDA(1.0),New passenger cars by type of motor energy,A,Annual,NR,Number,BIFUEL,Bi-fuel,LT,Lithuania,2023,,0,,,,,
dataflow,ESTAT:ROAD_EQR_CARPDA(1.0),New passenger cars by type of motor energy,A,Annual,NR,Number,BIFUEL,Bi-fuel,LT,Lithuania,2024,,0,,,,,
dataflow,ESTAT:ROAD_EQR_CARPDA(1.0),New passenger cars by type of motor energy,A,Annual,NR,Number,BIFUEL,Bi-fuel,LU,Luxembourg,2021,,18,,,,,
dataflow,ESTAT:ROAD_EQR_CARPDA(1.0),New passenger cars by type of motor energy,A,Annual,NR,Number,BIFUEL,Bi-fuel,LU,Luxembourg,2022,,22,,i,value imputed by Eurostat or other receiving agencies,,
dataflow,ESTAT:ROAD_EQR_CARPDA(1.0),New passenger cars by type of motor energy,A,Annual,NR,Number,BIFUEL,Bi-fuel,LU,Luxembourg,2023,,33,,,,,
dataflow,ESTAT:ROAD_EQR_CARPDA(1.0),New passenger cars by type of motor energy,A,Annual,NR,Number,BIFUEL,Bi-fuel,LU,Luxembourg,2024,,35,,,,,
dataflow,ESTAT:ROAD_EQR_CARPDA(1.0),New passenger cars by type of motor energy,A,Annual,NR,Number,BIFUEL,Bi-fuel,LV,Latvia,2014,,0,,,,,
dataflow,ESTAT:ROAD_EQR_CARPDA(1.0),New passenger cars by type of motor energy,A,Annual,NR,Number,BIFUEL,Bi-fuel,LV,Latvia,2016,,0,,,,,
dataflow,ESTAT:ROAD_EQR_CARPDA(1.0),New passenger cars by type of motor energy,A,Annual,NR,Number,BIFUEL,Bi-fuel,LV,Latvia,2017,,0,,,,,
dataflow,ESTAT:ROAD_EQR_CARPDA(1.0),New passenger cars by type of motor energy,A,Annual,NR,Number,BIFUEL,Bi-fuel,LV,Latvia,2018,,0,,,,,
dataflow,ESTAT:ROAD_EQR_CARPDA(1.0),New passenger cars by type of motor energy,A,Annual,NR,Number,BIFUEL,Bi-fuel,LV,Latvia,2019,,0,,,,,
dataflow,ESTAT:ROAD_EQR_CARPDA(1.0),New passenger cars by type of motor energy,A,Annual,NR,Number,BIFUEL,Bi-fuel,LV,Latvia,2020,,0,,,,,
dataflow,ESTAT:ROAD_EQR_CARPDA(1.0),New passenger cars by type of motor energy,A,Annual,NR,Number,BIFUEL,Bi-fuel,LV,Latvia,2021,,0,,,,,
dataflow,ESTAT:ROAD_EQR_CARPDA(1.0),New passenger cars by type of motor energy,A,Annual,NR,Number,BIFUEL,Bi-fuel,LV,Latvia,2022,,0,,,,,
dataflow,ESTAT:ROAD_EQR_CARPDA(1.0),New passenger cars by type of motor energy,A,Annual,NR,Number,BIFUEL,Bi-fuel,LV,Latvia,2023,,0,,,,,
dataflow,ESTAT:ROAD_EQR_CARPDA(1.0),New passenger cars by type of motor energy,A,Annual,NR,Number,BIFUEL,Bi-fuel,LV,Latvia,2024,,0,,,,,
dataflow,ESTAT:ROAD_EQR_CARPDA(1.0),New passenger cars by type of motor energy,A,Annual,NR,Number,BIFUEL,Bi-fuel,MT,Malta,2013,,5,,,,,
dataflow,ESTAT:ROAD_EQR_CARPDA(1.0),New passenger cars by type of motor energy,A,Annual,NR,Number,BIFUEL,Bi-fuel,MT,Malta,2014,,24,,,,,
dataflow,ESTAT:ROAD_EQR_CARPDA(1.0),New passenger cars by type of motor energy,A,Annual,NR,Number,BIFUEL,Bi-fuel,MT,Malta,2015,,11,,,,,
dataflow,ESTAT:ROAD_EQR_CARPDA(1.0),New passenger cars by type of motor energy,A,Annual,NR,Number,BIFUEL,Bi-fuel,MT,Malta,2016,,5,,,,,
dataflow,ESTAT:ROAD_EQR_CARPDA(1.0),New passenger cars by type of motor energy,A,Annual,NR,Number,BIFUEL,Bi-fuel,MT,Malta,2017,,3,,,,,
dataflow,ESTAT:ROAD_EQR_CARPDA(1.0),New passenger cars by type of motor energy,A,Annual,NR,Number,BIFUEL,Bi-fuel,MT,Malta,2018,,1,,,,,
dataflow,ESTAT:ROAD_EQR_CARPDA(1.0),New passenger cars by type of motor energy,A,Annual,NR,Number,BIFUEL,Bi-fuel,MT,Malta,2019,,2,,,,,
dataflow,ESTAT:ROAD_EQR_CARPDA(1.0),New passenger cars by type of motor energy,A,Annual,NR,Number,BIFUEL,Bi-fuel,MT,Malta,2020,,20,,,,,
dataflow,ESTAT:ROAD_EQR_CARPDA(1.0),New passenger cars by type of motor energy,A,Annual,NR,Number,BIFUEL,Bi-fuel,MT,Malta,2021,,13,,,,,
dataflow,ESTAT:ROAD_EQR_CARPDA(1.0),New passenger cars by type of motor energy,A,Annual,NR,Number,BIFUEL,Bi-fuel,MT,Malta,2022,,9,,,,,
dataflow,ESTAT:ROAD_EQR_CARPDA(1.0),New passenger cars by type of motor energy,A,Annual,NR,Number,BIFUEL,Bi-fuel,MT,Malta,2023,,6,,,,,
dataflow,ESTAT:ROAD_EQR_CARPDA(1.0),New passenger cars by type of motor energy,A,Annual,NR,Number,BIFUEL,Bi-fuel,MT,Malta,2024,,0,,,,,
dataflow,ESTAT:ROAD_EQR_CARPDA(1.0),New passenger cars by type of motor energy,A,Annual,NR,Number,BIFUEL,Bi-fuel,NL,Netherlands,2015,,0,,,,,
dataflow,ESTAT:ROAD_EQR_CARPDA(1.0),New passenger cars by type of motor energy,A,Annual,NR,Number,BIFUEL,Bi-fuel,NL,Netherlands,2016,,0,,,,,
dataflow,ESTAT:ROAD_EQR_CARPDA(1.0),New passenger cars by type of motor energy,A,Annual,NR,Number,BIFUEL,Bi-fuel,NL,Netherlands,2021,,0,,,,,
dataflow,ESTAT:ROAD_EQR_CARPDA(1.0),New passenger cars by type of motor energy,A,Annual,NR,Number,BIFUEL,Bi-fuel,NL,Netherlands,2022,,0,,,,,
dataflow,ESTAT:ROAD_EQR_CARPDA(1.0),New passenger cars by type of motor energy,A,Annual,NR,Number,BIFUEL,Bi-fuel,NL,Netherlands,2023,,0,,,,,
dataflow,ESTAT:ROAD_EQR_CARPDA(1.0),New passenger cars by type of motor energy,A,Annual,NR,Number,BIFUEL,Bi-fuel,NL,Netherlands,2024,,0,,,,,
dataflow,ESTAT:ROAD_EQR_CARPDA(1.0),New passenger cars by type of motor energy,A,Annual,NR,Number,BIFUEL,Bi-fuel,NO,Norway,2018,,0,,,,,
dataflow,ESTAT:ROAD_EQR_CARPDA(1.0),New passenger cars by type of motor energy,A,Annual,NR,Number,BIFUEL,Bi-fuel,NO,Norway,2019,,0,,,,,
dataflow,ESTAT:ROAD_EQR_CARPDA(1.0),New passenger cars by type of motor energy,A,Annual,NR,Number,BIFUEL,Bi-fuel,NO,Norway,2020,,0,,,,,
dataflow,ESTAT:ROAD_EQR_CARPDA(1.0),New passenger cars by type of motor energy,A,Annual,NR,Number,BIFUEL,Bi-fuel,NO,Norway,2021,,0,,,,,
dataflow,ESTAT:ROAD_EQR_CARPDA(1.0),New passenger cars by type of motor energy,A,Annual,NR,Number,BIFUEL,Bi-fuel,NO,Norway,2022,,0,,,,,
dataflow,ESTAT:ROAD_EQR_CARPDA(1.0),New passenger cars by type of motor energy,A,Annual,NR,Number,BIFUEL,Bi-fuel,NO,Norway,2023,,,,m,missing value; data cannot exist,,
dataflow,ESTAT:ROAD_EQR_CARPDA(1.0),New passenger cars by type of motor energy,A,Annual,NR,Number,BIFUEL,Bi-fuel,NO,Norway,2024,,0,,,,,
dataflow,ESTAT:ROAD_EQR_CARPDA(1.0),New passenger cars by type of motor energy,A,Annual,NR,Number,BIFUEL,Bi-fuel,PL,Poland,2014,,0,,,,,
dataflow,ESTAT:ROAD_EQR_CARPDA(1.0),New passenger cars by type of motor energy,A,Annual,NR,Number,BIFUEL,Bi-fuel,PL,Poland,2015,,0,,,,,
dataflow,ESTAT:ROAD_EQR_CARPDA(1.0),New passenger cars by type of motor energy,A,Annual,NR,Number,BIFUEL,Bi-fuel,PL,Poland,2016,,0,,,,,
dataflow,ESTAT:ROAD_EQR_CARPDA(1.0),New passenger cars by type of motor energy,A,Annual,NR,Number,BIFUEL,Bi-fuel,PL,Poland,2017,,0,,,,,
dataflow,ESTAT:ROAD_EQR_CARPDA(1.0),New passenger cars by type of motor energy,A,Annual,NR,Number,BIFUEL,Bi-fuel,PL,Poland,2018,,0,,,,,
dataflow,ESTAT:ROAD_EQR_CARPDA(1.0),New passenger cars by type of motor energy,A,Annual,NR,Number,BIFUEL,Bi-fuel,PL,Poland,2019,,0,,,,,
dataflow,ESTAT:ROAD_EQR_CARPDA(1.0),New passenger cars by type of motor energy,A,Annual,NR,Number,BIFUEL,Bi-fuel,PL,Poland,2020,,0,,,,,
dataflow,ESTAT:ROAD_EQR_CARPDA(1.0),New passenger cars by type of motor energy,A,Annual,NR,Number,BIFUEL,Bi-fuel,PL,Poland,2021,,0,,i,value imputed by Eurostat or other receiving agencies,,
dataflow,ESTAT:ROAD_EQR_CARPDA(1.0),New passenger cars by type of motor energy,A,Annual,NR,Number,BIFUEL,Bi-fuel,PL,Poland,2022,,0,,i,value imputed by Eurostat or other receiving agencies,,
dataflow,ESTAT:ROAD_EQR_CARPDA(1.0),New passenger cars by type of motor energy,A,Annual,NR,Number,BIFUEL,Bi-fuel,PL,Poland,2023,,0,,,,,
dataflow,ESTAT:ROAD_EQR_CARPDA(1.0),New passenger cars by type of motor energy,A,Annual,NR,Number,BIFUEL,Bi-fuel,PL,Poland,2024,,0,,,,,
dataflow,ESTAT:ROAD_EQR_CARPDA(1.0),New passenger cars by type of motor energy,A,Annual,NR,Number,BIFUEL,Bi-fuel,PT,Portugal,2017,,9,,,,,
dataflow,ESTAT:ROAD_EQR_CARPDA(1.0),New passenger cars by type of motor energy,A,Annual,NR,Number,BIFUEL,Bi-fuel,PT,Portugal,2018,,30,,,,,
dataflow,ESTAT:ROAD_EQR_CARPDA(1.0),New passenger cars by type of motor energy,A,Annual,NR,Number,BIFUEL,Bi-fuel,PT,Portugal,2019,,12,,,,,
dataflow,ESTAT:ROAD_EQR_CARPDA(1.0),New passenger cars by type of motor energy,A,Annual,NR,Number,BIFUEL,Bi-fuel,PT,Portugal,2020,,6,,,,,
dataflow,ESTAT:ROAD_EQR_CARPDA(1.0),New passenger cars by type of motor energy,A,Annual,NR,Number,BIFUEL,Bi-fuel,PT,Portugal,2021,,4,,,,,
dataflow,ESTAT:ROAD_EQR_CARPDA(1.0),New passenger cars by type of motor energy,A,Annual,NR,Number,BIFUEL,Bi-fuel,PT,Portugal,2022,,181,,,,,
dataflow,ESTAT:ROAD_EQR_CARPDA(1.0),New passenger cars by type of motor energy,A,Annual,NR,Number,BIFUEL,Bi-fuel,PT,Portugal,2023,,26,,,,,
dataflow,ESTAT:ROAD_EQR_CARPDA(1.0),New passenger cars by type of motor energy,A,Annual,NR,Number,BIFUEL,Bi-fuel,PT,Portugal,2024,,3,,p,provisional,,
dataflow,ESTAT:ROAD_EQR_CARPDA(1.0),New passenger cars by type of motor energy,A,Annual,NR,Number,BIFUEL,Bi-fuel,RO,Romania,2013,,354,,,,,
dataflow,ESTAT:ROAD_EQR_CARPDA(1.0),New passenger cars by type of motor energy,A,Annual,NR,Number,BIFUEL,Bi-fuel,RO,Romania,2014,,785,,,,,
dataflow,ESTAT:ROAD_EQR_CARPDA(1.0),New passenger cars by type of motor energy,A,Annual,NR,Number,BIFUEL,Bi-fuel,RO,Romania,2015,,734,,,,,
dataflow,ESTAT:ROAD_EQR_CARPDA(1.0),New passenger cars by type of motor energy,A,Annual,NR,Number,BIFUEL,Bi-fuel,RO,Romania,2016,,999,,,,,
dataflow,ESTAT:ROAD_EQR_CARPDA(1.0),New passenger cars by type of motor energy,A,Annual,NR,Number,BIFUEL,Bi-fuel,RO,Romania,2017,,908,,,,,
dataflow,ESTAT:ROAD_EQR_CARPDA(1.0),New passenger cars by type of motor energy,A,Annual,NR,Number,BIFUEL,Bi-fuel,RO,Romania,2018,,1360,,,,,
dataflow,ESTAT:ROAD_EQR_CARPDA(1.0),New passenger cars by type of motor energy,A,Annual,NR,Number,BIFUEL,Bi-fuel,RO,Romania,2019,,1416,,,,,
dataflow,ESTAT:ROAD_EQR_CARPDA(1.0),New passenger cars by type of motor energy,A,Annual,NR,Number,BIFUEL,Bi-fuel,RO,Romania,2020,,9278,,,,,
dataflow,ESTAT:ROAD_EQR_CARPDA(1.0),New passenger cars by type of motor energy,A,Annual,NR,Number,BIFUEL,Bi-fuel,RO,Romania,2021,,15952,,,,,
dataflow,ESTAT:ROAD_EQR_CARPDA(1.0),New passenger cars by type of motor energy,A,Annual,NR,Number,BIFUEL,Bi-fuel,RO,Romania,2022,,13565,,,,,
dataflow,ESTAT:ROAD_EQR_CARPDA(1.0),New passenger cars by type of motor energy,A,Annual,NR,Number,BIFUEL,Bi-fuel,RO,Romania,2023,,17669,,,,,
dataflow,ESTAT:ROAD_EQR_CARPDA(1.0),New passenger cars by type of motor energy,A,Annual,NR,Number,BIFUEL,Bi-fuel,RO,Romania,2024,,15392,,,,,
dataflow,ESTAT:ROAD_EQR_CARPDA(1.0),New passenger cars by type of motor energy,A,Annual,NR,Number,BIFUEL,Bi-fuel,RS,Serbia,2019,,1201,,,,,
dataflow,ESTAT:ROAD_EQR_CARPDA(1.0),New passenger cars by type of motor energy,A,Annual,NR,Number,BIFUEL,Bi-fuel,RS,Serbia,2020,,1114,,,,,
dataflow,ESTAT:ROAD_EQR_CARPDA(1.0),New passenger cars by type of motor energy,A,Annual,NR,Number,BIFUEL,Bi-fuel,RS,Serbia,2021,,1053,,,,,
dataflow,ESTAT:ROAD_EQR_CARPDA(1.0),New passenger cars by type of motor energy,A,Annual,NR,Number,BIFUEL,Bi-fuel,RS,Serbia,2022,,1286,,,,,
dataflow,ESTAT:ROAD_EQR_CARPDA(1.0),New passenger cars by type of motor energy,A,Annual,NR,Number,BIFUEL,Bi-fuel,RS,Serbia,2023,,2013,,,,,
dataflow,ESTAT:ROAD_EQR_CARPDA(1.0),New passenger cars by type of motor energy,A,Annual,NR,Number,BIFUEL,Bi-fuel,RS,Serbia,2024,,1668,,,,,
dataflow,ESTAT:ROAD_EQR_CARPDA(1.0),New passenger cars by type of motor energy,A,Annual,NR,Number,BIFUEL,Bi-fuel,SE,Sweden,2013,,2545,,,,,
dataflow,ESTAT:ROAD_EQR_CARPDA(1.0),New passenger cars by type of motor energy,A,Annual,NR,Number,BIFUEL,Bi-fuel,SE,Sweden,2014,,3419,,,,,
dataflow,ESTAT:ROAD_EQR_CARPDA(1.0),New passenger cars by type of motor energy,A,Annual,NR,Number,BIFUEL,Bi-fuel,SE,Sweden,2015,,4231,,,,,
dataflow,ESTAT:ROAD_EQR_CARPDA(1.0),New passenger cars by type of motor energy,A,Annual,NR,Number,BIFUEL,Bi-fuel,SE,Sweden,2016,,3311,,,,,
dataflow,ESTAT:ROAD_EQR_CARPDA(1.0),New passenger cars by type of motor energy,A,Annual,NR,Number,BIFUEL,Bi-fuel,SE,Sweden,2017,,3190,,,,,
dataflow,ESTAT:ROAD_EQR_CARPDA(1.0),New passenger cars by type of motor energy,A,Annual,NR,Number,BIFUEL,Bi-fuel,SE,Sweden,2018,,2696,,,,,
dataflow,ESTAT:ROAD_EQR_CARPDA(1.0),New passenger cars by type of motor energy,A,Annual,NR,Number,BIFUEL,Bi-fuel,SE,Sweden,2019,,436,,,,,
dataflow,ESTAT:ROAD_EQR_CARPDA(1.0),New passenger cars by type of motor energy,A,Annual,NR,Number,BIFUEL,Bi-fuel,SE,Sweden,2020,,261,,,,,
dataflow,ESTAT:ROAD_EQR_CARPDA(1.0),New passenger cars by type of motor energy,A,Annual,NR,Number,BIFUEL,Bi-fuel,SE,Sweden,2021,,54,,,,,
dataflow,ESTAT:ROAD_EQR_CARPDA(1.0),New passenger cars by type of motor energy,A,Annual,NR,Number,BIFUEL,Bi-fuel,SE,Sweden,2022,,24,,,,,
dataflow,ESTAT:ROAD_EQR_CARPDA(1.0),New passenger cars by type of motor energy,A,Annual,NR,Number,BIFUEL,Bi-fuel,SE,Sweden,2023,,18,,,,,
dataflow,ESTAT:ROAD_EQR_CARPDA(1.0),New passenger cars by type of motor energy,A,Annual,NR,Number,BIFUEL,Bi-fuel,SE,Sweden,2024,,12,,,,,
dataflow,ESTAT:ROAD_EQR_CARPDA(1.0),New passenger cars by type of motor energy,A,Annual,NR,Number,BIFUEL,Bi-fuel,TR,Türkiye,2017,,0,,,,,
dataflow,ESTAT:ROAD_EQR_CARPDA(1.0),New passenger cars by type of motor energy,A,Annual,NR,Number,BIFUEL,Bi-fuel,TR,Türkiye,2018,,0,,,,,
dataflow,ESTAT:ROAD_EQR_CARPDA(1.0),New passenger cars by type of motor energy,A,Annual,NR,Number,BIFUEL,Bi-fuel,TR,Türkiye,2019,,0,,,,,
dataflow,ESTAT:ROAD_EQR_CARPDA(1.0),New passenger cars by type of motor energy,A,Annual,NR,Number,BIFUEL,Bi-fuel,TR,Türkiye,2020,,0,,,,,
dataflow,ESTAT:ROAD_EQR_CARPDA(1.0),New passenger cars by type of motor energy,A,Annual,NR,Number,BIFUEL,Bi-fuel,TR,Türkiye,2021,,0,,,,,
dataflow,ESTAT:ROAD_EQR_CARPDA(1.0),New passenger cars by type of motor energy,A,Annual,NR,Number,BIFUEL,Bi-fuel,TR,Türkiye,2022,,0,,,,,
dataflow,ESTAT:ROAD_EQR_CARPDA(1.0),New passenger cars by type of motor energy,A,Annual,NR,Number,BIFUEL,Bi-fuel,TR,Türkiye,2023,,0,,,,,
dataflow,ESTAT:ROAD_EQR_CARPDA(1.0),New passenger cars by type of motor energy,A,Annual,NR,Number,BIFUEL,Bi-fuel,TR,Türkiye,2024,,0,,,,,
dataflow,ESTAT:ROAD_EQR_CARPDA(1.0),New passenger cars by type of motor energy,A,Annual,NR,Number,BIFUEL,Bi-fuel,UA,Ukraine,2019,,380,,,,,
dataflow,ESTAT:ROAD_EQR_CARPDA(1.0),New passenger cars by type of motor energy,A,Annual,NR,Number,BIFUEL,Bi-fuel,UA,Ukraine,2020,,1407,,,,,
dataflow,ESTAT:ROAD_EQR_CARPDA(1.0),New passenger cars by type of motor energy,A,Annual,NR,Number,BIFUEL,Bi-fuel,UA,Ukraine,2021,,1987,,,,,
dataflow,ESTAT:ROAD_EQR_CARPDA(1.0),New passenger cars by type of motor energy,A,Annual,NR,Number,BIFUEL,Bi-fuel,UA,Ukraine,2022,,403,,,,,
dataflow,ESTAT:ROAD_EQR_CARPDA(1.0),New passenger cars by type of motor energy,A,Annual,NR,Number,BIFUEL,Bi-fuel,UA,Ukraine,2023,,380,,,,,
dataflow,ESTAT:ROAD_EQR_CARPDA(1.0),New passenger cars by type of motor energy,A,Annual,NR,Number,BIFUEL,Bi-fuel,UA,Ukraine,2024,,309,,,,,
dataflow,ESTAT:ROAD_EQR_CARPDA(1.0),New passenger cars by type of motor energy,A,Annual,NR,Number,BIFUEL,Bi-fuel,UK,United Kingdom,2015,,33,,,,,
dataflow,ESTAT:ROAD_EQR_CARPDA(1.0),New passenger cars by type of motor energy,A,Annual,NR,Number,BIFUEL,Bi-fuel,UK,United Kingdom,2016,,29,,,,,
dataflow,ESTAT:ROAD_EQR_CARPDA(1.0),New passenger cars by type of motor energy,A,Annual,NR,Number,BIFUEL,Bi-fuel,UK,United Kingdom,2017,,11,,,,,
dataflow,ESTAT:ROAD_EQR_CARPDA(1.0),New passenger cars by type of motor energy,A,Annual,NR,Number,BIFUEL,Bi-fuel,UK,United Kingdom,2018,,95,,,,,
dataflow,ESTAT:ROAD_EQR_CARPDA(1.0),New passenger cars by type of motor energy,A,Annual,NR,Number,BIFUEL,Bi-fuel,UK,United Kingdom,2021,,2299,,,,,
dataflow,ESTAT:ROAD_EQR_CARPDA(1.0),New passenger cars by type of motor energy,A,Annual,NR,Number,BIFUEL,Bi-fuel,UK,United Kingdom,2022,,3577,,,,,
dataflow,ESTAT:ROAD_EQR_CARPDA(1.0),New passenger cars by type of motor energy,A,Annual,NR,Number,BIFUEL,Bi-fuel,UK,United Kingdom,2023,,2646,,,,,
dataflow,ESTAT:ROAD_EQR_CARPDA(1.0),New passenger cars by type of motor energy,A,Annual,NR,Number,BIFUEL,Bi-fuel,XK,Kosovo*,2017,,0,,,,,
dataflow,ESTAT:ROAD_EQR_CARPDA(1.0),New passenger cars by type of motor energy,A,Annual,NR,Number,BIFUEL,Bi-fuel,XK,Kosovo*,2018,,0,,,,,
dataflow,ESTAT:ROAD_EQR_CARPDA(1.0),New passenger cars by type of motor energy,A,Annual,NR,Number,BIFUEL,Bi-fuel,XK,Kosovo*,2019,,0,,,,,
dataflow,ESTAT:ROAD_EQR_CARPDA(1.0),New passenger cars by type of motor energy,A,Annual,NR,Number,BIFUEL,Bi-fuel,XK,Kosovo*,2021,,0,,,,,
dataflow,ESTAT:ROAD_EQR_CARPDA(1.0),New passenger cars by type of motor energy,A,Annual,NR,Number,BIODIE,Biodiesel,AL,Albania,2020,,0,,,,,
dataflow,ESTAT:ROAD_EQR_CARPDA(1.0),New passenger cars by type of motor energy,A,Annual,NR,Number,BIODIE,Biodiesel,AL,Albania,2021,,1,,,,,
dataflow,ESTAT:ROAD_EQR_CARPDA(1.0),New passenger cars by type of motor energy,A,Annual,NR,Number,BIODIE,Biodiesel,AT,Austria,2019,,0,,,,,
dataflow,ESTAT:ROAD_EQR_CARPDA(1.0),New passenger cars by type of motor energy,A,Annual,NR,Number,BIODIE,Biodiesel,AT,Austria,2020,,0,,,,,
dataflow,ESTAT:ROAD_EQR_CARPDA(1.0),New passenger cars by type of motor energy,A,Annual,NR,Number,BIODIE,Biodiesel,AT,Austria,2021,,0,,,,,
dataflow,ESTAT:ROAD_EQR_CARPDA(1.0),New passenger cars by type of motor energy,A,Annual,NR,Number,BIODIE,Biodiesel,AT,Austria,2022,,0,,,,,
dataflow,ESTAT:ROAD_EQR_CARPDA(1.0),New passenger cars by type of motor energy,A,Annual,NR,Number,BIODIE,Biodiesel,AT,Austria,2023,,0,,,,,
dataflow,ESTAT:ROAD_EQR_CARPDA(1.0),New passenger cars by type of motor energy,A,Annual,NR,Number,BIODIE,Biodiesel,AT,Austria,2024,,0,,,,,
dataflow,ESTAT:ROAD_EQR_CARPDA(1.0),New passenger cars by type of motor energy,A,Annual,NR,Number,BIODIE,Biodiesel,BA,Bosnia and Herzegovina,2013,,0,,,,,
dataflow,ESTAT:ROAD_EQR_CARPDA(1.0),New passenger cars by type of motor energy,A,Annual,NR,Number,BIODIE,Biodiesel,BA,Bosnia and Herzegovina,2014,,0,,,,,
dataflow,ESTAT:ROAD_EQR_CARPDA(1.0),New passenger cars by type of motor energy,A,Annual,NR,Number,BIODIE,Biodiesel,BA,Bosnia and Herzegovina,2015,,0,,,,,
dataflow,ESTAT:ROAD_EQR_CARPDA(1.0),New passenger cars by type of motor energy,A,Annual,NR,Number,BIODIE,Biodiesel,BA,Bosnia and Herzegovina,2016,,0,,,,,
dataflow,ESTAT:ROAD_EQR_CARPDA(1.0),New passenger cars by type of motor energy,A,Annual,NR,Number,BIODIE,Biodiesel,BA,Bosnia and Herzegovina,2017,,0,,,,,
dataflow,ESTAT:ROAD_EQR_CARPDA(1.0),New passenger cars by type of motor energy,A,Annual,NR,Number,BIODIE,Biodiesel,BA,Bosnia and Herzegovina,2018,,0,,,,,
dataflow,ESTAT:ROAD_EQR_CARPDA(1.0),New passenger cars by type of motor energy,A,Annual,NR,Number,BIODIE,Biodiesel,BA,Bosnia and Herzegovina,2019,,0,,,,,
dataflow,ESTAT:ROAD_EQR_CARPDA(1.0),New passenger cars by type of motor energy,A,Annual,NR,Number,BIODIE,Biodiesel,BA,Bosnia and Herzegovina,2020,,0,,,,,
dataflow,ESTAT:ROAD_EQR_CARPDA(1.0),New passenger cars by type of motor energy,A,Annual,NR,Number,BIODIE,Biodiesel,BA,Bosnia and Herzegovina,2021,,0,,,,,
dataflow,ESTAT:ROAD_EQR_CARPDA(1.0),New passenger cars by type of motor energy,A,Annual,NR,Number,BIODIE,Biodiesel,BA,Bosnia and Herzegovina,2022,,0,,,,,
dataflow,ESTAT:ROAD_EQR_CARPDA(1.0),New passenger cars by type of motor energy,A,Annual,NR,Number,BIODIE,Biodiesel,BA,Bosnia and Herzegovina,2023,,0,,,,,
dataflow,ESTAT:ROAD_EQR_CARPDA(1.0),New passenger cars by type of motor energy,A,Annual,NR,Number,BIODIE,Biodiesel,BA,Bosnia and Herzegovina,2024,,0,,,,,
dataflow,ESTAT:ROAD_EQR_CARPDA(1.0),New passenger cars by type of motor energy,A,Annual,NR,Number,BIODIE,Biodiesel,BE,Belgium,2013,,0,,,,,
dataflow,ESTAT:ROAD_EQR_CARPDA(1.0),New passenger cars by type of motor energy,A,Annual,NR,Number,BIODIE,Biodiesel,BE,Belgium,2014,,0,,,,,
dataflow,ESTAT:ROAD_EQR_CARPDA(1.0),New passenger cars by type of motor energy,A,Annual,NR,Number,BIODIE,Biodiesel,BE,Belgium,2015,,0,,,,,
dataflow,ESTAT:ROAD_EQR_CARPDA(1.0),New passenger cars by type of motor energy,A,Annual,NR,Number,BIODIE,Biodiesel,BE,Belgium,2016,,0,,,,,
dataflow,ESTAT:ROAD_EQR_CARPDA(1.0),New passenger cars by type of motor energy,A,Annual,NR,Number,BIODIE,Biodiesel,BE,Belgium,2017,,0,,,,,
dataflow,ESTAT:ROAD_EQR_CARPDA(1.0),New passenger cars by type of motor energy,A,Annual,NR,Number,BIODIE,Biodiesel,BE,Belgium,2018,,0,,,,,
dataflow,ESTAT:ROAD_EQR_CARPDA(1.0),New passenger cars by type of motor energy,A,Annual,NR,Number,BIODIE,Biodiesel,BE,Belgium,2019,,0,,,,,
dataflow,ESTAT:ROAD_EQR_CARPDA(1.0),New passenger cars by type of motor energy,A,Annual,NR,Number,BIODIE,Biodiesel,BE,Belgium,2020,,1,,,,,
dataflow,ESTAT:ROAD_EQR_CARPDA(1.0),New passenger cars by type of motor energy,A,Annual,NR,Number,BIODIE,Biodiesel,BE,Belgium,2021,,0,,,,,
dataflow,ESTAT:ROAD_EQR_CARPDA(1.0),New passenger cars by type of motor energy,A,Annual,NR,Number,BIODIE,Biodiesel,BE,Belgium,2022,,2,,,,,
dataflow,ESTAT:ROAD_EQR_CARPDA(1.0),New passenger cars by type of motor energy,A,Annual,NR,Number,BIODIE,Biodiesel,BE,Belgium,2023,,0,,i,value imputed by Eurostat or other receiving agencies,,
dataflow,ESTAT:ROAD_EQR_CARPDA(1.0),New passenger cars by type of motor energy,A,Annual,NR,Number,BIODIE,Biodiesel,BE,Belgium,2024,,1,,i,value imputed by Eurostat or other receiving agencies,,
dataflow,ESTAT:ROAD_EQR_CARPDA(1.0),New passenger cars by type of motor energy,A,Annual,NR,Number,BIODIE,Biodiesel,BG,Bulgaria,2024,,0,,i,value imputed by Eurostat or other receiving agencies,,
dataflow,ESTAT:ROAD_EQR_CARPDA(1.0),New passenger cars by type of motor energy,A,Annual,NR,Number,BIODIE,Biodiesel,CH,Switzerland,2013,,0,,,,,
dataflow,ESTAT:ROAD_EQR_CARPDA(1.0),New passenger cars by type of motor energy,A,Annual,NR,Number,BIODIE,Biodiesel,CH,Switzerland,2014,,0,,,,,
dataflow,ESTAT:ROAD_EQR_CARPDA(1.0),New passenger cars by type of motor energy,A,Annual,NR,Number,BIODIE,Biodiesel,CH,Switzerland,2015,,0,,,,,
dataflow,ESTAT:ROAD_EQR_CARPDA(1.0),New passenger cars by type of motor energy,A,Annual,NR,Number,BIODIE,Biodiesel,CH,Switzerland,2016,,0,,,,,
dataflow,ESTAT:ROAD_EQR_CARPDA(1.0),New passenger cars by type of motor energy,A,Annual,NR,Number,BIODIE,Biodiesel,CH,Switzerland,2017,,0,,,,,
dataflow,ESTAT:ROAD_EQR_CARPDA(1.0),New passenger cars by type of motor energy,A,Annual,NR,Number,BIODIE,Biodiesel,CH,Switzerland,2018,,0,,,,,
dataflow,ESTAT:ROAD_EQR_CARPDA(1.0),New passenger cars by type of motor energy,A,Annual,NR,Number,BIODIE,Biodiesel,CH,Switzerland,2019,,0,,,,,
dataflow,ESTAT:ROAD_EQR_CARPDA(1.0),New passenger cars by type of motor energy,A,Annual,NR,Number,BIODIE,Biodiesel,CH,Switzerland,2020,,0,,,,,
dataflow,ESTAT:ROAD_EQR_CARPDA(1.0),New passenger cars by type of motor energy,A,Annual,NR,Number,BIODIE,Biodiesel,CH,Switzerland,2021,,0,,,,,
dataflow,ESTAT:ROAD_EQR_CARPDA(1.0),New passenger cars by type of motor energy,A,Annual,NR,Number,BIODIE,Biodiesel,CH,Switzerland,2022,,0,,,,,
dataflow,ESTAT:ROAD_EQR_CARPDA(1.0),New passenger cars by type of motor energy,A,Annual,NR,Number,BIODIE,Biodiesel,CH,Switzerland,2023,,0,,,,,
dataflow,ESTAT:ROAD_EQR_CARPDA(1.0),New passenger cars by type of motor energy,A,Annual,NR,Number,BIODIE,Biodiesel,CY,Cyprus,2013,,0,,,,,
dataflow,ESTAT:ROAD_EQR_CARPDA(1.0),New passenger cars by type of motor energy,A,Annual,NR,Number,BIODIE,Biodiesel,CY,Cyprus,2014,,0,,,,,
dataflow,ESTAT:ROAD_EQR_CARPDA(1.0),New passenger cars by type of motor energy,A,Annual,NR,Number,BIODIE,Biodiesel,CY,Cyprus,2015,,0,,,,,
dataflow,ESTAT:ROAD_EQR_CARPDA(1.0),New passenger cars by type of motor energy,A,Annual,NR,Number,BIODIE,Biodiesel,CY,Cyprus,2016,,0,,,,,
dataflow,ESTAT:ROAD_EQR_CARPDA(1.0),New passenger cars by type of motor energy,A,Annual,NR,Number,BIODIE,Biodiesel,CY,Cyprus,2017,,0,,,,,
dataflow,ESTAT:ROAD_EQR_CARPDA(1.0),New passenger cars by type of motor energy,A,Annual,NR,Number,BIODIE,Biodiesel,CY,Cyprus,2018,,0,,,,,
dataflow,ESTAT:ROAD_EQR_CARPDA(1.0),New passenger cars by type of motor energy,A,Annual,NR,Number,BIODIE,Biodiesel,CY,Cyprus,2019,,0,,,,,
dataflow,ESTAT:ROAD_EQR_CARPDA(1.0),New passenger cars by type of motor energy,A,Annual,NR,Number,BIODIE,Biodiesel,CY,Cyprus,2020,,0,,,,,
dataflow,ESTAT:ROAD_EQR_CARPDA(1.0),New passenger cars by type of motor energy,A,Annual,NR,Number,BIODIE,Biodiesel,CY,Cyprus,2021,,0,,,,,
dataflow,ESTAT:ROAD_EQR_CARPDA(1.0),New passenger cars by type of motor energy,A,Annual,NR,Number,BIODIE,Biodiesel,CY,Cyprus,2022,,0,,,,,
dataflow,ESTAT:ROAD_EQR_CARPDA(1.0),New passenger cars by type of motor energy,A,Annual,NR,Number,BIODIE,Biodiesel,CY,Cyprus,2023,,0,,,,,
dataflow,ESTAT:ROAD_EQR_CARPDA(1.0),New passenger cars by type of motor energy,A,Annual,NR,Number,BIODIE,Biodiesel,CY,Cyprus,2024,,0,,,,,
dataflow,ESTAT:ROAD_EQR_CARPDA(1.0),New passenger cars by type of motor energy,A,Annual,NR,Number,BIODIE,Biodiesel,CZ,Czechia,2021,,0,,,,,
dataflow,ESTAT:ROAD_EQR_CARPDA(1.0),New passenger cars by type of motor energy,A,Annual,NR,Number,BIODIE,Biodiesel,CZ,Czechia,2023,,1,,,,,
dataflow,ESTAT:ROAD_EQR_CARPDA(1.0),New passenger cars by type of motor energy,A,Annual,NR,Number,BIODIE,Biodiesel,CZ,Czechia,2024,,2,,,,,
dataflow,ESTAT:ROAD_EQR_CARPDA(1.0),New passenger cars by type of motor energy,A,Annual,NR,Number,BIODIE,Biodiesel,DK,Denmark,2019,,0,,,,,
dataflow,ESTAT:ROAD_EQR_CARPDA(1.0),New passenger cars by type of motor energy,A,Annual,NR,Number,BIODIE,Biodiesel,DK,Denmark,2020,,0,,,,,
dataflow,ESTAT:ROAD_EQR_CARPDA(1.0),New passenger cars by type of motor energy,A,Annual,NR,Number,BIODIE,Biodiesel,DK,Denmark,2021,,0,,,,,
dataflow,ESTAT:ROAD_EQR_CARPDA(1.0),New passenger cars by type of motor energy,A,Annual,NR,Number,BIODIE,Biodiesel,DK,Denmark,2022,,0,,,,,
dataflow,ESTAT:ROAD_EQR_CARPDA(1.0),New passenger cars by type of motor energy,A,Annual,NR,Number,BIODIE,Biodiesel,DK,Denmark,2023,,0,,,,,
dataflow,ESTAT:ROAD_EQR_CARPDA(1.0),New passenger cars by type of motor energy,A,Annual,NR,Number,BIODIE,Biodiesel,DK,Denmark,2024,,0,,,,,
dataflow,ESTAT:ROAD_EQR_CARPDA(1.0),New passenger cars by type of motor energy,A,Annual,NR,Number,BIODIE,Biodiesel,EL,Greece,2023,,0,,,,,
dataflow,ESTAT:ROAD_EQR_CARPDA(1.0),New passenger cars by type of motor energy,A,Annual,NR,Number,BIODIE,Biodiesel,ES,Spain,2014,,6,,,,,
dataflow,ESTAT:ROAD_EQR_CARPDA(1.0),New passenger cars by type of motor energy,A,Annual,NR,Number,BIODIE,Biodiesel,ES,Spain,2015,,0,,,,,
dataflow,ESTAT:ROAD_EQR_CARPDA(1.0),New passenger cars by type of motor energy,A,Annual,NR,Number,BIODIE,Biodiesel,ES,Spain,2016,,0,,,,,
dataflow,ESTAT:ROAD_EQR_CARPDA(1.0),New passenger cars by type of motor energy,A,Annual,NR,Number,BIODIE,Biodiesel,ES,Spain,2018,,0,,,,,
dataflow,ESTAT:ROAD_EQR_CARPDA(1.0),New passenger cars by type of motor energy,A,Annual,NR,Number,BIODIE,Biodiesel,ES,Spain,2019,,0,,,,,
dataflow,ESTAT:ROAD_EQR_CARPDA(1.0),New passenger cars by type of motor energy,A,Annual,NR,Number,BIODIE,Biodiesel,ES,Spain,2020,,0,,,,,
dataflow,ESTAT:ROAD_EQR_CARPDA(1.0),New passenger cars by type of motor energy,A,Annual,NR,Number,BIODIE,Biodiesel,ES,Spain,2021,,0,,,,,
dataflow,ESTAT:ROAD_EQR_CARPDA(1.0),New passenger cars by type of motor energy,A,Annual,NR,Number,BIODIE,Biodiesel,ES,Spain,2022,,0,,,,,
dataflow,ESTAT:ROAD_EQR_CARPDA(1.0),New passenger cars by type of motor energy,A,Annual,NR,Number,BIODIE,Biodiesel,ES,Spain,2023,,0,,,,,
dataflow,ESTAT:ROAD_EQR_CARPDA(1.0),New passenger cars by type of motor energy,A,Annual,NR,Number,BIODIE,Biodiesel,ES,Spain,2024,,0,,,,,
dataflow,ESTAT:ROAD_EQR_CARPDA(1.0),New passenger cars by type of motor energy,A,Annual,NR,Number,BIODIE,Biodiesel,FI,Finland,2013,,0,,,,,
dataflow,ESTAT:ROAD_EQR_CARPDA(1.0),New passenger cars by type of motor energy,A,Annual,NR,Number,BIODIE,Biodiesel,FI,Finland,2014,,0,,,,,
dataflow,ESTAT:ROAD_EQR_CARPDA(1.0),New passenger cars by type of motor energy,A,Annual,NR,Number,BIODIE,Biodiesel,FI,Finland,2015,,0,,,,,
dataflow,ESTAT:ROAD_EQR_CARPDA(1.0),New passenger cars by type of motor energy,A,Annual,NR,Number,BIODIE,Biodiesel,FI,Finland,2016,,0,,,,,
dataflow,ESTAT:ROAD_EQR_CARPDA(1.0),New passenger cars by type of motor energy,A,Annual,NR,Number,BIODIE,Biodiesel,FI,Finland,2021,,0,,,,,
dataflow,ESTAT:ROAD_EQR_CARPDA(1.0),New passenger cars by type of motor energy,A,Annual,NR,Number,BIODIE,Biodiesel,FI,Finland,2022,,0,,,,,
dataflow,ESTAT:ROAD_EQR_CARPDA(1.0),New passenger cars by type of motor energy,A,Annual,NR,Number,BIODIE,Biodiesel,FI,Finland,2023,,0,,,,,
dataflow,ESTAT:ROAD_EQR_CARPDA(1.0),New passenger cars by type of motor energy,A,Annual,NR,Number,BIODIE,Biodiesel,FI,Finland,2024,,0,,,,,
dataflow,ESTAT:ROAD_EQR_CARPDA(1.0),New passenger cars by type of motor energy,A,Annual,NR,Number,BIODIE,Biodiesel,FR,France,2013,,0,,,,,
dataflow,ESTAT:ROAD_EQR_CARPDA(1.0),New passenger cars by type of motor energy,A,Annual,NR,Number,BIODIE,Biodiesel,FR,France,2023,,0,,,,,
dataflow,ESTAT:ROAD_EQR_CARPDA(1.0),New passenger cars by type of motor energy,A,Annual,NR,Number,BIODIE,Biodiesel,GE,Georgia,2023,,0,,,,,
dataflow,ESTAT:ROAD_EQR_CARPDA(1.0),New passenger cars by type of motor energy,A,Annual,NR,Number,BIODIE,Biodiesel,GE,Georgia,2024,,0,,,,,
dataflow,ESTAT:ROAD_EQR_CARPDA(1.0),New passenger cars by type of motor energy,A,Annual,NR,Number,BIODIE,Biodiesel,HU,Hungary,2013,,0,,,,,
dataflow,ESTAT:ROAD_EQR_CARPDA(1.0),New passenger cars by type of motor energy,A,Annual,NR,Number,BIODIE,Biodiesel,HU,Hungary,2014,,0,,,,,
dataflow,ESTAT:ROAD_EQR_CARPDA(1.0),New passenger cars by type of motor energy,A,Annual,NR,Number,BIODIE,Biodiesel,HU,Hungary,2015,,0,,,,,
dataflow,ESTAT:ROAD_EQR_CARPDA(1.0),New passenger cars by type of motor energy,A,Annual,NR,Number,BIODIE,Biodiesel,HU,Hungary,2016,,0,,,,,
dataflow,ESTAT:ROAD_EQR_CARPDA(1.0),New passenger cars by type of motor energy,A,Annual,NR,Number,BIODIE,Biodiesel,HU,Hungary,2017,,0,,,,,
dataflow,ESTAT:ROAD_EQR_CARPDA(1.0),New passenger cars by type of motor energy,A,Annual,NR,Number,BIODIE,Biodiesel,HU,Hungary,2018,,0,,,,,
dataflow,ESTAT:ROAD_EQR_CARPDA(1.0),New passenger cars by type of motor energy,A,Annual,NR,Number,BIODIE,Biodiesel,HU,Hungary,2019,,0,,,,,
dataflow,ESTAT:ROAD_EQR_CARPDA(1.0),New passenger cars by type of motor energy,A,Annual,NR,Number,BIODIE,Biodiesel,HU,Hungary,2020,,0,,,,,
dataflow,ESTAT:ROAD_EQR_CARPDA(1.0),New passenger cars by type of motor energy,A,Annual,NR,Number,BIODIE,Biodiesel,HU,Hungary,2021,,0,,,,,
dataflow,ESTAT:ROAD_EQR_CARPDA(1.0),New passenger cars by type of motor energy,A,Annual,NR,Number,BIODIE,Biodiesel,HU,Hungary,2022,,0,,,,,
dataflow,ESTAT:ROAD_EQR_CARPDA(1.0),New passenger cars by type of motor energy,A,Annual,NR,Number,BIODIE,Biodiesel,HU,Hungary,2023,,0,,,,,
dataflow,ESTAT:ROAD_EQR_CARPDA(1.0),New passenger cars by type of motor energy,A,Annual,NR,Number,BIODIE,Biodiesel,HU,Hungary,2024,,0,,i,value imputed by Eurostat or other receiving agencies,,
dataflow,ESTAT:ROAD_EQR_CARPDA(1.0),New passenger cars by type of motor energy,A,Annual,NR,Number,BIODIE,Biodiesel,IT,Italy,2023,,33,,i,value imputed by Eurostat or other receiving agencies,,
dataflow,ESTAT:ROAD_EQR_CARPDA(1.0),New passenger cars by type of motor energy,A,Annual,NR,Number,BIODIE,Biodiesel,IT,Italy,2024,,397,,i,value imputed by Eurostat or other receiving agencies,,
dataflow,ESTAT:ROAD_EQR_CARPDA(1.0),New passenger cars by type of motor energy,A,Annual,NR,Number,BIODIE,Biodiesel,LI,Liechtenstein,2013,,0,,,,,
dataflow,ESTAT:ROAD_EQR_CARPDA(1.0),New passenger cars by type of motor energy,A,Annual,NR,Number,BIODIE,Biodiesel,LI,Liechtenstein,2014,,0,,,,,
dataflow,ESTAT:ROAD_EQR_CARPDA(1.0),New passenger cars by type of motor energy,A,Annual,NR,Number,BIODIE,Biodiesel,LI,Liechtenstein,2015,,0,,,,,
dataflow,ESTAT:ROAD_EQR_CARPDA(1.0),New passenger cars by type of motor energy,A,Annual,NR,Number,BIODIE,Biodiesel,LI,Liechtenstein,2016,,0,,,,,
dataflow,ESTAT:ROAD_EQR_CARPDA(1.0),New passenger cars by type of motor energy,A,Annual,NR,Number,BIODIE,Biodiesel,LI,Liechtenstein,2017,,0,,,,,
dataflow,ESTAT:ROAD_EQR_CARPDA(1.0),New passenger cars by type of motor energy,A,Annual,NR,Number,BIODIE,Biodiesel,LI,Liechtenstein,2018,,0,,,,,
dataflow,ESTAT:ROAD_EQR_CARPDA(1.0),New passenger cars by type of motor energy,A,Annual,NR,Number,BIODIE,Biodiesel,LI,Liechtenstein,2019,,0,,,,,
dataflow,ESTAT:ROAD_EQR_CARPDA(1.0),New passenger cars by type of motor energy,A,Annual,NR,Number,BIODIE,Biodiesel,LI,Liechtenstein,2020,,0,,,,,
dataflow,ESTAT:ROAD_EQR_CARPDA(1.0),New passenger cars by type of motor energy,A,Annual,NR,Number,BIODIE,Biodiesel,LI,Liechtenstein,2021,,0,,,,,
dataflow,ESTAT:ROAD_EQR_CARPDA(1.0),New passenger cars by type of motor energy,A,Annual,NR,Number,BIODIE,Biodiesel,LI,Liechtenstein,2022,,0,,,,,
dataflow,ESTAT:ROAD_EQR_CARPDA(1.0),New passenger cars by type of motor energy,A,Annual,NR,Number,BIODIE,Biodiesel,LI,Liechtenstein,2023,,0,,,,,
dataflow,ESTAT:ROAD_EQR_CARPDA(1.0),New passenger cars by type of motor energy,A,Annual,NR,Number,BIODIE,Biodiesel,LI,Liechtenstein,2024,,0,,,,,
dataflow,ESTAT:ROAD_EQR_CARPDA(1.0),New passenger cars by type of motor energy,A,Annual,NR,Number,BIODIE,Biodiesel,LT,Lithuania,2013,,0,,,,,
dataflow,ESTAT:ROAD_EQR_CARPDA(1.0),New passenger cars by type of motor energy,A,Annual,NR,Number,BIODIE,Biodiesel,LT,Lithuania,2014,,0,,,,,
dataflow,ESTAT:ROAD_EQR_CARPDA(1.0),New passenger cars by type of motor energy,A,Annual,NR,Number,BIODIE,Biodiesel,LT,Lithuania,2015,,0,,,,,
dataflow,ESTAT:ROAD_EQR_CARPDA(1.0),New passenger cars by type of motor energy,A,Annual,NR,Number,BIODIE,Biodiesel,LT,Lithuania,2016,,0,,,,,
dataflow,ESTAT:ROAD_EQR_CARPDA(1.0),New passenger cars by type of motor energy,A,Annual,NR,Number,BIODIE,Biodiesel,LT,Lithuania,2017,,0,,,,,
dataflow,ESTAT:ROAD_EQR_CARPDA(1.0),New passenger cars by type of motor energy,A,Annual,NR,Number,BIODIE,Biodiesel,LT,Lithuania,2018,,0,,,,,
dataflow,ESTAT:ROAD_EQR_CARPDA(1.0),New passenger cars by type of motor energy,A,Annual,NR,Number,BIODIE,Biodiesel,LT,Lithuania,2019,,0,,,,,
dataflow,ESTAT:ROAD_EQR_CARPDA(1.0),New passenger cars by type of motor energy,A,Annual,NR,Number,BIODIE,Biodiesel,LT,Lithuania,2020,,0,,,,,
dataflow,ESTAT:ROAD_EQR_CARPDA(1.0),New passenger cars by type of motor energy,A,Annual,NR,Number,BIODIE,Biodiesel,LT,Lithuania,2021,,0,,,,,
dataflow,ESTAT:ROAD_EQR_CARPDA(1.0),New passenger cars by type of motor energy,A,Annual,NR,Number,BIODIE,Biodiesel,LT,Lithuania,2022,,0,,,,,
dataflow,ESTAT:ROAD_EQR_CARPDA(1.0),New passenger cars by type of motor energy,A,Annual,NR,Number,BIODIE,Biodiesel,LT,Lithuania,2023,,0,,,,,
dataflow,ESTAT:ROAD_EQR_CARPDA(1.0),New passenger cars by type of motor energy,A,Annual,NR,Number,BIODIE,Biodiesel,LT,Lithuania,2024,,0,,,,,
dataflow,ESTAT:ROAD_EQR_CARPDA(1.0),New passenger cars by type of motor energy,A,Annual,NR,Number,BIODIE,Biodiesel,LU,Luxembourg,2021,,0,,,,,
dataflow,ESTAT:ROAD_EQR_CARPDA(1.0),New passenger cars by type of motor energy,A,Annual,NR,Number,BIODIE,Biodiesel,LU,Luxembourg,2022,,0,,i,value imputed by Eurostat or other receiving agencies,,
dataflow,ESTAT:ROAD_EQR_CARPDA(1.0),New passenger cars by type of motor energy,A,Annual,NR,Number,BIODIE,Biodiesel,LU,Luxembourg,2023,,0,,,,,
dataflow,ESTAT:ROAD_EQR_CARPDA(1.0),New passenger cars by type of motor energy,A,Annual,NR,Number,BIODIE,Biodiesel,LU,Luxembourg,2024,,0,,,,,
dataflow,ESTAT:ROAD_EQR_CARPDA(1.0),New passenger cars by type of motor energy,A,Annual,NR,Number,BIODIE,Biodiesel,LV,Latvia,2014,,0,,,,,
dataflow,ESTAT:ROAD_EQR_CARPDA(1.0),New passenger cars by type of motor energy,A,Annual,NR,Number,BIODIE,Biodiesel,LV,Latvia,2016,,0,,,,,
dataflow,ESTAT:ROAD_EQR_CARPDA(1.0),New passenger cars by type of motor energy,A,Annual,NR,Number,BIODIE,Biodiesel,LV,Latvia,2017,,0,,,,,
dataflow,ESTAT:ROAD_EQR_CARPDA(1.0),New passenger cars by type of motor energy,A,Annual,NR,Number,BIODIE,Biodiesel,LV,Latvia,2018,,0,,,,,
dataflow,ESTAT:ROAD_EQR_CARPDA(1.0),New passenger cars by type of motor energy,A,Annual,NR,Number,BIODIE,Biodiesel,LV,Latvia,2019,,0,,,,,
dataflow,ESTAT:ROAD_EQR_CARPDA(1.0),New passenger cars by type of motor energy,A,Annual,NR,Number,BIODIE,Biodiesel,LV,Latvia,2020,,0,,,,,
dataflow,ESTAT:ROAD_EQR_CARPDA(1.0),New passenger cars by type of motor energy,A,Annual,NR,Number,BIODIE,Biodiesel,LV,Latvia,2021,,0,,,,,
dataflow,ESTAT:ROAD_EQR_CARPDA(1.0),New passenger cars by type of motor energy,A,Annual,NR,Number,BIODIE,Biodiesel,LV,Latvia,2022,,0,,,,,
dataflow,ESTAT:ROAD_EQR_CARPDA(1.0),New passenger cars by type of motor energy,A,Annual,NR,Number,BIODIE,Biodiesel,LV,Latvia,2023,,0,,,,,
dataflow,ESTAT:ROAD_EQR_CARPDA(1.0),New passenger cars by type of motor energy,A,Annual,NR,Number,BIODIE,Biodiesel,LV,Latvia,2024,,0,,,,,
dataflow,ESTAT:ROAD_EQR_CARPDA(1.0),New passenger cars by type of motor energy,A,Annual,NR,Number,BIODIE,Biodiesel,MT,Malta,2013,,0,,,,,
dataflow,ESTAT:ROAD_EQR_CARPDA(1.0),New passenger cars by type of motor energy,A,Annual,NR,Number,BIODIE,Biodiesel,MT,Malta,2014,,0,,,,,
dataflow,ESTAT:ROAD_EQR_CARPDA(1.0),New passenger cars by type of motor energy,A,Annual,NR,Number,BIODIE,Biodiesel,MT,Malta,2015,,0,,,,,
dataflow,ESTAT:ROAD_EQR_CARPDA(1.0),New passenger cars by type of motor energy,A,Annual,NR,Number,BIODIE,Biodiesel,MT,Malta,2016,,0,,,,,
dataflow,ESTAT:ROAD_EQR_CARPDA(1.0),New passenger cars by type of motor energy,A,Annual,NR,Number,BIODIE,Biodiesel,MT,Malta,2017,,0,,,,,
dataflow,ESTAT:ROAD_EQR_CARPDA(1.0),New passenger cars by type of motor energy,A,Annual,NR,Number,BIODIE,Biodiesel,MT,Malta,2018,,0,,,,,
dataflow,ESTAT:ROAD_EQR_CARPDA(1.0),New passenger cars by type of motor energy,A,Annual,NR,Number,BIODIE,Biodiesel,MT,Malta,2019,,0,,,,,
dataflow,ESTAT:ROAD_EQR_CARPDA(1.0),New passenger cars by type of motor energy,A,Annual,NR,Number,BIODIE,Biodiesel,MT,Malta,2020,,0,,,,,
dataflow,ESTAT:ROAD_EQR_CARPDA(1.0),New passenger cars by type of motor energy,A,Annual,NR,Number,BIODIE,Biodiesel,MT,Malta,2021,,0,,,,,
dataflow,ESTAT:ROAD_EQR_CARPDA(1.0),New passenger cars by type of motor energy,A,Annual,NR,Number,BIODIE,Biodiesel,MT,Malta,2022,,0,,,,,
dataflow,ESTAT:ROAD_EQR_CARPDA(1.0),New passenger cars by type of motor energy,A,Annual,NR,Number,BIODIE,Biodiesel,MT,Malta,2023,,0,,,,,
dataflow,ESTAT:ROAD_EQR_CARPDA(1.0),New passenger cars by type of motor energy,A,Annual,NR,Number,BIODIE,Biodiesel,MT,Malta,2024,,0,,,,,
dataflow,ESTAT:ROAD_EQR_CARPDA(1.0),New passenger cars by type of motor energy,A,Annual,NR,Number,BIODIE,Biodiesel,NL,Netherlands,2015,,0,,,,,
dataflow,ESTAT:ROAD_EQR_CARPDA(1.0),New passenger cars by type of motor energy,A,Annual,NR,Number,BIODIE,Biodiesel,NL,Netherlands,2016,,0,,,,,
dataflow,ESTAT:ROAD_EQR_CARPDA(1.0),New passenger cars by type of motor energy,A,Annual,NR,Number,BIODIE,Biodiesel,NL,Netherlands,2021,,0,,,,,
dataflow,ESTAT:ROAD_EQR_CARPDA(1.0),New passenger cars by type of motor energy,A,Annual,NR,Number,BIODIE,Biodiesel,NL,Netherlands,2022,,0,,,,,
dataflow,ESTAT:ROAD_EQR_CARPDA(1.0),New passenger cars by type of motor energy,A,Annual,NR,Number,BIODIE,Biodiesel,NL,Netherlands,2023,,0,,,,,
dataflow,ESTAT:ROAD_EQR_CARPDA(1.0),New passenger cars by type of motor energy,A,Annual,NR,Number,BIODIE,Biodiesel,NL,Netherlands,2024,,0,,,,,
dataflow,ESTAT:ROAD_EQR_CARPDA(1.0),New passenger cars by type of motor energy,A,Annual,NR,Number,BIODIE,Biodiesel,NO,Norway,2018,,0,,,,,
dataflow,ESTAT:ROAD_EQR_CARPDA(1.0),New passenger cars by type of motor energy,A,Annual,NR,Number,BIODIE,Biodiesel,NO,Norway,2019,,0,,,,,
dataflow,ESTAT:ROAD_EQR_CARPDA(1.0),New passenger cars by type of motor energy,A,Annual,NR,Number,BIODIE,Biodiesel,NO,Norway,2020,,0,,,,,
dataflow,ESTAT:ROAD_EQR_CARPDA(1.0),New passenger cars by type of motor energy,A,Annual,NR,Number,BIODIE,Biodiesel,NO,Norway,2021,,0,,,,,
dataflow,ESTAT:ROAD_EQR_CARPDA(1.0),New passenger cars by type of motor energy,A,Annual,NR,Number,BIODIE,Biodiesel,NO,Norway,2022,,0,,,,,
dataflow,ESTAT:ROAD_EQR_CARPDA(1.0),New passenger cars by type of motor energy,A,Annual,NR,Number,BIODIE,Biodiesel,NO,Norway,2023,,0,,,,,
dataflow,ESTAT:ROAD_EQR_CARPDA(1.0),New passenger cars by type of motor energy,A,Annual,NR,Number,BIODIE,Biodiesel,NO,Norway,2024,,0,,,,,
dataflow,ESTAT:ROAD_EQR_CARPDA(1.0),New passenger cars by type of motor energy,A,Annual,NR,Number,BIODIE,Biodiesel,PL,Poland,2013,,0,,,,,
dataflow,ESTAT:ROAD_EQR_CARPDA(1.0),New passenger cars by type of motor energy,A,Annual,NR,Number,BIODIE,Biodiesel,PL,Poland,2014,,0,,,,,
dataflow,ESTAT:ROAD_EQR_CARPDA(1.0),New passenger cars by type of motor energy,A,Annual,NR,Number,BIODIE,Biodiesel,PL,Poland,2015,,0,,,,,
dataflow,ESTAT:ROAD_EQR_CARPDA(1.0),New passenger cars by type of motor energy,A,Annual,NR,Number,BIODIE,Biodiesel,PL,Poland,2016,,0,,,,,
dataflow,ESTAT:ROAD_EQR_CARPDA(1.0),New passenger cars by type of motor energy,A,Annual,NR,Number,BIODIE,Biodiesel,PL,Poland,2017,,0,,,,,
dataflow,ESTAT:ROAD_EQR_CARPDA(1.0),New passenger cars by type of motor energy,A,Annual,NR,Number,BIODIE,Biodiesel,PL,Poland,2018,,27,,,,,
dataflow,ESTAT:ROAD_EQR_CARPDA(1.0),New passenger cars by type of motor energy,A,Annual,NR,Number,BIODIE,Biodiesel,PL,Poland,2019,,21,,,,,
dataflow,ESTAT:ROAD_EQR_CARPDA(1.0),New passenger cars by type of motor energy,A,Annual,NR,Number,BIODIE,Biodiesel,PL,Poland,2020,,34,,,,,
dataflow,ESTAT:ROAD_EQR_CARPDA(1.0),New passenger cars by type of motor energy,A,Annual,NR,Number,BIODIE,Biodiesel,PL,Poland,2021,,0,,i,value imputed by Eurostat or other receiving agencies,,
dataflow,ESTAT:ROAD_EQR_CARPDA(1.0),New passenger cars by type of motor energy,A,Annual,NR,Number,BIODIE,Biodiesel,PL,Poland,2022,,0,,i,value imputed by Eurostat or other receiving agencies,,
dataflow,ESTAT:ROAD_EQR_CARPDA(1.0),New passenger cars by type of motor energy,A,Annual,NR,Number,BIODIE,Biodiesel,PL,Poland,2023,,0,,,,,
dataflow,ESTAT:ROAD_EQR_CARPDA(1.0),New passenger cars by type of motor energy,A,Annual,NR,Number,BIODIE,Biodiesel,PL,Poland,2024,,0,,,,,
dataflow,ESTAT:ROAD_EQR_CARPDA(1.0),New passenger cars by type of motor energy,A,Annual,NR,Number,BIODIE,Biodiesel,PT,Portugal,2017,,0,,,,,
dataflow,ESTAT:ROAD_EQR_CARPDA(1.0),New passenger cars by type of motor energy,A,Annual,NR,Number,BIODIE,Biodiesel,PT,Portugal,2018,,0,,,,,
dataflow,ESTAT:ROAD_EQR_CARPDA(1.0),New passenger cars by type of motor energy,A,Annual,NR,Number,BIODIE,Biodiesel,PT,Portugal,2019,,0,,,,,
dataflow,ESTAT:ROAD_EQR_CARPDA(1.0),New passenger cars by type of motor energy,A,Annual,NR,Number,BIODIE,Biodiesel,PT,Portugal,2020,,0,,,,,
dataflow,ESTAT:ROAD_EQR_CARPDA(1.0),New passenger cars by type of motor energy,A,Annual,NR,Number,BIODIE,Biodiesel,PT,Portugal,2021,,0,,,,,
dataflow,ESTAT:ROAD_EQR_CARPDA(1.0),New passenger cars by type of motor energy,A,Annual,NR,Number,BIODIE,Biodiesel,PT,Portugal,2022,,0,,,,,
dataflow,ESTAT:ROAD_EQR_CARPDA(1.0),New passenger cars by type of motor energy,A,Annual,NR,Number,BIODIE,Biodiesel,PT,Portugal,2023,,0,,,,,
dataflow,ESTAT:ROAD_EQR_CARPDA(1.0),New passenger cars by type of motor energy,A,Annual,NR,Number,BIODIE,Biodiesel,PT,Portugal,2024,,0,,p,provisional,,
dataflow,ESTAT:ROAD_EQR_CARPDA(1.0),New passenger cars by type of motor energy,A,Annual,NR,Number,BIODIE,Biodiesel,RS,Serbia,2019,,0,,,,,
dataflow,ESTAT:ROAD_EQR_CARPDA(1.0),New passenger cars by type of motor energy,A,Annual,NR,Number,BIODIE,Biodiesel,RS,Serbia,2020,,0,,,,,
dataflow,ESTAT:ROAD_EQR_CARPDA(1.0),New passenger cars by type of motor energy,A,Annual,NR,Number,BIODIE,Biodiesel,RS,Serbia,2021,,0,,,,,
dataflow,ESTAT:ROAD_EQR_CARPDA(1.0),New passenger cars by type of motor energy,A,Annual,NR,Number,BIODIE,Biodiesel,RS,Serbia,2022,,0,,,,,
dataflow,ESTAT:ROAD_EQR_CARPDA(1.0),New passenger cars by type of motor energy,A,Annual,NR,Number,BIODIE,Biodiesel,RS,Serbia,2023,,0,,,,,
dataflow,ESTAT:ROAD_EQR_CARPDA(1.0),New passenger cars by type of motor energy,A,Annual,NR,Number,BIODIE,Biodiesel,RS,Serbia,2024,,0,,,,,
dataflow,ESTAT:ROAD_EQR_CARPDA(1.0),New passenger cars by type of motor energy,A,Annual,NR,Number,BIODIE,Biodiesel,SE,Sweden,2013,,2,,,,,
dataflow,ESTAT:ROAD_EQR_CARPDA(1.0),New passenger cars by type of motor energy,A,Annual,NR,Number,BIODIE,Biodiesel,SE,Sweden,2014,,0,,,,,
dataflow,ESTAT:ROAD_EQR_CARPDA(1.0),New passenger cars by type of motor energy,A,Annual,NR,Number,BIODIE,Biodiesel,SE,Sweden,2015,,1,,,,,
dataflow,ESTAT:ROAD_EQR_CARPDA(1.0),New passenger cars by type of motor energy,A,Annual,NR,Number,BIODIE,Biodiesel,SE,Sweden,2016,,0,,,,,
dataflow,ESTAT:ROAD_EQR_CARPDA(1.0),New passenger cars by type of motor energy,A,Annual,NR,Number,BIODIE,Biodiesel,SE,Sweden,2017,,0,,,,,
dataflow,ESTAT:ROAD_EQR_CARPDA(1.0),New passenger cars by type of motor energy,A,Annual,NR,Number,BIODIE,Biodiesel,SE,Sweden,2018,,0,,,,,
dataflow,ESTAT:ROAD_EQR_CARPDA(1.0),New passenger cars by type of motor energy,A,Annual,NR,Number,BIODIE,Biodiesel,SE,Sweden,2019,,0,,,,,
dataflow,ESTAT:ROAD_EQR_CARPDA(1.0),New passenger cars by type of motor energy,A,Annual,NR,Number,BIODIE,Biodiesel,SE,Sweden,2020,,0,,,,,
dataflow,ESTAT:ROAD_EQR_CARPDA(1.0),New passenger cars by type of motor energy,A,Annual,NR,Number,BIODIE,Biodiesel,SE,Sweden,2021,,0,,,,,
dataflow,ESTAT:ROAD_EQR_CARPDA(1.0),New passenger cars by type of motor energy,A,Annual,NR,Number,BIODIE,Biodiesel,SE,Sweden,2022,,0,,,,,
dataflow,ESTAT:ROAD_EQR_CARPDA(1.0),New passenger cars by type of motor energy,A,Annual,NR,Number,BIODIE,Biodiesel,SE,Sweden,2023,,0,,,,,
dataflow,ESTAT:ROAD_EQR_CARPDA(1.0),New passenger cars by type of motor energy,A,Annual,NR,Number,BIODIE,Biodiesel,TR,Türkiye,2017,,0,,,,,
dataflow,ESTAT:ROAD_EQR_CARPDA(1.0),New passenger cars by type of motor energy,A,Annual,NR,Number,BIODIE,Biodiesel,TR,Türkiye,2018,,0,,,,,
dataflow,ESTAT:ROAD_EQR_CARPDA(1.0),New passenger cars by type of motor energy,A,Annual,NR,Number,BIODIE,Biodiesel,TR,Türkiye,2019,,0,,,,,
dataflow,ESTAT:ROAD_EQR_CARPDA(1.0),New passenger cars by type of motor energy,A,Annual,NR,Number,BIODIE,Biodiesel,TR,Türkiye,2020,,0,,,,,
dataflow,ESTAT:ROAD_EQR_CARPDA(1.0),New passenger cars by type of motor energy,A,Annual,NR,Number,BIODIE,Biodiesel,TR,Türkiye,2021,,0,,,,,
dataflow,ESTAT:ROAD_EQR_CARPDA(1.0),New passenger cars by type of motor energy,A,Annual,NR,Number,BIODIE,Biodiesel,TR,Türkiye,2022,,0,,,,,
dataflow,ESTAT:ROAD_EQR_CARPDA(1.0),New passenger cars by type of motor energy,A,Annual,NR,Number,BIODIE,Biodiesel,TR,Türkiye,2023,,0,,,,,
dataflow,ESTAT:ROAD_EQR_CARPDA(1.0),New passenger cars by type of motor energy,A,Annual,NR,Number,BIODIE,Biodiesel,TR,Türkiye,2024,,0,,,,,
dataflow,ESTAT:ROAD_EQR_CARPDA(1.0),New passenger cars by type of motor energy,A,Annual,NR,Number,BIODIE,Biodiesel,XK,Kosovo*,2017,,0,,,,,
dataflow,ESTAT:ROAD_EQR_CARPDA(1.0),New passenger cars by type of motor energy,A,Annual,NR,Number,BIODIE,Biodiesel,XK,Kosovo*,2018,,0,,,,,
dataflow,ESTAT:ROAD_EQR_CARPDA(1.0),New passenger cars by type of motor energy,A,Annual,NR,Number,BIODIE,Biodiesel,XK,Kosovo*,2019,,0,,,,,
dataflow,ESTAT:ROAD_EQR_CARPDA(1.0),New passenger cars by type of motor energy,A,Annual,NR,Number,BIODIE,Biodiesel,XK,Kosovo*,2021,,0,,,,,
dataflow,ESTAT:ROAD_EQR_CARPDA(1.0),New passenger cars by type of motor energy,A,Annual,NR,Number,BIOETH,Bioethanol,AL,Albania,2020,,0,,,,,
dataflow,ESTAT:ROAD_EQR_CARPDA(1.0),New passenger cars by type of motor energy,A,Annual,NR,Number,BIOETH,Bioethanol,AL,Albania,2021,,1,,,,,
dataflow,ESTAT:ROAD_EQR_CARPDA(1.0),New passenger cars by type of motor energy,A,Annual,NR,Number,BIOETH,Bioethanol,AT,Austria,2019,,0,,,,,
dataflow,ESTAT:ROAD_EQR_CARPDA(1.0),New passenger cars by type of motor energy,A,Annual,NR,Number,BIOETH,Bioethanol,AT,Austria,2020,,0,,,,,
dataflow,ESTAT:ROAD_EQR_CARPDA(1.0),New passenger cars by type of motor energy,A,Annual,NR,Number,BIOETH,Bioethanol,AT,Austria,2021,,0,,,,,
dataflow,ESTAT:ROAD_EQR_CARPDA(1.0),New passenger cars by type of motor energy,A,Annual,NR,Number,BIOETH,Bioethanol,AT,Austria,2022,,0,,,,,
dataflow,ESTAT:ROAD_EQR_CARPDA(1.0),New passenger cars by type of motor energy,A,Annual,NR,Number,BIOETH,Bioethanol,AT,Austria,2023,,0,,,,,
dataflow,ESTAT:ROAD_EQR_CARPDA(1.0),New passenger cars by type of motor energy,A,Annual,NR,Number,BIOETH,Bioethanol,AT,Austria,2024,,0,,,,,
dataflow,ESTAT:ROAD_EQR_CARPDA(1.0),New passenger cars by type of motor energy,A,Annual,NR,Number,BIOETH,Bioethanol,BA,Bosnia and Herzegovina,2013,,0,,,,,
dataflow,ESTAT:ROAD_EQR_CARPDA(1.0),New passenger cars by type of motor energy,A,Annual,NR,Number,BIOETH,Bioethanol,BA,Bosnia and Herzegovina,2014,,0,,,,,
dataflow,ESTAT:ROAD_EQR_CARPDA(1.0),New passenger cars by type of motor energy,A,Annual,NR,Number,BIOETH,Bioethanol,BA,Bosnia and Herzegovina,2015,,0,,,,,
dataflow,ESTAT:ROAD_EQR_CARPDA(1.0),New passenger cars by type of motor energy,A,Annual,NR,Number,BIOETH,Bioethanol,BA,Bosnia and Herzegovina,2016,,0,,,,,
dataflow,ESTAT:ROAD_EQR_CARPDA(1.0),New passenger cars by type of motor energy,A,Annual,NR,Number,BIOETH,Bioethanol,BA,Bosnia and Herzegovina,2017,,0,,,,,
dataflow,ESTAT:ROAD_EQR_CARPDA(1.0),New passenger cars by type of motor energy,A,Annual,NR,Number,BIOETH,Bioethanol,BA,Bosnia and Herzegovina,2018,,0,,,,,
dataflow,ESTAT:ROAD_EQR_CARPDA(1.0),New passenger cars by type of motor energy,A,Annual,NR,Number,BIOETH,Bioethanol,BA,Bosnia and Herzegovina,2019,,0,,,,,
dataflow,ESTAT:ROAD_EQR_CARPDA(1.0),New passenger cars by type of motor energy,A,Annual,NR,Number,BIOETH,Bioethanol,BA,Bosnia and Herzegovina,2020,,0,,,,,
dataflow,ESTAT:ROAD_EQR_CARPDA(1.0),New passenger cars by type of motor energy,A,Annual,NR,Number,BIOETH,Bioethanol,BA,Bosnia and Herzegovina,2021,,0,,,,,
dataflow,ESTAT:ROAD_EQR_CARPDA(1.0),New passenger cars by type of motor energy,A,Annual,NR,Number,BIOETH,Bioethanol,BA,Bosnia and Herzegovina,2022,,0,,,,,
dataflow,ESTAT:ROAD_EQR_CARPDA(1.0),New passenger cars by type of motor energy,A,Annual,NR,Number,BIOETH,Bioethanol,BA,Bosnia and Herzegovina,2023,,0,,,,,
dataflow,ESTAT:ROAD_EQR_CARPDA(1.0),New passenger cars by type of motor energy,A,Annual,NR,Number,BIOETH,Bioethanol,BA,Bosnia and Herzegovina,2024,,0,,,,,
dataflow,ESTAT:ROAD_EQR_CARPDA(1.0),New passenger cars by type of motor energy,A,Annual,NR,Number,BIOETH,Bioethanol,BE,Belgium,2013,,13,,,,,
dataflow,ESTAT:ROAD_EQR_CARPDA(1.0),New passenger cars by type of motor energy,A,Annual,NR,Number,BIOETH,Bioethanol,BE,Belgium,2014,,1,,,,,
dataflow,ESTAT:ROAD_EQR_CARPDA(1.0),New passenger cars by type of motor energy,A,Annual,NR,Number,BIOETH,Bioethanol,BE,Belgium,2015,,1,,,,,
dataflow,ESTAT:ROAD_EQR_CARPDA(1.0),New passenger cars by type of motor energy,A,Annual,NR,Number,BIOETH,Bioethanol,BE,Belgium,2016,,6,,,,,
dataflow,ESTAT:ROAD_EQR_CARPDA(1.0),New passenger cars by type of motor energy,A,Annual,NR,Number,BIOETH,Bioethanol,BE,Belgium,2017,,0,,,,,
dataflow,ESTAT:ROAD_EQR_CARPDA(1.0),New passenger cars by type of motor energy,A,Annual,NR,Number,BIOETH,Bioethanol,BE,Belgium,2018,,2,,,,,
dataflow,ESTAT:ROAD_EQR_CARPDA(1.0),New passenger cars by type of motor energy,A,Annual,NR,Number,BIOETH,Bioethanol,BE,Belgium,2019,,1,,,,,
dataflow,ESTAT:ROAD_EQR_CARPDA(1.0),New passenger cars by type of motor energy,A,Annual,NR,Number,BIOETH,Bioethanol,BE,Belgium,2020,,0,,,,,
dataflow,ESTAT:ROAD_EQR_CARPDA(1.0),New passenger cars by type of motor energy,A,Annual,NR,Number,BIOETH,Bioethanol,BE,Belgium,2021,,0,,,,,
dataflow,ESTAT:ROAD_EQR_CARPDA(1.0),New passenger cars by type of motor energy,A,Annual,NR,Number,BIOETH,Bioethanol,BE,Belgium,2022,,0,,,,,
dataflow,ESTAT:ROAD_EQR_CARPDA(1.0),New passenger cars by type of motor energy,A,Annual,NR,Number,BIOETH,Bioethanol,BE,Belgium,2023,,0,,i,value imputed by Eurostat or other receiving agencies,,
dataflow,ESTAT:ROAD_EQR_CARPDA(1.0),New passenger cars by type of motor energy,A,Annual,NR,Number,BIOETH,Bioethanol,BE,Belgium,2024,,0,,i,value imputed by Eurostat or other receiving agencies,,
dataflow,ESTAT:ROAD_EQR_CARPDA(1.0),New passenger cars by type of motor energy,A,Annual,NR,Number,BIOETH,Bioethanol,BG,Bulgaria,2024,,0,,i,value imputed by Eurostat or other receiving agencies,,
dataflow,ESTAT:ROAD_EQR_CARPDA(1.0),New passenger cars by type of motor energy,A,Annual,NR,Number,BIOETH,Bioethanol,CH,Switzerland,2013,,0,,,,,
dataflow,ESTAT:ROAD_EQR_CARPDA(1.0),New passenger cars by type of motor energy,A,Annual,NR,Number,BIOETH,Bioethanol,CH,Switzerland,2014,,1,,,,,
dataflow,ESTAT:ROAD_EQR_CARPDA(1.0),New passenger cars by type of motor energy,A,Annual,NR,Number,BIOETH,Bioethanol,CH,Switzerland,2015,,1,,,,,
dataflow,ESTAT:ROAD_EQR_CARPDA(1.0),New passenger cars by type of motor energy,A,Annual,NR,Number,BIOETH,Bioethanol,CH,Switzerland,2016,,1,,,,,
dataflow,ESTAT:ROAD_EQR_CARPDA(1.0),New passenger cars by type of motor energy,A,Annual,NR,Number,BIOETH,Bioethanol,CH,Switzerland,2017,,0,,,,,
dataflow,ESTAT:ROAD_EQR_CARPDA(1.0),New passenger cars by type of motor energy,A,Annual,NR,Number,BIOETH,Bioethanol,CH,Switzerland,2018,,0,,,,,
dataflow,ESTAT:ROAD_EQR_CARPDA(1.0),New passenger cars by type of motor energy,A,Annual,NR,Number,BIOETH,Bioethanol,CH,Switzerland,2019,,2,,,,,
dataflow,ESTAT:ROAD_EQR_CARPDA(1.0),New passenger cars by type of motor energy,A,Annual,NR,Number,BIOETH,Bioethanol,CH,Switzerland,2020,,0,,,,,
dataflow,ESTAT:ROAD_EQR_CARPDA(1.0),New passenger cars by type of motor energy,A,Annual,NR,Number,BIOETH,Bioethanol,CH,Switzerland,2021,,1,,,,,
dataflow,ESTAT:ROAD_EQR_CARPDA(1.0),New passenger cars by type of motor energy,A,Annual,NR,Number,BIOETH,Bioethanol,CH,Switzerland,2022,,0,,,,,
dataflow,ESTAT:ROAD_EQR_CARPDA(1.0),New passenger cars by type of motor energy,A,Annual,NR,Number,BIOETH,Bioethanol,CH,Switzerland,2023,,0,,,,,
dataflow,ESTAT:ROAD_EQR_CARPDA(1.0),New passenger cars by type of motor energy,A,Annual,NR,Number,BIOETH,Bioethanol,CY,Cyprus,2013,,0,,,,,
dataflow,ESTAT:ROAD_EQR_CARPDA(1.0),New passenger cars by type of motor energy,A,Annual,NR,Number,BIOETH,Bioethanol,CY,Cyprus,2014,,0,,,,,
dataflow,ESTAT:ROAD_EQR_CARPDA(1.0),New passenger cars by type of motor energy,A,Annual,NR,Number,BIOETH,Bioethanol,CY,Cyprus,2015,,0,,,,,
dataflow,ESTAT:ROAD_EQR_CARPDA(1.0),New passenger cars by type of motor energy,A,Annual,NR,Number,BIOETH,Bioethanol,CY,Cyprus,2016,,0,,,,,
dataflow,ESTAT:ROAD_EQR_CARPDA(1.0),New passenger cars by type of motor energy,A,Annual,NR,Number,BIOETH,Bioethanol,CY,Cyprus,2017,,0,,,,,
dataflow,ESTAT:ROAD_EQR_CARPDA(1.0),New passenger cars by type of motor energy,A,Annual,NR,Number,BIOETH,Bioethanol,CY,Cyprus,2018,,0,,,,,
dataflow,ESTAT:ROAD_EQR_CARPDA(1.0),New passenger cars by type of motor energy,A,Annual,NR,Number,BIOETH,Bioethanol,CY,Cyprus,2019,,0,,,,,
dataflow,ESTAT:ROAD_EQR_CARPDA(1.0),New passenger cars by type of motor energy,A,Annual,NR,Number,BIOETH,Bioethanol,CY,Cyprus,2020,,0,,,,,
dataflow,ESTAT:ROAD_EQR_CARPDA(1.0),New passenger cars by type of motor energy,A,Annual,NR,Number,BIOETH,Bioethanol,CY,Cyprus,2021,,0,,,,,
dataflow,ESTAT:ROAD_EQR_CARPDA(1.0),New passenger cars by type of motor energy,A,Annual,NR,Number,BIOETH,Bioethanol,CY,Cyprus,2022,,0,,,,,
dataflow,ESTAT:ROAD_EQR_CARPDA(1.0),New passenger cars by type of motor energy,A,Annual,NR,Number,BIOETH,Bioethanol,CY,Cyprus,2023,,0,,,,,
dataflow,ESTAT:ROAD_EQR_CARPDA(1.0),New passenger cars by type of motor energy,A,Annual,NR,Number,BIOETH,Bioethanol,CY,Cyprus,2024,,0,,,,,
dataflow,ESTAT:ROAD_EQR_CARPDA(1.0),New passenger cars by type of motor energy,A,Annual,NR,Number,BIOETH,Bioethanol,CZ,Czechia,2021,,1,,,,,
dataflow,ESTAT:ROAD_EQR_CARPDA(1.0),New passenger cars by type of motor energy,A,Annual,NR,Number,BIOETH,Bioethanol,CZ,Czechia,2022,,0,,,,,
dataflow,ESTAT:ROAD_EQR_CARPDA(1.0),New passenger cars by type of motor energy,A,Annual,NR,Number,BIOETH,Bioethanol,CZ,Czechia,2023,,0,,,,,
dataflow,ESTAT:ROAD_EQR_CARPDA(1.0),New passenger cars by type of motor energy,A,Annual,NR,Number,BIOETH,Bioethanol,CZ,Czechia,2024,,0,,,,,
dataflow,ESTAT:ROAD_EQR_CARPDA(1.0),New passenger cars by type of motor energy,A,Annual,NR,Number,BIOETH,Bioethanol,DK,Denmark,2019,,0,,,,,
dataflow,ESTAT:ROAD_EQR_CARPDA(1.0),New passenger cars by type of motor energy,A,Annual,NR,Number,BIOETH,Bioethanol,DK,Denmark,2020,,0,,,,,
dataflow,ESTAT:ROAD_EQR_CARPDA(1.0),New passenger cars by type of motor energy,A,Annual,NR,Number,BIOETH,Bioethanol,DK,Denmark,2021,,0,,,,,
dataflow,ESTAT:ROAD_EQR_CARPDA(1.0),New passenger cars by type of motor energy,A,Annual,NR,Number,BIOETH,Bioethanol,DK,Denmark,2022,,0,,,,,
dataflow,ESTAT:ROAD_EQR_CARPDA(1.0),New passenger cars by type of motor energy,A,Annual,NR,Number,BIOETH,Bioethanol,DK,Denmark,2023,,0,,,,,
dataflow,ESTAT:ROAD_EQR_CARPDA(1.0),New passenger cars by type of motor energy,A,Annual,NR,Number,BIOETH,Bioethanol,DK,Denmark,2024,,0,,,,,
dataflow,ESTAT:ROAD_EQR_CARPDA(1.0),New passenger cars by type of motor energy,A,Annual,NR,Number,BIOETH,Bioethanol,EL,Greece,2023,,0,,,,,
dataflow,ESTAT:ROAD_EQR_CARPDA(1.0),New passenger cars by type of motor energy,A,Annual,NR,Number,BIOETH,Bioethanol,ES,Spain,2015,,5,,,,,
dataflow,ESTAT:ROAD_EQR_CARPDA(1.0),New passenger cars by type of motor energy,A,Annual,NR,Number,BIOETH,Bioethanol,ES,Spain,2016,,1,,,,,
dataflow,ESTAT:ROAD_EQR_CARPDA(1.0),New passenger cars by type of motor energy,A,Annual,NR,Number,BIOETH,Bioethanol,ES,Spain,2018,,0,,,,,
dataflow,ESTAT:ROAD_EQR_CARPDA(1.0),New passenger cars by type of motor energy,A,Annual,NR,Number,BIOETH,Bioethanol,ES,Spain,2019,,0,,,,,
dataflow,ESTAT:ROAD_EQR_CARPDA(1.0),New passenger cars by type of motor energy,A,Annual,NR,Number,BIOETH,Bioethanol,ES,Spain,2020,,0,,,,,
dataflow,ESTAT:ROAD_EQR_CARPDA(1.0),New passenger cars by type of motor energy,A,Annual,NR,Number,BIOETH,Bioethanol,ES,Spain,2021,,1,,,,,
dataflow,ESTAT:ROAD_EQR_CARPDA(1.0),New passenger cars by type of motor energy,A,Annual,NR,Number,BIOETH,Bioethanol,ES,Spain,2022,,0,,,,,
dataflow,ESTAT:ROAD_EQR_CARPDA(1.0),New passenger cars by type of motor energy,A,Annual,NR,Number,BIOETH,Bioethanol,ES,Spain,2023,,0,,,,,
dataflow,ESTAT:ROAD_EQR_CARPDA(1.0),New passenger cars by type of motor energy,A,Annual,NR,Number,BIOETH,Bioethanol,ES,Spain,2024,,0,,,,,
dataflow,ESTAT:ROAD_EQR_CARPDA(1.0),New passenger cars by type of motor energy,A,Annual,NR,Number,BIOETH,Bioethanol,FI,Finland,2013,,402,,,,,
dataflow,ESTAT:ROAD_EQR_CARPDA(1.0),New passenger cars by type of motor energy,A,Annual,NR,Number,BIOETH,Bioethanol,FI,Finland,2014,,344,,,,,
dataflow,ESTAT:ROAD_EQR_CARPDA(1.0),New passenger cars by type of motor energy,A,Annual,NR,Number,BIOETH,Bioethanol,FI,Finland,2015,,105,,,,,
dataflow,ESTAT:ROAD_EQR_CARPDA(1.0),New passenger cars by type of motor energy,A,Annual,NR,Number,BIOETH,Bioethanol,FI,Finland,2016,,14,,,,,
dataflow,ESTAT:ROAD_EQR_CARPDA(1.0),New passenger cars by type of motor energy,A,Annual,NR,Number,BIOETH,Bioethanol,FI,Finland,2017,,1,,,,,
dataflow,ESTAT:ROAD_EQR_CARPDA(1.0),New passenger cars by type of motor energy,A,Annual,NR,Number,BIOETH,Bioethanol,FI,Finland,2018,,0,,,,,
dataflow,ESTAT:ROAD_EQR_CARPDA(1.0),New passenger cars by type of motor energy,A,Annual,NR,Number,BIOETH,Bioethanol,FI,Finland,2019,,0,,,,,
dataflow,ESTAT:ROAD_EQR_CARPDA(1.0),New passenger cars by type of motor energy,A,Annual,NR,Number,BIOETH,Bioethanol,FI,Finland,2020,,0,,,,,
dataflow,ESTAT:ROAD_EQR_CARPDA(1.0),New passenger cars by type of motor energy,A,Annual,NR,Number,BIOETH,Bioethanol,FI,Finland,2021,,12,,,,,
dataflow,ESTAT:ROAD_EQR_CARPDA(1.0),New passenger cars by type of motor energy,A,Annual,NR,Number,BIOETH,Bioethanol,FI,Finland,2022,,27,,,,,
dataflow,ESTAT:ROAD_EQR_CARPDA(1.0),New passenger cars by type of motor energy,A,Annual,NR,Number,BIOETH,Bioethanol,FI,Finland,2023,,17,,,,,
dataflow,ESTAT:ROAD_EQR_CARPDA(1.0),New passenger cars by type of motor energy,A,Annual,NR,Number,BIOETH,Bioethanol,FI,Finland,2024,,43,,,,,
dataflow,ESTAT:ROAD_EQR_CARPDA(1.0),New passenger cars by type of motor energy,A,Annual,NR,Number,BIOETH,Bioethanol,FR,France,2013,,238,,,,,
dataflow,ESTAT:ROAD_EQR_CARPDA(1.0),New passenger cars by type of motor energy,A,Annual,NR,Number,BIOETH,Bioethanol,FR,France,2014,,254,,,,,
dataflow,ESTAT:ROAD_EQR_CARPDA(1.0),New passenger cars by type of motor energy,A,Annual,NR,Number,BIOETH,Bioethanol,FR,France,2015,,231,,,,,
dataflow,ESTAT:ROAD_EQR_CARPDA(1.0),New passenger cars by type of motor energy,A,Annual,NR,Number,BIOETH,Bioethanol,FR,France,2016,,1062,,,,,
dataflow,ESTAT:ROAD_EQR_CARPDA(1.0),New passenger cars by type of motor energy,A,Annual,NR,Number,BIOETH,Bioethanol,FR,France,2017,,0,,,,,
dataflow,ESTAT:ROAD_EQR_CARPDA(1.0),New passenger cars by type of motor energy,A,Annual,NR,Number,BIOETH,Bioethanol,FR,France,2018,,0,,,,,
dataflow,ESTAT:ROAD_EQR_CARPDA(1.0),New passenger cars by type of motor energy,A,Annual,NR,Number,BIOETH,Bioethanol,FR,France,2019,,0,,,,,
dataflow,ESTAT:ROAD_EQR_CARPDA(1.0),New passenger cars by type of motor energy,A,Annual,NR,Number,BIOETH,Bioethanol,FR,France,2020,,0,,,,,
dataflow,ESTAT:ROAD_EQR_CARPDA(1.0),New passenger cars by type of motor energy,A,Annual,NR,Number,BIOETH,Bioethanol,FR,France,2021,,0,,,,,
dataflow,ESTAT:ROAD_EQR_CARPDA(1.0),New passenger cars by type of motor energy,A,Annual,NR,Number,BIOETH,Bioethanol,FR,France,2022,,0,,,,,
dataflow,ESTAT:ROAD_EQR_CARPDA(1.0),New passenger cars by type of motor energy,A,Annual,NR,Number,BIOETH,Bioethanol,FR,France,2023,,0,,,,,
dataflow,ESTAT:ROAD_EQR_CARPDA(1.0),New passenger cars by type of motor energy,A,Annual,NR,Number,BIOETH,Bioethanol,GE,Georgia,2023,,0,,,,,
dataflow,ESTAT:ROAD_EQR_CARPDA(1.0),New passenger cars by type of motor energy,A,Annual,NR,Number,BIOETH,Bioethanol,GE,Georgia,2024,,0,,,,,
dataflow,ESTAT:ROAD_EQR_CARPDA(1.0),New passenger cars by type of motor energy,A,Annual,NR,Number,BIOETH,Bioethanol,HU,Hungary,2013,,0,,,,,
dataflow,ESTAT:ROAD_EQR_CARPDA(1.0),New passenger cars by type of motor energy,A,Annual,NR,Number,BIOETH,Bioethanol,HU,Hungary,2014,,0,,,,,
dataflow,ESTAT:ROAD_EQR_CARPDA(1.0),New passenger cars by type of motor energy,A,Annual,NR,Number,BIOETH,Bioethanol,HU,Hungary,2015,,0,,,,,
dataflow,ESTAT:ROAD_EQR_CARPDA(1.0),New passenger cars by type of motor energy,A,Annual,NR,Number,BIOETH,Bioethanol,HU,Hungary,2016,,0,,,,,
dataflow,ESTAT:ROAD_EQR_CARPDA(1.0),New passenger cars by type of motor energy,A,Annual,NR,Number,BIOETH,Bioethanol,HU,Hungary,2017,,0,,,,,
dataflow,ESTAT:ROAD_EQR_CARPDA(1.0),New passenger cars by type of motor energy,A,Annual,NR,Number,BIOETH,Bioethanol,HU,Hungary,2018,,0,,,,,
dataflow,ESTAT:ROAD_EQR_CARPDA(1.0),New passenger cars by type of motor energy,A,Annual,NR,Number,BIOETH,Bioethanol,HU,Hungary,2019,,0,,,,,
dataflow,ESTAT:ROAD_EQR_CARPDA(1.0),New passenger cars by type of motor energy,A,Annual,NR,Number,BIOETH,Bioethanol,HU,Hungary,2020,,0,,,,,
dataflow,ESTAT:ROAD_EQR_CARPDA(1.0),New passenger cars by type of motor energy,A,Annual,NR,Number,BIOETH,Bioethanol,HU,Hungary,2021,,0,,,,,
dataflow,ESTAT:ROAD_EQR_CARPDA(1.0),New passenger cars by type of motor energy,A,Annual,NR,Number,BIOETH,Bioethanol,HU,Hungary,2022,,0,,,,,
dataflow,ESTAT:ROAD_EQR_CARPDA(1.0),New passenger cars by type of motor energy,A,Annual,NR,Number,BIOETH,Bioethanol,HU,Hungary,2023,,0,,,,,
dataflow,ESTAT:ROAD_EQR_CARPDA(1.0),New passenger cars by type of motor energy,A,Annual,NR,Number,BIOETH,Bioethanol,HU,Hungary,2024,,0,,i,value imputed by Eurostat or other receiving agencies,,
dataflow,ESTAT:ROAD_EQR_CARPDA(1.0),New passenger cars by type of motor energy,A,Annual,NR,Number,BIOETH,Bioethanol,LI,Liechtenstein,2013,,0,,,,,
dataflow,ESTAT:ROAD_EQR_CARPDA(1.0),New passenger cars by type of motor energy,A,Annual,NR,Number,BIOETH,Bioethanol,LI,Liechtenstein,2014,,0,,,,,
dataflow,ESTAT:ROAD_EQR_CARPDA(1.0),New passenger cars by type of motor energy,A,Annual,NR,Number,BIOETH,Bioethanol,LI,Liechtenstein,2015,,0,,,,,
dataflow,ESTAT:ROAD_EQR_CARPDA(1.0),New passenger cars by type of motor energy,A,Annual,NR,Number,BIOETH,Bioethanol,LI,Liechtenstein,2016,,0,,,,,
dataflow,ESTAT:ROAD_EQR_CARPDA(1.0),New passenger cars by type of motor energy,A,Annual,NR,Number,BIOETH,Bioethanol,LI,Liechtenstein,2017,,0,,,,,
dataflow,ESTAT:ROAD_EQR_CARPDA(1.0),New passenger cars by type of motor energy,A,Annual,NR,Number,BIOETH,Bioethanol,LI,Liechtenstein,2018,,0,,,,,
dataflow,ESTAT:ROAD_EQR_CARPDA(1.0),New passenger cars by type of motor energy,A,Annual,NR,Number,BIOETH,Bioethanol,LI,Liechtenstein,2019,,0,,,,,
dataflow,ESTAT:ROAD_EQR_CARPDA(1.0),New passenger cars by type of motor energy,A,Annual,NR,Number,BIOETH,Bioethanol,LI,Liechtenstein,2020,,0,,,,,
dataflow,ESTAT:ROAD_EQR_CARPDA(1.0),New passenger cars by type of motor energy,A,Annual,NR,Number,BIOETH,Bioethanol,LI,Liechtenstein,2021,,0,,,,,
dataflow,ESTAT:ROAD_EQR_CARPDA(1.0),New passenger cars by type of motor energy,A,Annual,NR,Number,BIOETH,Bioethanol,LI,Liechtenstein,2022,,0,,,,,
dataflow,ESTAT:ROAD_EQR_CARPDA(1.0),New passenger cars by type of motor energy,A,Annual,NR,Number,BIOETH,Bioethanol,LI,Liechtenstein,2023,,0,,,,,
dataflow,ESTAT:ROAD_EQR_CARPDA(1.0),New passenger cars by type of motor energy,A,Annual,NR,Number,BIOETH,Bioethanol,LI,Liechtenstein,2024,,0,,,,,
dataflow,ESTAT:ROAD_EQR_CARPDA(1.0),New passenger cars by type of motor energy,A,Annual,NR,Number,BIOETH,Bioethanol,LT,Lithuania,2013,,0,,,,,
dataflow,ESTAT:ROAD_EQR_CARPDA(1.0),New passenger cars by type of motor energy,A,Annual,NR,Number,BIOETH,Bioethanol,LT,Lithuania,2014,,0,,,,,
dataflow,ESTAT:ROAD_EQR_CARPDA(1.0),New passenger cars by type of motor energy,A,Annual,NR,Number,BIOETH,Bioethanol,LT,Lithuania,2015,,0,,,,,
dataflow,ESTAT:ROAD_EQR_CARPDA(1.0),New passenger cars by type of motor energy,A,Annual,NR,Number,BIOETH,Bioethanol,LT,Lithuania,2016,,0,,,,,
dataflow,ESTAT:ROAD_EQR_CARPDA(1.0),New passenger cars by type of motor energy,A,Annual,NR,Number,BIOETH,Bioethanol,LT,Lithuania,2017,,0,,,,,
dataflow,ESTAT:ROAD_EQR_CARPDA(1.0),New passenger cars by type of motor energy,A,Annual,NR,Number,BIOETH,Bioethanol,LT,Lithuania,2018,,0,,,,,
dataflow,ESTAT:ROAD_EQR_CARPDA(1.0),New passenger cars by type of motor energy,A,Annual,NR,Number,BIOETH,Bioethanol,LT,Lithuania,2019,,0,,,,,
dataflow,ESTAT:ROAD_EQR_CARPDA(1.0),New passenger cars by type of motor energy,A,Annual,NR,Number,BIOETH,Bioethanol,LT,Lithuania,2020,,0,,,,,
dataflow,ESTAT:ROAD_EQR_CARPDA(1.0),New passenger cars by type of motor energy,A,Annual,NR,Number,BIOETH,Bioethanol,LT,Lithuania,2021,,0,,,,,
dataflow,ESTAT:ROAD_EQR_CARPDA(1.0),New passenger cars by type of motor energy,A,Annual,NR,Number,BIOETH,Bioethanol,LT,Lithuania,2022,,0,,,,,
dataflow,ESTAT:ROAD_EQR_CARPDA(1.0),New passenger cars by type of motor energy,A,Annual,NR,Number,BIOETH,Bioethanol,LT,Lithuania,2023,,0,,,,,
dataflow,ESTAT:ROAD_EQR_CARPDA(1.0),New passenger cars by type of motor energy,A,Annual,NR,Number,BIOETH,Bioethanol,LT,Lithuania,2024,,0,,,,,
dataflow,ESTAT:ROAD_EQR_CARPDA(1.0),New passenger cars by type of motor energy,A,Annual,NR,Number,BIOETH,Bioethanol,LU,Luxembourg,2021,,0,,,,,
dataflow,ESTAT:ROAD_EQR_CARPDA(1.0),New passenger cars by type of motor energy,A,Annual,NR,Number,BIOETH,Bioethanol,LU,Luxembourg,2022,,0,,i,value imputed by Eurostat or other receiving agencies,,
dataflow,ESTAT:ROAD_EQR_CARPDA(1.0),New passenger cars by type of motor energy,A,Annual,NR,Number,BIOETH,Bioethanol,LU,Luxembourg,2023,,0,,,,,
dataflow,ESTAT:ROAD_EQR_CARPDA(1.0),New passenger cars by type of motor energy,A,Annual,NR,Number,BIOETH,Bioethanol,LU,Luxembourg,2024,,0,,,,,
dataflow,ESTAT:ROAD_EQR_CARPDA(1.0),New passenger cars by type of motor energy,A,Annual,NR,Number,BIOETH,Bioethanol,LV,Latvia,2014,,0,,,,,
dataflow,ESTAT:ROAD_EQR_CARPDA(1.0),New passenger cars by type of motor energy,A,Annual,NR,Number,BIOETH,Bioethanol,LV,Latvia,2016,,0,,,,,
dataflow,ESTAT:ROAD_EQR_CARPDA(1.0),New passenger cars by type of motor energy,A,Annual,NR,Number,BIOETH,Bioethanol,LV,Latvia,2017,,0,,,,,
dataflow,ESTAT:ROAD_EQR_CARPDA(1.0),New passenger cars by type of motor energy,A,Annual,NR,Number,BIOETH,Bioethanol,LV,Latvia,2018,,0,,,,,
dataflow,ESTAT:ROAD_EQR_CARPDA(1.0),New passenger cars by type of motor energy,A,Annual,NR,Number,BIOETH,Bioethanol,LV,Latvia,2019,,0,,,,,
dataflow,ESTAT:ROAD_EQR_CARPDA(1.0),New passenger cars by type of motor energy,A,Annual,NR,Number,BIOETH,Bioethanol,LV,Latvia,2020,,0,,,,,
dataflow,ESTAT:ROAD_EQR_CARPDA(1.0),New passenger cars by type of motor energy,A,Annual,NR,Number,BIOETH,Bioethanol,LV,Latvia,2021,,0,,,,,
dataflow,ESTAT:ROAD_EQR_CARPDA(1.0),New passenger cars by type of motor energy,A,Annual,NR,Number,BIOETH,Bioethanol,LV,Latvia,2022,,0,,,,,
dataflow,ESTAT:ROAD_EQR_CARPDA(1.0),New passenger cars by type of motor energy,A,Annual,NR,Number,BIOETH,Bioethanol,LV,Latvia,2023,,0,,,,,
dataflow,ESTAT:ROAD_EQR_CARPDA(1.0),New passenger cars by type of motor energy,A,Annual,NR,Number,BIOETH,Bioethanol,LV,Latvia,2024,,0,,,,,
dataflow,ESTAT:ROAD_EQR_CARPDA(1.0),New passenger cars by type of motor energy,A,Annual,NR,Number,BIOETH,Bioethanol,MT,Malta,2013,,0,,,,,
dataflow,ESTAT:ROAD_EQR_CARPDA(1.0),New passenger cars by type of motor energy,A,Annual,NR,Number,BIOETH,Bioethanol,MT,Malta,2014,,0,,,,,
dataflow,ESTAT:ROAD_EQR_CARPDA(1.0),New passenger cars by type of motor energy,A,Annual,NR,Number,BIOETH,Bioethanol,MT,Malta,2015,,0,,,,,
dataflow,ESTAT:ROAD_EQR_CARPDA(1.0),New passenger cars by type of motor energy,A,Annual,NR,Number,BIOETH,Bioethanol,MT,Malta,2016,,0,,,,,
dataflow,ESTAT:ROAD_EQR_CARPDA(1.0),New passenger cars by type of motor energy,A,Annual,NR,Number,BIOETH,Bioethanol,MT,Malta,2017,,0,,,,,
dataflow,ESTAT:ROAD_EQR_CARPDA(1.0),New passenger cars by type of motor energy,A,Annual,NR,Number,BIOETH,Bioethanol,MT,Malta,2018,,0,,,,,
dataflow,ESTAT:ROAD_EQR_CARPDA(1.0),New passenger cars by type of motor energy,A,Annual,NR,Number,BIOETH,Bioethanol,MT,Malta,2019,,0,,,,,
dataflow,ESTAT:ROAD_EQR_CARPDA(1.0),New passenger cars by type of motor energy,A,Annual,NR,Number,BIOETH,Bioethanol,MT,Malta,2020,,0,,,,,
dataflow,ESTAT:ROAD_EQR_CARPDA(1.0),New passenger cars by type of motor energy,A,Annual,NR,Number,BIOETH,Bioethanol,MT,Malta,2021,,0,,,,,
dataflow,ESTAT:ROAD_EQR_CARPDA(1.0),New passenger cars by type of motor energy,A,Annual,NR,Number,BIOETH,Bioethanol,MT,Malta,2022,,0,,,,,
dataflow,ESTAT:ROAD_EQR_CARPDA(1.0),New passenger cars by type of motor energy,A,Annual,NR,Number,BIOETH,Bioethanol,MT,Malta,2023,,0,,,,,
dataflow,ESTAT:ROAD_EQR_CARPDA(1.0),New passenger cars by type of motor energy,A,Annual,NR,Number,BIOETH,Bioethanol,MT,Malta,2024,,0,,,,,
dataflow,ESTAT:ROAD_EQR_CARPDA(1.0),New passenger cars by type of motor energy,A,Annual,NR,Number,BIOETH,Bioethanol,NL,Netherlands,2015,,0,,,,,
dataflow,ESTAT:ROAD_EQR_CARPDA(1.0),New passenger cars by type of motor energy,A,Annual,NR,Number,BIOETH,Bioethanol,NL,Netherlands,2016,,0,,,,,
dataflow,ESTAT:ROAD_EQR_CARPDA(1.0),New passenger cars by type of motor energy,A,Annual,NR,Number,BIOETH,Bioethanol,NL,Netherlands,2021,,0,,,,,
dataflow,ESTAT:ROAD_EQR_CARPDA(1.0),New passenger cars by type of motor energy,A,Annual,NR,Number,BIOETH,Bioethanol,NL,Netherlands,2022,,0,,,,,
dataflow,ESTAT:ROAD_EQR_CARPDA(1.0),New passenger cars by type of motor energy,A,Annual,NR,Number,BIOETH,Bioethanol,NL,Netherlands,2023,,0,,,,,
dataflow,ESTAT:ROAD_EQR_CARPDA(1.0),New passenger cars by type of motor energy,A,Annual,NR,Number,BIOETH,Bioethanol,NL,Netherlands,2024,,0,,,,,
dataflow,ESTAT:ROAD_EQR_CARPDA(1.0),New passenger cars by type of motor energy,A,Annual,NR,Number,BIOETH,Bioethanol,NO,Norway,2018,,0,,,,,
dataflow,ESTAT:ROAD_EQR_CARPDA(1.0),New passenger cars by type of motor energy,A,Annual,NR,Number,BIOETH,Bioethanol,NO,Norway,2019,,0,,,,,
dataflow,ESTAT:ROAD_EQR_CARPDA(1.0),New passenger cars by type of motor energy,A,Annual,NR,Number,BIOETH,Bioethanol,NO,Norway,2020,,2,,,,,
dataflow,ESTAT:ROAD_EQR_CARPDA(1.0),New passenger cars by type of motor energy,A,Annual,NR,Number,BIOETH,Bioethanol,NO,Norway,2021,,0,,,,,
dataflow,ESTAT:ROAD_EQR_CARPDA(1.0),New passenger cars by type of motor energy,A,Annual,NR,Number,BIOETH,Bioethanol,NO,Norway,2022,,0,,,,,
dataflow,ESTAT:ROAD_EQR_CARPDA(1.0),New passenger cars by type of motor energy,A,Annual,NR,Number,BIOETH,Bioethanol,NO,Norway,2023,,0,,,,,
dataflow,ESTAT:ROAD_EQR_CARPDA(1.0),New passenger cars by type of motor energy,A,Annual,NR,Number,BIOETH,Bioethanol,NO,Norway,2024,,0,,,,,
dataflow,ESTAT:ROAD_EQR_CARPDA(1.0),New passenger cars by type of motor energy,A,Annual,NR,Number,BIOETH,Bioethanol,PL,Poland,2013,,16,,,,,
dataflow,ESTAT:ROAD_EQR_CARPDA(1.0),New passenger cars by type of motor energy,A,Annual,NR,Number,BIOETH,Bioethanol,PL,Poland,2014,,1,,,,,
dataflow,ESTAT:ROAD_EQR_CARPDA(1.0),New passenger cars by type of motor energy,A,Annual,NR,Number,BIOETH,Bioethanol,PL,Poland,2015,,2,,,,,
dataflow,ESTAT:ROAD_EQR_CARPDA(1.0),New passenger cars by type of motor energy,A,Annual,NR,Number,BIOETH,Bioethanol,PL,Poland,2016,,2,,,,,
dataflow,ESTAT:ROAD_EQR_CARPDA(1.0),New passenger cars by type of motor energy,A,Annual,NR,Number,BIOETH,Bioethanol,PL,Poland,2017,,11,,,,,
dataflow,ESTAT:ROAD_EQR_CARPDA(1.0),New passenger cars by type of motor energy,A,Annual,NR,Number,BIOETH,Bioethanol,PL,Poland,2018,,22,,,,,
dataflow,ESTAT:ROAD_EQR_CARPDA(1.0),New passenger cars by type of motor energy,A,Annual,NR,Number,BIOETH,Bioethanol,PL,Poland,2019,,55,,,,,
dataflow,ESTAT:ROAD_EQR_CARPDA(1.0),New passenger cars by type of motor energy,A,Annual,NR,Number,BIOETH,Bioethanol,PL,Poland,2020,,24,,,,,
dataflow,ESTAT:ROAD_EQR_CARPDA(1.0),New passenger cars by type of motor energy,A,Annual,NR,Number,BIOETH,Bioethanol,PL,Poland,2021,,0,,i,value imputed by Eurostat or other receiving agencies,,
dataflow,ESTAT:ROAD_EQR_CARPDA(1.0),New passenger cars by type of motor energy,A,Annual,NR,Number,BIOETH,Bioethanol,PL,Poland,2022,,0,,i,value imputed by Eurostat or other receiving agencies,,
dataflow,ESTAT:ROAD_EQR_CARPDA(1.0),New passenger cars by type of motor energy,A,Annual,NR,Number,BIOETH,Bioethanol,PL,Poland,2023,,0,,,,,
dataflow,ESTAT:ROAD_EQR_CARPDA(1.0),New passenger cars by type of motor energy,A,Annual,NR,Number,BIOETH,Bioethanol,PL,Poland,2024,,0,,,,,
dataflow,ESTAT:ROAD_EQR_CARPDA(1.0),New passenger cars by type of motor energy,A,Annual,NR,Number,BIOETH,Bioethanol,PT,Portugal,2017,,0,,,,,
dataflow,ESTAT:ROAD_EQR_CARPDA(1.0),New passenger cars by type of motor energy,A,Annual,NR,Number,BIOETH,Bioethanol,PT,Portugal,2018,,0,,,,,
dataflow,ESTAT:ROAD_EQR_CARPDA(1.0),New passenger cars by type of motor energy,A,Annual,NR,Number,BIOETH,Bioethanol,PT,Portugal,2019,,0,,,,,
dataflow,ESTAT:ROAD_EQR_CARPDA(1.0),New passenger cars by type of motor energy,A,Annual,NR,Number,BIOETH,Bioethanol,PT,Portugal,2020,,0,,,,,
dataflow,ESTAT:ROAD_EQR_CARPDA(1.0),New passenger cars by type of motor energy,A,Annual,NR,Number,BIOETH,Bioethanol,PT,Portugal,2021,,0,,,,,
dataflow,ESTAT:ROAD_EQR_CARPDA(1.0),New passenger cars by type of motor energy,A,Annual,NR,Number,BIOETH,Bioethanol,PT,Portugal,2022,,0,,,,,
dataflow,ESTAT:ROAD_EQR_CARPDA(1.0),New passenger cars by type of motor energy,A,Annual,NR,Number,BIOETH,Bioethanol,PT,Portugal,2023,,0,,,,,
dataflow,ESTAT:ROAD_EQR_CARPDA(1.0),New passenger cars by type of motor energy,A,Annual,NR,Number,BIOETH,Bioethanol,PT,Portugal,2024,,0,,p,provisional,,
dataflow,ESTAT:ROAD_EQR_CARPDA(1.0),New passenger cars by type of motor energy,A,Annual,NR,Number,BIOETH,Bioethanol,RS,Serbia,2019,,0,,,,,
dataflow,ESTAT:ROAD_EQR_CARPDA(1.0),New passenger cars by type of motor energy,A,Annual,NR,Number,BIOETH,Bioethanol,RS,Serbia,2020,,0,,,,,
dataflow,ESTAT:ROAD_EQR_CARPDA(1.0),New passenger cars by type of motor energy,A,Annual,NR,Number,BIOETH,Bioethanol,RS,Serbia,2021,,0,,,,,
dataflow,ESTAT:ROAD_EQR_CARPDA(1.0),New passenger cars by type of motor energy,A,Annual,NR,Number,BIOETH,Bioethanol,RS,Serbia,2022,,0,,,,,
dataflow,ESTAT:ROAD_EQR_CARPDA(1.0),New passenger cars by type of motor energy,A,Annual,NR,Number,BIOETH,Bioethanol,RS,Serbia,2023,,0,,,,,
dataflow,ESTAT:ROAD_EQR_CARPDA(1.0),New passenger cars by type of motor energy,A,Annual,NR,Number,BIOETH,Bioethanol,RS,Serbia,2024,,0,,,,,
dataflow,ESTAT:ROAD_EQR_CARPDA(1.0),New passenger cars by type of motor energy,A,Annual,NR,Number,BIOETH,Bioethanol,SE,Sweden,2013,,1,,,,,
dataflow,ESTAT:ROAD_EQR_CARPDA(1.0),New passenger cars by type of motor energy,A,Annual,NR,Number,BIOETH,Bioethanol,SE,Sweden,2014,,4,,,,,
dataflow,ESTAT:ROAD_EQR_CARPDA(1.0),New passenger cars by type of motor energy,A,Annual,NR,Number,BIOETH,Bioethanol,SE,Sweden,2015,,3,,,,,
dataflow,ESTAT:ROAD_EQR_CARPDA(1.0),New passenger cars by type of motor energy,A,Annual,NR,Number,BIOETH,Bioethanol,SE,Sweden,2016,,1,,,,,
dataflow,ESTAT:ROAD_EQR_CARPDA(1.0),New passenger cars by type of motor energy,A,Annual,NR,Number,BIOETH,Bioethanol,SE,Sweden,2017,,0,,,,,
dataflow,ESTAT:ROAD_EQR_CARPDA(1.0),New passenger cars by type of motor energy,A,Annual,NR,Number,BIOETH,Bioethanol,SE,Sweden,2018,,4,,,,,
dataflow,ESTAT:ROAD_EQR_CARPDA(1.0),New passenger cars by type of motor energy,A,Annual,NR,Number,BIOETH,Bioethanol,SE,Sweden,2019,,3,,,,,
dataflow,ESTAT:ROAD_EQR_CARPDA(1.0),New passenger cars by type of motor energy,A,Annual,NR,Number,BIOETH,Bioethanol,SE,Sweden,2020,,2,,,,,
dataflow,ESTAT:ROAD_EQR_CARPDA(1.0),New passenger cars by type of motor energy,A,Annual,NR,Number,BIOETH,Bioethanol,SE,Sweden,2021,,7,,,,,
dataflow,ESTAT:ROAD_EQR_CARPDA(1.0),New passenger cars by type of motor energy,A,Annual,NR,Number,BIOETH,Bioethanol,SE,Sweden,2022,,5,,,,,
dataflow,ESTAT:ROAD_EQR_CARPDA(1.0),New passenger cars by type of motor energy,A,Annual,NR,Number,BIOETH,Bioethanol,SE,Sweden,2023,,4191,,b,break in time series,,
dataflow,ESTAT:ROAD_EQR_CARPDA(1.0),New passenger cars by type of motor energy,A,Annual,NR,Number,BIOETH,Bioethanol,SE,Sweden,2024,,3981,,,,,
dataflow,ESTAT:ROAD_EQR_CARPDA(1.0),New passenger cars by type of motor energy,A,Annual,NR,Number,BIOETH,Bioethanol,TR,Türkiye,2017,,0,,,,,
dataflow,ESTAT:ROAD_EQR_CARPDA(1.0),New passenger cars by type of motor energy,A,Annual,NR,Number,BIOETH,Bioethanol,TR,Türkiye,2018,,0,,,,,
dataflow,ESTAT:ROAD_EQR_CARPDA(1.0),New passenger cars by type of motor energy,A,Annual,NR,Number,BIOETH,Bioethanol,TR,Türkiye,2019,,0,,,,,
dataflow,ESTAT:ROAD_EQR_CARPDA(1.0),New passenger cars by type of motor energy,A,Annual,NR,Number,BIOETH,Bioethanol,TR,Türkiye,2020,,0,,,,,
dataflow,ESTAT:ROAD_EQR_CARPDA(1.0),New passenger cars by type of motor energy,A,Annual,NR,Number,BIOETH,Bioethanol,TR,Türkiye,2021,,0,,,,,
dataflow,ESTAT:ROAD_EQR_CARPDA(1.0),New passenger cars by type of motor energy,A,Annual,NR,Number,BIOETH,Bioethanol,TR,Türkiye,2022,,0,,,,,
dataflow,ESTAT:ROAD_EQR_CARPDA(1.0),New passenger cars by type of motor energy,A,Annual,NR,Number,BIOETH,Bioethanol,TR,Türkiye,2023,,0,,,,,
dataflow,ESTAT:ROAD_EQR_CARPDA(1.0),New passenger cars by type of motor energy,A,Annual,NR,Number,BIOETH,Bioethanol,TR,Türkiye,2024,,0,,,,,
dataflow,ESTAT:ROAD_EQR_CARPDA(1.0),New passenger cars by type of motor energy,A,Annual,NR,Number,BIOETH,Bioethanol,XK,Kosovo*,2017,,0,,,,,
dataflow,ESTAT:ROAD_EQR_CARPDA(1.0),New passenger cars by type of motor energy,A,Annual,NR,Number,BIOETH,Bioethanol,XK,Kosovo*,2018,,1,,,,,
dataflow,ESTAT:ROAD_EQR_CARPDA(1.0),New passenger cars by type of motor energy,A,Annual,NR,Number,BIOETH,Bioethanol,XK,Kosovo*,2019,,0,,,,,
dataflow,ESTAT:ROAD_EQR_CARPDA(1.0),New passenger cars by type of motor energy,A,Annual,NR,Number,BIOETH,Bioethanol,XK,Kosovo*,2021,,0,,,,,
dataflow,ESTAT:ROAD_EQR_CARPDA(1.0),New passenger cars by type of motor energy,A,Annual,NR,Number,DIE,Diesel,AL,Albania,2019,,33064,,,,,
dataflow,ESTAT:ROAD_EQR_CARPDA(1.0),New passenger cars by type of motor energy,A,Annual,NR,Number,DIE,Diesel,AL,Albania,2020,,32953,,,,,
dataflow,ESTAT:ROAD_EQR_CARPDA(1.0),New passenger cars by type of motor energy,A,Annual,NR,Number,DIE,Diesel,AL,Albania,2021,,42914,,,,,
dataflow,ESTAT:ROAD_EQR_CARPDA(1.0),New passenger cars by type of motor energy,A,Annual,NR,Number,DIE,Diesel,AL,Albania,2022,,36523,,,,,
dataflow,ESTAT:ROAD_EQR_CARPDA(1.0),New passenger cars by type of motor energy,A,Annual,NR,Number,DIE,Diesel,AL,Albania,2023,,47440,,,,,
dataflow,ESTAT:ROAD_EQR_CARPDA(1.0),New passenger cars by type of motor energy,A,Annual,NR,Number,DIE,Diesel,AL,Albania,2024,,56773,,,,,
dataflow,ESTAT:ROAD_EQR_CARPDA(1.0),New passenger cars by type of motor energy,A,Annual,NR,Number,DIE,Diesel,AT,Austria,2013,,181061,,,,,
dataflow,ESTAT:ROAD_EQR_CARPDA(1.0),New passenger cars by type of motor energy,A,Annual,NR,Number,DIE,Diesel,AT,Austria,2014,,172574,,,,,
dataflow,ESTAT:ROAD_EQR_CARPDA(1.0),New passenger cars by type of motor energy,A,Annual,NR,Number,DIE,Diesel,AT,Austria,2015,,180510,,,,,
dataflow,ESTAT:ROAD_EQR_CARPDA(1.0),New passenger cars by type of motor energy,A,Annual,NR,Number,DIE,Diesel,AT,Austria,2016,,189139,,,,,
dataflow,ESTAT:ROAD_EQR_CARPDA(1.0),New passenger cars by type of motor energy,A,Annual,NR,Number,DIE,Diesel,AT,Austria,2017,,175590,,,,,
dataflow,ESTAT:ROAD_EQR_CARPDA(1.0),New passenger cars by type of motor energy,A,Annual,NR,Number,DIE,Diesel,AT,Austria,2018,,141159,,,,,
dataflow,ESTAT:ROAD_EQR_CARPDA(1.0),New passenger cars by type of motor energy,A,Annual,NR,Number,DIE,Diesel,AT,Austria,2019,,130468,,,,,
dataflow,ESTAT:ROAD_EQR_CARPDA(1.0),New passenger cars by type of motor energy,A,Annual,NR,Number,DIE,Diesel,AT,Austria,2020,,99196,,,,,
dataflow,ESTAT:ROAD_EQR_CARPDA(1.0),New passenger cars by type of motor energy,A,Annual,NR,Number,DIE,Diesel,AT,Austria,2021,,71808,,,,,
dataflow,ESTAT:ROAD_EQR_CARPDA(1.0),New passenger cars by type of motor energy,A,Annual,NR,Number,DIE,Diesel,AT,Austria,2022,,61537,,,,,
dataflow,ESTAT:ROAD_EQR_CARPDA(1.0),New passenger cars by type of motor energy,A,Annual,NR,Number,DIE,Diesel,AT,Austria,2023,,61187,,,,,
dataflow,ESTAT:ROAD_EQR_CARPDA(1.0),New passenger cars by type of motor energy,A,Annual,NR,Number,DIE,Diesel,AT,Austria,2024,,58478,,,,,
dataflow,ESTAT:ROAD_EQR_CARPDA(1.0),New passenger cars by type of motor energy,A,Annual,NR,Number,DIE,Diesel,BA,Bosnia and Herzegovina,2013,,4049,,,,,
dataflow,ESTAT:ROAD_EQR_CARPDA(1.0),New passenger cars by type of motor energy,A,Annual,NR,Number,DIE,Diesel,BA,Bosnia and Herzegovina,2014,,4097,,,,,
dataflow,ESTAT:ROAD_EQR_CARPDA(1.0),New passenger cars by type of motor energy,A,Annual,NR,Number,DIE,Diesel,BA,Bosnia and Herzegovina,2015,,3835,,,,,
dataflow,ESTAT:ROAD_EQR_CARPDA(1.0),New passenger cars by type of motor energy,A,Annual,NR,Number,DIE,Diesel,BA,Bosnia and Herzegovina,2016,,4932,,,,,
dataflow,ESTAT:ROAD_EQR_CARPDA(1.0),New passenger cars by type of motor energy,A,Annual,NR,Number,DIE,Diesel,BA,Bosnia and Herzegovina,2017,,5123,,,,,
dataflow,ESTAT:ROAD_EQR_CARPDA(1.0),New passenger cars by type of motor energy,A,Annual,NR,Number,DIE,Diesel,BA,Bosnia and Herzegovina,2018,,5028,,,,,
dataflow,ESTAT:ROAD_EQR_CARPDA(1.0),New passenger cars by type of motor energy,A,Annual,NR,Number,DIE,Diesel,BA,Bosnia and Herzegovina,2019,,4685,,,,,
dataflow,ESTAT:ROAD_EQR_CARPDA(1.0),New passenger cars by type of motor energy,A,Annual,NR,Number,DIE,Diesel,BA,Bosnia and Herzegovina,2020,,3481,,,,,
dataflow,ESTAT:ROAD_EQR_CARPDA(1.0),New passenger cars by type of motor energy,A,Annual,NR,Number,DIE,Diesel,BA,Bosnia and Herzegovina,2021,,3385,,,,,
dataflow,ESTAT:ROAD_EQR_CARPDA(1.0),New passenger cars by type of motor energy,A,Annual,NR,Number,DIE,Diesel,BA,Bosnia and Herzegovina,2022,,3058,,,,,
dataflow,ESTAT:ROAD_EQR_CARPDA(1.0),New passenger cars by type of motor energy,A,Annual,NR,Number,DIE,Diesel,BA,Bosnia and Herzegovina,2023,,3136,,,,,
dataflow,ESTAT:ROAD_EQR_CARPDA(1.0),New passenger cars by type of motor energy,A,Annual,NR,Number,DIE,Diesel,BA,Bosnia and Herzegovina,2024,,3192,,,,,
dataflow,ESTAT:ROAD_EQR_CARPDA(1.0),New passenger cars by type of motor energy,A,Annual,NR,Number,DIE,Diesel,BE,Belgium,2013,,319863,,,,,
dataflow,ESTAT:ROAD_EQR_CARPDA(1.0),New passenger cars by type of motor energy,A,Annual,NR,Number,DIE,Diesel,BE,Belgium,2014,,303953,,,,,
dataflow,ESTAT:ROAD_EQR_CARPDA(1.0),New passenger cars by type of motor energy,A,Annual,NR,Number,DIE,Diesel,BE,Belgium,2015,,305838,,,,,
dataflow,ESTAT:ROAD_EQR_CARPDA(1.0),New passenger cars by type of motor energy,A,Annual,NR,Number,DIE,Diesel,BE,Belgium,2016,,285653,,,,,
dataflow,ESTAT:ROAD_EQR_CARPDA(1.0),New passenger cars by type of motor energy,A,Annual,NR,Number,DIE,Diesel,BE,Belgium,2017,,259790,,,,,
dataflow,ESTAT:ROAD_EQR_CARPDA(1.0),New passenger cars by type of motor energy,A,Annual,NR,Number,DIE,Diesel,BE,Belgium,2018,,202272,,,,,
dataflow,ESTAT:ROAD_EQR_CARPDA(1.0),New passenger cars by type of motor energy,A,Annual,NR,Number,DIE,Diesel,BE,Belgium,2019,,179716,,,,,
dataflow,ESTAT:ROAD_EQR_CARPDA(1.0),New passenger cars by type of motor energy,A,Annual,NR,Number,DIE,Diesel,BE,Belgium,2020,,151970,,,,,
dataflow,ESTAT:ROAD_EQR_CARPDA(1.0),New passenger cars by type of motor energy,A,Annual,NR,Number,DIE,Diesel,BE,Belgium,2021,,103914,,,,,
dataflow,ESTAT:ROAD_EQR_CARPDA(1.0),New passenger cars by type of motor energy,A,Annual,NR,Number,DIE,Diesel,BE,Belgium,2022,,70559,,,,,
dataflow,ESTAT:ROAD_EQR_CARPDA(1.0),New passenger cars by type of motor energy,A,Annual,NR,Number,DIE,Diesel,BE,Belgium,2023,,50855,,i,value imputed by Eurostat or other receiving agencies,,
dataflow,ESTAT:ROAD_EQR_CARPDA(1.0),New passenger cars by type of motor energy,A,Annual,NR,Number,DIE,Diesel,BE,Belgium,2024,,34322,,i,value imputed by Eurostat or other receiving agencies,,
dataflow,ESTAT:ROAD_EQR_CARPDA(1.0),New passenger cars by type of motor energy,A,Annual,NR,Number,DIE,Diesel,BG,Bulgaria,2022,,5330,,i,value imputed by Eurostat or other receiving agencies,,
dataflow,ESTAT:ROAD_EQR_CARPDA(1.0),New passenger cars by type of motor energy,A,Annual,NR,Number,DIE,Diesel,BG,Bulgaria,2023,,6032,,i,value imputed by Eurostat or other receiving agencies,,
dataflow,ESTAT:ROAD_EQR_CARPDA(1.0),New passenger cars by type of motor energy,A,Annual,NR,Number,DIE,Diesel,BG,Bulgaria,2024,,6986,,i,value imputed by Eurostat or other receiving agencies,,
dataflow,ESTAT:ROAD_EQR_CARPDA(1.0),New passenger cars by type of motor energy,A,Annual,NR,Number,DIE,Diesel,CH,Switzerland,2013,,119767,,,,,
dataflow,ESTAT:ROAD_EQR_CARPDA(1.0),New passenger cars by type of motor energy,A,Annual,NR,Number,DIE,Diesel,CH,Switzerland,2014,,117318,,,,,
dataflow,ESTAT:ROAD_EQR_CARPDA(1.0),New passenger cars by type of motor energy,A,Annual,NR,Number,DIE,Diesel,CH,Switzerland,2015,,132789,,,,,
dataflow,ESTAT:ROAD_EQR_CARPDA(1.0),New passenger cars by type of motor energy,A,Annual,NR,Number,DIE,Diesel,CH,Switzerland,2016,,130457,,,,,
dataflow,ESTAT:ROAD_EQR_CARPDA(1.0),New passenger cars by type of motor energy,A,Annual,NR,Number,DIE,Diesel,CH,Switzerland,2017,,118800,,,,,
dataflow,ESTAT:ROAD_EQR_CARPDA(1.0),New passenger cars by type of motor energy,A,Annual,NR,Number,DIE,Diesel,CH,Switzerland,2018,,95612,,,,,
dataflow,ESTAT:ROAD_EQR_CARPDA(1.0),New passenger cars by type of motor energy,A,Annual,NR,Number,DIE,Diesel,CH,Switzerland,2019,,88965,,,,,
dataflow,ESTAT:ROAD_EQR_CARPDA(1.0),New passenger cars by type of motor energy,A,Annual,NR,Number,DIE,Diesel,CH,Switzerland,2020,,64475,,,,,
dataflow,ESTAT:ROAD_EQR_CARPDA(1.0),New passenger cars by type of motor energy,A,Annual,NR,Number,DIE,Diesel,CH,Switzerland,2021,,51670,,,,,
dataflow,ESTAT:ROAD_EQR_CARPDA(1.0),New passenger cars by type of motor energy,A,Annual,NR,Number,DIE,Diesel,CH,Switzerland,2022,,45069,,,,,
dataflow,ESTAT:ROAD_EQR_CARPDA(1.0),New passenger cars by type of motor energy,A,Annual,NR,Number,DIE,Diesel,CH,Switzerland,2023,,44501,,,,,
dataflow,ESTAT:ROAD_EQR_CARPDA(1.0),New passenger cars by type of motor energy,A,Annual,NR,Number,DIE,Diesel,CH,Switzerland,2024,,43218,,,,,
dataflow,ESTAT:ROAD_EQR_CARPDA(1.0),New passenger cars by type of motor energy,A,Annual,NR,Number,DIE,Diesel,CY,Cyprus,2013,,1255,,,,,
dataflow,ESTAT:ROAD_EQR_CARPDA(1.0),New passenger cars by type of motor energy,A,Annual,NR,Number,DIE,Diesel,CY,Cyprus,2014,,3184,,,,,
dataflow,ESTAT:ROAD_EQR_CARPDA(1.0),New passenger cars by type of motor energy,A,Annual,NR,Number,DIE,Diesel,CY,Cyprus,2015,,4157,,,,,
dataflow,ESTAT:ROAD_EQR_CARPDA(1.0),New passenger cars by type of motor energy,A,Annual,NR,Number,DIE,Diesel,CY,Cyprus,2016,,5327,,,,,
dataflow,ESTAT:ROAD_EQR_CARPDA(1.0),New passenger cars by type of motor energy,A,Annual,NR,Number,DIE,Diesel,CY,Cyprus,2017,,5450,,,,,
dataflow,ESTAT:ROAD_EQR_CARPDA(1.0),New passenger cars by type of motor energy,A,Annual,NR,Number,DIE,Diesel,CY,Cyprus,2018,,5264,,,,,
dataflow,ESTAT:ROAD_EQR_CARPDA(1.0),New passenger cars by type of motor energy,A,Annual,NR,Number,DIE,Diesel,CY,Cyprus,2019,,4532,,,,,
dataflow,ESTAT:ROAD_EQR_CARPDA(1.0),New passenger cars by type of motor energy,A,Annual,NR,Number,DIE,Diesel,CY,Cyprus,2020,,3065,,,,,
dataflow,ESTAT:ROAD_EQR_CARPDA(1.0),New passenger cars by type of motor energy,A,Annual,NR,Number,DIE,Diesel,CY,Cyprus,2021,,1460,,,,,
dataflow,ESTAT:ROAD_EQR_CARPDA(1.0),New passenger cars by type of motor energy,A,Annual,NR,Number,DIE,Diesel,CY,Cyprus,2022,,541,,,,,
dataflow,ESTAT:ROAD_EQR_CARPDA(1.0),New passenger cars by type of motor energy,A,Annual,NR,Number,DIE,Diesel,CY,Cyprus,2023,,443,,,,,
dataflow,ESTAT:ROAD_EQR_CARPDA(1.0),New passenger cars by type of motor energy,A,Annual,NR,Number,DIE,Diesel,CY,Cyprus,2024,,373,,,,,
dataflow,ESTAT:ROAD_EQR_CARPDA(1.0),New passenger cars by type of motor energy,A,Annual,NR,Number,DIE,Diesel,CZ,Czechia,2021,,56933,,,,,
dataflow,ESTAT:ROAD_EQR_CARPDA(1.0),New passenger cars by type of motor energy,A,Annual,NR,Number,DIE,Diesel,CZ,Czechia,2022,,46078,,,,,
dataflow,ESTAT:ROAD_EQR_CARPDA(1.0),New passenger cars by type of motor energy,A,Annual,NR,Number,DIE,Diesel,CZ,Czechia,2023,,54687,,,,,
dataflow,ESTAT:ROAD_EQR_CARPDA(1.0),New passenger cars by type of motor energy,A,Annual,NR,Number,DIE,Diesel,CZ,Czechia,2024,,55084,,,,,
dataflow,ESTAT:ROAD_EQR_CARPDA(1.0),New passenger cars by type of motor energy,A,Annual,NR,Number,DIE,Diesel,DE,Germany,2013,,1403113,,,,,
dataflow,ESTAT:ROAD_EQR_CARPDA(1.0),New passenger cars by type of motor energy,A,Annual,NR,Number,DIE,Diesel,DE,Germany,2014,,1452565,,,,,
dataflow,ESTAT:ROAD_EQR_CARPDA(1.0),New passenger cars by type of motor energy,A,Annual,NR,Number,DIE,Diesel,DE,Germany,2015,,1538451,,,,,
dataflow,ESTAT:ROAD_EQR_CARPDA(1.0),New passenger cars by type of motor energy,A,Annual,NR,Number,DIE,Diesel,DE,Germany,2016,,1539596,,,,,
dataflow,ESTAT:ROAD_EQR_CARPDA(1.0),New passenger cars by type of motor energy,A,Annual,NR,Number,DIE,Diesel,DE,Germany,2017,,1336195,,,,,
dataflow,ESTAT:ROAD_EQR_CARPDA(1.0),New passenger cars by type of motor energy,A,Annual,NR,Number,DIE,Diesel,DE,Germany,2018,,1129025,,,,,
dataflow,ESTAT:ROAD_EQR_CARPDA(1.0),New passenger cars by type of motor energy,A,Annual,NR,Number,DIE,Diesel,DE,Germany,2019,,1230267,,,,,
dataflow,ESTAT:ROAD_EQR_CARPDA(1.0),New passenger cars by type of motor energy,A,Annual,NR,Number,DIE,Diesel,DE,Germany,2020,,949336,,,,,
dataflow,ESTAT:ROAD_EQR_CARPDA(1.0),New passenger cars by type of motor energy,A,Annual,NR,Number,DIE,Diesel,DE,Germany,2021,,691261,,,,,
dataflow,ESTAT:ROAD_EQR_CARPDA(1.0),New passenger cars by type of motor energy,A,Annual,NR,Number,DIE,Diesel,DE,Germany,2022,,642418,,,,,
dataflow,ESTAT:ROAD_EQR_CARPDA(1.0),New passenger cars by type of motor energy,A,Annual,NR,Number,DIE,Diesel,DE,Germany,2023,,703839,,,,,
dataflow,ESTAT:ROAD_EQR_CARPDA(1.0),New passenger cars by type of motor energy,A,Annual,NR,Number,DIE,Diesel,DE,Germany,2024,,684509,,,,,
dataflow,ESTAT:ROAD_EQR_CARPDA(1.0),New passenger cars by type of motor energy,A,Annual,NR,Number,DIE,Diesel,DK,Denmark,2013,,57435,,,,,
dataflow,ESTAT:ROAD_EQR_CARPDA(1.0),New passenger cars by type of motor energy,A,Annual,NR,Number,DIE,Diesel,DK,Denmark,2014,,59545,,,,,
dataflow,ESTAT:ROAD_EQR_CARPDA(1.0),New passenger cars by type of motor energy,A,Annual,NR,Number,DIE,Diesel,DK,Denmark,2015,,64203,,,,,
dataflow,ESTAT:ROAD_EQR_CARPDA(1.0),New passenger cars by type of motor energy,A,Annual,NR,Number,DIE,Diesel,DK,Denmark,2016,,80216,,,,,
dataflow,ESTAT:ROAD_EQR_CARPDA(1.0),New passenger cars by type of motor energy,A,Annual,NR,Number,DIE,Diesel,DK,Denmark,2017,,77493,,,,,
dataflow,ESTAT:ROAD_EQR_CARPDA(1.0),New passenger cars by type of motor energy,A,Annual,NR,Number,DIE,Diesel,DK,Denmark,2018,,72475,,,,,
dataflow,ESTAT:ROAD_EQR_CARPDA(1.0),New passenger cars by type of motor energy,A,Annual,NR,Number,DIE,Diesel,DK,Denmark,2019,,60475,,,,,
dataflow,ESTAT:ROAD_EQR_CARPDA(1.0),New passenger cars by type of motor energy,A,Annual,NR,Number,DIE,Diesel,DK,Denmark,2020,,46295,,,,,
dataflow,ESTAT:ROAD_EQR_CARPDA(1.0),New passenger cars by type of motor energy,A,Annual,NR,Number,DIE,Diesel,DK,Denmark,2021,,26648,,,,,
dataflow,ESTAT:ROAD_EQR_CARPDA(1.0),New passenger cars by type of motor energy,A,Annual,NR,Number,DIE,Diesel,DK,Denmark,2022,,17441,,,,,
dataflow,ESTAT:ROAD_EQR_CARPDA(1.0),New passenger cars by type of motor energy,A,Annual,NR,Number,DIE,Diesel,DK,Denmark,2023,,15258,,,,,
dataflow,ESTAT:ROAD_EQR_CARPDA(1.0),New passenger cars by type of motor energy,A,Annual,NR,Number,DIE,Diesel,DK,Denmark,2024,,12308,,,,,
dataflow,ESTAT:ROAD_EQR_CARPDA(1.0),New passenger cars by type of motor energy,A,Annual,NR,Number,DIE,Diesel,EE,Estonia,2013,,7345,,,,,
dataflow,ESTAT:ROAD_EQR_CARPDA(1.0),New passenger cars by type of motor energy,A,Annual,NR,Number,DIE,Diesel,EE,Estonia,2014,,7726,,,,,
dataflow,ESTAT:ROAD_EQR_CARPDA(1.0),New passenger cars by type of motor energy,A,Annual,NR,Number,DIE,Diesel,EE,Estonia,2015,,6949,,,,,
dataflow,ESTAT:ROAD_EQR_CARPDA(1.0),New passenger cars by type of motor energy,A,Annual,NR,Number,DIE,Diesel,EE,Estonia,2016,,6393,,,,,
dataflow,ESTAT:ROAD_EQR_CARPDA(1.0),New passenger cars by type of motor energy,A,Annual,NR,Number,DIE,Diesel,EE,Estonia,2017,,6409,,,,,
dataflow,ESTAT:ROAD_EQR_CARPDA(1.0),New passenger cars by type of motor energy,A,Annual,NR,Number,DIE,Diesel,EE,Estonia,2018,,6527,,,,,
dataflow,ESTAT:ROAD_EQR_CARPDA(1.0),New passenger cars by type of motor energy,A,Annual,NR,Number,DIE,Diesel,EE,Estonia,2019,,6414,,,,,
dataflow,ESTAT:ROAD_EQR_CARPDA(1.0),New passenger cars by type of motor energy,A,Annual,NR,Number,DIE,Diesel,EE,Estonia,2020,,5123,,,,,
dataflow,ESTAT:ROAD_EQR_CARPDA(1.0),New passenger cars by type of motor energy,A,Annual,NR,Number,DIE,Diesel,EE,Estonia,2021,,5242,,,,,
dataflow,ESTAT:ROAD_EQR_CARPDA(1.0),New passenger cars by type of motor energy,A,Annual,NR,Number,DIE,Diesel,EE,Estonia,2022,,4256,,,,,
dataflow,ESTAT:ROAD_EQR_CARPDA(1.0),New passenger cars by type of motor energy,A,Annual,NR,Number,DIE,Diesel,EE,Estonia,2023,,4114,,,,,
dataflow,ESTAT:ROAD_EQR_CARPDA(1.0),New passenger cars by type of motor energy,A,Annual,NR,Number,DIE,Diesel,EE,Estonia,2024,,5879,,,,,
dataflow,ESTAT:ROAD_EQR_CARPDA(1.0),New passenger cars by type of motor energy,A,Annual,NR,Number,DIE,Diesel,EL,Greece,2021,,18717,,e,estimated,,
dataflow,ESTAT:ROAD_EQR_CARPDA(1.0),New passenger cars by type of motor energy,A,Annual,NR,Number,DIE,Diesel,EL,Greece,2022,,18602,,,,,
dataflow,ESTAT:ROAD_EQR_CARPDA(1.0),New passenger cars by type of motor energy,A,Annual,NR,Number,DIE,Diesel,EL,Greece,2023,,19785,,,,,
dataflow,ESTAT:ROAD_EQR_CARPDA(1.0),New passenger cars by type of motor energy,A,Annual,NR,Number,DIE,Diesel,EL,Greece,2024,,12587,,i,value imputed by Eurostat or other receiving agencies,,
dataflow,ESTAT:ROAD_EQR_CARPDA(1.0),New passenger cars by type of motor energy,A,Annual,NR,Number,DIE,Diesel,ES,Spain,2014,,590360,,,,,
dataflow,ESTAT:ROAD_EQR_CARPDA(1.0),New passenger cars by type of motor energy,A,Annual,NR,Number,DIE,Diesel,ES,Spain,2015,,658757,,,,,
dataflow,ESTAT:ROAD_EQR_CARPDA(1.0),New passenger cars by type of motor energy,A,Annual,NR,Number,DIE,Diesel,ES,Spain,2016,,725997,,,,,
dataflow,ESTAT:ROAD_EQR_CARPDA(1.0),New passenger cars by type of motor energy,A,Annual,NR,Number,DIE,Diesel,ES,Spain,2017,,690660,,,,,
dataflow,ESTAT:ROAD_EQR_CARPDA(1.0),New passenger cars by type of motor energy,A,Annual,NR,Number,DIE,Diesel,ES,Spain,2018,,573370,,,,,
dataflow,ESTAT:ROAD_EQR_CARPDA(1.0),New passenger cars by type of motor energy,A,Annual,NR,Number,DIE,Diesel,ES,Spain,2019,,455468,,,,,
dataflow,ESTAT:ROAD_EQR_CARPDA(1.0),New passenger cars by type of motor energy,A,Annual,NR,Number,DIE,Diesel,ES,Spain,2020,,332422,,,,,
dataflow,ESTAT:ROAD_EQR_CARPDA(1.0),New passenger cars by type of motor energy,A,Annual,NR,Number,DIE,Diesel,ES,Spain,2021,,265643,,,,,
dataflow,ESTAT:ROAD_EQR_CARPDA(1.0),New passenger cars by type of motor energy,A,Annual,NR,Number,DIE,Diesel,ES,Spain,2022,,205650,,,,,
dataflow,ESTAT:ROAD_EQR_CARPDA(1.0),New passenger cars by type of motor energy,A,Annual,NR,Number,DIE,Diesel,ES,Spain,2023,,186368,,,,,
dataflow,ESTAT:ROAD_EQR_CARPDA(1.0),New passenger cars by type of motor energy,A,Annual,NR,Number,DIE,Diesel,ES,Spain,2024,,184510,,,,,
dataflow,ESTAT:ROAD_EQR_CARPDA(1.0),New passenger cars by type of motor energy,A,Annual,NR,Number,DIE,Diesel,EU27_2020,European Union - 27 countries (from 2020),2022,,1947531,,,,,
dataflow,ESTAT:ROAD_EQR_CARPDA(1.0),New passenger cars by type of motor energy,A,Annual,NR,Number,DIE,Diesel,EU27_2020,European Union - 27 countries (from 2020),2023,,1956968,,,,,
dataflow,ESTAT:ROAD_EQR_CARPDA(1.0),New passenger cars by type of motor energy,A,Annual,NR,Number,DIE,Diesel,EU27_2020,European Union - 27 countries (from 2020),2024,,1817179,,,,,
dataflow,ESTAT:ROAD_EQR_CARPDA(1.0),New passenger cars by type of motor energy,A,Annual,NR,Number,DIE,Diesel,FI,Finland,2013,,38697,,,,,
dataflow,ESTAT:ROAD_EQR_CARPDA(1.0),New passenger cars by type of motor energy,A,Annual,NR,Number,DIE,Diesel,FI,Finland,2014,,41404,,,,,
dataflow,ESTAT:ROAD_EQR_CARPDA(1.0),New passenger cars by type of motor energy,A,Annual,NR,Number,DIE,Diesel,FI,Finland,2015,,38844,,,,,
dataflow,ESTAT:ROAD_EQR_CARPDA(1.0),New passenger cars by type of motor energy,A,Annual,NR,Number,DIE,Diesel,FI,Finland,2016,,39556,,,,,
dataflow,ESTAT:ROAD_EQR_CARPDA(1.0),New passenger cars by type of motor energy,A,Annual,NR,Number,DIE,Diesel,FI,Finland,2017,,36216,,,,,
dataflow,ESTAT:ROAD_EQR_CARPDA(1.0),New passenger cars by type of motor energy,A,Annual,NR,Number,DIE,Diesel,FI,Finland,2018,,29071,,,,,
dataflow,ESTAT:ROAD_EQR_CARPDA(1.0),New passenger cars by type of motor energy,A,Annual,NR,Number,DIE,Diesel,FI,Finland,2019,,22022,,,,,
dataflow,ESTAT:ROAD_EQR_CARPDA(1.0),New passenger cars by type of motor energy,A,Annual,NR,Number,DIE,Diesel,FI,Finland,2020,,14567,,,,,
dataflow,ESTAT:ROAD_EQR_CARPDA(1.0),New passenger cars by type of motor energy,A,Annual,NR,Number,DIE,Diesel,FI,Finland,2021,,11252,,,,,
dataflow,ESTAT:ROAD_EQR_CARPDA(1.0),New passenger cars by type of motor energy,A,Annual,NR,Number,DIE,Diesel,FI,Finland,2022,,7447,,,,,
dataflow,ESTAT:ROAD_EQR_CARPDA(1.0),New passenger cars by type of motor energy,A,Annual,NR,Number,DIE,Diesel,FI,Finland,2023,,5277,,,,,
dataflow,ESTAT:ROAD_EQR_CARPDA(1.0),New passenger cars by type of motor energy,A,Annual,NR,Number,DIE,Diesel,FI,Finland,2024,,4008,,,,,
dataflow,ESTAT:ROAD_EQR_CARPDA(1.0),New passenger cars by type of motor energy,A,Annual,NR,Number,DIE,Diesel,FR,France,2013,,1182129,,,,,
dataflow,ESTAT:ROAD_EQR_CARPDA(1.0),New passenger cars by type of motor energy,A,Annual,NR,Number,DIE,Diesel,FR,France,2014,,1129453,,,,,
dataflow,ESTAT:ROAD_EQR_CARPDA(1.0),New passenger cars by type of motor energy,A,Annual,NR,Number,DIE,Diesel,FR,France,2015,,1089403,,,,,
dataflow,ESTAT:ROAD_EQR_CARPDA(1.0),New passenger cars by type of motor energy,A,Annual,NR,Number,DIE,Diesel,FR,France,2016,,1032695,,,,,
dataflow,ESTAT:ROAD_EQR_CARPDA(1.0),New passenger cars by type of motor energy,A,Annual,NR,Number,DIE,Diesel,FR,France,2017,,1014418,,,,,
dataflow,ESTAT:ROAD_EQR_CARPDA(1.0),New passenger cars by type of motor energy,A,Annual,NR,Number,DIE,Diesel,FR,France,2018,,859623,,,,,
dataflow,ESTAT:ROAD_EQR_CARPDA(1.0),New passenger cars by type of motor energy,A,Annual,NR,Number,DIE,Diesel,FR,France,2019,,773411,,,,,
dataflow,ESTAT:ROAD_EQR_CARPDA(1.0),New passenger cars by type of motor energy,A,Annual,NR,Number,DIE,Diesel,FR,France,2020,,539142,,,,,
dataflow,ESTAT:ROAD_EQR_CARPDA(1.0),New passenger cars by type of motor energy,A,Annual,NR,Number,DIE,Diesel,FR,France,2021,,399164,,,,,
dataflow,ESTAT:ROAD_EQR_CARPDA(1.0),New passenger cars by type of motor energy,A,Annual,NR,Number,DIE,Diesel,FR,France,2022,,273570,,,,,
dataflow,ESTAT:ROAD_EQR_CARPDA(1.0),New passenger cars by type of motor energy,A,Annual,NR,Number,DIE,Diesel,FR,France,2023,,223258,,i,value imputed by Eurostat or other receiving agencies,,
dataflow,ESTAT:ROAD_EQR_CARPDA(1.0),New passenger cars by type of motor energy,A,Annual,NR,Number,DIE,Diesel,FR,France,2024,,169406,,,,,
dataflow,ESTAT:ROAD_EQR_CARPDA(1.0),New passenger cars by type of motor energy,A,Annual,NR,Number,DIE,Diesel,GE,Georgia,2017,,680,,,,,
dataflow,ESTAT:ROAD_EQR_CARPDA(1.0),New passenger cars by type of motor energy,A,Annual,NR,Number,DIE,Diesel,GE,Georgia,2018,,1242,,,,,
dataflow,ESTAT:ROAD_EQR_CARPDA(1.0),New passenger cars by type of motor energy,A,Annual,NR,Number,DIE,Diesel,GE,Georgia,2019,,994,,,,,
dataflow,ESTAT:ROAD_EQR_CARPDA(1.0),New passenger cars by type of motor energy,A,Annual,NR,Number,DIE,Diesel,GE,Georgia,2020,,994,,,,,
dataflow,ESTAT:ROAD_EQR_CARPDA(1.0),New passenger cars by type of motor energy,A,Annual,NR,Number,DIE,Diesel,GE,Georgia,2021,,1358,,,,,
dataflow,ESTAT:ROAD_EQR_CARPDA(1.0),New passenger cars by type of motor energy,A,Annual,NR,Number,DIE,Diesel,GE,Georgia,2022,,1760,,,,,
dataflow,ESTAT:ROAD_EQR_CARPDA(1.0),New passenger cars by type of motor energy,A,Annual,NR,Number,DIE,Diesel,GE,Georgia,2023,,1514,,,,,
dataflow,ESTAT:ROAD_EQR_CARPDA(1.0),New passenger cars by type of motor energy,A,Annual,NR,Number,DIE,Diesel,GE,Georgia,2024,,2520,,,,,
dataflow,ESTAT:ROAD_EQR_CARPDA(1.0),New passenger cars by type of motor energy,A,Annual,NR,Number,DIE,Diesel,HR,Croatia,2021,,8904,,,,,
dataflow,ESTAT:ROAD_EQR_CARPDA(1.0),New passenger cars by type of motor energy,A,Annual,NR,Number,DIE,Diesel,HR,Croatia,2022,,7788,,,,,
dataflow,ESTAT:ROAD_EQR_CARPDA(1.0),New passenger cars by type of motor energy,A,Annual,NR,Number,DIE,Diesel,HR,Croatia,2023,,9219,,,,,
dataflow,ESTAT:ROAD_EQR_CARPDA(1.0),New passenger cars by type of motor energy,A,Annual,NR,Number,DIE,Diesel,HR,Croatia,2024,,10691,,,,,
dataflow,ESTAT:ROAD_EQR_CARPDA(1.0),New passenger cars by type of motor energy,A,Annual,NR,Number,DIE,Diesel,HU,Hungary,2013,,25769,,,,,
dataflow,ESTAT:ROAD_EQR_CARPDA(1.0),New passenger cars by type of motor energy,A,Annual,NR,Number,DIE,Diesel,HU,Hungary,2014,,30219,,,,,
dataflow,ESTAT:ROAD_EQR_CARPDA(1.0),New passenger cars by type of motor energy,A,Annual,NR,Number,DIE,Diesel,HU,Hungary,2015,,32271,,,,,
dataflow,ESTAT:ROAD_EQR_CARPDA(1.0),New passenger cars by type of motor energy,A,Annual,NR,Number,DIE,Diesel,HU,Hungary,2016,,34700,,,,,
dataflow,ESTAT:ROAD_EQR_CARPDA(1.0),New passenger cars by type of motor energy,A,Annual,NR,Number,DIE,Diesel,HU,Hungary,2017,,37039,,,,,
dataflow,ESTAT:ROAD_EQR_CARPDA(1.0),New passenger cars by type of motor energy,A,Annual,NR,Number,DIE,Diesel,HU,Hungary,2018,,32655,,,,,
dataflow,ESTAT:ROAD_EQR_CARPDA(1.0),New passenger cars by type of motor energy,A,Annual,NR,Number,DIE,Diesel,HU,Hungary,2019,,32299,,,,,
dataflow,ESTAT:ROAD_EQR_CARPDA(1.0),New passenger cars by type of motor energy,A,Annual,NR,Number,DIE,Diesel,HU,Hungary,2020,,31606,,,,,
dataflow,ESTAT:ROAD_EQR_CARPDA(1.0),New passenger cars by type of motor energy,A,Annual,NR,Number,DIE,Diesel,HU,Hungary,2021,,27065,,,,,
dataflow,ESTAT:ROAD_EQR_CARPDA(1.0),New passenger cars by type of motor energy,A,Annual,NR,Number,DIE,Diesel,HU,Hungary,2022,,20567,,,,,
dataflow,ESTAT:ROAD_EQR_CARPDA(1.0),New passenger cars by type of motor energy,A,Annual,NR,Number,DIE,Diesel,HU,Hungary,2023,,19836,,,,,
dataflow,ESTAT:ROAD_EQR_CARPDA(1.0),New passenger cars by type of motor energy,A,Annual,NR,Number,DIE,Diesel,HU,Hungary,2024,,22889,,i,value imputed by Eurostat or other receiving agencies,,
dataflow,ESTAT:ROAD_EQR_CARPDA(1.0),New passenger cars by type of motor energy,A,Annual,NR,Number,DIE,Diesel,IE,Ireland,2013,,54428,,,,,
dataflow,ESTAT:ROAD_EQR_CARPDA(1.0),New passenger cars by type of motor energy,A,Annual,NR,Number,DIE,Diesel,IE,Ireland,2014,,61917,,,,,
dataflow,ESTAT:ROAD_EQR_CARPDA(1.0),New passenger cars by type of motor energy,A,Annual,NR,Number,DIE,Diesel,IE,Ireland,2015,,92436,,,,,
dataflow,ESTAT:ROAD_EQR_CARPDA(1.0),New passenger cars by type of motor energy,A,Annual,NR,Number,DIE,Diesel,IE,Ireland,2016,,105257,,,,,
dataflow,ESTAT:ROAD_EQR_CARPDA(1.0),New passenger cars by type of motor energy,A,Annual,NR,Number,DIE,Diesel,IE,Ireland,2017,,87644,,,,,
dataflow,ESTAT:ROAD_EQR_CARPDA(1.0),New passenger cars by type of motor energy,A,Annual,NR,Number,DIE,Diesel,IE,Ireland,2018,,70743,,,,,
dataflow,ESTAT:ROAD_EQR_CARPDA(1.0),New passenger cars by type of motor energy,A,Annual,NR,Number,DIE,Diesel,IE,Ireland,2019,,59884,,,,,
dataflow,ESTAT:ROAD_EQR_CARPDA(1.0),New passenger cars by type of motor energy,A,Annual,NR,Number,DIE,Diesel,IE,Ireland,2020,,41688,,,,,
dataflow,ESTAT:ROAD_EQR_CARPDA(1.0),New passenger cars by type of motor energy,A,Annual,NR,Number,DIE,Diesel,IE,Ireland,2021,,40292,,,,,
dataflow,ESTAT:ROAD_EQR_CARPDA(1.0),New passenger cars by type of motor energy,A,Annual,NR,Number,DIE,Diesel,IE,Ireland,2022,,31336,,,,,
dataflow,ESTAT:ROAD_EQR_CARPDA(1.0),New passenger cars by type of motor energy,A,Annual,NR,Number,DIE,Diesel,IE,Ireland,2023,,32255,,,,,
dataflow,ESTAT:ROAD_EQR_CARPDA(1.0),New passenger cars by type of motor energy,A,Annual,NR,Number,DIE,Diesel,IE,Ireland,2024,,31272,,i,value imputed by Eurostat or other receiving agencies,,
dataflow,ESTAT:ROAD_EQR_CARPDA(1.0),New passenger cars by type of motor energy,A,Annual,NR,Number,DIE,Diesel,IS,Iceland,2017,,11091,,,,,
dataflow,ESTAT:ROAD_EQR_CARPDA(1.0),New passenger cars by type of motor energy,A,Annual,NR,Number,DIE,Diesel,IS,Iceland,2018,,8219,,,,,
dataflow,ESTAT:ROAD_EQR_CARPDA(1.0),New passenger cars by type of motor energy,A,Annual,NR,Number,DIE,Diesel,IS,Iceland,2019,,4253,,,,,
dataflow,ESTAT:ROAD_EQR_CARPDA(1.0),New passenger cars by type of motor energy,A,Annual,NR,Number,DIE,Diesel,IS,Iceland,2020,,2327,,,,,
dataflow,ESTAT:ROAD_EQR_CARPDA(1.0),New passenger cars by type of motor energy,A,Annual,NR,Number,DIE,Diesel,IS,Iceland,2021,,2584,,,,,
dataflow,ESTAT:ROAD_EQR_CARPDA(1.0),New passenger cars by type of motor energy,A,Annual,NR,Number,DIE,Diesel,IS,Iceland,2022,,3107,,i,value imputed by Eurostat or other receiving agencies,,
dataflow,ESTAT:ROAD_EQR_CARPDA(1.0),New passenger cars by type of motor energy,A,Annual,NR,Number,DIE,Diesel,IS,Iceland,2023,,3039,,i,value imputed by Eurostat or other receiving agencies,,
dataflow,ESTAT:ROAD_EQR_CARPDA(1.0),New passenger cars by type of motor energy,A,Annual,NR,Number,DIE,Diesel,IS,Iceland,2024,,2750,,i,value imputed by Eurostat or other receiving agencies,,
dataflow,ESTAT:ROAD_EQR_CARPDA(1.0),New passenger cars by type of motor energy,A,Annual,NR,Number,DIE,Diesel,IT,Italy,2013,,707641,,,,,
dataflow,ESTAT:ROAD_EQR_CARPDA(1.0),New passenger cars by type of motor energy,A,Annual,NR,Number,DIE,Diesel,IT,Italy,2014,,757895,,,,,
dataflow,ESTAT:ROAD_EQR_CARPDA(1.0),New passenger cars by type of motor energy,A,Annual,NR,Number,DIE,Diesel,IT,Italy,2015,,887074,,,,,
dataflow,ESTAT:ROAD_EQR_CARPDA(1.0),New passenger cars by type of motor energy,A,Annual,NR,Number,DIE,Diesel,IT,Italy,2016,,1058886,,,,,
dataflow,ESTAT:ROAD_EQR_CARPDA(1.0),New passenger cars by type of motor energy,A,Annual,NR,Number,DIE,Diesel,IT,Italy,2017,,1130434,,,,,
dataflow,ESTAT:ROAD_EQR_CARPDA(1.0),New passenger cars by type of motor energy,A,Annual,NR,Number,DIE,Diesel,IT,Italy,2018,,1000494,,,,,
dataflow,ESTAT:ROAD_EQR_CARPDA(1.0),New passenger cars by type of motor energy,A,Annual,NR,Number,DIE,Diesel,IT,Italy,2019,,793367,,,,,
dataflow,ESTAT:ROAD_EQR_CARPDA(1.0),New passenger cars by type of motor energy,A,Annual,NR,Number,DIE,Diesel,IT,Italy,2020,,505406,,,,,
dataflow,ESTAT:ROAD_EQR_CARPDA(1.0),New passenger cars by type of motor energy,A,Annual,NR,Number,DIE,Diesel,IT,Italy,2021,,403271,,,,,
dataflow,ESTAT:ROAD_EQR_CARPDA(1.0),New passenger cars by type of motor energy,A,Annual,NR,Number,DIE,Diesel,IT,Italy,2022,,323829,,,,,
dataflow,ESTAT:ROAD_EQR_CARPDA(1.0),New passenger cars by type of motor energy,A,Annual,NR,Number,DIE,Diesel,IT,Italy,2023,,357239,,,,,
dataflow,ESTAT:ROAD_EQR_CARPDA(1.0),New passenger cars by type of motor energy,A,Annual,NR,Number,DIE,Diesel,IT,Italy,2024,,305596,,i,value imputed by Eurostat or other receiving agencies,,
dataflow,ESTAT:ROAD_EQR_CARPDA(1.0),New passenger cars by type of motor energy,A,Annual,NR,Number,DIE,Diesel,LI,Liechtenstein,2013,,858,,,,,
dataflow,ESTAT:ROAD_EQR_CARPDA(1.0),New passenger cars by type of motor energy,A,Annual,NR,Number,DIE,Diesel,LI,Liechtenstein,2014,,800,,,,,
dataflow,ESTAT:ROAD_EQR_CARPDA(1.0),New passenger cars by type of motor energy,A,Annual,NR,Number,DIE,Diesel,LI,Liechtenstein,2015,,937,,,,,
dataflow,ESTAT:ROAD_EQR_CARPDA(1.0),New passenger cars by type of motor energy,A,Annual,NR,Number,DIE,Diesel,LI,Liechtenstein,2016,,985,,,,,
dataflow,ESTAT:ROAD_EQR_CARPDA(1.0),New passenger cars by type of motor energy,A,Annual,NR,Number,DIE,Diesel,LI,Liechtenstein,2017,,849,,,,,
dataflow,ESTAT:ROAD_EQR_CARPDA(1.0),New passenger cars by type of motor energy,A,Annual,NR,Number,DIE,Diesel,LI,Liechtenstein,2018,,644,,,,,
dataflow,ESTAT:ROAD_EQR_CARPDA(1.0),New passenger cars by type of motor energy,A,Annual,NR,Number,DIE,Diesel,LI,Liechtenstein,2019,,663,,,,,
dataflow,ESTAT:ROAD_EQR_CARPDA(1.0),New passenger cars by type of motor energy,A,Annual,NR,Number,DIE,Diesel,LI,Liechtenstein,2020,,422,,,,,
dataflow,ESTAT:ROAD_EQR_CARPDA(1.0),New passenger cars by type of motor energy,A,Annual,NR,Number,DIE,Diesel,LI,Liechtenstein,2021,,355,,,,,
dataflow,ESTAT:ROAD_EQR_CARPDA(1.0),New passenger cars by type of motor energy,A,Annual,NR,Number,DIE,Diesel,LI,Liechtenstein,2022,,315,,,,,
dataflow,ESTAT:ROAD_EQR_CARPDA(1.0),New passenger cars by type of motor energy,A,Annual,NR,Number,DIE,Diesel,LI,Liechtenstein,2023,,294,,,,,
dataflow,ESTAT:ROAD_EQR_CARPDA(1.0),New passenger cars by type of motor energy,A,Annual,NR,Number,DIE,Diesel,LI,Liechtenstein,2024,,299,,,,,
dataflow,ESTAT:ROAD_EQR_CARPDA(1.0),New passenger cars by type of motor energy,A,Annual,NR,Number,DIE,Diesel,LT,Lithuania,2013,,7019,,,,,
dataflow,ESTAT:ROAD_EQR_CARPDA(1.0),New passenger cars by type of motor energy,A,Annual,NR,Number,DIE,Diesel,LT,Lithuania,2014,,6879,,,,,
dataflow,ESTAT:ROAD_EQR_CARPDA(1.0),New passenger cars by type of motor energy,A,Annual,NR,Number,DIE,Diesel,LT,Lithuania,2015,,7690,,,,,
dataflow,ESTAT:ROAD_EQR_CARPDA(1.0),New passenger cars by type of motor energy,A,Annual,NR,Number,DIE,Diesel,LT,Lithuania,2016,,7587,,,,,
dataflow,ESTAT:ROAD_EQR_CARPDA(1.0),New passenger cars by type of motor energy,A,Annual,NR,Number,DIE,Diesel,LT,Lithuania,2017,,7865,,,,,
dataflow,ESTAT:ROAD_EQR_CARPDA(1.0),New passenger cars by type of motor energy,A,Annual,NR,Number,DIE,Diesel,LT,Lithuania,2018,,7210,,,,,
dataflow,ESTAT:ROAD_EQR_CARPDA(1.0),New passenger cars by type of motor energy,A,Annual,NR,Number,DIE,Diesel,LT,Lithuania,2019,,7262,,,,,
dataflow,ESTAT:ROAD_EQR_CARPDA(1.0),New passenger cars by type of motor energy,A,Annual,NR,Number,DIE,Diesel,LT,Lithuania,2020,,7042,,,,,
dataflow,ESTAT:ROAD_EQR_CARPDA(1.0),New passenger cars by type of motor energy,A,Annual,NR,Number,DIE,Diesel,LT,Lithuania,2021,,4706,,,,,
dataflow,ESTAT:ROAD_EQR_CARPDA(1.0),New passenger cars by type of motor energy,A,Annual,NR,Number,DIE,Diesel,LT,Lithuania,2022,,3183,,,,,
dataflow,ESTAT:ROAD_EQR_CARPDA(1.0),New passenger cars by type of motor energy,A,Annual,NR,Number,DIE,Diesel,LT,Lithuania,2023,,3684,,,,,
dataflow,ESTAT:ROAD_EQR_CARPDA(1.0),New passenger cars by type of motor energy,A,Annual,NR,Number,DIE,Diesel,LT,Lithuania,2024,,5473,,,,,
dataflow,ESTAT:ROAD_EQR_CARPDA(1.0),New passenger cars by type of motor energy,A,Annual,NR,Number,DIE,Diesel,LU,Luxembourg,2013,,34299,,,,,
dataflow,ESTAT:ROAD_EQR_CARPDA(1.0),New passenger cars by type of motor energy,A,Annual,NR,Number,DIE,Diesel,LU,Luxembourg,2014,,35889,,,,,
dataflow,ESTAT:ROAD_EQR_CARPDA(1.0),New passenger cars by type of motor energy,A,Annual,NR,Number,DIE,Diesel,LU,Luxembourg,2015,,32934,,,,,
dataflow,ESTAT:ROAD_EQR_CARPDA(1.0),New passenger cars by type of motor energy,A,Annual,NR,Number,DIE,Diesel,LU,Luxembourg,2016,,32780,,,,,
dataflow,ESTAT:ROAD_EQR_CARPDA(1.0),New passenger cars by type of motor energy,A,Annual,NR,Number,DIE,Diesel,LU,Luxembourg,2017,,28488,,,,,
dataflow,ESTAT:ROAD_EQR_CARPDA(1.0),New passenger cars by type of motor energy,A,Annual,NR,Number,DIE,Diesel,LU,Luxembourg,2018,,24915,,,,,
dataflow,ESTAT:ROAD_EQR_CARPDA(1.0),New passenger cars by type of motor energy,A,Annual,NR,Number,DIE,Diesel,LU,Luxembourg,2019,,23897,,,,,
dataflow,ESTAT:ROAD_EQR_CARPDA(1.0),New passenger cars by type of motor energy,A,Annual,NR,Number,DIE,Diesel,LU,Luxembourg,2020,,18151,,,,,
dataflow,ESTAT:ROAD_EQR_CARPDA(1.0),New passenger cars by type of motor energy,A,Annual,NR,Number,DIE,Diesel,LU,Luxembourg,2021,,14569,,,,,
dataflow,ESTAT:ROAD_EQR_CARPDA(1.0),New passenger cars by type of motor energy,A,Annual,NR,Number,DIE,Diesel,LU,Luxembourg,2022,,12338,,,,,
dataflow,ESTAT:ROAD_EQR_CARPDA(1.0),New passenger cars by type of motor energy,A,Annual,NR,Number,DIE,Diesel,LU,Luxembourg,2023,,10265,,,,,
dataflow,ESTAT:ROAD_EQR_CARPDA(1.0),New passenger cars by type of motor energy,A,Annual,NR,Number,DIE,Diesel,LU,Luxembourg,2024,,8085,,,,,
dataflow,ESTAT:ROAD_EQR_CARPDA(1.0),New passenger cars by type of motor energy,A,Annual,NR,Number,DIE,Diesel,LV,Latvia,2014,,7029,,,,,
dataflow,ESTAT:ROAD_EQR_CARPDA(1.0),New passenger cars by type of motor energy,A,Annual,NR,Number,DIE,Diesel,LV,Latvia,2015,,6923,,,,,
dataflow,ESTAT:ROAD_EQR_CARPDA(1.0),New passenger cars by type of motor energy,A,Annual,NR,Number,DIE,Diesel,LV,Latvia,2016,,7287,,,,,
dataflow,ESTAT:ROAD_EQR_CARPDA(1.0),New passenger cars by type of motor energy,A,Annual,NR,Number,DIE,Diesel,LV,Latvia,2017,,7446,,,,,
dataflow,ESTAT:ROAD_EQR_CARPDA(1.0),New passenger cars by type of motor energy,A,Annual,NR,Number,DIE,Diesel,LV,Latvia,2018,,6807,,,,,
dataflow,ESTAT:ROAD_EQR_CARPDA(1.0),New passenger cars by type of motor energy,A,Annual,NR,Number,DIE,Diesel,LV,Latvia,2019,,6893,,,,,
dataflow,ESTAT:ROAD_EQR_CARPDA(1.0),New passenger cars by type of motor energy,A,Annual,NR,Number,DIE,Diesel,LV,Latvia,2020,,4870,,,,,
dataflow,ESTAT:ROAD_EQR_CARPDA(1.0),New passenger cars by type of motor energy,A,Annual,NR,Number,DIE,Diesel,LV,Latvia,2021,,3923,,,,,
dataflow,ESTAT:ROAD_EQR_CARPDA(1.0),New passenger cars by type of motor energy,A,Annual,NR,Number,DIE,Diesel,LV,Latvia,2022,,3445,,,,,
dataflow,ESTAT:ROAD_EQR_CARPDA(1.0),New passenger cars by type of motor energy,A,Annual,NR,Number,DIE,Diesel,LV,Latvia,2023,,3729,,,,,
dataflow,ESTAT:ROAD_EQR_CARPDA(1.0),New passenger cars by type of motor energy,A,Annual,NR,Number,DIE,Diesel,LV,Latvia,2024,,3720,,,,,
dataflow,ESTAT:ROAD_EQR_CARPDA(1.0),New passenger cars by type of motor energy,A,Annual,NR,Number,DIE,Diesel,MD,Moldova,2013,,12453,,,,,
dataflow,ESTAT:ROAD_EQR_CARPDA(1.0),New passenger cars by type of motor energy,A,Annual,NR,Number,DIE,Diesel,MD,Moldova,2014,,12611,,,,,
dataflow,ESTAT:ROAD_EQR_CARPDA(1.0),New passenger cars by type of motor energy,A,Annual,NR,Number,DIE,Diesel,MD,Moldova,2015,,8407,,,,,
dataflow,ESTAT:ROAD_EQR_CARPDA(1.0),New passenger cars by type of motor energy,A,Annual,NR,Number,DIE,Diesel,MD,Moldova,2016,,7908,,,,,
dataflow,ESTAT:ROAD_EQR_CARPDA(1.0),New passenger cars by type of motor energy,A,Annual,NR,Number,DIE,Diesel,MD,Moldova,2017,,24132,,,,,
dataflow,ESTAT:ROAD_EQR_CARPDA(1.0),New passenger cars by type of motor energy,A,Annual,NR,Number,DIE,Diesel,MD,Moldova,2018,,13821,,,,,
dataflow,ESTAT:ROAD_EQR_CARPDA(1.0),New passenger cars by type of motor energy,A,Annual,NR,Number,DIE,Diesel,MD,Moldova,2019,,17550,,,,,
dataflow,ESTAT:ROAD_EQR_CARPDA(1.0),New passenger cars by type of motor energy,A,Annual,NR,Number,DIE,Diesel,MD,Moldova,2020,,17019,,,,,
dataflow,ESTAT:ROAD_EQR_CARPDA(1.0),New passenger cars by type of motor energy,A,Annual,NR,Number,DIE,Diesel,MD,Moldova,2021,,21624,,,,,
dataflow,ESTAT:ROAD_EQR_CARPDA(1.0),New passenger cars by type of motor energy,A,Annual,NR,Number,DIE,Diesel,MD,Moldova,2022,,16781,,,,,
dataflow,ESTAT:ROAD_EQR_CARPDA(1.0),New passenger cars by type of motor energy,A,Annual,NR,Number,DIE,Diesel,MD,Moldova,2023,,26266,,,,,
dataflow,ESTAT:ROAD_EQR_CARPDA(1.0),New passenger cars by type of motor energy,A,Annual,NR,Number,DIE,Diesel,MD,Moldova,2024,,25755,,,,,
dataflow,ESTAT:ROAD_EQR_CARPDA(1.0),New passenger cars by type of motor energy,A,Annual,NR,Number,DIE,Diesel,ME,Montenegro,2016,,1288,,,,,
dataflow,ESTAT:ROAD_EQR_CARPDA(1.0),New passenger cars by type of motor energy,A,Annual,NR,Number,DIE,Diesel,ME,Montenegro,2017,,1662,,,,,
dataflow,ESTAT:ROAD_EQR_CARPDA(1.0),New passenger cars by type of motor energy,A,Annual,NR,Number,DIE,Diesel,ME,Montenegro,2018,,1599,,,,,
dataflow,ESTAT:ROAD_EQR_CARPDA(1.0),New passenger cars by type of motor energy,A,Annual,NR,Number,DIE,Diesel,ME,Montenegro,2019,,1164,,,,,
dataflow,ESTAT:ROAD_EQR_CARPDA(1.0),New passenger cars by type of motor energy,A,Annual,NR,Number,DIE,Diesel,ME,Montenegro,2020,,500,,,,,
dataflow,ESTAT:ROAD_EQR_CARPDA(1.0),New passenger cars by type of motor energy,A,Annual,NR,Number,DIE,Diesel,ME,Montenegro,2021,,1181,,,,,
dataflow,ESTAT:ROAD_EQR_CARPDA(1.0),New passenger cars by type of motor energy,A,Annual,NR,Number,DIE,Diesel,ME,Montenegro,2022,,699,,,,,
dataflow,ESTAT:ROAD_EQR_CARPDA(1.0),New passenger cars by type of motor energy,A,Annual,NR,Number,DIE,Diesel,MT,Malta,2015,,2712,,,,,
dataflow,ESTAT:ROAD_EQR_CARPDA(1.0),New passenger cars by type of motor energy,A,Annual,NR,Number,DIE,Diesel,MT,Malta,2016,,2603,,,,,
dataflow,ESTAT:ROAD_EQR_CARPDA(1.0),New passenger cars by type of motor energy,A,Annual,NR,Number,DIE,Diesel,MT,Malta,2017,,2616,,,,,
dataflow,ESTAT:ROAD_EQR_CARPDA(1.0),New passenger cars by type of motor energy,A,Annual,NR,Number,DIE,Diesel,MT,Malta,2018,,2412,,,,,
dataflow,ESTAT:ROAD_EQR_CARPDA(1.0),New passenger cars by type of motor energy,A,Annual,NR,Number,DIE,Diesel,MT,Malta,2019,,2088,,,,,
dataflow,ESTAT:ROAD_EQR_CARPDA(1.0),New passenger cars by type of motor energy,A,Annual,NR,Number,DIE,Diesel,MT,Malta,2020,,1062,,,,,
dataflow,ESTAT:ROAD_EQR_CARPDA(1.0),New passenger cars by type of motor energy,A,Annual,NR,Number,DIE,Diesel,MT,Malta,2021,,595,,,,,
dataflow,ESTAT:ROAD_EQR_CARPDA(1.0),New passenger cars by type of motor energy,A,Annual,NR,Number,DIE,Diesel,MT,Malta,2022,,497,,,,,
dataflow,ESTAT:ROAD_EQR_CARPDA(1.0),New passenger cars by type of motor energy,A,Annual,NR,Number,DIE,Diesel,MT,Malta,2023,,724,,,,,
dataflow,ESTAT:ROAD_EQR_CARPDA(1.0),New passenger cars by type of motor energy,A,Annual,NR,Number,DIE,Diesel,MT,Malta,2024,,387,,,,,
dataflow,ESTAT:ROAD_EQR_CARPDA(1.0),New passenger cars by type of motor energy,A,Annual,NR,Number,DIE,Diesel,NL,Netherlands,2013,,103557,,,,,
dataflow,ESTAT:ROAD_EQR_CARPDA(1.0),New passenger cars by type of motor energy,A,Annual,NR,Number,DIE,Diesel,NL,Netherlands,2014,,105014,,,,,
dataflow,ESTAT:ROAD_EQR_CARPDA(1.0),New passenger cars by type of motor energy,A,Annual,NR,Number,DIE,Diesel,NL,Netherlands,2015,,129768,,,,,
dataflow,ESTAT:ROAD_EQR_CARPDA(1.0),New passenger cars by type of motor energy,A,Annual,NR,Number,DIE,Diesel,NL,Netherlands,2016,,72355,,,,,
dataflow,ESTAT:ROAD_EQR_CARPDA(1.0),New passenger cars by type of motor energy,A,Annual,NR,Number,DIE,Diesel,NL,Netherlands,2017,,72265,,,,,
dataflow,ESTAT:ROAD_EQR_CARPDA(1.0),New passenger cars by type of motor energy,A,Annual,NR,Number,DIE,Diesel,NL,Netherlands,2018,,56996,,,,,
dataflow,ESTAT:ROAD_EQR_CARPDA(1.0),New passenger cars by type of motor energy,A,Annual,NR,Number,DIE,Diesel,NL,Netherlands,2019,,32685,,,,,
dataflow,ESTAT:ROAD_EQR_CARPDA(1.0),New passenger cars by type of motor energy,A,Annual,NR,Number,DIE,Diesel,NL,Netherlands,2020,,12963,,,,,
dataflow,ESTAT:ROAD_EQR_CARPDA(1.0),New passenger cars by type of motor energy,A,Annual,NR,Number,DIE,Diesel,NL,Netherlands,2021,,6920,,,,,
dataflow,ESTAT:ROAD_EQR_CARPDA(1.0),New passenger cars by type of motor energy,A,Annual,NR,Number,DIE,Diesel,NL,Netherlands,2022,,4638,,,,,
dataflow,ESTAT:ROAD_EQR_CARPDA(1.0),New passenger cars by type of motor energy,A,Annual,NR,Number,DIE,Diesel,NL,Netherlands,2023,,3966,,,,,
dataflow,ESTAT:ROAD_EQR_CARPDA(1.0),New passenger cars by type of motor energy,A,Annual,NR,Number,DIE,Diesel,NL,Netherlands,2024,,3765,,,,,
dataflow,ESTAT:ROAD_EQR_CARPDA(1.0),New passenger cars by type of motor energy,A,Annual,NR,Number,DIE,Diesel,NO,Norway,2013,,83067,,,,,
dataflow,ESTAT:ROAD_EQR_CARPDA(1.0),New passenger cars by type of motor energy,A,Annual,NR,Number,DIE,Diesel,NO,Norway,2014,,76478,,,,,
dataflow,ESTAT:ROAD_EQR_CARPDA(1.0),New passenger cars by type of motor energy,A,Annual,NR,Number,DIE,Diesel,NO,Norway,2015,,76985,,,,,
dataflow,ESTAT:ROAD_EQR_CARPDA(1.0),New passenger cars by type of motor energy,A,Annual,NR,Number,DIE,Diesel,NO,Norway,2016,,53516,,,,,
dataflow,ESTAT:ROAD_EQR_CARPDA(1.0),New passenger cars by type of motor energy,A,Annual,NR,Number,DIE,Diesel,NO,Norway,2017,,44498,,,,,
dataflow,ESTAT:ROAD_EQR_CARPDA(1.0),New passenger cars by type of motor energy,A,Annual,NR,Number,DIE,Diesel,NO,Norway,2018,,34305,,,,,
dataflow,ESTAT:ROAD_EQR_CARPDA(1.0),New passenger cars by type of motor energy,A,Annual,NR,Number,DIE,Diesel,NO,Norway,2019,,28398,,,,,
dataflow,ESTAT:ROAD_EQR_CARPDA(1.0),New passenger cars by type of motor energy,A,Annual,NR,Number,DIE,Diesel,NO,Norway,2020,,19709,,,,,
dataflow,ESTAT:ROAD_EQR_CARPDA(1.0),New passenger cars by type of motor energy,A,Annual,NR,Number,DIE,Diesel,NO,Norway,2021,,11972,,,,,
dataflow,ESTAT:ROAD_EQR_CARPDA(1.0),New passenger cars by type of motor energy,A,Annual,NR,Number,DIE,Diesel,NO,Norway,2022,,8148,,,,,
dataflow,ESTAT:ROAD_EQR_CARPDA(1.0),New passenger cars by type of motor energy,A,Annual,NR,Number,DIE,Diesel,NO,Norway,2023,,4936,,,,,
dataflow,ESTAT:ROAD_EQR_CARPDA(1.0),New passenger cars by type of motor energy,A,Annual,NR,Number,DIE,Diesel,NO,Norway,2024,,4477,,,,,
dataflow,ESTAT:ROAD_EQR_CARPDA(1.0),New passenger cars by type of motor energy,A,Annual,NR,Number,DIE,Diesel,PL,Poland,2013,,102495,,b,break in time series,,
dataflow,ESTAT:ROAD_EQR_CARPDA(1.0),New passenger cars by type of motor energy,A,Annual,NR,Number,DIE,Diesel,PL,Poland,2014,,121588,,i,value imputed by Eurostat or other receiving agencies,,
dataflow,ESTAT:ROAD_EQR_CARPDA(1.0),New passenger cars by type of motor energy,A,Annual,NR,Number,DIE,Diesel,PL,Poland,2015,,120373,,i,value imputed by Eurostat or other receiving agencies,,
dataflow,ESTAT:ROAD_EQR_CARPDA(1.0),New passenger cars by type of motor energy,A,Annual,NR,Number,DIE,Diesel,PL,Poland,2016,,134037,,i,value imputed by Eurostat or other receiving agencies,,
dataflow,ESTAT:ROAD_EQR_CARPDA(1.0),New passenger cars by type of motor energy,A,Annual,NR,Number,DIE,Diesel,PL,Poland,2017,,139474,,i,value imputed by Eurostat or other receiving agencies,,
dataflow,ESTAT:ROAD_EQR_CARPDA(1.0),New passenger cars by type of motor energy,A,Annual,NR,Number,DIE,Diesel,PL,Poland,2018,,136952,,i,value imputed by Eurostat or other receiving agencies,,
dataflow,ESTAT:ROAD_EQR_CARPDA(1.0),New passenger cars by type of motor energy,A,Annual,NR,Number,DIE,Diesel,PL,Poland,2019,,121385,,i,value imputed by Eurostat or other receiving agencies,,
dataflow,ESTAT:ROAD_EQR_CARPDA(1.0),New passenger cars by type of motor energy,A,Annual,NR,Number,DIE,Diesel,PL,Poland,2020,,94592,,i,value imputed by Eurostat or other receiving agencies,,
dataflow,ESTAT:ROAD_EQR_CARPDA(1.0),New passenger cars by type of motor energy,A,Annual,NR,Number,DIE,Diesel,PL,Poland,2021,,86455,,i,value imputed by Eurostat or other receiving agencies,,
dataflow,ESTAT:ROAD_EQR_CARPDA(1.0),New passenger cars by type of motor energy,A,Annual,NR,Number,DIE,Diesel,PL,Poland,2022,,73990,,i,value imputed by Eurostat or other receiving agencies,,
dataflow,ESTAT:ROAD_EQR_CARPDA(1.0),New passenger cars by type of motor energy,A,Annual,NR,Number,DIE,Diesel,PL,Poland,2023,,83234,,i,value imputed by Eurostat or other receiving agencies,,
dataflow,ESTAT:ROAD_EQR_CARPDA(1.0),New passenger cars by type of motor energy,A,Annual,NR,Number,DIE,Diesel,PL,Poland,2024,,99258,,i,value imputed by Eurostat or other receiving agencies,,
dataflow,ESTAT:ROAD_EQR_CARPDA(1.0),New passenger cars by type of motor energy,A,Annual,NR,Number,DIE,Diesel,PT,Portugal,2017,,139241,,,,,
dataflow,ESTAT:ROAD_EQR_CARPDA(1.0),New passenger cars by type of motor energy,A,Annual,NR,Number,DIE,Diesel,PT,Portugal,2018,,124059,,,,,
dataflow,ESTAT:ROAD_EQR_CARPDA(1.0),New passenger cars by type of motor energy,A,Annual,NR,Number,DIE,Diesel,PT,Portugal,2019,,91437,,,,,
dataflow,ESTAT:ROAD_EQR_CARPDA(1.0),New passenger cars by type of motor energy,A,Annual,NR,Number,DIE,Diesel,PT,Portugal,2020,,51887,,,,,
dataflow,ESTAT:ROAD_EQR_CARPDA(1.0),New passenger cars by type of motor energy,A,Annual,NR,Number,DIE,Diesel,PT,Portugal,2021,,38051,,,,,
dataflow,ESTAT:ROAD_EQR_CARPDA(1.0),New passenger cars by type of motor energy,A,Annual,NR,Number,DIE,Diesel,PT,Portugal,2022,,33362,,,,,
dataflow,ESTAT:ROAD_EQR_CARPDA(1.0),New passenger cars by type of motor energy,A,Annual,NR,Number,DIE,Diesel,PT,Portugal,2023,,29010,,,,,
dataflow,ESTAT:ROAD_EQR_CARPDA(1.0),New passenger cars by type of motor energy,A,Annual,NR,Number,DIE,Diesel,PT,Portugal,2024,,23998,,p,provisional,,
dataflow,ESTAT:ROAD_EQR_CARPDA(1.0),New passenger cars by type of motor energy,A,Annual,NR,Number,DIE,Diesel,RO,Romania,2013,,31501,,,,,
dataflow,ESTAT:ROAD_EQR_CARPDA(1.0),New passenger cars by type of motor energy,A,Annual,NR,Number,DIE,Diesel,RO,Romania,2014,,39797,,,,,
dataflow,ESTAT:ROAD_EQR_CARPDA(1.0),New passenger cars by type of motor energy,A,Annual,NR,Number,DIE,Diesel,RO,Romania,2015,,44904,,,,,
dataflow,ESTAT:ROAD_EQR_CARPDA(1.0),New passenger cars by type of motor energy,A,Annual,NR,Number,DIE,Diesel,RO,Romania,2016,,48696,,,,,
dataflow,ESTAT:ROAD_EQR_CARPDA(1.0),New passenger cars by type of motor energy,A,Annual,NR,Number,DIE,Diesel,RO,Romania,2017,,54178,,,,,
dataflow,ESTAT:ROAD_EQR_CARPDA(1.0),New passenger cars by type of motor energy,A,Annual,NR,Number,DIE,Diesel,RO,Romania,2018,,53371,,,,,
dataflow,ESTAT:ROAD_EQR_CARPDA(1.0),New passenger cars by type of motor energy,A,Annual,NR,Number,DIE,Diesel,RO,Romania,2019,,44078,,,,,
dataflow,ESTAT:ROAD_EQR_CARPDA(1.0),New passenger cars by type of motor energy,A,Annual,NR,Number,DIE,Diesel,RO,Romania,2020,,34963,,,,,
dataflow,ESTAT:ROAD_EQR_CARPDA(1.0),New passenger cars by type of motor energy,A,Annual,NR,Number,DIE,Diesel,RO,Romania,2021,,24057,,,,,
dataflow,ESTAT:ROAD_EQR_CARPDA(1.0),New passenger cars by type of motor energy,A,Annual,NR,Number,DIE,Diesel,RO,Romania,2022,,19178,,,,,
dataflow,ESTAT:ROAD_EQR_CARPDA(1.0),New passenger cars by type of motor energy,A,Annual,NR,Number,DIE,Diesel,RO,Romania,2023,,20455,,,,,
dataflow,ESTAT:ROAD_EQR_CARPDA(1.0),New passenger cars by type of motor energy,A,Annual,NR,Number,DIE,Diesel,RO,Romania,2024,,22796,,,,,
dataflow,ESTAT:ROAD_EQR_CARPDA(1.0),New passenger cars by type of motor energy,A,Annual,NR,Number,DIE,Diesel,RS,Serbia,2019,,20403,,,,,
dataflow,ESTAT:ROAD_EQR_CARPDA(1.0),New passenger cars by type of motor energy,A,Annual,NR,Number,DIE,Diesel,RS,Serbia,2020,,16454,,,,,
dataflow,ESTAT:ROAD_EQR_CARPDA(1.0),New passenger cars by type of motor energy,A,Annual,NR,Number,DIE,Diesel,RS,Serbia,2021,,12341,,,,,
dataflow,ESTAT:ROAD_EQR_CARPDA(1.0),New passenger cars by type of motor energy,A,Annual,NR,Number,DIE,Diesel,RS,Serbia,2022,,11738,,,,,
dataflow,ESTAT:ROAD_EQR_CARPDA(1.0),New passenger cars by type of motor energy,A,Annual,NR,Number,DIE,Diesel,RS,Serbia,2023,,12486,,,,,
dataflow,ESTAT:ROAD_EQR_CARPDA(1.0),New passenger cars by type of motor energy,A,Annual,NR,Number,DIE,Diesel,RS,Serbia,2024,,13818,,,,,
dataflow,ESTAT:ROAD_EQR_CARPDA(1.0),New passenger cars by type of motor energy,A,Annual,NR,Number,DIE,Diesel,SE,Sweden,2013,,176485,,,,,
dataflow,ESTAT:ROAD_EQR_CARPDA(1.0),New passenger cars by type of motor energy,A,Annual,NR,Number,DIE,Diesel,SE,Sweden,2014,,188998,,,,,
dataflow,ESTAT:ROAD_EQR_CARPDA(1.0),New passenger cars by type of motor energy,A,Annual,NR,Number,DIE,Diesel,SE,Sweden,2015,,207091,,,,,
dataflow,ESTAT:ROAD_EQR_CARPDA(1.0),New passenger cars by type of motor energy,A,Annual,NR,Number,DIE,Diesel,SE,Sweden,2016,,202383,,,,,
dataflow,ESTAT:ROAD_EQR_CARPDA(1.0),New passenger cars by type of motor energy,A,Annual,NR,Number,DIE,Diesel,SE,Sweden,2017,,192191,,,,,
dataflow,ESTAT:ROAD_EQR_CARPDA(1.0),New passenger cars by type of motor energy,A,Annual,NR,Number,DIE,Diesel,SE,Sweden,2018,,138666,,,,,
dataflow,ESTAT:ROAD_EQR_CARPDA(1.0),New passenger cars by type of motor energy,A,Annual,NR,Number,DIE,Diesel,SE,Sweden,2019,,123708,,,,,
dataflow,ESTAT:ROAD_EQR_CARPDA(1.0),New passenger cars by type of motor energy,A,Annual,NR,Number,DIE,Diesel,SE,Sweden,2020,,67981,,,,,
dataflow,ESTAT:ROAD_EQR_CARPDA(1.0),New passenger cars by type of motor energy,A,Annual,NR,Number,DIE,Diesel,SE,Sweden,2021,,53988,,,,,
dataflow,ESTAT:ROAD_EQR_CARPDA(1.0),New passenger cars by type of motor energy,A,Annual,NR,Number,DIE,Diesel,SE,Sweden,2022,,36432,,,,,
dataflow,ESTAT:ROAD_EQR_CARPDA(1.0),New passenger cars by type of motor energy,A,Annual,NR,Number,DIE,Diesel,SE,Sweden,2023,,25820,,,,,
dataflow,ESTAT:ROAD_EQR_CARPDA(1.0),New passenger cars by type of motor energy,A,Annual,NR,Number,DIE,Diesel,SE,Sweden,2024,,23290,,,,,
dataflow,ESTAT:ROAD_EQR_CARPDA(1.0),New passenger cars by type of motor energy,A,Annual,NR,Number,DIE,Diesel,SI,Slovenia,2013,,28016,,,,,
dataflow,ESTAT:ROAD_EQR_CARPDA(1.0),New passenger cars by type of motor energy,A,Annual,NR,Number,DIE,Diesel,SI,Slovenia,2014,,29763,,,,,
dataflow,ESTAT:ROAD_EQR_CARPDA(1.0),New passenger cars by type of motor energy,A,Annual,NR,Number,DIE,Diesel,SI,Slovenia,2015,,31031,,,,,
dataflow,ESTAT:ROAD_EQR_CARPDA(1.0),New passenger cars by type of motor energy,A,Annual,NR,Number,DIE,Diesel,SI,Slovenia,2016,,32589,,,,,
dataflow,ESTAT:ROAD_EQR_CARPDA(1.0),New passenger cars by type of motor energy,A,Annual,NR,Number,DIE,Diesel,SI,Slovenia,2017,,32410,,,,,
dataflow,ESTAT:ROAD_EQR_CARPDA(1.0),New passenger cars by type of motor energy,A,Annual,NR,Number,DIE,Diesel,SI,Slovenia,2018,,23877,,,,,
dataflow,ESTAT:ROAD_EQR_CARPDA(1.0),New passenger cars by type of motor energy,A,Annual,NR,Number,DIE,Diesel,SI,Slovenia,2019,,21499,,,,,
dataflow,ESTAT:ROAD_EQR_CARPDA(1.0),New passenger cars by type of motor energy,A,Annual,NR,Number,DIE,Diesel,SI,Slovenia,2020,,16918,,,,,
dataflow,ESTAT:ROAD_EQR_CARPDA(1.0),New passenger cars by type of motor energy,A,Annual,NR,Number,DIE,Diesel,SI,Slovenia,2021,,11743,,,,,
dataflow,ESTAT:ROAD_EQR_CARPDA(1.0),New passenger cars by type of motor energy,A,Annual,NR,Number,DIE,Diesel,SI,Slovenia,2022,,7739,,,,,
dataflow,ESTAT:ROAD_EQR_CARPDA(1.0),New passenger cars by type of motor energy,A,Annual,NR,Number,DIE,Diesel,SI,Slovenia,2023,,7355,,,,,
dataflow,ESTAT:ROAD_EQR_CARPDA(1.0),New passenger cars by type of motor energy,A,Annual,NR,Number,DIE,Diesel,SI,Slovenia,2024,,8113,,,,,
dataflow,ESTAT:ROAD_EQR_CARPDA(1.0),New passenger cars by type of motor energy,A,Annual,NR,Number,DIE,Diesel,SK,Slovakia,2022,,15780,,i,value imputed by Eurostat or other receiving agencies,,
dataflow,ESTAT:ROAD_EQR_CARPDA(1.0),New passenger cars by type of motor energy,A,Annual,NR,Number,DIE,Diesel,SK,Slovakia,2023,,19074,,i,value imputed by Eurostat or other receiving agencies,,
dataflow,ESTAT:ROAD_EQR_CARPDA(1.0),New passenger cars by type of motor energy,A,Annual,NR,Number,DIE,Diesel,SK,Slovakia,2024,,19396,,i,value imputed by Eurostat or other receiving agencies,,
dataflow,ESTAT:ROAD_EQR_CARPDA(1.0),New passenger cars by type of motor energy,A,Annual,NR,Number,DIE,Diesel,TR,Türkiye,2013,,383904,,,,,
dataflow,ESTAT:ROAD_EQR_CARPDA(1.0),New passenger cars by type of motor energy,A,Annual,NR,Number,DIE,Diesel,TR,Türkiye,2014,,364242,,,,,
dataflow,ESTAT:ROAD_EQR_CARPDA(1.0),New passenger cars by type of motor energy,A,Annual,NR,Number,DIE,Diesel,TR,Türkiye,2015,,462191,,,,,
dataflow,ESTAT:ROAD_EQR_CARPDA(1.0),New passenger cars by type of motor energy,A,Annual,NR,Number,DIE,Diesel,TR,Türkiye,2016,,460829,,,,,
dataflow,ESTAT:ROAD_EQR_CARPDA(1.0),New passenger cars by type of motor energy,A,Annual,NR,Number,DIE,Diesel,TR,Türkiye,2017,,457069,,,,,
dataflow,ESTAT:ROAD_EQR_CARPDA(1.0),New passenger cars by type of motor energy,A,Annual,NR,Number,DIE,Diesel,TR,Türkiye,2018,,320452,,,,,
dataflow,ESTAT:ROAD_EQR_CARPDA(1.0),New passenger cars by type of motor energy,A,Annual,NR,Number,DIE,Diesel,TR,Türkiye,2019,,211961,,,,,
dataflow,ESTAT:ROAD_EQR_CARPDA(1.0),New passenger cars by type of motor energy,A,Annual,NR,Number,DIE,Diesel,TR,Türkiye,2020,,247626,,,,,
dataflow,ESTAT:ROAD_EQR_CARPDA(1.0),New passenger cars by type of motor energy,A,Annual,NR,Number,DIE,Diesel,TR,Türkiye,2021,,149611,,,,,
dataflow,ESTAT:ROAD_EQR_CARPDA(1.0),New passenger cars by type of motor energy,A,Annual,NR,Number,DIE,Diesel,TR,Türkiye,2022,,107792,,,,,
dataflow,ESTAT:ROAD_EQR_CARPDA(1.0),New passenger cars by type of motor energy,A,Annual,NR,Number,DIE,Diesel,TR,Türkiye,2023,,162855,,,,,
dataflow,ESTAT:ROAD_EQR_CARPDA(1.0),New passenger cars by type of motor energy,A,Annual,NR,Number,DIE,Diesel,TR,Türkiye,2024,,122014,,,,,
dataflow,ESTAT:ROAD_EQR_CARPDA(1.0),New passenger cars by type of motor energy,A,Annual,NR,Number,DIE,Diesel,UA,Ukraine,2019,,18351,,,,,
dataflow,ESTAT:ROAD_EQR_CARPDA(1.0),New passenger cars by type of motor energy,A,Annual,NR,Number,DIE,Diesel,UA,Ukraine,2020,,29605,,,,,
dataflow,ESTAT:ROAD_EQR_CARPDA(1.0),New passenger cars by type of motor energy,A,Annual,NR,Number,DIE,Diesel,UA,Ukraine,2021,,31099,,,,,
dataflow,ESTAT:ROAD_EQR_CARPDA(1.0),New passenger cars by type of motor energy,A,Annual,NR,Number,DIE,Diesel,UA,Ukraine,2022,,10768,,,,,
dataflow,ESTAT:ROAD_EQR_CARPDA(1.0),New passenger cars by type of motor energy,A,Annual,NR,Number,DIE,Diesel,UA,Ukraine,2023,,18351,,,,,
dataflow,ESTAT:ROAD_EQR_CARPDA(1.0),New passenger cars by type of motor energy,A,Annual,NR,Number,DIE,Diesel,UA,Ukraine,2024,,20399,,,,,
dataflow,ESTAT:ROAD_EQR_CARPDA(1.0),New passenger cars by type of motor energy,A,Annual,NR,Number,DIE,Diesel,UK,United Kingdom,2015,,1257152,,,,,
dataflow,ESTAT:ROAD_EQR_CARPDA(1.0),New passenger cars by type of motor energy,A,Annual,NR,Number,DIE,Diesel,UK,United Kingdom,2016,,1264307,,,,,
dataflow,ESTAT:ROAD_EQR_CARPDA(1.0),New passenger cars by type of motor energy,A,Annual,NR,Number,DIE,Diesel,UK,United Kingdom,2017,,1049086,,,,,
dataflow,ESTAT:ROAD_EQR_CARPDA(1.0),New passenger cars by type of motor energy,A,Annual,NR,Number,DIE,Diesel,UK,United Kingdom,2018,,736172,,,,,
dataflow,ESTAT:ROAD_EQR_CARPDA(1.0),New passenger cars by type of motor energy,A,Annual,NR,Number,DIE,Diesel,UK,United Kingdom,2021,,223460,,,,,
dataflow,ESTAT:ROAD_EQR_CARPDA(1.0),New passenger cars by type of motor energy,A,Annual,NR,Number,DIE,Diesel,UK,United Kingdom,2022,,151936,,,,,
dataflow,ESTAT:ROAD_EQR_CARPDA(1.0),New passenger cars by type of motor energy,A,Annual,NR,Number,DIE,Diesel,UK,United Kingdom,2023,,141438,,,,,
dataflow,ESTAT:ROAD_EQR_CARPDA(1.0),New passenger cars by type of motor energy,A,Annual,NR,Number,DIE,Diesel,XK,Kosovo*,2017,,16568,,,,,
dataflow,ESTAT:ROAD_EQR_CARPDA(1.0),New passenger cars by type of motor energy,A,Annual,NR,Number,DIE,Diesel,XK,Kosovo*,2018,,7714,,,,,
dataflow,ESTAT:ROAD_EQR_CARPDA(1.0),New passenger cars by type of motor energy,A,Annual,NR,Number,DIE,Diesel,XK,Kosovo*,2019,,22587,,,,,
dataflow,ESTAT:ROAD_EQR_CARPDA(1.0),New passenger cars by type of motor energy,A,Annual,NR,Number,DIE,Diesel,XK,Kosovo*,2021,,24300,,,,,
dataflow,ESTAT:ROAD_EQR_CARPDA(1.0),New passenger cars by type of motor energy,A,Annual,NR,Number,DIE_X_HYB,Diesel (excluding hybrids)  ,AL,Albania,2019,,33041,,,,,
dataflow,ESTAT:ROAD_EQR_CARPDA(1.0),New passenger cars by type of motor energy,A,Annual,NR,Number,DIE_X_HYB,Diesel (excluding hybrids)  ,AL,Albania,2020,,32906,,,,,
dataflow,ESTAT:ROAD_EQR_CARPDA(1.0),New passenger cars by type of motor energy,A,Annual,NR,Number,DIE_X_HYB,Diesel (excluding hybrids)  ,AL,Albania,2021,,42736,,,,,
dataflow,ESTAT:ROAD_EQR_CARPDA(1.0),New passenger cars by type of motor energy,A,Annual,NR,Number,DIE_X_HYB,Diesel (excluding hybrids)  ,AL,Albania,2022,,36189,,,,,
dataflow,ESTAT:ROAD_EQR_CARPDA(1.0),New passenger cars by type of motor energy,A,Annual,NR,Number,DIE_X_HYB,Diesel (excluding hybrids)  ,AL,Albania,2023,,46857,,,,,
dataflow,ESTAT:ROAD_EQR_CARPDA(1.0),New passenger cars by type of motor energy,A,Annual,NR,Number,DIE_X_HYB,Diesel (excluding hybrids)  ,AL,Albania,2024,,56043,,,,,
dataflow,ESTAT:ROAD_EQR_CARPDA(1.0),New passenger cars by type of motor energy,A,Annual,NR,Number,DIE_X_HYB,Diesel (excluding hybrids)  ,AT,Austria,2013,,180901,,,,,
dataflow,ESTAT:ROAD_EQR_CARPDA(1.0),New passenger cars by type of motor energy,A,Annual,NR,Number,DIE_X_HYB,Diesel (excluding hybrids)  ,AT,Austria,2014,,172381,,,,,
dataflow,ESTAT:ROAD_EQR_CARPDA(1.0),New passenger cars by type of motor energy,A,Annual,NR,Number,DIE_X_HYB,Diesel (excluding hybrids)  ,AT,Austria,2015,,179822,,,,,
dataflow,ESTAT:ROAD_EQR_CARPDA(1.0),New passenger cars by type of motor energy,A,Annual,NR,Number,DIE_X_HYB,Diesel (excluding hybrids)  ,AT,Austria,2016,,188820,,,,,
dataflow,ESTAT:ROAD_EQR_CARPDA(1.0),New passenger cars by type of motor energy,A,Annual,NR,Number,DIE_X_HYB,Diesel (excluding hybrids)  ,AT,Austria,2017,,175458,,,,,
dataflow,ESTAT:ROAD_EQR_CARPDA(1.0),New passenger cars by type of motor energy,A,Annual,NR,Number,DIE_X_HYB,Diesel (excluding hybrids)  ,AT,Austria,2018,,140111,,,,,
dataflow,ESTAT:ROAD_EQR_CARPDA(1.0),New passenger cars by type of motor energy,A,Annual,NR,Number,DIE_X_HYB,Diesel (excluding hybrids)  ,AT,Austria,2019,,126311,,,,,
dataflow,ESTAT:ROAD_EQR_CARPDA(1.0),New passenger cars by type of motor energy,A,Annual,NR,Number,DIE_X_HYB,Diesel (excluding hybrids)  ,AT,Austria,2020,,90909,,,,,
dataflow,ESTAT:ROAD_EQR_CARPDA(1.0),New passenger cars by type of motor energy,A,Annual,NR,Number,DIE_X_HYB,Diesel (excluding hybrids)  ,AT,Austria,2021,,58263,,,,,
dataflow,ESTAT:ROAD_EQR_CARPDA(1.0),New passenger cars by type of motor energy,A,Annual,NR,Number,DIE_X_HYB,Diesel (excluding hybrids)  ,AT,Austria,2022,,48115,,,,,
dataflow,ESTAT:ROAD_EQR_CARPDA(1.0),New passenger cars by type of motor energy,A,Annual,NR,Number,DIE_X_HYB,Diesel (excluding hybrids)  ,AT,Austria,2023,,46568,,,,,
dataflow,ESTAT:ROAD_EQR_CARPDA(1.0),New passenger cars by type of motor energy,A,Annual,NR,Number,DIE_X_HYB,Diesel (excluding hybrids)  ,AT,Austria,2024,,44132,,,,,
dataflow,ESTAT:ROAD_EQR_CARPDA(1.0),New passenger cars by type of motor energy,A,Annual,NR,Number,DIE_X_HYB,Diesel (excluding hybrids)  ,BA,Bosnia and Herzegovina,2013,,4049,,,,,
dataflow,ESTAT:ROAD_EQR_CARPDA(1.0),New passenger cars by type of motor energy,A,Annual,NR,Number,DIE_X_HYB,Diesel (excluding hybrids)  ,BA,Bosnia and Herzegovina,2014,,4096,,,,,
dataflow,ESTAT:ROAD_EQR_CARPDA(1.0),New passenger cars by type of motor energy,A,Annual,NR,Number,DIE_X_HYB,Diesel (excluding hybrids)  ,BA,Bosnia and Herzegovina,2015,,3835,,,,,
dataflow,ESTAT:ROAD_EQR_CARPDA(1.0),New passenger cars by type of motor energy,A,Annual,NR,Number,DIE_X_HYB,Diesel (excluding hybrids)  ,BA,Bosnia and Herzegovina,2016,,4930,,,,,
dataflow,ESTAT:ROAD_EQR_CARPDA(1.0),New passenger cars by type of motor energy,A,Annual,NR,Number,DIE_X_HYB,Diesel (excluding hybrids)  ,BA,Bosnia and Herzegovina,2017,,5123,,,,,
dataflow,ESTAT:ROAD_EQR_CARPDA(1.0),New passenger cars by type of motor energy,A,Annual,NR,Number,DIE_X_HYB,Diesel (excluding hybrids)  ,BA,Bosnia and Herzegovina,2018,,5027,,,,,
dataflow,ESTAT:ROAD_EQR_CARPDA(1.0),New passenger cars by type of motor energy,A,Annual,NR,Number,DIE_X_HYB,Diesel (excluding hybrids)  ,BA,Bosnia and Herzegovina,2019,,4674,,,,,
dataflow,ESTAT:ROAD_EQR_CARPDA(1.0),New passenger cars by type of motor energy,A,Annual,NR,Number,DIE_X_HYB,Diesel (excluding hybrids)  ,BA,Bosnia and Herzegovina,2020,,3473,,,,,
dataflow,ESTAT:ROAD_EQR_CARPDA(1.0),New passenger cars by type of motor energy,A,Annual,NR,Number,DIE_X_HYB,Diesel (excluding hybrids)  ,BA,Bosnia and Herzegovina,2021,,3363,,,,,
dataflow,ESTAT:ROAD_EQR_CARPDA(1.0),New passenger cars by type of motor energy,A,Annual,NR,Number,DIE_X_HYB,Diesel (excluding hybrids)  ,BA,Bosnia and Herzegovina,2022,,2948,,,,,
dataflow,ESTAT:ROAD_EQR_CARPDA(1.0),New passenger cars by type of motor energy,A,Annual,NR,Number,DIE_X_HYB,Diesel (excluding hybrids)  ,BA,Bosnia and Herzegovina,2023,,3007,,,,,
dataflow,ESTAT:ROAD_EQR_CARPDA(1.0),New passenger cars by type of motor energy,A,Annual,NR,Number,DIE_X_HYB,Diesel (excluding hybrids)  ,BA,Bosnia and Herzegovina,2024,,3024,,,,,
dataflow,ESTAT:ROAD_EQR_CARPDA(1.0),New passenger cars by type of motor energy,A,Annual,NR,Number,DIE_X_HYB,Diesel (excluding hybrids)  ,BE,Belgium,2013,,318951,,,,,
dataflow,ESTAT:ROAD_EQR_CARPDA(1.0),New passenger cars by type of motor energy,A,Annual,NR,Number,DIE_X_HYB,Diesel (excluding hybrids)  ,BE,Belgium,2014,,303212,,,,,
dataflow,ESTAT:ROAD_EQR_CARPDA(1.0),New passenger cars by type of motor energy,A,Annual,NR,Number,DIE_X_HYB,Diesel (excluding hybrids)  ,BE,Belgium,2015,,303345,,,,,
dataflow,ESTAT:ROAD_EQR_CARPDA(1.0),New passenger cars by type of motor energy,A,Annual,NR,Number,DIE_X_HYB,Diesel (excluding hybrids)  ,BE,Belgium,2016,,284352,,,,,
dataflow,ESTAT:ROAD_EQR_CARPDA(1.0),New passenger cars by type of motor energy,A,Annual,NR,Number,DIE_X_HYB,Diesel (excluding hybrids)  ,BE,Belgium,2017,,258956,,,,,
dataflow,ESTAT:ROAD_EQR_CARPDA(1.0),New passenger cars by type of motor energy,A,Annual,NR,Number,DIE_X_HYB,Diesel (excluding hybrids)  ,BE,Belgium,2018,,201023,,,,,
dataflow,ESTAT:ROAD_EQR_CARPDA(1.0),New passenger cars by type of motor energy,A,Annual,NR,Number,DIE_X_HYB,Diesel (excluding hybrids)  ,BE,Belgium,2019,,173704,,,,,
dataflow,ESTAT:ROAD_EQR_CARPDA(1.0),New passenger cars by type of motor energy,A,Annual,NR,Number,DIE_X_HYB,Diesel (excluding hybrids)  ,BE,Belgium,2020,,137015,,,,,
dataflow,ESTAT:ROAD_EQR_CARPDA(1.0),New passenger cars by type of motor energy,A,Annual,NR,Number,DIE_X_HYB,Diesel (excluding hybrids)  ,BE,Belgium,2021,,82566,,,,,
dataflow,ESTAT:ROAD_EQR_CARPDA(1.0),New passenger cars by type of motor energy,A,Annual,NR,Number,DIE_X_HYB,Diesel (excluding hybrids)  ,BE,Belgium,2022,,54759,,,,,
dataflow,ESTAT:ROAD_EQR_CARPDA(1.0),New passenger cars by type of motor energy,A,Annual,NR,Number,DIE_X_HYB,Diesel (excluding hybrids)  ,BE,Belgium,2023,,39275,,i,value imputed by Eurostat or other receiving agencies,,
dataflow,ESTAT:ROAD_EQR_CARPDA(1.0),New passenger cars by type of motor energy,A,Annual,NR,Number,DIE_X_HYB,Diesel (excluding hybrids)  ,BE,Belgium,2024,,23547,,i,value imputed by Eurostat or other receiving agencies,,
dataflow,ESTAT:ROAD_EQR_CARPDA(1.0),New passenger cars by type of motor energy,A,Annual,NR,Number,DIE_X_HYB,Diesel (excluding hybrids)  ,BG,Bulgaria,2022,,5330,,i,value imputed by Eurostat or other receiving agencies,,
dataflow,ESTAT:ROAD_EQR_CARPDA(1.0),New passenger cars by type of motor energy,A,Annual,NR,Number,DIE_X_HYB,Diesel (excluding hybrids)  ,BG,Bulgaria,2023,,6032,,i,value imputed by Eurostat or other receiving agencies,,
dataflow,ESTAT:ROAD_EQR_CARPDA(1.0),New passenger cars by type of motor energy,A,Annual,NR,Number,DIE_X_HYB,Diesel (excluding hybrids)  ,BG,Bulgaria,2024,,6986,,i,value imputed by Eurostat or other receiving agencies,,
dataflow,ESTAT:ROAD_EQR_CARPDA(1.0),New passenger cars by type of motor energy,A,Annual,NR,Number,DIE_X_HYB,Diesel (excluding hybrids)  ,CH,Switzerland,2013,,118801,,,,,
dataflow,ESTAT:ROAD_EQR_CARPDA(1.0),New passenger cars by type of motor energy,A,Annual,NR,Number,DIE_X_HYB,Diesel (excluding hybrids)  ,CH,Switzerland,2014,,116590,,,,,
dataflow,ESTAT:ROAD_EQR_CARPDA(1.0),New passenger cars by type of motor energy,A,Annual,NR,Number,DIE_X_HYB,Diesel (excluding hybrids)  ,CH,Switzerland,2015,,131679,,,,,
dataflow,ESTAT:ROAD_EQR_CARPDA(1.0),New passenger cars by type of motor energy,A,Annual,NR,Number,DIE_X_HYB,Diesel (excluding hybrids)  ,CH,Switzerland,2016,,129819,,,,,
dataflow,ESTAT:ROAD_EQR_CARPDA(1.0),New passenger cars by type of motor energy,A,Annual,NR,Number,DIE_X_HYB,Diesel (excluding hybrids)  ,CH,Switzerland,2017,,118518,,,,,
dataflow,ESTAT:ROAD_EQR_CARPDA(1.0),New passenger cars by type of motor energy,A,Annual,NR,Number,DIE_X_HYB,Diesel (excluding hybrids)  ,CH,Switzerland,2018,,94748,,,,,
dataflow,ESTAT:ROAD_EQR_CARPDA(1.0),New passenger cars by type of motor energy,A,Annual,NR,Number,DIE_X_HYB,Diesel (excluding hybrids)  ,CH,Switzerland,2019,,85105,,,,,
dataflow,ESTAT:ROAD_EQR_CARPDA(1.0),New passenger cars by type of motor energy,A,Annual,NR,Number,DIE_X_HYB,Diesel (excluding hybrids)  ,CH,Switzerland,2020,,58947,,,,,
dataflow,ESTAT:ROAD_EQR_CARPDA(1.0),New passenger cars by type of motor energy,A,Annual,NR,Number,DIE_X_HYB,Diesel (excluding hybrids)  ,CH,Switzerland,2021,,41406,,,,,
dataflow,ESTAT:ROAD_EQR_CARPDA(1.0),New passenger cars by type of motor energy,A,Annual,NR,Number,DIE_X_HYB,Diesel (excluding hybrids)  ,CH,Switzerland,2022,,33849,,,,,
dataflow,ESTAT:ROAD_EQR_CARPDA(1.0),New passenger cars by type of motor energy,A,Annual,NR,Number,DIE_X_HYB,Diesel (excluding hybrids)  ,CH,Switzerland,2023,,31391,,,,,
dataflow,ESTAT:ROAD_EQR_CARPDA(1.0),New passenger cars by type of motor energy,A,Annual,NR,Number,DIE_X_HYB,Diesel (excluding hybrids)  ,CH,Switzerland,2024,,29910,,,,,
dataflow,ESTAT:ROAD_EQR_CARPDA(1.0),New passenger cars by type of motor energy,A,Annual,NR,Number,DIE_X_HYB,Diesel (excluding hybrids)  ,CY,Cyprus,2013,,1255,,,,,
dataflow,ESTAT:ROAD_EQR_CARPDA(1.0),New passenger cars by type of motor energy,A,Annual,NR,Number,DIE_X_HYB,Diesel (excluding hybrids)  ,CY,Cyprus,2014,,3184,,,,,
dataflow,ESTAT:ROAD_EQR_CARPDA(1.0),New passenger cars by type of motor energy,A,Annual,NR,Number,DIE_X_HYB,Diesel (excluding hybrids)  ,CY,Cyprus,2015,,4157,,,,,
dataflow,ESTAT:ROAD_EQR_CARPDA(1.0),New passenger cars by type of motor energy,A,Annual,NR,Number,DIE_X_HYB,Diesel (excluding hybrids)  ,CY,Cyprus,2016,,5327,,,,,
dataflow,ESTAT:ROAD_EQR_CARPDA(1.0),New passenger cars by type of motor energy,A,Annual,NR,Number,DIE_X_HYB,Diesel (excluding hybrids)  ,CY,Cyprus,2017,,5450,,,,,
dataflow,ESTAT:ROAD_EQR_CARPDA(1.0),New passenger cars by type of motor energy,A,Annual,NR,Number,DIE_X_HYB,Diesel (excluding hybrids)  ,CY,Cyprus,2018,,5264,,,,,
dataflow,ESTAT:ROAD_EQR_CARPDA(1.0),New passenger cars by type of motor energy,A,Annual,NR,Number,DIE_X_HYB,Diesel (excluding hybrids)  ,CY,Cyprus,2019,,4532,,,,,
dataflow,ESTAT:ROAD_EQR_CARPDA(1.0),New passenger cars by type of motor energy,A,Annual,NR,Number,DIE_X_HYB,Diesel (excluding hybrids)  ,CY,Cyprus,2020,,3065,,,,,
dataflow,ESTAT:ROAD_EQR_CARPDA(1.0),New passenger cars by type of motor energy,A,Annual,NR,Number,DIE_X_HYB,Diesel (excluding hybrids)  ,CY,Cyprus,2021,,1460,,,,,
dataflow,ESTAT:ROAD_EQR_CARPDA(1.0),New passenger cars by type of motor energy,A,Annual,NR,Number,DIE_X_HYB,Diesel (excluding hybrids)  ,CY,Cyprus,2022,,541,,,,,
dataflow,ESTAT:ROAD_EQR_CARPDA(1.0),New passenger cars by type of motor energy,A,Annual,NR,Number,DIE_X_HYB,Diesel (excluding hybrids)  ,CY,Cyprus,2023,,443,,,,,
dataflow,ESTAT:ROAD_EQR_CARPDA(1.0),New passenger cars by type of motor energy,A,Annual,NR,Number,DIE_X_HYB,Diesel (excluding hybrids)  ,CY,Cyprus,2024,,373,,,,,
dataflow,ESTAT:ROAD_EQR_CARPDA(1.0),New passenger cars by type of motor energy,A,Annual,NR,Number,DIE_X_HYB,Diesel (excluding hybrids)  ,CZ,Czechia,2021,,56111,,,,,
dataflow,ESTAT:ROAD_EQR_CARPDA(1.0),New passenger cars by type of motor energy,A,Annual,NR,Number,DIE_X_HYB,Diesel (excluding hybrids)  ,CZ,Czechia,2022,,44991,,i,value imputed by Eurostat or other receiving agencies,,
dataflow,ESTAT:ROAD_EQR_CARPDA(1.0),New passenger cars by type of motor energy,A,Annual,NR,Number,DIE_X_HYB,Diesel (excluding hybrids)  ,CZ,Czechia,2023,,50098,,i,value imputed by Eurostat or other receiving agencies,,
dataflow,ESTAT:ROAD_EQR_CARPDA(1.0),New passenger cars by type of motor energy,A,Annual,NR,Number,DIE_X_HYB,Diesel (excluding hybrids)  ,CZ,Czechia,2024,,54423,,,,,
dataflow,ESTAT:ROAD_EQR_CARPDA(1.0),New passenger cars by type of motor energy,A,Annual,NR,Number,DIE_X_HYB,Diesel (excluding hybrids)  ,DE,Germany,2017,,1336776,,,,,
dataflow,ESTAT:ROAD_EQR_CARPDA(1.0),New passenger cars by type of motor energy,A,Annual,NR,Number,DIE_X_HYB,Diesel (excluding hybrids)  ,DE,Germany,2018,,1111130,,,,,
dataflow,ESTAT:ROAD_EQR_CARPDA(1.0),New passenger cars by type of motor energy,A,Annual,NR,Number,DIE_X_HYB,Diesel (excluding hybrids)  ,DE,Germany,2019,,1152733,,,,,
dataflow,ESTAT:ROAD_EQR_CARPDA(1.0),New passenger cars by type of motor energy,A,Annual,NR,Number,DIE_X_HYB,Diesel (excluding hybrids)  ,DE,Germany,2020,,819896,,,,,
dataflow,ESTAT:ROAD_EQR_CARPDA(1.0),New passenger cars by type of motor energy,A,Annual,NR,Number,DIE_X_HYB,Diesel (excluding hybrids)  ,DE,Germany,2021,,524446,,,,,
dataflow,ESTAT:ROAD_EQR_CARPDA(1.0),New passenger cars by type of motor energy,A,Annual,NR,Number,DIE_X_HYB,Diesel (excluding hybrids)  ,DE,Germany,2022,,472274,,,,,
dataflow,ESTAT:ROAD_EQR_CARPDA(1.0),New passenger cars by type of motor energy,A,Annual,NR,Number,DIE_X_HYB,Diesel (excluding hybrids)  ,DE,Germany,2023,,486581,,,,,
dataflow,ESTAT:ROAD_EQR_CARPDA(1.0),New passenger cars by type of motor energy,A,Annual,NR,Number,DIE_X_HYB,Diesel (excluding hybrids)  ,DE,Germany,2024,,483261,,,,,
dataflow,ESTAT:ROAD_EQR_CARPDA(1.0),New passenger cars by type of motor energy,A,Annual,NR,Number,DIE_X_HYB,Diesel (excluding hybrids)  ,DK,Denmark,2013,,57435,,,,,
dataflow,ESTAT:ROAD_EQR_CARPDA(1.0),New passenger cars by type of motor energy,A,Annual,NR,Number,DIE_X_HYB,Diesel (excluding hybrids)  ,DK,Denmark,2014,,59544,,,,,
dataflow,ESTAT:ROAD_EQR_CARPDA(1.0),New passenger cars by type of motor energy,A,Annual,NR,Number,DIE_X_HYB,Diesel (excluding hybrids)  ,DK,Denmark,2015,,64203,,,,,
dataflow,ESTAT:ROAD_EQR_CARPDA(1.0),New passenger cars by type of motor energy,A,Annual,NR,Number,DIE_X_HYB,Diesel (excluding hybrids)  ,DK,Denmark,2016,,80211,,,,,
dataflow,ESTAT:ROAD_EQR_CARPDA(1.0),New passenger cars by type of motor energy,A,Annual,NR,Number,DIE_X_HYB,Diesel (excluding hybrids)  ,DK,Denmark,2017,,77492,,,,,
dataflow,ESTAT:ROAD_EQR_CARPDA(1.0),New passenger cars by type of motor energy,A,Annual,NR,Number,DIE_X_HYB,Diesel (excluding hybrids)  ,DK,Denmark,2018,,72474,,,,,
dataflow,ESTAT:ROAD_EQR_CARPDA(1.0),New passenger cars by type of motor energy,A,Annual,NR,Number,DIE_X_HYB,Diesel (excluding hybrids)  ,DK,Denmark,2019,,60362,,,,,
dataflow,ESTAT:ROAD_EQR_CARPDA(1.0),New passenger cars by type of motor energy,A,Annual,NR,Number,DIE_X_HYB,Diesel (excluding hybrids)  ,DK,Denmark,2020,,44709,,i,value imputed by Eurostat or other receiving agencies,,
dataflow,ESTAT:ROAD_EQR_CARPDA(1.0),New passenger cars by type of motor energy,A,Annual,NR,Number,DIE_X_HYB,Diesel (excluding hybrids)  ,DK,Denmark,2021,,23904,,i,value imputed by Eurostat or other receiving agencies,,
dataflow,ESTAT:ROAD_EQR_CARPDA(1.0),New passenger cars by type of motor energy,A,Annual,NR,Number,DIE_X_HYB,Diesel (excluding hybrids)  ,DK,Denmark,2022,,10104,,i,value imputed by Eurostat or other receiving agencies,,
dataflow,ESTAT:ROAD_EQR_CARPDA(1.0),New passenger cars by type of motor energy,A,Annual,NR,Number,DIE_X_HYB,Diesel (excluding hybrids)  ,DK,Denmark,2023,,8132,,i,value imputed by Eurostat or other receiving agencies,,
dataflow,ESTAT:ROAD_EQR_CARPDA(1.0),New passenger cars by type of motor energy,A,Annual,NR,Number,DIE_X_HYB,Diesel (excluding hybrids)  ,DK,Denmark,2024,,7048,,i,value imputed by Eurostat or other receiving agencies,,
dataflow,ESTAT:ROAD_EQR_CARPDA(1.0),New passenger cars by type of motor energy,A,Annual,NR,Number,DIE_X_HYB,Diesel (excluding hybrids)  ,EE,Estonia,2013,,7341,,,,,
dataflow,ESTAT:ROAD_EQR_CARPDA(1.0),New passenger cars by type of motor energy,A,Annual,NR,Number,DIE_X_HYB,Diesel (excluding hybrids)  ,EE,Estonia,2014,,7723,,,,,
dataflow,ESTAT:ROAD_EQR_CARPDA(1.0),New passenger cars by type of motor energy,A,Annual,NR,Number,DIE_X_HYB,Diesel (excluding hybrids)  ,EE,Estonia,2015,,6949,,,,,
dataflow,ESTAT:ROAD_EQR_CARPDA(1.0),New passenger cars by type of motor energy,A,Annual,NR,Number,DIE_X_HYB,Diesel (excluding hybrids)  ,EE,Estonia,2016,,6392,,,,,
dataflow,ESTAT:ROAD_EQR_CARPDA(1.0),New passenger cars by type of motor energy,A,Annual,NR,Number,DIE_X_HYB,Diesel (excluding hybrids)  ,EE,Estonia,2017,,6408,,,,,
dataflow,ESTAT:ROAD_EQR_CARPDA(1.0),New passenger cars by type of motor energy,A,Annual,NR,Number,DIE_X_HYB,Diesel (excluding hybrids)  ,EE,Estonia,2018,,6454,,,,,
dataflow,ESTAT:ROAD_EQR_CARPDA(1.0),New passenger cars by type of motor energy,A,Annual,NR,Number,DIE_X_HYB,Diesel (excluding hybrids)  ,EE,Estonia,2019,,6180,,,,,
dataflow,ESTAT:ROAD_EQR_CARPDA(1.0),New passenger cars by type of motor energy,A,Annual,NR,Number,DIE_X_HYB,Diesel (excluding hybrids)  ,EE,Estonia,2020,,4863,,,,,
dataflow,ESTAT:ROAD_EQR_CARPDA(1.0),New passenger cars by type of motor energy,A,Annual,NR,Number,DIE_X_HYB,Diesel (excluding hybrids)  ,EE,Estonia,2021,,4251,,,,,
dataflow,ESTAT:ROAD_EQR_CARPDA(1.0),New passenger cars by type of motor energy,A,Annual,NR,Number,DIE_X_HYB,Diesel (excluding hybrids)  ,EE,Estonia,2022,,3336,,,,,
dataflow,ESTAT:ROAD_EQR_CARPDA(1.0),New passenger cars by type of motor energy,A,Annual,NR,Number,DIE_X_HYB,Diesel (excluding hybrids)  ,EE,Estonia,2023,,2867,,,,,
dataflow,ESTAT:ROAD_EQR_CARPDA(1.0),New passenger cars by type of motor energy,A,Annual,NR,Number,DIE_X_HYB,Diesel (excluding hybrids)  ,EE,Estonia,2024,,4508,,,,,
dataflow,ESTAT:ROAD_EQR_CARPDA(1.0),New passenger cars by type of motor energy,A,Annual,NR,Number,DIE_X_HYB,Diesel (excluding hybrids)  ,EL,Greece,2021,,17004,,e,estimated,,
dataflow,ESTAT:ROAD_EQR_CARPDA(1.0),New passenger cars by type of motor energy,A,Annual,NR,Number,DIE_X_HYB,Diesel (excluding hybrids)  ,EL,Greece,2022,,17047,,,,,
dataflow,ESTAT:ROAD_EQR_CARPDA(1.0),New passenger cars by type of motor energy,A,Annual,NR,Number,DIE_X_HYB,Diesel (excluding hybrids)  ,EL,Greece,2023,,17691,,,,,
dataflow,ESTAT:ROAD_EQR_CARPDA(1.0),New passenger cars by type of motor energy,A,Annual,NR,Number,DIE_X_HYB,Diesel (excluding hybrids)  ,EL,Greece,2024,,9835,,i,value imputed by Eurostat or other receiving agencies,,
dataflow,ESTAT:ROAD_EQR_CARPDA(1.0),New passenger cars by type of motor energy,A,Annual,NR,Number,DIE_X_HYB,Diesel (excluding hybrids)  ,ES,Spain,2014,,590198,,,,,
dataflow,ESTAT:ROAD_EQR_CARPDA(1.0),New passenger cars by type of motor energy,A,Annual,NR,Number,DIE_X_HYB,Diesel (excluding hybrids)  ,ES,Spain,2015,,658725,,,,,
dataflow,ESTAT:ROAD_EQR_CARPDA(1.0),New passenger cars by type of motor energy,A,Annual,NR,Number,DIE_X_HYB,Diesel (excluding hybrids)  ,ES,Spain,2016,,725953,,,,,
dataflow,ESTAT:ROAD_EQR_CARPDA(1.0),New passenger cars by type of motor energy,A,Annual,NR,Number,DIE_X_HYB,Diesel (excluding hybrids)  ,ES,Spain,2017,,690523,,,,,
dataflow,ESTAT:ROAD_EQR_CARPDA(1.0),New passenger cars by type of motor energy,A,Annual,NR,Number,DIE_X_HYB,Diesel (excluding hybrids)  ,ES,Spain,2018,,572154,,,,,
dataflow,ESTAT:ROAD_EQR_CARPDA(1.0),New passenger cars by type of motor energy,A,Annual,NR,Number,DIE_X_HYB,Diesel (excluding hybrids)  ,ES,Spain,2019,,440448,,,,,
dataflow,ESTAT:ROAD_EQR_CARPDA(1.0),New passenger cars by type of motor energy,A,Annual,NR,Number,DIE_X_HYB,Diesel (excluding hybrids)  ,ES,Spain,2020,,305013,,,,,
dataflow,ESTAT:ROAD_EQR_CARPDA(1.0),New passenger cars by type of motor energy,A,Annual,NR,Number,DIE_X_HYB,Diesel (excluding hybrids)  ,ES,Spain,2021,,224708,,,,,
dataflow,ESTAT:ROAD_EQR_CARPDA(1.0),New passenger cars by type of motor energy,A,Annual,NR,Number,DIE_X_HYB,Diesel (excluding hybrids)  ,ES,Spain,2022,,170932,,,,,
dataflow,ESTAT:ROAD_EQR_CARPDA(1.0),New passenger cars by type of motor energy,A,Annual,NR,Number,DIE_X_HYB,Diesel (excluding hybrids)  ,ES,Spain,2023,,143811,,,,,
dataflow,ESTAT:ROAD_EQR_CARPDA(1.0),New passenger cars by type of motor energy,A,Annual,NR,Number,DIE_X_HYB,Diesel (excluding hybrids)  ,ES,Spain,2024,,137867,,,,,
dataflow,ESTAT:ROAD_EQR_CARPDA(1.0),New passenger cars by type of motor energy,A,Annual,NR,Number,DIE_X_HYB,Diesel (excluding hybrids)  ,EU27_2020,European Union - 27 countries (from 2020),2022,,1550511,,,,,
dataflow,ESTAT:ROAD_EQR_CARPDA(1.0),New passenger cars by type of motor energy,A,Annual,NR,Number,DIE_X_HYB,Diesel (excluding hybrids)  ,EU27_2020,European Union - 27 countries (from 2020),2023,,1497870,,,,,
dataflow,ESTAT:ROAD_EQR_CARPDA(1.0),New passenger cars by type of motor energy,A,Annual,NR,Number,DIE_X_HYB,Diesel (excluding hybrids)  ,EU27_2020,European Union - 27 countries (from 2020),2024,,1365819,,,,,
dataflow,ESTAT:ROAD_EQR_CARPDA(1.0),New passenger cars by type of motor energy,A,Annual,NR,Number,DIE_X_HYB,Diesel (excluding hybrids)  ,FI,Finland,2014,,41278,,,,,
dataflow,ESTAT:ROAD_EQR_CARPDA(1.0),New passenger cars by type of motor energy,A,Annual,NR,Number,DIE_X_HYB,Diesel (excluding hybrids)  ,FI,Finland,2015,,38800,,,,,
dataflow,ESTAT:ROAD_EQR_CARPDA(1.0),New passenger cars by type of motor energy,A,Annual,NR,Number,DIE_X_HYB,Diesel (excluding hybrids)  ,FI,Finland,2016,,39452,,,,,
dataflow,ESTAT:ROAD_EQR_CARPDA(1.0),New passenger cars by type of motor energy,A,Annual,NR,Number,DIE_X_HYB,Diesel (excluding hybrids)  ,FI,Finland,2017,,36062,,,,,
dataflow,ESTAT:ROAD_EQR_CARPDA(1.0),New passenger cars by type of motor energy,A,Annual,NR,Number,DIE_X_HYB,Diesel (excluding hybrids)  ,FI,Finland,2018,,28712,,,,,
dataflow,ESTAT:ROAD_EQR_CARPDA(1.0),New passenger cars by type of motor energy,A,Annual,NR,Number,DIE_X_HYB,Diesel (excluding hybrids)  ,FI,Finland,2019,,20873,,,,,
dataflow,ESTAT:ROAD_EQR_CARPDA(1.0),New passenger cars by type of motor energy,A,Annual,NR,Number,DIE_X_HYB,Diesel (excluding hybrids)  ,FI,Finland,2020,,12778,,,,,
dataflow,ESTAT:ROAD_EQR_CARPDA(1.0),New passenger cars by type of motor energy,A,Annual,NR,Number,DIE_X_HYB,Diesel (excluding hybrids)  ,FI,Finland,2021,,8397,,,,,
dataflow,ESTAT:ROAD_EQR_CARPDA(1.0),New passenger cars by type of motor energy,A,Annual,NR,Number,DIE_X_HYB,Diesel (excluding hybrids)  ,FI,Finland,2022,,5420,,,,,
dataflow,ESTAT:ROAD_EQR_CARPDA(1.0),New passenger cars by type of motor energy,A,Annual,NR,Number,DIE_X_HYB,Diesel (excluding hybrids)  ,FI,Finland,2023,,3890,,i,value imputed by Eurostat or other receiving agencies,,
dataflow,ESTAT:ROAD_EQR_CARPDA(1.0),New passenger cars by type of motor energy,A,Annual,NR,Number,DIE_X_HYB,Diesel (excluding hybrids)  ,FI,Finland,2024,,3401,,,,,
dataflow,ESTAT:ROAD_EQR_CARPDA(1.0),New passenger cars by type of motor energy,A,Annual,NR,Number,DIE_X_HYB,Diesel (excluding hybrids)  ,FR,France,2013,,1168194,,,,,
dataflow,ESTAT:ROAD_EQR_CARPDA(1.0),New passenger cars by type of motor energy,A,Annual,NR,Number,DIE_X_HYB,Diesel (excluding hybrids)  ,FR,France,2014,,1119954,,,,,
dataflow,ESTAT:ROAD_EQR_CARPDA(1.0),New passenger cars by type of motor energy,A,Annual,NR,Number,DIE_X_HYB,Diesel (excluding hybrids)  ,FR,France,2015,,1070443,,,,,
dataflow,ESTAT:ROAD_EQR_CARPDA(1.0),New passenger cars by type of motor energy,A,Annual,NR,Number,DIE_X_HYB,Diesel (excluding hybrids)  ,FR,France,2016,,1027912,,,,,
dataflow,ESTAT:ROAD_EQR_CARPDA(1.0),New passenger cars by type of motor energy,A,Annual,NR,Number,DIE_X_HYB,Diesel (excluding hybrids)  ,FR,France,2017,,1013099,,,,,
dataflow,ESTAT:ROAD_EQR_CARPDA(1.0),New passenger cars by type of motor energy,A,Annual,NR,Number,DIE_X_HYB,Diesel (excluding hybrids)  ,FR,France,2018,,856583,,,,,
dataflow,ESTAT:ROAD_EQR_CARPDA(1.0),New passenger cars by type of motor energy,A,Annual,NR,Number,DIE_X_HYB,Diesel (excluding hybrids)  ,FR,France,2019,,761198,,,,,
dataflow,ESTAT:ROAD_EQR_CARPDA(1.0),New passenger cars by type of motor energy,A,Annual,NR,Number,DIE_X_HYB,Diesel (excluding hybrids)  ,FR,France,2020,,513168,,,,,
dataflow,ESTAT:ROAD_EQR_CARPDA(1.0),New passenger cars by type of motor energy,A,Annual,NR,Number,DIE_X_HYB,Diesel (excluding hybrids)  ,FR,France,2021,,354949,,,,,
dataflow,ESTAT:ROAD_EQR_CARPDA(1.0),New passenger cars by type of motor energy,A,Annual,NR,Number,DIE_X_HYB,Diesel (excluding hybrids)  ,FR,France,2022,,241783,,,,,
dataflow,ESTAT:ROAD_EQR_CARPDA(1.0),New passenger cars by type of motor energy,A,Annual,NR,Number,DIE_X_HYB,Diesel (excluding hybrids)  ,FR,France,2023,,196837,,,,,
dataflow,ESTAT:ROAD_EQR_CARPDA(1.0),New passenger cars by type of motor energy,A,Annual,NR,Number,DIE_X_HYB,Diesel (excluding hybrids)  ,FR,France,2024,,151503,,,,,
dataflow,ESTAT:ROAD_EQR_CARPDA(1.0),New passenger cars by type of motor energy,A,Annual,NR,Number,DIE_X_HYB,Diesel (excluding hybrids)  ,GE,Georgia,2017,,680,,,,,
dataflow,ESTAT:ROAD_EQR_CARPDA(1.0),New passenger cars by type of motor energy,A,Annual,NR,Number,DIE_X_HYB,Diesel (excluding hybrids)  ,GE,Georgia,2018,,1242,,,,,
dataflow,ESTAT:ROAD_EQR_CARPDA(1.0),New passenger cars by type of motor energy,A,Annual,NR,Number,DIE_X_HYB,Diesel (excluding hybrids)  ,GE,Georgia,2019,,994,,,,,
dataflow,ESTAT:ROAD_EQR_CARPDA(1.0),New passenger cars by type of motor energy,A,Annual,NR,Number,DIE_X_HYB,Diesel (excluding hybrids)  ,GE,Georgia,2020,,994,,,,,
dataflow,ESTAT:ROAD_EQR_CARPDA(1.0),New passenger cars by type of motor energy,A,Annual,NR,Number,DIE_X_HYB,Diesel (excluding hybrids)  ,GE,Georgia,2021,,1358,,,,,
dataflow,ESTAT:ROAD_EQR_CARPDA(1.0),New passenger cars by type of motor energy,A,Annual,NR,Number,DIE_X_HYB,Diesel (excluding hybrids)  ,GE,Georgia,2022,,1760,,,,,
dataflow,ESTAT:ROAD_EQR_CARPDA(1.0),New passenger cars by type of motor energy,A,Annual,NR,Number,DIE_X_HYB,Diesel (excluding hybrids)  ,GE,Georgia,2023,,1514,,,,,
dataflow,ESTAT:ROAD_EQR_CARPDA(1.0),New passenger cars by type of motor energy,A,Annual,NR,Number,DIE_X_HYB,Diesel (excluding hybrids)  ,GE,Georgia,2024,,2520,,,,,
dataflow,ESTAT:ROAD_EQR_CARPDA(1.0),New passenger cars by type of motor energy,A,Annual,NR,Number,DIE_X_HYB,Diesel (excluding hybrids)  ,HR,Croatia,2021,,8904,,,,,
dataflow,ESTAT:ROAD_EQR_CARPDA(1.0),New passenger cars by type of motor energy,A,Annual,NR,Number,DIE_X_HYB,Diesel (excluding hybrids)  ,HR,Croatia,2022,,7788,,,,,
dataflow,ESTAT:ROAD_EQR_CARPDA(1.0),New passenger cars by type of motor energy,A,Annual,NR,Number,DIE_X_HYB,Diesel (excluding hybrids)  ,HR,Croatia,2023,,9219,,,,,
dataflow,ESTAT:ROAD_EQR_CARPDA(1.0),New passenger cars by type of motor energy,A,Annual,NR,Number,DIE_X_HYB,Diesel (excluding hybrids)  ,HR,Croatia,2024,,10691,,,,,
dataflow,ESTAT:ROAD_EQR_CARPDA(1.0),New passenger cars by type of motor energy,A,Annual,NR,Number,DIE_X_HYB,Diesel (excluding hybrids)  ,HU,Hungary,2013,,25769,,,,,
dataflow,ESTAT:ROAD_EQR_CARPDA(1.0),New passenger cars by type of motor energy,A,Annual,NR,Number,DIE_X_HYB,Diesel (excluding hybrids)  ,HU,Hungary,2014,,30219,,,,,
dataflow,ESTAT:ROAD_EQR_CARPDA(1.0),New passenger cars by type of motor energy,A,Annual,NR,Number,DIE_X_HYB,Diesel (excluding hybrids)  ,HU,Hungary,2015,,32265,,,,,
dataflow,ESTAT:ROAD_EQR_CARPDA(1.0),New passenger cars by type of motor energy,A,Annual,NR,Number,DIE_X_HYB,Diesel (excluding hybrids)  ,HU,Hungary,2016,,34688,,,,,
dataflow,ESTAT:ROAD_EQR_CARPDA(1.0),New passenger cars by type of motor energy,A,Annual,NR,Number,DIE_X_HYB,Diesel (excluding hybrids)  ,HU,Hungary,2017,,37022,,,,,
dataflow,ESTAT:ROAD_EQR_CARPDA(1.0),New passenger cars by type of motor energy,A,Annual,NR,Number,DIE_X_HYB,Diesel (excluding hybrids)  ,HU,Hungary,2018,,32408,,,,,
dataflow,ESTAT:ROAD_EQR_CARPDA(1.0),New passenger cars by type of motor energy,A,Annual,NR,Number,DIE_X_HYB,Diesel (excluding hybrids)  ,HU,Hungary,2019,,31221,,,,,
dataflow,ESTAT:ROAD_EQR_CARPDA(1.0),New passenger cars by type of motor energy,A,Annual,NR,Number,DIE_X_HYB,Diesel (excluding hybrids)  ,HU,Hungary,2020,,27711,,,,,
dataflow,ESTAT:ROAD_EQR_CARPDA(1.0),New passenger cars by type of motor energy,A,Annual,NR,Number,DIE_X_HYB,Diesel (excluding hybrids)  ,HU,Hungary,2021,,19092,,,,,
dataflow,ESTAT:ROAD_EQR_CARPDA(1.0),New passenger cars by type of motor energy,A,Annual,NR,Number,DIE_X_HYB,Diesel (excluding hybrids)  ,HU,Hungary,2022,,14322,,,,,
dataflow,ESTAT:ROAD_EQR_CARPDA(1.0),New passenger cars by type of motor energy,A,Annual,NR,Number,DIE_X_HYB,Diesel (excluding hybrids)  ,HU,Hungary,2023,,13105,,,,,
dataflow,ESTAT:ROAD_EQR_CARPDA(1.0),New passenger cars by type of motor energy,A,Annual,NR,Number,DIE_X_HYB,Diesel (excluding hybrids)  ,HU,Hungary,2024,,14674,,i,value imputed by Eurostat or other receiving agencies,,
dataflow,ESTAT:ROAD_EQR_CARPDA(1.0),New passenger cars by type of motor energy,A,Annual,NR,Number,DIE_X_HYB,Diesel (excluding hybrids)  ,IE,Ireland,2017,,87640,,,,,
dataflow,ESTAT:ROAD_EQR_CARPDA(1.0),New passenger cars by type of motor energy,A,Annual,NR,Number,DIE_X_HYB,Diesel (excluding hybrids)  ,IE,Ireland,2018,,70732,,,,,
dataflow,ESTAT:ROAD_EQR_CARPDA(1.0),New passenger cars by type of motor energy,A,Annual,NR,Number,DIE_X_HYB,Diesel (excluding hybrids)  ,IE,Ireland,2019,,59879,,,,,
dataflow,ESTAT:ROAD_EQR_CARPDA(1.0),New passenger cars by type of motor energy,A,Annual,NR,Number,DIE_X_HYB,Diesel (excluding hybrids)  ,IE,Ireland,2020,,41134,,,,,
dataflow,ESTAT:ROAD_EQR_CARPDA(1.0),New passenger cars by type of motor energy,A,Annual,NR,Number,DIE_X_HYB,Diesel (excluding hybrids)  ,IE,Ireland,2021,,37772,,,,,
dataflow,ESTAT:ROAD_EQR_CARPDA(1.0),New passenger cars by type of motor energy,A,Annual,NR,Number,DIE_X_HYB,Diesel (excluding hybrids)  ,IE,Ireland,2022,,29803,,,,,
dataflow,ESTAT:ROAD_EQR_CARPDA(1.0),New passenger cars by type of motor energy,A,Annual,NR,Number,DIE_X_HYB,Diesel (excluding hybrids)  ,IE,Ireland,2023,,29503,,,,,
dataflow,ESTAT:ROAD_EQR_CARPDA(1.0),New passenger cars by type of motor energy,A,Annual,NR,Number,DIE_X_HYB,Diesel (excluding hybrids)  ,IE,Ireland,2024,,29471,,i,value imputed by Eurostat or other receiving agencies,,
dataflow,ESTAT:ROAD_EQR_CARPDA(1.0),New passenger cars by type of motor energy,A,Annual,NR,Number,DIE_X_HYB,Diesel (excluding hybrids)  ,IS,Iceland,2017,,10957,,,,,
dataflow,ESTAT:ROAD_EQR_CARPDA(1.0),New passenger cars by type of motor energy,A,Annual,NR,Number,DIE_X_HYB,Diesel (excluding hybrids)  ,IS,Iceland,2018,,7978,,,,,
dataflow,ESTAT:ROAD_EQR_CARPDA(1.0),New passenger cars by type of motor energy,A,Annual,NR,Number,DIE_X_HYB,Diesel (excluding hybrids)  ,IS,Iceland,2019,,4046,,,,,
dataflow,ESTAT:ROAD_EQR_CARPDA(1.0),New passenger cars by type of motor energy,A,Annual,NR,Number,DIE_X_HYB,Diesel (excluding hybrids)  ,IS,Iceland,2021,,1923,,,,,
dataflow,ESTAT:ROAD_EQR_CARPDA(1.0),New passenger cars by type of motor energy,A,Annual,NR,Number,DIE_X_HYB,Diesel (excluding hybrids)  ,IS,Iceland,2022,,2385,,i,value imputed by Eurostat or other receiving agencies,,
dataflow,ESTAT:ROAD_EQR_CARPDA(1.0),New passenger cars by type of motor energy,A,Annual,NR,Number,DIE_X_HYB,Diesel (excluding hybrids)  ,IS,Iceland,2023,,2409,,i,value imputed by Eurostat or other receiving agencies,,
dataflow,ESTAT:ROAD_EQR_CARPDA(1.0),New passenger cars by type of motor energy,A,Annual,NR,Number,DIE_X_HYB,Diesel (excluding hybrids)  ,IS,Iceland,2024,,2281,,i,value imputed by Eurostat or other receiving agencies,,
dataflow,ESTAT:ROAD_EQR_CARPDA(1.0),New passenger cars by type of motor energy,A,Annual,NR,Number,DIE_X_HYB,Diesel (excluding hybrids)  ,IT,Italy,2013,,707641,,,,,
dataflow,ESTAT:ROAD_EQR_CARPDA(1.0),New passenger cars by type of motor energy,A,Annual,NR,Number,DIE_X_HYB,Diesel (excluding hybrids)  ,IT,Italy,2014,,757895,,,,,
dataflow,ESTAT:ROAD_EQR_CARPDA(1.0),New passenger cars by type of motor energy,A,Annual,NR,Number,DIE_X_HYB,Diesel (excluding hybrids)  ,IT,Italy,2015,,887074,,,,,
dataflow,ESTAT:ROAD_EQR_CARPDA(1.0),New passenger cars by type of motor energy,A,Annual,NR,Number,DIE_X_HYB,Diesel (excluding hybrids)  ,IT,Italy,2016,,1058886,,,,,
dataflow,ESTAT:ROAD_EQR_CARPDA(1.0),New passenger cars by type of motor energy,A,Annual,NR,Number,DIE_X_HYB,Diesel (excluding hybrids)  ,IT,Italy,2017,,1130434,,,,,
dataflow,ESTAT:ROAD_EQR_CARPDA(1.0),New passenger cars by type of motor energy,A,Annual,NR,Number,DIE_X_HYB,Diesel (excluding hybrids)  ,IT,Italy,2018,,1000494,,,,,
dataflow,ESTAT:ROAD_EQR_CARPDA(1.0),New passenger cars by type of motor energy,A,Annual,NR,Number,DIE_X_HYB,Diesel (excluding hybrids)  ,IT,Italy,2019,,779857,,,,,
dataflow,ESTAT:ROAD_EQR_CARPDA(1.0),New passenger cars by type of motor energy,A,Annual,NR,Number,DIE_X_HYB,Diesel (excluding hybrids)  ,IT,Italy,2020,,485245,,,,,
dataflow,ESTAT:ROAD_EQR_CARPDA(1.0),New passenger cars by type of motor energy,A,Annual,NR,Number,DIE_X_HYB,Diesel (excluding hybrids)  ,IT,Italy,2021,,343952,,,,,
dataflow,ESTAT:ROAD_EQR_CARPDA(1.0),New passenger cars by type of motor energy,A,Annual,NR,Number,DIE_X_HYB,Diesel (excluding hybrids)  ,IT,Italy,2022,,261466,,,,,
dataflow,ESTAT:ROAD_EQR_CARPDA(1.0),New passenger cars by type of motor energy,A,Annual,NR,Number,DIE_X_HYB,Diesel (excluding hybrids)  ,IT,Italy,2023,,275753,,,,,
dataflow,ESTAT:ROAD_EQR_CARPDA(1.0),New passenger cars by type of motor energy,A,Annual,NR,Number,DIE_X_HYB,Diesel (excluding hybrids)  ,IT,Italy,2024,,215296,,i,value imputed by Eurostat or other receiving agencies,,
dataflow,ESTAT:ROAD_EQR_CARPDA(1.0),New passenger cars by type of motor energy,A,Annual,NR,Number,DIE_X_HYB,Diesel (excluding hybrids)  ,LI,Liechtenstein,2013,,857,,,,,
dataflow,ESTAT:ROAD_EQR_CARPDA(1.0),New passenger cars by type of motor energy,A,Annual,NR,Number,DIE_X_HYB,Diesel (excluding hybrids)  ,LI,Liechtenstein,2014,,796,,,,,
dataflow,ESTAT:ROAD_EQR_CARPDA(1.0),New passenger cars by type of motor energy,A,Annual,NR,Number,DIE_X_HYB,Diesel (excluding hybrids)  ,LI,Liechtenstein,2015,,934,,,,,
dataflow,ESTAT:ROAD_EQR_CARPDA(1.0),New passenger cars by type of motor energy,A,Annual,NR,Number,DIE_X_HYB,Diesel (excluding hybrids)  ,LI,Liechtenstein,2016,,984,,,,,
dataflow,ESTAT:ROAD_EQR_CARPDA(1.0),New passenger cars by type of motor energy,A,Annual,NR,Number,DIE_X_HYB,Diesel (excluding hybrids)  ,LI,Liechtenstein,2017,,846,,,,,
dataflow,ESTAT:ROAD_EQR_CARPDA(1.0),New passenger cars by type of motor energy,A,Annual,NR,Number,DIE_X_HYB,Diesel (excluding hybrids)  ,LI,Liechtenstein,2018,,634,,,,,
dataflow,ESTAT:ROAD_EQR_CARPDA(1.0),New passenger cars by type of motor energy,A,Annual,NR,Number,DIE_X_HYB,Diesel (excluding hybrids)  ,LI,Liechtenstein,2019,,621,,,,,
dataflow,ESTAT:ROAD_EQR_CARPDA(1.0),New passenger cars by type of motor energy,A,Annual,NR,Number,DIE_X_HYB,Diesel (excluding hybrids)  ,LI,Liechtenstein,2020,,371,,,,,
dataflow,ESTAT:ROAD_EQR_CARPDA(1.0),New passenger cars by type of motor energy,A,Annual,NR,Number,DIE_X_HYB,Diesel (excluding hybrids)  ,LI,Liechtenstein,2021,,251,,,,,
dataflow,ESTAT:ROAD_EQR_CARPDA(1.0),New passenger cars by type of motor energy,A,Annual,NR,Number,DIE_X_HYB,Diesel (excluding hybrids)  ,LI,Liechtenstein,2022,,200,,,,,
dataflow,ESTAT:ROAD_EQR_CARPDA(1.0),New passenger cars by type of motor energy,A,Annual,NR,Number,DIE_X_HYB,Diesel (excluding hybrids)  ,LI,Liechtenstein,2023,,176,,,,,
dataflow,ESTAT:ROAD_EQR_CARPDA(1.0),New passenger cars by type of motor energy,A,Annual,NR,Number,DIE_X_HYB,Diesel (excluding hybrids)  ,LI,Liechtenstein,2024,,173,,,,,
dataflow,ESTAT:ROAD_EQR_CARPDA(1.0),New passenger cars by type of motor energy,A,Annual,NR,Number,DIE_X_HYB,Diesel (excluding hybrids)  ,LT,Lithuania,2013,,7019,,,,,
dataflow,ESTAT:ROAD_EQR_CARPDA(1.0),New passenger cars by type of motor energy,A,Annual,NR,Number,DIE_X_HYB,Diesel (excluding hybrids)  ,LT,Lithuania,2014,,6879,,,,,
dataflow,ESTAT:ROAD_EQR_CARPDA(1.0),New passenger cars by type of motor energy,A,Annual,NR,Number,DIE_X_HYB,Diesel (excluding hybrids)  ,LT,Lithuania,2015,,7690,,,,,
dataflow,ESTAT:ROAD_EQR_CARPDA(1.0),New passenger cars by type of motor energy,A,Annual,NR,Number,DIE_X_HYB,Diesel (excluding hybrids)  ,LT,Lithuania,2016,,7587,,,,,
dataflow,ESTAT:ROAD_EQR_CARPDA(1.0),New passenger cars by type of motor energy,A,Annual,NR,Number,DIE_X_HYB,Diesel (excluding hybrids)  ,LT,Lithuania,2017,,7865,,,,,
dataflow,ESTAT:ROAD_EQR_CARPDA(1.0),New passenger cars by type of motor energy,A,Annual,NR,Number,DIE_X_HYB,Diesel (excluding hybrids)  ,LT,Lithuania,2018,,7210,,,,,
dataflow,ESTAT:ROAD_EQR_CARPDA(1.0),New passenger cars by type of motor energy,A,Annual,NR,Number,DIE_X_HYB,Diesel (excluding hybrids)  ,LT,Lithuania,2019,,7260,,,,,
dataflow,ESTAT:ROAD_EQR_CARPDA(1.0),New passenger cars by type of motor energy,A,Annual,NR,Number,DIE_X_HYB,Diesel (excluding hybrids)  ,LT,Lithuania,2020,,7037,,,,,
dataflow,ESTAT:ROAD_EQR_CARPDA(1.0),New passenger cars by type of motor energy,A,Annual,NR,Number,DIE_X_HYB,Diesel (excluding hybrids)  ,LT,Lithuania,2021,,3806,,,,,
dataflow,ESTAT:ROAD_EQR_CARPDA(1.0),New passenger cars by type of motor energy,A,Annual,NR,Number,DIE_X_HYB,Diesel (excluding hybrids)  ,LT,Lithuania,2022,,2389,,,,,
dataflow,ESTAT:ROAD_EQR_CARPDA(1.0),New passenger cars by type of motor energy,A,Annual,NR,Number,DIE_X_HYB,Diesel (excluding hybrids)  ,LT,Lithuania,2023,,2739,,,,,
dataflow,ESTAT:ROAD_EQR_CARPDA(1.0),New passenger cars by type of motor energy,A,Annual,NR,Number,DIE_X_HYB,Diesel (excluding hybrids)  ,LT,Lithuania,2024,,3868,,,,,
dataflow,ESTAT:ROAD_EQR_CARPDA(1.0),New passenger cars by type of motor energy,A,Annual,NR,Number,DIE_X_HYB,Diesel (excluding hybrids)  ,LU,Luxembourg,2013,,34243,,,,,
dataflow,ESTAT:ROAD_EQR_CARPDA(1.0),New passenger cars by type of motor energy,A,Annual,NR,Number,DIE_X_HYB,Diesel (excluding hybrids)  ,LU,Luxembourg,2014,,35845,,,,,
dataflow,ESTAT:ROAD_EQR_CARPDA(1.0),New passenger cars by type of motor energy,A,Annual,NR,Number,DIE_X_HYB,Diesel (excluding hybrids)  ,LU,Luxembourg,2015,,32867,,,,,
dataflow,ESTAT:ROAD_EQR_CARPDA(1.0),New passenger cars by type of motor energy,A,Annual,NR,Number,DIE_X_HYB,Diesel (excluding hybrids)  ,LU,Luxembourg,2016,,32713,,,,,
dataflow,ESTAT:ROAD_EQR_CARPDA(1.0),New passenger cars by type of motor energy,A,Annual,NR,Number,DIE_X_HYB,Diesel (excluding hybrids)  ,LU,Luxembourg,2017,,28461,,,,,
dataflow,ESTAT:ROAD_EQR_CARPDA(1.0),New passenger cars by type of motor energy,A,Annual,NR,Number,DIE_X_HYB,Diesel (excluding hybrids)  ,LU,Luxembourg,2018,,24761,,,,,
dataflow,ESTAT:ROAD_EQR_CARPDA(1.0),New passenger cars by type of motor energy,A,Annual,NR,Number,DIE_X_HYB,Diesel (excluding hybrids)  ,LU,Luxembourg,2019,,23022,,,,,
dataflow,ESTAT:ROAD_EQR_CARPDA(1.0),New passenger cars by type of motor energy,A,Annual,NR,Number,DIE_X_HYB,Diesel (excluding hybrids)  ,LU,Luxembourg,2020,,16628,,,,,
dataflow,ESTAT:ROAD_EQR_CARPDA(1.0),New passenger cars by type of motor energy,A,Annual,NR,Number,DIE_X_HYB,Diesel (excluding hybrids)  ,LU,Luxembourg,2021,,11194,,,,,
dataflow,ESTAT:ROAD_EQR_CARPDA(1.0),New passenger cars by type of motor energy,A,Annual,NR,Number,DIE_X_HYB,Diesel (excluding hybrids)  ,LU,Luxembourg,2022,,9236,,,,,
dataflow,ESTAT:ROAD_EQR_CARPDA(1.0),New passenger cars by type of motor energy,A,Annual,NR,Number,DIE_X_HYB,Diesel (excluding hybrids)  ,LU,Luxembourg,2023,,7482,,,,,
dataflow,ESTAT:ROAD_EQR_CARPDA(1.0),New passenger cars by type of motor energy,A,Annual,NR,Number,DIE_X_HYB,Diesel (excluding hybrids)  ,LU,Luxembourg,2024,,5749,,,,,
dataflow,ESTAT:ROAD_EQR_CARPDA(1.0),New passenger cars by type of motor energy,A,Annual,NR,Number,DIE_X_HYB,Diesel (excluding hybrids)  ,LV,Latvia,2014,,7029,,,,,
dataflow,ESTAT:ROAD_EQR_CARPDA(1.0),New passenger cars by type of motor energy,A,Annual,NR,Number,DIE_X_HYB,Diesel (excluding hybrids)  ,LV,Latvia,2015,,6923,,,,,
dataflow,ESTAT:ROAD_EQR_CARPDA(1.0),New passenger cars by type of motor energy,A,Annual,NR,Number,DIE_X_HYB,Diesel (excluding hybrids)  ,LV,Latvia,2016,,7287,,,,,
dataflow,ESTAT:ROAD_EQR_CARPDA(1.0),New passenger cars by type of motor energy,A,Annual,NR,Number,DIE_X_HYB,Diesel (excluding hybrids)  ,LV,Latvia,2017,,7445,,,,,
dataflow,ESTAT:ROAD_EQR_CARPDA(1.0),New passenger cars by type of motor energy,A,Annual,NR,Number,DIE_X_HYB,Diesel (excluding hybrids)  ,LV,Latvia,2018,,6807,,,,,
dataflow,ESTAT:ROAD_EQR_CARPDA(1.0),New passenger cars by type of motor energy,A,Annual,NR,Number,DIE_X_HYB,Diesel (excluding hybrids)  ,LV,Latvia,2019,,6893,,,,,
dataflow,ESTAT:ROAD_EQR_CARPDA(1.0),New passenger cars by type of motor energy,A,Annual,NR,Number,DIE_X_HYB,Diesel (excluding hybrids)  ,LV,Latvia,2020,,4870,,,,,
dataflow,ESTAT:ROAD_EQR_CARPDA(1.0),New passenger cars by type of motor energy,A,Annual,NR,Number,DIE_X_HYB,Diesel (excluding hybrids)  ,LV,Latvia,2021,,3923,,,,,
dataflow,ESTAT:ROAD_EQR_CARPDA(1.0),New passenger cars by type of motor energy,A,Annual,NR,Number,DIE_X_HYB,Diesel (excluding hybrids)  ,LV,Latvia,2022,,2606,,,,,
dataflow,ESTAT:ROAD_EQR_CARPDA(1.0),New passenger cars by type of motor energy,A,Annual,NR,Number,DIE_X_HYB,Diesel (excluding hybrids)  ,LV,Latvia,2023,,2700,,,,,
dataflow,ESTAT:ROAD_EQR_CARPDA(1.0),New passenger cars by type of motor energy,A,Annual,NR,Number,DIE_X_HYB,Diesel (excluding hybrids)  ,LV,Latvia,2024,,2518,,,,,
dataflow,ESTAT:ROAD_EQR_CARPDA(1.0),New passenger cars by type of motor energy,A,Annual,NR,Number,DIE_X_HYB,Diesel (excluding hybrids)  ,MD,Moldova,2017,,0,,,,,
dataflow,ESTAT:ROAD_EQR_CARPDA(1.0),New passenger cars by type of motor energy,A,Annual,NR,Number,DIE_X_HYB,Diesel (excluding hybrids)  ,ME,Montenegro,2016,,1288,,,,,
dataflow,ESTAT:ROAD_EQR_CARPDA(1.0),New passenger cars by type of motor energy,A,Annual,NR,Number,DIE_X_HYB,Diesel (excluding hybrids)  ,ME,Montenegro,2018,,1599,,,,,
dataflow,ESTAT:ROAD_EQR_CARPDA(1.0),New passenger cars by type of motor energy,A,Annual,NR,Number,DIE_X_HYB,Diesel (excluding hybrids)  ,ME,Montenegro,2019,,1164,,,,,
dataflow,ESTAT:ROAD_EQR_CARPDA(1.0),New passenger cars by type of motor energy,A,Annual,NR,Number,DIE_X_HYB,Diesel (excluding hybrids)  ,ME,Montenegro,2020,,500,,,,,
dataflow,ESTAT:ROAD_EQR_CARPDA(1.0),New passenger cars by type of motor energy,A,Annual,NR,Number,DIE_X_HYB,Diesel (excluding hybrids)  ,ME,Montenegro,2021,,1181,,,,,
dataflow,ESTAT:ROAD_EQR_CARPDA(1.0),New passenger cars by type of motor energy,A,Annual,NR,Number,DIE_X_HYB,Diesel (excluding hybrids)  ,ME,Montenegro,2022,,699,,,,,
dataflow,ESTAT:ROAD_EQR_CARPDA(1.0),New passenger cars by type of motor energy,A,Annual,NR,Number,DIE_X_HYB,Diesel (excluding hybrids)  ,MT,Malta,2015,,2709,,,,,
dataflow,ESTAT:ROAD_EQR_CARPDA(1.0),New passenger cars by type of motor energy,A,Annual,NR,Number,DIE_X_HYB,Diesel (excluding hybrids)  ,MT,Malta,2016,,2601,,,,,
dataflow,ESTAT:ROAD_EQR_CARPDA(1.0),New passenger cars by type of motor energy,A,Annual,NR,Number,DIE_X_HYB,Diesel (excluding hybrids)  ,MT,Malta,2017,,2613,,,,,
dataflow,ESTAT:ROAD_EQR_CARPDA(1.0),New passenger cars by type of motor energy,A,Annual,NR,Number,DIE_X_HYB,Diesel (excluding hybrids)  ,MT,Malta,2018,,2409,,,,,
dataflow,ESTAT:ROAD_EQR_CARPDA(1.0),New passenger cars by type of motor energy,A,Annual,NR,Number,DIE_X_HYB,Diesel (excluding hybrids)  ,MT,Malta,2019,,2074,,,,,
dataflow,ESTAT:ROAD_EQR_CARPDA(1.0),New passenger cars by type of motor energy,A,Annual,NR,Number,DIE_X_HYB,Diesel (excluding hybrids)  ,MT,Malta,2020,,1036,,,,,
dataflow,ESTAT:ROAD_EQR_CARPDA(1.0),New passenger cars by type of motor energy,A,Annual,NR,Number,DIE_X_HYB,Diesel (excluding hybrids)  ,MT,Malta,2021,,528,,,,,
dataflow,ESTAT:ROAD_EQR_CARPDA(1.0),New passenger cars by type of motor energy,A,Annual,NR,Number,DIE_X_HYB,Diesel (excluding hybrids)  ,MT,Malta,2022,,406,,,,,
dataflow,ESTAT:ROAD_EQR_CARPDA(1.0),New passenger cars by type of motor energy,A,Annual,NR,Number,DIE_X_HYB,Diesel (excluding hybrids)  ,MT,Malta,2023,,623,,,,,
dataflow,ESTAT:ROAD_EQR_CARPDA(1.0),New passenger cars by type of motor energy,A,Annual,NR,Number,DIE_X_HYB,Diesel (excluding hybrids)  ,MT,Malta,2024,,301,,,,,
dataflow,ESTAT:ROAD_EQR_CARPDA(1.0),New passenger cars by type of motor energy,A,Annual,NR,Number,DIE_X_HYB,Diesel (excluding hybrids)  ,NL,Netherlands,2019,,32685,,,,,
dataflow,ESTAT:ROAD_EQR_CARPDA(1.0),New passenger cars by type of motor energy,A,Annual,NR,Number,DIE_X_HYB,Diesel (excluding hybrids)  ,NL,Netherlands,2020,,12963,,,,,
dataflow,ESTAT:ROAD_EQR_CARPDA(1.0),New passenger cars by type of motor energy,A,Annual,NR,Number,DIE_X_HYB,Diesel (excluding hybrids)  ,NL,Netherlands,2021,,6920,,,,,
dataflow,ESTAT:ROAD_EQR_CARPDA(1.0),New passenger cars by type of motor energy,A,Annual,NR,Number,DIE_X_HYB,Diesel (excluding hybrids)  ,NL,Netherlands,2022,,4638,,,,,
dataflow,ESTAT:ROAD_EQR_CARPDA(1.0),New passenger cars by type of motor energy,A,Annual,NR,Number,DIE_X_HYB,Diesel (excluding hybrids)  ,NL,Netherlands,2023,,3966,,,,,
dataflow,ESTAT:ROAD_EQR_CARPDA(1.0),New passenger cars by type of motor energy,A,Annual,NR,Number,DIE_X_HYB,Diesel (excluding hybrids)  ,NL,Netherlands,2024,,3765,,,,,
dataflow,ESTAT:ROAD_EQR_CARPDA(1.0),New passenger cars by type of motor energy,A,Annual,NR,Number,DIE_X_HYB,Diesel (excluding hybrids)  ,NO,Norway,2016,,52313,,,,,
dataflow,ESTAT:ROAD_EQR_CARPDA(1.0),New passenger cars by type of motor energy,A,Annual,NR,Number,DIE_X_HYB,Diesel (excluding hybrids)  ,NO,Norway,2017,,42015,,,,,
dataflow,ESTAT:ROAD_EQR_CARPDA(1.0),New passenger cars by type of motor energy,A,Annual,NR,Number,DIE_X_HYB,Diesel (excluding hybrids)  ,NO,Norway,2018,,32340,,,,,
dataflow,ESTAT:ROAD_EQR_CARPDA(1.0),New passenger cars by type of motor energy,A,Annual,NR,Number,DIE_X_HYB,Diesel (excluding hybrids)  ,NO,Norway,2019,,26871,,,,,
dataflow,ESTAT:ROAD_EQR_CARPDA(1.0),New passenger cars by type of motor energy,A,Annual,NR,Number,DIE_X_HYB,Diesel (excluding hybrids)  ,NO,Norway,2020,,17331,,,,,
dataflow,ESTAT:ROAD_EQR_CARPDA(1.0),New passenger cars by type of motor energy,A,Annual,NR,Number,DIE_X_HYB,Diesel (excluding hybrids)  ,NO,Norway,2021,,9576,,,,,
dataflow,ESTAT:ROAD_EQR_CARPDA(1.0),New passenger cars by type of motor energy,A,Annual,NR,Number,DIE_X_HYB,Diesel (excluding hybrids)  ,NO,Norway,2022,,6968,,,,,
dataflow,ESTAT:ROAD_EQR_CARPDA(1.0),New passenger cars by type of motor energy,A,Annual,NR,Number,DIE_X_HYB,Diesel (excluding hybrids)  ,NO,Norway,2023,,4477,,,,,
dataflow,ESTAT:ROAD_EQR_CARPDA(1.0),New passenger cars by type of motor energy,A,Annual,NR,Number,DIE_X_HYB,Diesel (excluding hybrids)  ,NO,Norway,2024,,4286,,,,,
dataflow,ESTAT:ROAD_EQR_CARPDA(1.0),New passenger cars by type of motor energy,A,Annual,NR,Number,DIE_X_HYB,Diesel (excluding hybrids)  ,PL,Poland,2013,,102260,,i,value imputed by Eurostat or other receiving agencies,,
dataflow,ESTAT:ROAD_EQR_CARPDA(1.0),New passenger cars by type of motor energy,A,Annual,NR,Number,DIE_X_HYB,Diesel (excluding hybrids)  ,PL,Poland,2014,,121102,,i,value imputed by Eurostat or other receiving agencies,,
dataflow,ESTAT:ROAD_EQR_CARPDA(1.0),New passenger cars by type of motor energy,A,Annual,NR,Number,DIE_X_HYB,Diesel (excluding hybrids)  ,PL,Poland,2015,,119613,,i,value imputed by Eurostat or other receiving agencies,,
dataflow,ESTAT:ROAD_EQR_CARPDA(1.0),New passenger cars by type of motor energy,A,Annual,NR,Number,DIE_X_HYB,Diesel (excluding hybrids)  ,PL,Poland,2016,,132663,,i,value imputed by Eurostat or other receiving agencies,,
dataflow,ESTAT:ROAD_EQR_CARPDA(1.0),New passenger cars by type of motor energy,A,Annual,NR,Number,DIE_X_HYB,Diesel (excluding hybrids)  ,PL,Poland,2017,,137213,,i,value imputed by Eurostat or other receiving agencies,,
dataflow,ESTAT:ROAD_EQR_CARPDA(1.0),New passenger cars by type of motor energy,A,Annual,NR,Number,DIE_X_HYB,Diesel (excluding hybrids)  ,PL,Poland,2018,,133738,,i,value imputed by Eurostat or other receiving agencies,,
dataflow,ESTAT:ROAD_EQR_CARPDA(1.0),New passenger cars by type of motor energy,A,Annual,NR,Number,DIE_X_HYB,Diesel (excluding hybrids)  ,PL,Poland,2019,,115838,,i,value imputed by Eurostat or other receiving agencies,,
dataflow,ESTAT:ROAD_EQR_CARPDA(1.0),New passenger cars by type of motor energy,A,Annual,NR,Number,DIE_X_HYB,Diesel (excluding hybrids)  ,PL,Poland,2020,,85610,,i,value imputed by Eurostat or other receiving agencies,,
dataflow,ESTAT:ROAD_EQR_CARPDA(1.0),New passenger cars by type of motor energy,A,Annual,NR,Number,DIE_X_HYB,Diesel (excluding hybrids)  ,PL,Poland,2021,,71053,,i,value imputed by Eurostat or other receiving agencies,,
dataflow,ESTAT:ROAD_EQR_CARPDA(1.0),New passenger cars by type of motor energy,A,Annual,NR,Number,DIE_X_HYB,Diesel (excluding hybrids)  ,PL,Poland,2022,,59875,,i,value imputed by Eurostat or other receiving agencies,,
dataflow,ESTAT:ROAD_EQR_CARPDA(1.0),New passenger cars by type of motor energy,A,Annual,NR,Number,DIE_X_HYB,Diesel (excluding hybrids)  ,PL,Poland,2023,,63610,,i,value imputed by Eurostat or other receiving agencies,,
dataflow,ESTAT:ROAD_EQR_CARPDA(1.0),New passenger cars by type of motor energy,A,Annual,NR,Number,DIE_X_HYB,Diesel (excluding hybrids)  ,PL,Poland,2024,,73139,,i,value imputed by Eurostat or other receiving agencies,,
dataflow,ESTAT:ROAD_EQR_CARPDA(1.0),New passenger cars by type of motor energy,A,Annual,NR,Number,DIE_X_HYB,Diesel (excluding hybrids)  ,PT,Portugal,2017,,138712,,,,,
dataflow,ESTAT:ROAD_EQR_CARPDA(1.0),New passenger cars by type of motor energy,A,Annual,NR,Number,DIE_X_HYB,Diesel (excluding hybrids)  ,PT,Portugal,2018,,123326,,,,,
dataflow,ESTAT:ROAD_EQR_CARPDA(1.0),New passenger cars by type of motor energy,A,Annual,NR,Number,DIE_X_HYB,Diesel (excluding hybrids)  ,PT,Portugal,2019,,89376,,,,,
dataflow,ESTAT:ROAD_EQR_CARPDA(1.0),New passenger cars by type of motor energy,A,Annual,NR,Number,DIE_X_HYB,Diesel (excluding hybrids)  ,PT,Portugal,2020,,47564,,,,,
dataflow,ESTAT:ROAD_EQR_CARPDA(1.0),New passenger cars by type of motor energy,A,Annual,NR,Number,DIE_X_HYB,Diesel (excluding hybrids)  ,PT,Portugal,2021,,31766,,,,,
dataflow,ESTAT:ROAD_EQR_CARPDA(1.0),New passenger cars by type of motor energy,A,Annual,NR,Number,DIE_X_HYB,Diesel (excluding hybrids)  ,PT,Portugal,2022,,27881,,,,,
dataflow,ESTAT:ROAD_EQR_CARPDA(1.0),New passenger cars by type of motor energy,A,Annual,NR,Number,DIE_X_HYB,Diesel (excluding hybrids)  ,PT,Portugal,2023,,23900,,,,,
dataflow,ESTAT:ROAD_EQR_CARPDA(1.0),New passenger cars by type of motor energy,A,Annual,NR,Number,DIE_X_HYB,Diesel (excluding hybrids)  ,PT,Portugal,2024,,18190,,p,provisional,,
dataflow,ESTAT:ROAD_EQR_CARPDA(1.0),New passenger cars by type of motor energy,A,Annual,NR,Number,DIE_X_HYB,Diesel (excluding hybrids)  ,RO,Romania,2013,,31481,,,,,
dataflow,ESTAT:ROAD_EQR_CARPDA(1.0),New passenger cars by type of motor energy,A,Annual,NR,Number,DIE_X_HYB,Diesel (excluding hybrids)  ,RO,Romania,2014,,39774,,,,,
dataflow,ESTAT:ROAD_EQR_CARPDA(1.0),New passenger cars by type of motor energy,A,Annual,NR,Number,DIE_X_HYB,Diesel (excluding hybrids)  ,RO,Romania,2015,,44861,,,,,
dataflow,ESTAT:ROAD_EQR_CARPDA(1.0),New passenger cars by type of motor energy,A,Annual,NR,Number,DIE_X_HYB,Diesel (excluding hybrids)  ,RO,Romania,2016,,48591,,,,,
dataflow,ESTAT:ROAD_EQR_CARPDA(1.0),New passenger cars by type of motor energy,A,Annual,NR,Number,DIE_X_HYB,Diesel (excluding hybrids)  ,RO,Romania,2017,,53979,,,,,
dataflow,ESTAT:ROAD_EQR_CARPDA(1.0),New passenger cars by type of motor energy,A,Annual,NR,Number,DIE_X_HYB,Diesel (excluding hybrids)  ,RO,Romania,2018,,53239,,,,,
dataflow,ESTAT:ROAD_EQR_CARPDA(1.0),New passenger cars by type of motor energy,A,Annual,NR,Number,DIE_X_HYB,Diesel (excluding hybrids)  ,RO,Romania,2019,,43365,,,,,
dataflow,ESTAT:ROAD_EQR_CARPDA(1.0),New passenger cars by type of motor energy,A,Annual,NR,Number,DIE_X_HYB,Diesel (excluding hybrids)  ,RO,Romania,2020,,33826,,,,,
dataflow,ESTAT:ROAD_EQR_CARPDA(1.0),New passenger cars by type of motor energy,A,Annual,NR,Number,DIE_X_HYB,Diesel (excluding hybrids)  ,RO,Romania,2021,,20393,,,,,
dataflow,ESTAT:ROAD_EQR_CARPDA(1.0),New passenger cars by type of motor energy,A,Annual,NR,Number,DIE_X_HYB,Diesel (excluding hybrids)  ,RO,Romania,2022,,16413,,,,,
dataflow,ESTAT:ROAD_EQR_CARPDA(1.0),New passenger cars by type of motor energy,A,Annual,NR,Number,DIE_X_HYB,Diesel (excluding hybrids)  ,RO,Romania,2023,,16322,,,,,
dataflow,ESTAT:ROAD_EQR_CARPDA(1.0),New passenger cars by type of motor energy,A,Annual,NR,Number,DIE_X_HYB,Diesel (excluding hybrids)  ,RO,Romania,2024,,18435,,,,,
dataflow,ESTAT:ROAD_EQR_CARPDA(1.0),New passenger cars by type of motor energy,A,Annual,NR,Number,DIE_X_HYB,Diesel (excluding hybrids)  ,RS,Serbia,2019,,20379,,,,,
dataflow,ESTAT:ROAD_EQR_CARPDA(1.0),New passenger cars by type of motor energy,A,Annual,NR,Number,DIE_X_HYB,Diesel (excluding hybrids)  ,RS,Serbia,2020,,16104,,,,,
dataflow,ESTAT:ROAD_EQR_CARPDA(1.0),New passenger cars by type of motor energy,A,Annual,NR,Number,DIE_X_HYB,Diesel (excluding hybrids)  ,RS,Serbia,2021,,10951,,,,,
dataflow,ESTAT:ROAD_EQR_CARPDA(1.0),New passenger cars by type of motor energy,A,Annual,NR,Number,DIE_X_HYB,Diesel (excluding hybrids)  ,RS,Serbia,2022,,9568,,,,,
dataflow,ESTAT:ROAD_EQR_CARPDA(1.0),New passenger cars by type of motor energy,A,Annual,NR,Number,DIE_X_HYB,Diesel (excluding hybrids)  ,RS,Serbia,2023,,9584,,,,,
dataflow,ESTAT:ROAD_EQR_CARPDA(1.0),New passenger cars by type of motor energy,A,Annual,NR,Number,DIE_X_HYB,Diesel (excluding hybrids)  ,RS,Serbia,2024,,10036,,,,,
dataflow,ESTAT:ROAD_EQR_CARPDA(1.0),New passenger cars by type of motor energy,A,Annual,NR,Number,DIE_X_HYB,Diesel (excluding hybrids)  ,SE,Sweden,2013,,175422,,,,,
dataflow,ESTAT:ROAD_EQR_CARPDA(1.0),New passenger cars by type of motor energy,A,Annual,NR,Number,DIE_X_HYB,Diesel (excluding hybrids)  ,SE,Sweden,2014,,188028,,,,,
dataflow,ESTAT:ROAD_EQR_CARPDA(1.0),New passenger cars by type of motor energy,A,Annual,NR,Number,DIE_X_HYB,Diesel (excluding hybrids)  ,SE,Sweden,2015,,206377,,,,,
dataflow,ESTAT:ROAD_EQR_CARPDA(1.0),New passenger cars by type of motor energy,A,Annual,NR,Number,DIE_X_HYB,Diesel (excluding hybrids)  ,SE,Sweden,2016,,201040,,,,,
dataflow,ESTAT:ROAD_EQR_CARPDA(1.0),New passenger cars by type of motor energy,A,Annual,NR,Number,DIE_X_HYB,Diesel (excluding hybrids)  ,SE,Sweden,2017,,191059,,,,,
dataflow,ESTAT:ROAD_EQR_CARPDA(1.0),New passenger cars by type of motor energy,A,Annual,NR,Number,DIE_X_HYB,Diesel (excluding hybrids)  ,SE,Sweden,2018,,137387,,,,,
dataflow,ESTAT:ROAD_EQR_CARPDA(1.0),New passenger cars by type of motor energy,A,Annual,NR,Number,DIE_X_HYB,Diesel (excluding hybrids)  ,SE,Sweden,2019,,117760,,,,,
dataflow,ESTAT:ROAD_EQR_CARPDA(1.0),New passenger cars by type of motor energy,A,Annual,NR,Number,DIE_X_HYB,Diesel (excluding hybrids)  ,SE,Sweden,2020,,54132,,,,,
dataflow,ESTAT:ROAD_EQR_CARPDA(1.0),New passenger cars by type of motor energy,A,Annual,NR,Number,DIE_X_HYB,Diesel (excluding hybrids)  ,SE,Sweden,2021,,27184,,,,,
dataflow,ESTAT:ROAD_EQR_CARPDA(1.0),New passenger cars by type of motor energy,A,Annual,NR,Number,DIE_X_HYB,Diesel (excluding hybrids)  ,SE,Sweden,2022,,18379,,,,,
dataflow,ESTAT:ROAD_EQR_CARPDA(1.0),New passenger cars by type of motor energy,A,Annual,NR,Number,DIE_X_HYB,Diesel (excluding hybrids)  ,SE,Sweden,2023,,24115,,,,,
dataflow,ESTAT:ROAD_EQR_CARPDA(1.0),New passenger cars by type of motor energy,A,Annual,NR,Number,DIE_X_HYB,Diesel (excluding hybrids)  ,SE,Sweden,2024,,19917,,,,,
dataflow,ESTAT:ROAD_EQR_CARPDA(1.0),New passenger cars by type of motor energy,A,Annual,NR,Number,DIE_X_HYB,Diesel (excluding hybrids)  ,SI,Slovenia,2014,,29763,,,,,
dataflow,ESTAT:ROAD_EQR_CARPDA(1.0),New passenger cars by type of motor energy,A,Annual,NR,Number,DIE_X_HYB,Diesel (excluding hybrids)  ,SI,Slovenia,2015,,31031,,,,,
dataflow,ESTAT:ROAD_EQR_CARPDA(1.0),New passenger cars by type of motor energy,A,Annual,NR,Number,DIE_X_HYB,Diesel (excluding hybrids)  ,SI,Slovenia,2016,,32589,,,,,
dataflow,ESTAT:ROAD_EQR_CARPDA(1.0),New passenger cars by type of motor energy,A,Annual,NR,Number,DIE_X_HYB,Diesel (excluding hybrids)  ,SI,Slovenia,2017,,32410,,,,,
dataflow,ESTAT:ROAD_EQR_CARPDA(1.0),New passenger cars by type of motor energy,A,Annual,NR,Number,DIE_X_HYB,Diesel (excluding hybrids)  ,SI,Slovenia,2018,,23877,,,,,
dataflow,ESTAT:ROAD_EQR_CARPDA(1.0),New passenger cars by type of motor energy,A,Annual,NR,Number,DIE_X_HYB,Diesel (excluding hybrids)  ,SI,Slovenia,2019,,21499,,,,,
dataflow,ESTAT:ROAD_EQR_CARPDA(1.0),New passenger cars by type of motor energy,A,Annual,NR,Number,DIE_X_HYB,Diesel (excluding hybrids)  ,SI,Slovenia,2020,,16918,,,,,
dataflow,ESTAT:ROAD_EQR_CARPDA(1.0),New passenger cars by type of motor energy,A,Annual,NR,Number,DIE_X_HYB,Diesel (excluding hybrids)  ,SI,Slovenia,2021,,11743,,,,,
dataflow,ESTAT:ROAD_EQR_CARPDA(1.0),New passenger cars by type of motor energy,A,Annual,NR,Number,DIE_X_HYB,Diesel (excluding hybrids)  ,SI,Slovenia,2022,,7739,,,,,
dataflow,ESTAT:ROAD_EQR_CARPDA(1.0),New passenger cars by type of motor energy,A,Annual,NR,Number,DIE_X_HYB,Diesel (excluding hybrids)  ,SI,Slovenia,2023,,7355,,,,,
dataflow,ESTAT:ROAD_EQR_CARPDA(1.0),New passenger cars by type of motor energy,A,Annual,NR,Number,DIE_X_HYB,Diesel (excluding hybrids)  ,SI,Slovenia,2024,,8113,,,,,
dataflow,ESTAT:ROAD_EQR_CARPDA(1.0),New passenger cars by type of motor energy,A,Annual,NR,Number,DIE_X_HYB,Diesel (excluding hybrids)  ,SK,Slovakia,2022,,12938,,i,value imputed by Eurostat or other receiving agencies,,
dataflow,ESTAT:ROAD_EQR_CARPDA(1.0),New passenger cars by type of motor energy,A,Annual,NR,Number,DIE_X_HYB,Diesel (excluding hybrids)  ,SK,Slovakia,2023,,15253,,i,value imputed by Eurostat or other receiving agencies,,
dataflow,ESTAT:ROAD_EQR_CARPDA(1.0),New passenger cars by type of motor energy,A,Annual,NR,Number,DIE_X_HYB,Diesel (excluding hybrids)  ,SK,Slovakia,2024,,14808,,i,value imputed by Eurostat or other receiving agencies,,
dataflow,ESTAT:ROAD_EQR_CARPDA(1.0),New passenger cars by type of motor energy,A,Annual,NR,Number,DIE_X_HYB,Diesel (excluding hybrids)  ,TR,Türkiye,2013,,383904,,,,,
dataflow,ESTAT:ROAD_EQR_CARPDA(1.0),New passenger cars by type of motor energy,A,Annual,NR,Number,DIE_X_HYB,Diesel (excluding hybrids)  ,TR,Türkiye,2014,,364241,,,,,
dataflow,ESTAT:ROAD_EQR_CARPDA(1.0),New passenger cars by type of motor energy,A,Annual,NR,Number,DIE_X_HYB,Diesel (excluding hybrids)  ,TR,Türkiye,2015,,462119,,,,,
dataflow,ESTAT:ROAD_EQR_CARPDA(1.0),New passenger cars by type of motor energy,A,Annual,NR,Number,DIE_X_HYB,Diesel (excluding hybrids)  ,TR,Türkiye,2016,,460781,,,,,
dataflow,ESTAT:ROAD_EQR_CARPDA(1.0),New passenger cars by type of motor energy,A,Annual,NR,Number,DIE_X_HYB,Diesel (excluding hybrids)  ,TR,Türkiye,2017,,457060,,,,,
dataflow,ESTAT:ROAD_EQR_CARPDA(1.0),New passenger cars by type of motor energy,A,Annual,NR,Number,DIE_X_HYB,Diesel (excluding hybrids)  ,TR,Türkiye,2018,,320349,,,,,
dataflow,ESTAT:ROAD_EQR_CARPDA(1.0),New passenger cars by type of motor energy,A,Annual,NR,Number,DIE_X_HYB,Diesel (excluding hybrids)  ,TR,Türkiye,2019,,211027,,,,,
dataflow,ESTAT:ROAD_EQR_CARPDA(1.0),New passenger cars by type of motor energy,A,Annual,NR,Number,DIE_X_HYB,Diesel (excluding hybrids)  ,TR,Türkiye,2020,,246016,,,,,
dataflow,ESTAT:ROAD_EQR_CARPDA(1.0),New passenger cars by type of motor energy,A,Annual,NR,Number,DIE_X_HYB,Diesel (excluding hybrids)  ,TR,Türkiye,2021,,144640,,,,,
dataflow,ESTAT:ROAD_EQR_CARPDA(1.0),New passenger cars by type of motor energy,A,Annual,NR,Number,DIE_X_HYB,Diesel (excluding hybrids)  ,TR,Türkiye,2022,,101808,,,,,
dataflow,ESTAT:ROAD_EQR_CARPDA(1.0),New passenger cars by type of motor energy,A,Annual,NR,Number,DIE_X_HYB,Diesel (excluding hybrids)  ,TR,Türkiye,2023,,153675,,,,,
dataflow,ESTAT:ROAD_EQR_CARPDA(1.0),New passenger cars by type of motor energy,A,Annual,NR,Number,DIE_X_HYB,Diesel (excluding hybrids)  ,TR,Türkiye,2024,,114264,,,,,
dataflow,ESTAT:ROAD_EQR_CARPDA(1.0),New passenger cars by type of motor energy,A,Annual,NR,Number,DIE_X_HYB,Diesel (excluding hybrids)  ,UA,Ukraine,2019,,15805,,,,,
dataflow,ESTAT:ROAD_EQR_CARPDA(1.0),New passenger cars by type of motor energy,A,Annual,NR,Number,DIE_X_HYB,Diesel (excluding hybrids)  ,UA,Ukraine,2020,,28777,,,,,
dataflow,ESTAT:ROAD_EQR_CARPDA(1.0),New passenger cars by type of motor energy,A,Annual,NR,Number,DIE_X_HYB,Diesel (excluding hybrids)  ,UA,Ukraine,2021,,28817,,,,,
dataflow,ESTAT:ROAD_EQR_CARPDA(1.0),New passenger cars by type of motor energy,A,Annual,NR,Number,DIE_X_HYB,Diesel (excluding hybrids)  ,UA,Ukraine,2022,,9614,,,,,
dataflow,ESTAT:ROAD_EQR_CARPDA(1.0),New passenger cars by type of motor energy,A,Annual,NR,Number,DIE_X_HYB,Diesel (excluding hybrids)  ,UA,Ukraine,2023,,15805,,,,,
dataflow,ESTAT:ROAD_EQR_CARPDA(1.0),New passenger cars by type of motor energy,A,Annual,NR,Number,DIE_X_HYB,Diesel (excluding hybrids)  ,UA,Ukraine,2024,,17521,,,,,
dataflow,ESTAT:ROAD_EQR_CARPDA(1.0),New passenger cars by type of motor energy,A,Annual,NR,Number,DIE_X_HYB,Diesel (excluding hybrids)  ,UK,United Kingdom,2015,,1253393,,,,,
dataflow,ESTAT:ROAD_EQR_CARPDA(1.0),New passenger cars by type of motor energy,A,Annual,NR,Number,DIE_X_HYB,Diesel (excluding hybrids)  ,UK,United Kingdom,2016,,1262512,,,,,
dataflow,ESTAT:ROAD_EQR_CARPDA(1.0),New passenger cars by type of motor energy,A,Annual,NR,Number,DIE_X_HYB,Diesel (excluding hybrids)  ,UK,United Kingdom,2017,,1047685,,,,,
dataflow,ESTAT:ROAD_EQR_CARPDA(1.0),New passenger cars by type of motor energy,A,Annual,NR,Number,DIE_X_HYB,Diesel (excluding hybrids)  ,UK,United Kingdom,2018,,735720,,,,,
dataflow,ESTAT:ROAD_EQR_CARPDA(1.0),New passenger cars by type of motor energy,A,Annual,NR,Number,DIE_X_HYB,Diesel (excluding hybrids)  ,UK,United Kingdom,2021,,188492,,,,,
dataflow,ESTAT:ROAD_EQR_CARPDA(1.0),New passenger cars by type of motor energy,A,Annual,NR,Number,DIE_X_HYB,Diesel (excluding hybrids)  ,UK,United Kingdom,2022,,122987,,,,,
dataflow,ESTAT:ROAD_EQR_CARPDA(1.0),New passenger cars by type of motor energy,A,Annual,NR,Number,DIE_X_HYB,Diesel (excluding hybrids)  ,UK,United Kingdom,2023,,122159,,,,,
dataflow,ESTAT:ROAD_EQR_CARPDA(1.0),New passenger cars by type of motor energy,A,Annual,NR,Number,DIE_X_HYB,Diesel (excluding hybrids)  ,XK,Kosovo*,2017,,16564,,,,,
dataflow,ESTAT:ROAD_EQR_CARPDA(1.0),New passenger cars by type of motor energy,A,Annual,NR,Number,DIE_X_HYB,Diesel (excluding hybrids)  ,XK,Kosovo*,2018,,7686,,,,,
dataflow,ESTAT:ROAD_EQR_CARPDA(1.0),New passenger cars by type of motor energy,A,Annual,NR,Number,DIE_X_HYB,Diesel (excluding hybrids)  ,XK,Kosovo*,2019,,22587,,,,,
dataflow,ESTAT:ROAD_EQR_CARPDA(1.0),New passenger cars by type of motor energy,A,Annual,NR,Number,DIE_X_HYB,Diesel (excluding hybrids)  ,XK,Kosovo*,2021,,24003,,,,,
dataflow,ESTAT:ROAD_EQR_CARPDA(1.0),New passenger cars by type of motor energy,A,Annual,NR,Number,ELC,Electricity,AL,Albania,2019,,24,,,,,
dataflow,ESTAT:ROAD_EQR_CARPDA(1.0),New passenger cars by type of motor energy,A,Annual,NR,Number,ELC,Electricity,AL,Albania,2020,,239,,,,,
dataflow,ESTAT:ROAD_EQR_CARPDA(1.0),New passenger cars by type of motor energy,A,Annual,NR,Number,ELC,Electricity,AL,Albania,2021,,262,,,,,
dataflow,ESTAT:ROAD_EQR_CARPDA(1.0),New passenger cars by type of motor energy,A,Annual,NR,Number,ELC,Electricity,AL,Albania,2022,,624,,,,,
dataflow,ESTAT:ROAD_EQR_CARPDA(1.0),New passenger cars by type of motor energy,A,Annual,NR,Number,ELC,Electricity,AL,Albania,2023,,1671,,,,,
dataflow,ESTAT:ROAD_EQR_CARPDA(1.0),New passenger cars by type of motor energy,A,Annual,NR,Number,ELC,Electricity,AL,Albania,2024,,2843,,,,,
dataflow,ESTAT:ROAD_EQR_CARPDA(1.0),New passenger cars by type of motor energy,A,Annual,NR,Number,ELC,Electricity,AT,Austria,2013,,654,,,,,
dataflow,ESTAT:ROAD_EQR_CARPDA(1.0),New passenger cars by type of motor energy,A,Annual,NR,Number,ELC,Electricity,AT,Austria,2014,,1281,,,,,
dataflow,ESTAT:ROAD_EQR_CARPDA(1.0),New passenger cars by type of motor energy,A,Annual,NR,Number,ELC,Electricity,AT,Austria,2015,,1677,,,,,
dataflow,ESTAT:ROAD_EQR_CARPDA(1.0),New passenger cars by type of motor energy,A,Annual,NR,Number,ELC,Electricity,AT,Austria,2016,,3826,,,,,
dataflow,ESTAT:ROAD_EQR_CARPDA(1.0),New passenger cars by type of motor energy,A,Annual,NR,Number,ELC,Electricity,AT,Austria,2017,,5433,,,,,
dataflow,ESTAT:ROAD_EQR_CARPDA(1.0),New passenger cars by type of motor energy,A,Annual,NR,Number,ELC,Electricity,AT,Austria,2018,,6757,,,,,
dataflow,ESTAT:ROAD_EQR_CARPDA(1.0),New passenger cars by type of motor energy,A,Annual,NR,Number,ELC,Electricity,AT,Austria,2019,,9242,,,,,
dataflow,ESTAT:ROAD_EQR_CARPDA(1.0),New passenger cars by type of motor energy,A,Annual,NR,Number,ELC,Electricity,AT,Austria,2020,,15972,,,,,
dataflow,ESTAT:ROAD_EQR_CARPDA(1.0),New passenger cars by type of motor energy,A,Annual,NR,Number,ELC,Electricity,AT,Austria,2021,,33366,,,,,
dataflow,ESTAT:ROAD_EQR_CARPDA(1.0),New passenger cars by type of motor energy,A,Annual,NR,Number,ELC,Electricity,AT,Austria,2022,,34165,,,,,
dataflow,ESTAT:ROAD_EQR_CARPDA(1.0),New passenger cars by type of motor energy,A,Annual,NR,Number,ELC,Electricity,AT,Austria,2023,,47621,,,,,
dataflow,ESTAT:ROAD_EQR_CARPDA(1.0),New passenger cars by type of motor energy,A,Annual,NR,Number,ELC,Electricity,AT,Austria,2024,,44622,,,,,
dataflow,ESTAT:ROAD_EQR_CARPDA(1.0),New passenger cars by type of motor energy,A,Annual,NR,Number,ELC,Electricity,BA,Bosnia and Herzegovina,2013,,0,,,,,
dataflow,ESTAT:ROAD_EQR_CARPDA(1.0),New passenger cars by type of motor energy,A,Annual,NR,Number,ELC,Electricity,BA,Bosnia and Herzegovina,2014,,0,,,,,
dataflow,ESTAT:ROAD_EQR_CARPDA(1.0),New passenger cars by type of motor energy,A,Annual,NR,Number,ELC,Electricity,BA,Bosnia and Herzegovina,2015,,1,,,,,
dataflow,ESTAT:ROAD_EQR_CARPDA(1.0),New passenger cars by type of motor energy,A,Annual,NR,Number,ELC,Electricity,BA,Bosnia and Herzegovina,2016,,0,,,,,
dataflow,ESTAT:ROAD_EQR_CARPDA(1.0),New passenger cars by type of motor energy,A,Annual,NR,Number,ELC,Electricity,BA,Bosnia and Herzegovina,2017,,7,,,,,
dataflow,ESTAT:ROAD_EQR_CARPDA(1.0),New passenger cars by type of motor energy,A,Annual,NR,Number,ELC,Electricity,BA,Bosnia and Herzegovina,2018,,3,,,,,
dataflow,ESTAT:ROAD_EQR_CARPDA(1.0),New passenger cars by type of motor energy,A,Annual,NR,Number,ELC,Electricity,BA,Bosnia and Herzegovina,2019,,13,,,,,
dataflow,ESTAT:ROAD_EQR_CARPDA(1.0),New passenger cars by type of motor energy,A,Annual,NR,Number,ELC,Electricity,BA,Bosnia and Herzegovina,2020,,8,,,,,
dataflow,ESTAT:ROAD_EQR_CARPDA(1.0),New passenger cars by type of motor energy,A,Annual,NR,Number,ELC,Electricity,BA,Bosnia and Herzegovina,2021,,28,,,,,
dataflow,ESTAT:ROAD_EQR_CARPDA(1.0),New passenger cars by type of motor energy,A,Annual,NR,Number,ELC,Electricity,BA,Bosnia and Herzegovina,2022,,33,,,,,
dataflow,ESTAT:ROAD_EQR_CARPDA(1.0),New passenger cars by type of motor energy,A,Annual,NR,Number,ELC,Electricity,BA,Bosnia and Herzegovina,2023,,135,,,,,
dataflow,ESTAT:ROAD_EQR_CARPDA(1.0),New passenger cars by type of motor energy,A,Annual,NR,Number,ELC,Electricity,BA,Bosnia and Herzegovina,2024,,96,,,,,
dataflow,ESTAT:ROAD_EQR_CARPDA(1.0),New passenger cars by type of motor energy,A,Annual,NR,Number,ELC,Electricity,BE,Belgium,2013,,501,,,,,
dataflow,ESTAT:ROAD_EQR_CARPDA(1.0),New passenger cars by type of motor energy,A,Annual,NR,Number,ELC,Electricity,BE,Belgium,2014,,1167,,,,,
dataflow,ESTAT:ROAD_EQR_CARPDA(1.0),New passenger cars by type of motor energy,A,Annual,NR,Number,ELC,Electricity,BE,Belgium,2015,,1360,,,,,
dataflow,ESTAT:ROAD_EQR_CARPDA(1.0),New passenger cars by type of motor energy,A,Annual,NR,Number,ELC,Electricity,BE,Belgium,2016,,2061,,,,,
dataflow,ESTAT:ROAD_EQR_CARPDA(1.0),New passenger cars by type of motor energy,A,Annual,NR,Number,ELC,Electricity,BE,Belgium,2017,,2717,,,,,
dataflow,ESTAT:ROAD_EQR_CARPDA(1.0),New passenger cars by type of motor energy,A,Annual,NR,Number,ELC,Electricity,BE,Belgium,2018,,3763,,,,,
dataflow,ESTAT:ROAD_EQR_CARPDA(1.0),New passenger cars by type of motor energy,A,Annual,NR,Number,ELC,Electricity,BE,Belgium,2019,,8892,,,,,
dataflow,ESTAT:ROAD_EQR_CARPDA(1.0),New passenger cars by type of motor energy,A,Annual,NR,Number,ELC,Electricity,BE,Belgium,2020,,15044,,,,,
dataflow,ESTAT:ROAD_EQR_CARPDA(1.0),New passenger cars by type of motor energy,A,Annual,NR,Number,ELC,Electricity,BE,Belgium,2021,,22774,,,,,
dataflow,ESTAT:ROAD_EQR_CARPDA(1.0),New passenger cars by type of motor energy,A,Annual,NR,Number,ELC,Electricity,BE,Belgium,2022,,37760,,,,,
dataflow,ESTAT:ROAD_EQR_CARPDA(1.0),New passenger cars by type of motor energy,A,Annual,NR,Number,ELC,Electricity,BE,Belgium,2023,,93482,,i,value imputed by Eurostat or other receiving agencies,,
dataflow,ESTAT:ROAD_EQR_CARPDA(1.0),New passenger cars by type of motor energy,A,Annual,NR,Number,ELC,Electricity,BE,Belgium,2024,,127915,,i,value imputed by Eurostat or other receiving agencies,,
dataflow,ESTAT:ROAD_EQR_CARPDA(1.0),New passenger cars by type of motor energy,A,Annual,NR,Number,ELC,Electricity,BG,Bulgaria,2013,,0,,i,value imputed by Eurostat or other receiving agencies,,
dataflow,ESTAT:ROAD_EQR_CARPDA(1.0),New passenger cars by type of motor energy,A,Annual,NR,Number,ELC,Electricity,BG,Bulgaria,2014,,0,,i,value imputed by Eurostat or other receiving agencies,,
dataflow,ESTAT:ROAD_EQR_CARPDA(1.0),New passenger cars by type of motor energy,A,Annual,NR,Number,ELC,Electricity,BG,Bulgaria,2015,,10,,i,value imputed by Eurostat or other receiving agencies,,
dataflow,ESTAT:ROAD_EQR_CARPDA(1.0),New passenger cars by type of motor energy,A,Annual,NR,Number,ELC,Electricity,BG,Bulgaria,2016,,11,,i,value imputed by Eurostat or other receiving agencies,,
dataflow,ESTAT:ROAD_EQR_CARPDA(1.0),New passenger cars by type of motor energy,A,Annual,NR,Number,ELC,Electricity,BG,Bulgaria,2017,,13,,i,value imputed by Eurostat or other receiving agencies,,
dataflow,ESTAT:ROAD_EQR_CARPDA(1.0),New passenger cars by type of motor energy,A,Annual,NR,Number,ELC,Electricity,BG,Bulgaria,2018,,145,,i,value imputed by Eurostat or other receiving agencies,,
dataflow,ESTAT:ROAD_EQR_CARPDA(1.0),New passenger cars by type of motor energy,A,Annual,NR,Number,ELC,Electricity,BG,Bulgaria,2019,,188,,i,value imputed by Eurostat or other receiving agencies,,
dataflow,ESTAT:ROAD_EQR_CARPDA(1.0),New passenger cars by type of motor energy,A,Annual,NR,Number,ELC,Electricity,BG,Bulgaria,2020,,277,,i,value imputed by Eurostat or other receiving agencies,,
dataflow,ESTAT:ROAD_EQR_CARPDA(1.0),New passenger cars by type of motor energy,A,Annual,NR,Number,ELC,Electricity,BG,Bulgaria,2021,,550,,i,value imputed by Eurostat or other receiving agencies,,
dataflow,ESTAT:ROAD_EQR_CARPDA(1.0),New passenger cars by type of motor energy,A,Annual,NR,Number,ELC,Electricity,BG,Bulgaria,2022,,1021,,i,value imputed by Eurostat or other receiving agencies,,
dataflow,ESTAT:ROAD_EQR_CARPDA(1.0),New passenger cars by type of motor energy,A,Annual,NR,Number,ELC,Electricity,BG,Bulgaria,2023,,1754,,i,value imputed by Eurostat or other receiving agencies,,
dataflow,ESTAT:ROAD_EQR_CARPDA(1.0),New passenger cars by type of motor energy,A,Annual,NR,Number,ELC,Electricity,BG,Bulgaria,2024,,1665,,i,value imputed by Eurostat or other receiving agencies,,
dataflow,ESTAT:ROAD_EQR_CARPDA(1.0),New passenger cars by type of motor energy,A,Annual,NR,Number,ELC,Electricity,CH,Switzerland,2013,,1393,,,,,
dataflow,ESTAT:ROAD_EQR_CARPDA(1.0),New passenger cars by type of motor energy,A,Annual,NR,Number,ELC,Electricity,CH,Switzerland,2014,,1948,,,,,
dataflow,ESTAT:ROAD_EQR_CARPDA(1.0),New passenger cars by type of motor energy,A,Annual,NR,Number,ELC,Electricity,CH,Switzerland,2015,,3882,,,,,
dataflow,ESTAT:ROAD_EQR_CARPDA(1.0),New passenger cars by type of motor energy,A,Annual,NR,Number,ELC,Electricity,CH,Switzerland,2016,,3525,,,,,
dataflow,ESTAT:ROAD_EQR_CARPDA(1.0),New passenger cars by type of motor energy,A,Annual,NR,Number,ELC,Electricity,CH,Switzerland,2017,,4929,,,,,
dataflow,ESTAT:ROAD_EQR_CARPDA(1.0),New passenger cars by type of motor energy,A,Annual,NR,Number,ELC,Electricity,CH,Switzerland,2018,,5349,,,,,
dataflow,ESTAT:ROAD_EQR_CARPDA(1.0),New passenger cars by type of motor energy,A,Annual,NR,Number,ELC,Electricity,CH,Switzerland,2019,,13177,,,,,
dataflow,ESTAT:ROAD_EQR_CARPDA(1.0),New passenger cars by type of motor energy,A,Annual,NR,Number,ELC,Electricity,CH,Switzerland,2020,,19753,,,,,
dataflow,ESTAT:ROAD_EQR_CARPDA(1.0),New passenger cars by type of motor energy,A,Annual,NR,Number,ELC,Electricity,CH,Switzerland,2021,,32025,,,,,
dataflow,ESTAT:ROAD_EQR_CARPDA(1.0),New passenger cars by type of motor energy,A,Annual,NR,Number,ELC,Electricity,CH,Switzerland,2022,,40518,,,,,
dataflow,ESTAT:ROAD_EQR_CARPDA(1.0),New passenger cars by type of motor energy,A,Annual,NR,Number,ELC,Electricity,CH,Switzerland,2023,,52947,,,,,
dataflow,ESTAT:ROAD_EQR_CARPDA(1.0),New passenger cars by type of motor energy,A,Annual,NR,Number,ELC,Electricity,CH,Switzerland,2024,,46608,,,,,
dataflow,ESTAT:ROAD_EQR_CARPDA(1.0),New passenger cars by type of motor energy,A,Annual,NR,Number,ELC,Electricity,CY,Cyprus,2013,,8,,,,,
dataflow,ESTAT:ROAD_EQR_CARPDA(1.0),New passenger cars by type of motor energy,A,Annual,NR,Number,ELC,Electricity,CY,Cyprus,2014,,1,,,,,
dataflow,ESTAT:ROAD_EQR_CARPDA(1.0),New passenger cars by type of motor energy,A,Annual,NR,Number,ELC,Electricity,CY,Cyprus,2015,,4,,,,,
dataflow,ESTAT:ROAD_EQR_CARPDA(1.0),New passenger cars by type of motor energy,A,Annual,NR,Number,ELC,Electricity,CY,Cyprus,2016,,7,,,,,
dataflow,ESTAT:ROAD_EQR_CARPDA(1.0),New passenger cars by type of motor energy,A,Annual,NR,Number,ELC,Electricity,CY,Cyprus,2017,,18,,,,,
dataflow,ESTAT:ROAD_EQR_CARPDA(1.0),New passenger cars by type of motor energy,A,Annual,NR,Number,ELC,Electricity,CY,Cyprus,2018,,5,,,,,
dataflow,ESTAT:ROAD_EQR_CARPDA(1.0),New passenger cars by type of motor energy,A,Annual,NR,Number,ELC,Electricity,CY,Cyprus,2019,,58,,,,,
dataflow,ESTAT:ROAD_EQR_CARPDA(1.0),New passenger cars by type of motor energy,A,Annual,NR,Number,ELC,Electricity,CY,Cyprus,2020,,42,,,,,
dataflow,ESTAT:ROAD_EQR_CARPDA(1.0),New passenger cars by type of motor energy,A,Annual,NR,Number,ELC,Electricity,CY,Cyprus,2021,,78,,,,,
dataflow,ESTAT:ROAD_EQR_CARPDA(1.0),New passenger cars by type of motor energy,A,Annual,NR,Number,ELC,Electricity,CY,Cyprus,2022,,401,,,,,
dataflow,ESTAT:ROAD_EQR_CARPDA(1.0),New passenger cars by type of motor energy,A,Annual,NR,Number,ELC,Electricity,CY,Cyprus,2023,,788,,,,,
dataflow,ESTAT:ROAD_EQR_CARPDA(1.0),New passenger cars by type of motor energy,A,Annual,NR,Number,ELC,Electricity,CY,Cyprus,2024,,1193,,,,,
dataflow,ESTAT:ROAD_EQR_CARPDA(1.0),New passenger cars by type of motor energy,A,Annual,NR,Number,ELC,Electricity,CZ,Czechia,2013,,33,,i,value imputed by Eurostat or other receiving agencies,,
dataflow,ESTAT:ROAD_EQR_CARPDA(1.0),New passenger cars by type of motor energy,A,Annual,NR,Number,ELC,Electricity,CZ,Czechia,2014,,58,,i,value imputed by Eurostat or other receiving agencies,,
dataflow,ESTAT:ROAD_EQR_CARPDA(1.0),New passenger cars by type of motor energy,A,Annual,NR,Number,ELC,Electricity,CZ,Czechia,2015,,312,,i,value imputed by Eurostat or other receiving agencies,,
dataflow,ESTAT:ROAD_EQR_CARPDA(1.0),New passenger cars by type of motor energy,A,Annual,NR,Number,ELC,Electricity,CZ,Czechia,2016,,210,,i,value imputed by Eurostat or other receiving agencies,,
dataflow,ESTAT:ROAD_EQR_CARPDA(1.0),New passenger cars by type of motor energy,A,Annual,NR,Number,ELC,Electricity,CZ,Czechia,2017,,376,,i,value imputed by Eurostat or other receiving agencies,,
dataflow,ESTAT:ROAD_EQR_CARPDA(1.0),New passenger cars by type of motor energy,A,Annual,NR,Number,ELC,Electricity,CZ,Czechia,2018,,731,,i,value imputed by Eurostat or other receiving agencies,,
dataflow,ESTAT:ROAD_EQR_CARPDA(1.0),New passenger cars by type of motor energy,A,Annual,NR,Number,ELC,Electricity,CZ,Czechia,2019,,778,,i,value imputed by Eurostat or other receiving agencies,,
dataflow,ESTAT:ROAD_EQR_CARPDA(1.0),New passenger cars by type of motor energy,A,Annual,NR,Number,ELC,Electricity,CZ,Czechia,2020,,3264,,i,value imputed by Eurostat or other receiving agencies,,
dataflow,ESTAT:ROAD_EQR_CARPDA(1.0),New passenger cars by type of motor energy,A,Annual,NR,Number,ELC,Electricity,CZ,Czechia,2021,,3172,,,,,
dataflow,ESTAT:ROAD_EQR_CARPDA(1.0),New passenger cars by type of motor energy,A,Annual,NR,Number,ELC,Electricity,CZ,Czechia,2022,,3786,,,,,
dataflow,ESTAT:ROAD_EQR_CARPDA(1.0),New passenger cars by type of motor energy,A,Annual,NR,Number,ELC,Electricity,CZ,Czechia,2023,,6567,,,,,
dataflow,ESTAT:ROAD_EQR_CARPDA(1.0),New passenger cars by type of motor energy,A,Annual,NR,Number,ELC,Electricity,CZ,Czechia,2024,,10854,,,,,
dataflow,ESTAT:ROAD_EQR_CARPDA(1.0),New passenger cars by type of motor energy,A,Annual,NR,Number,ELC,Electricity,DE,Germany,2013,,6051,,,,,
dataflow,ESTAT:ROAD_EQR_CARPDA(1.0),New passenger cars by type of motor energy,A,Annual,NR,Number,ELC,Electricity,DE,Germany,2014,,8522,,,,,
dataflow,ESTAT:ROAD_EQR_CARPDA(1.0),New passenger cars by type of motor energy,A,Annual,NR,Number,ELC,Electricity,DE,Germany,2015,,12363,,,,,
dataflow,ESTAT:ROAD_EQR_CARPDA(1.0),New passenger cars by type of motor energy,A,Annual,NR,Number,ELC,Electricity,DE,Germany,2016,,11410,,,,,
dataflow,ESTAT:ROAD_EQR_CARPDA(1.0),New passenger cars by type of motor energy,A,Annual,NR,Number,ELC,Electricity,DE,Germany,2017,,25056,,,,,
dataflow,ESTAT:ROAD_EQR_CARPDA(1.0),New passenger cars by type of motor energy,A,Annual,NR,Number,ELC,Electricity,DE,Germany,2018,,36062,,,,,
dataflow,ESTAT:ROAD_EQR_CARPDA(1.0),New passenger cars by type of motor energy,A,Annual,NR,Number,ELC,Electricity,DE,Germany,2019,,63281,,,,,
dataflow,ESTAT:ROAD_EQR_CARPDA(1.0),New passenger cars by type of motor energy,A,Annual,NR,Number,ELC,Electricity,DE,Germany,2020,,194163,,,,,
dataflow,ESTAT:ROAD_EQR_CARPDA(1.0),New passenger cars by type of motor energy,A,Annual,NR,Number,ELC,Electricity,DE,Germany,2021,,355961,,,,,
dataflow,ESTAT:ROAD_EQR_CARPDA(1.0),New passenger cars by type of motor energy,A,Annual,NR,Number,ELC,Electricity,DE,Germany,2022,,470559,,,,,
dataflow,ESTAT:ROAD_EQR_CARPDA(1.0),New passenger cars by type of motor energy,A,Annual,NR,Number,ELC,Electricity,DE,Germany,2023,,524219,,,,,
dataflow,ESTAT:ROAD_EQR_CARPDA(1.0),New passenger cars by type of motor energy,A,Annual,NR,Number,ELC,Electricity,DE,Germany,2024,,380609,,,,,
dataflow,ESTAT:ROAD_EQR_CARPDA(1.0),New passenger cars by type of motor energy,A,Annual,NR,Number,ELC,Electricity,DK,Denmark,2013,,533,,,,,
dataflow,ESTAT:ROAD_EQR_CARPDA(1.0),New passenger cars by type of motor energy,A,Annual,NR,Number,ELC,Electricity,DK,Denmark,2014,,1564,,,,,
dataflow,ESTAT:ROAD_EQR_CARPDA(1.0),New passenger cars by type of motor energy,A,Annual,NR,Number,ELC,Electricity,DK,Denmark,2015,,1265,,,,,
dataflow,ESTAT:ROAD_EQR_CARPDA(1.0),New passenger cars by type of motor energy,A,Annual,NR,Number,ELC,Electricity,DK,Denmark,2016,,1265,,,,,
dataflow,ESTAT:ROAD_EQR_CARPDA(1.0),New passenger cars by type of motor energy,A,Annual,NR,Number,ELC,Electricity,DK,Denmark,2017,,691,,,,,
dataflow,ESTAT:ROAD_EQR_CARPDA(1.0),New passenger cars by type of motor energy,A,Annual,NR,Number,ELC,Electricity,DK,Denmark,2018,,1544,,,,,
dataflow,ESTAT:ROAD_EQR_CARPDA(1.0),New passenger cars by type of motor energy,A,Annual,NR,Number,ELC,Electricity,DK,Denmark,2019,,5501,,,,,
dataflow,ESTAT:ROAD_EQR_CARPDA(1.0),New passenger cars by type of motor energy,A,Annual,NR,Number,ELC,Electricity,DK,Denmark,2020,,14218,,,,,
dataflow,ESTAT:ROAD_EQR_CARPDA(1.0),New passenger cars by type of motor energy,A,Annual,NR,Number,ELC,Electricity,DK,Denmark,2021,,24876,,,,,
dataflow,ESTAT:ROAD_EQR_CARPDA(1.0),New passenger cars by type of motor energy,A,Annual,NR,Number,ELC,Electricity,DK,Denmark,2022,,30799,,,,,
dataflow,ESTAT:ROAD_EQR_CARPDA(1.0),New passenger cars by type of motor energy,A,Annual,NR,Number,ELC,Electricity,DK,Denmark,2023,,62576,,,,,
dataflow,ESTAT:ROAD_EQR_CARPDA(1.0),New passenger cars by type of motor energy,A,Annual,NR,Number,ELC,Electricity,DK,Denmark,2024,,89058,,,,,
dataflow,ESTAT:ROAD_EQR_CARPDA(1.0),New passenger cars by type of motor energy,A,Annual,NR,Number,ELC,Electricity,EE,Estonia,2013,,130,,,,,
dataflow,ESTAT:ROAD_EQR_CARPDA(1.0),New passenger cars by type of motor energy,A,Annual,NR,Number,ELC,Electricity,EE,Estonia,2014,,331,,,,,
dataflow,ESTAT:ROAD_EQR_CARPDA(1.0),New passenger cars by type of motor energy,A,Annual,NR,Number,ELC,Electricity,EE,Estonia,2015,,30,,,,,
dataflow,ESTAT:ROAD_EQR_CARPDA(1.0),New passenger cars by type of motor energy,A,Annual,NR,Number,ELC,Electricity,EE,Estonia,2016,,32,,,,,
dataflow,ESTAT:ROAD_EQR_CARPDA(1.0),New passenger cars by type of motor energy,A,Annual,NR,Number,ELC,Electricity,EE,Estonia,2017,,26,,,,,
dataflow,ESTAT:ROAD_EQR_CARPDA(1.0),New passenger cars by type of motor energy,A,Annual,NR,Number,ELC,Electricity,EE,Estonia,2018,,83,,,,,
dataflow,ESTAT:ROAD_EQR_CARPDA(1.0),New passenger cars by type of motor energy,A,Annual,NR,Number,ELC,Electricity,EE,Estonia,2019,,77,,,,,
dataflow,ESTAT:ROAD_EQR_CARPDA(1.0),New passenger cars by type of motor energy,A,Annual,NR,Number,ELC,Electricity,EE,Estonia,2020,,344,,,,,
dataflow,ESTAT:ROAD_EQR_CARPDA(1.0),New passenger cars by type of motor energy,A,Annual,NR,Number,ELC,Electricity,EE,Estonia,2021,,487,,,,,
dataflow,ESTAT:ROAD_EQR_CARPDA(1.0),New passenger cars by type of motor energy,A,Annual,NR,Number,ELC,Electricity,EE,Estonia,2022,,693,,,,,
dataflow,ESTAT:ROAD_EQR_CARPDA(1.0),New passenger cars by type of motor energy,A,Annual,NR,Number,ELC,Electricity,EE,Estonia,2023,,1448,,,,,
dataflow,ESTAT:ROAD_EQR_CARPDA(1.0),New passenger cars by type of motor energy,A,Annual,NR,Number,ELC,Electricity,EE,Estonia,2024,,1323,,,,,
dataflow,ESTAT:ROAD_EQR_CARPDA(1.0),New passenger cars by type of motor energy,A,Annual,NR,Number,ELC,Electricity,EL,Greece,2013,,2,,,,,
dataflow,ESTAT:ROAD_EQR_CARPDA(1.0),New passenger cars by type of motor energy,A,Annual,NR,Number,ELC,Electricity,EL,Greece,2014,,38,,,,,
dataflow,ESTAT:ROAD_EQR_CARPDA(1.0),New passenger cars by type of motor energy,A,Annual,NR,Number,ELC,Electricity,EL,Greece,2015,,32,,,,,
dataflow,ESTAT:ROAD_EQR_CARPDA(1.0),New passenger cars by type of motor energy,A,Annual,NR,Number,ELC,Electricity,EL,Greece,2016,,20,,,,,
dataflow,ESTAT:ROAD_EQR_CARPDA(1.0),New passenger cars by type of motor energy,A,Annual,NR,Number,ELC,Electricity,EL,Greece,2017,,37,,,,,
dataflow,ESTAT:ROAD_EQR_CARPDA(1.0),New passenger cars by type of motor energy,A,Annual,NR,Number,ELC,Electricity,EL,Greece,2018,,77,,,,,
dataflow,ESTAT:ROAD_EQR_CARPDA(1.0),New passenger cars by type of motor energy,A,Annual,NR,Number,ELC,Electricity,EL,Greece,2019,,188,,,,,
dataflow,ESTAT:ROAD_EQR_CARPDA(1.0),New passenger cars by type of motor energy,A,Annual,NR,Number,ELC,Electricity,EL,Greece,2020,,678,,i,value imputed by Eurostat or other receiving agencies,,
dataflow,ESTAT:ROAD_EQR_CARPDA(1.0),New passenger cars by type of motor energy,A,Annual,NR,Number,ELC,Electricity,EL,Greece,2021,,2174,,e,estimated,,
dataflow,ESTAT:ROAD_EQR_CARPDA(1.0),New passenger cars by type of motor energy,A,Annual,NR,Number,ELC,Electricity,EL,Greece,2022,,2826,,,,,
dataflow,ESTAT:ROAD_EQR_CARPDA(1.0),New passenger cars by type of motor energy,A,Annual,NR,Number,ELC,Electricity,EL,Greece,2023,,6377,,,,,
dataflow,ESTAT:ROAD_EQR_CARPDA(1.0),New passenger cars by type of motor energy,A,Annual,NR,Number,ELC,Electricity,EL,Greece,2024,,8708,,,,,
dataflow,ESTAT:ROAD_EQR_CARPDA(1.0),New passenger cars by type of motor energy,A,Annual,NR,Number,ELC,Electricity,ES,Spain,2013,,936,,i,value imputed by Eurostat or other receiving agencies,,
dataflow,ESTAT:ROAD_EQR_CARPDA(1.0),New passenger cars by type of motor energy,A,Annual,NR,Number,ELC,Electricity,ES,Spain,2014,,1004,,,,,
dataflow,ESTAT:ROAD_EQR_CARPDA(1.0),New passenger cars by type of motor energy,A,Annual,NR,Number,ELC,Electricity,ES,Spain,2015,,2620,,,,,
dataflow,ESTAT:ROAD_EQR_CARPDA(1.0),New passenger cars by type of motor energy,A,Annual,NR,Number,ELC,Electricity,ES,Spain,2016,,2085,,,,,
dataflow,ESTAT:ROAD_EQR_CARPDA(1.0),New passenger cars by type of motor energy,A,Annual,NR,Number,ELC,Electricity,ES,Spain,2017,,4038,,,,,
dataflow,ESTAT:ROAD_EQR_CARPDA(1.0),New passenger cars by type of motor energy,A,Annual,NR,Number,ELC,Electricity,ES,Spain,2018,,6238,,,,,
dataflow,ESTAT:ROAD_EQR_CARPDA(1.0),New passenger cars by type of motor energy,A,Annual,NR,Number,ELC,Electricity,ES,Spain,2019,,10415,,,,,
dataflow,ESTAT:ROAD_EQR_CARPDA(1.0),New passenger cars by type of motor energy,A,Annual,NR,Number,ELC,Electricity,ES,Spain,2020,,18217,,,,,
dataflow,ESTAT:ROAD_EQR_CARPDA(1.0),New passenger cars by type of motor energy,A,Annual,NR,Number,ELC,Electricity,ES,Spain,2021,,24400,,,,,
dataflow,ESTAT:ROAD_EQR_CARPDA(1.0),New passenger cars by type of motor energy,A,Annual,NR,Number,ELC,Electricity,ES,Spain,2022,,31737,,,,,
dataflow,ESTAT:ROAD_EQR_CARPDA(1.0),New passenger cars by type of motor energy,A,Annual,NR,Number,ELC,Electricity,ES,Spain,2023,,55388,,,,,
dataflow,ESTAT:ROAD_EQR_CARPDA(1.0),New passenger cars by type of motor energy,A,Annual,NR,Number,ELC,Electricity,ES,Spain,2024,,59383,,,,,
dataflow,ESTAT:ROAD_EQR_CARPDA(1.0),New passenger cars by type of motor energy,A,Annual,NR,Number,ELC,Electricity,EU27_2020,European Union - 27 countries (from 2020),2013,,22066,,,,,
dataflow,ESTAT:ROAD_EQR_CARPDA(1.0),New passenger cars by type of motor energy,A,Annual,NR,Number,ELC,Electricity,EU27_2020,European Union - 27 countries (from 2020),2014,,31179,,,,,
dataflow,ESTAT:ROAD_EQR_CARPDA(1.0),New passenger cars by type of motor energy,A,Annual,NR,Number,ELC,Electricity,EU27_2020,European Union - 27 countries (from 2020),2015,,46669,,,,,
dataflow,ESTAT:ROAD_EQR_CARPDA(1.0),New passenger cars by type of motor energy,A,Annual,NR,Number,ELC,Electricity,EU27_2020,European Union - 27 countries (from 2020),2016,,53527,,,,,
dataflow,ESTAT:ROAD_EQR_CARPDA(1.0),New passenger cars by type of motor energy,A,Annual,NR,Number,ELC,Electricity,EU27_2020,European Union - 27 countries (from 2020),2017,,83793,,,,,
dataflow,ESTAT:ROAD_EQR_CARPDA(1.0),New passenger cars by type of motor energy,A,Annual,NR,Number,ELC,Electricity,EU27_2020,European Union - 27 countries (from 2020),2018,,134444,,,,,
dataflow,ESTAT:ROAD_EQR_CARPDA(1.0),New passenger cars by type of motor energy,A,Annual,NR,Number,ELC,Electricity,EU27_2020,European Union - 27 countries (from 2020),2019,,250082,,,,,
dataflow,ESTAT:ROAD_EQR_CARPDA(1.0),New passenger cars by type of motor energy,A,Annual,NR,Number,ELC,Electricity,EU27_2020,European Union - 27 countries (from 2020),2020,,539034,,,,,
dataflow,ESTAT:ROAD_EQR_CARPDA(1.0),New passenger cars by type of motor energy,A,Annual,NR,Number,ELC,Electricity,EU27_2020,European Union - 27 countries (from 2020),2021,,885298,,,,,
dataflow,ESTAT:ROAD_EQR_CARPDA(1.0),New passenger cars by type of motor energy,A,Annual,NR,Number,ELC,Electricity,EU27_2020,European Union - 27 countries (from 2020),2022,,1129786,,,,,
dataflow,ESTAT:ROAD_EQR_CARPDA(1.0),New passenger cars by type of motor energy,A,Annual,NR,Number,ELC,Electricity,EU27_2020,European Union - 27 countries (from 2020),2023,,1547669,,,,,
dataflow,ESTAT:ROAD_EQR_CARPDA(1.0),New passenger cars by type of motor energy,A,Annual,NR,Number,ELC,Electricity,EU27_2020,European Union - 27 countries (from 2020),2024,,1453922,,,,,
dataflow,ESTAT:ROAD_EQR_CARPDA(1.0),New passenger cars by type of motor energy,A,Annual,NR,Number,ELC,Electricity,FI,Finland,2013,,50,,,,,
dataflow,ESTAT:ROAD_EQR_CARPDA(1.0),New passenger cars by type of motor energy,A,Annual,NR,Number,ELC,Electricity,FI,Finland,2014,,183,,,,,
dataflow,ESTAT:ROAD_EQR_CARPDA(1.0),New passenger cars by type of motor energy,A,Annual,NR,Number,ELC,Electricity,FI,Finland,2015,,243,,,,,
dataflow,ESTAT:ROAD_EQR_CARPDA(1.0),New passenger cars by type of motor energy,A,Annual,NR,Number,ELC,Electricity,FI,Finland,2016,,223,,,,,
dataflow,ESTAT:ROAD_EQR_CARPDA(1.0),New passenger cars by type of motor energy,A,Annual,NR,Number,ELC,Electricity,FI,Finland,2017,,502,,,,,
dataflow,ESTAT:ROAD_EQR_CARPDA(1.0),New passenger cars by type of motor energy,A,Annual,NR,Number,ELC,Electricity,FI,Finland,2018,,776,,,,,
dataflow,ESTAT:ROAD_EQR_CARPDA(1.0),New passenger cars by type of motor energy,A,Annual,NR,Number,ELC,Electricity,FI,Finland,2019,,1897,,,,,
dataflow,ESTAT:ROAD_EQR_CARPDA(1.0),New passenger cars by type of motor energy,A,Annual,NR,Number,ELC,Electricity,FI,Finland,2020,,4245,,,,,
dataflow,ESTAT:ROAD_EQR_CARPDA(1.0),New passenger cars by type of motor energy,A,Annual,NR,Number,ELC,Electricity,FI,Finland,2021,,10153,,,,,
dataflow,ESTAT:ROAD_EQR_CARPDA(1.0),New passenger cars by type of motor energy,A,Annual,NR,Number,ELC,Electricity,FI,Finland,2022,,14531,,,,,
dataflow,ESTAT:ROAD_EQR_CARPDA(1.0),New passenger cars by type of motor energy,A,Annual,NR,Number,ELC,Electricity,FI,Finland,2023,,29537,,,,,
dataflow,ESTAT:ROAD_EQR_CARPDA(1.0),New passenger cars by type of motor energy,A,Annual,NR,Number,ELC,Electricity,FI,Finland,2024,,21870,,,,,
dataflow,ESTAT:ROAD_EQR_CARPDA(1.0),New passenger cars by type of motor energy,A,Annual,NR,Number,ELC,Electricity,FR,France,2013,,8781,,,,,
dataflow,ESTAT:ROAD_EQR_CARPDA(1.0),New passenger cars by type of motor energy,A,Annual,NR,Number,ELC,Electricity,FR,France,2014,,10567,,,,,
dataflow,ESTAT:ROAD_EQR_CARPDA(1.0),New passenger cars by type of motor energy,A,Annual,NR,Number,ELC,Electricity,FR,France,2015,,17269,,,,,
dataflow,ESTAT:ROAD_EQR_CARPDA(1.0),New passenger cars by type of motor energy,A,Annual,NR,Number,ELC,Electricity,FR,France,2016,,21758,,,,,
dataflow,ESTAT:ROAD_EQR_CARPDA(1.0),New passenger cars by type of motor energy,A,Annual,NR,Number,ELC,Electricity,FR,France,2017,,25368,,,,,
dataflow,ESTAT:ROAD_EQR_CARPDA(1.0),New passenger cars by type of motor energy,A,Annual,NR,Number,ELC,Electricity,FR,France,2018,,31687,,,,,
dataflow,ESTAT:ROAD_EQR_CARPDA(1.0),New passenger cars by type of motor energy,A,Annual,NR,Number,ELC,Electricity,FR,France,2019,,43564,,,,,
dataflow,ESTAT:ROAD_EQR_CARPDA(1.0),New passenger cars by type of motor energy,A,Annual,NR,Number,ELC,Electricity,FR,France,2020,,112499,,,,,
dataflow,ESTAT:ROAD_EQR_CARPDA(1.0),New passenger cars by type of motor energy,A,Annual,NR,Number,ELC,Electricity,FR,France,2021,,165566,,,,,
dataflow,ESTAT:ROAD_EQR_CARPDA(1.0),New passenger cars by type of motor energy,A,Annual,NR,Number,ELC,Electricity,FR,France,2022,,207171,,,,,
dataflow,ESTAT:ROAD_EQR_CARPDA(1.0),New passenger cars by type of motor energy,A,Annual,NR,Number,ELC,Electricity,FR,France,2023,,303590,,,,,
dataflow,ESTAT:ROAD_EQR_CARPDA(1.0),New passenger cars by type of motor energy,A,Annual,NR,Number,ELC,Electricity,FR,France,2024,,295055,,,,,
dataflow,ESTAT:ROAD_EQR_CARPDA(1.0),New passenger cars by type of motor energy,A,Annual,NR,Number,ELC,Electricity,GE,Georgia,2017,,83,,,,,
dataflow,ESTAT:ROAD_EQR_CARPDA(1.0),New passenger cars by type of motor energy,A,Annual,NR,Number,ELC,Electricity,GE,Georgia,2018,,21,,,,,
dataflow,ESTAT:ROAD_EQR_CARPDA(1.0),New passenger cars by type of motor energy,A,Annual,NR,Number,ELC,Electricity,GE,Georgia,2019,,22,,,,,
dataflow,ESTAT:ROAD_EQR_CARPDA(1.0),New passenger cars by type of motor energy,A,Annual,NR,Number,ELC,Electricity,GE,Georgia,2020,,22,,,,,
dataflow,ESTAT:ROAD_EQR_CARPDA(1.0),New passenger cars by type of motor energy,A,Annual,NR,Number,ELC,Electricity,GE,Georgia,2021,,43,,,,,
dataflow,ESTAT:ROAD_EQR_CARPDA(1.0),New passenger cars by type of motor energy,A,Annual,NR,Number,ELC,Electricity,GE,Georgia,2022,,206,,,,,
dataflow,ESTAT:ROAD_EQR_CARPDA(1.0),New passenger cars by type of motor energy,A,Annual,NR,Number,ELC,Electricity,GE,Georgia,2023,,245,,,,,
dataflow,ESTAT:ROAD_EQR_CARPDA(1.0),New passenger cars by type of motor energy,A,Annual,NR,Number,ELC,Electricity,GE,Georgia,2024,,513,,,,,
dataflow,ESTAT:ROAD_EQR_CARPDA(1.0),New passenger cars by type of motor energy,A,Annual,NR,Number,ELC,Electricity,HR,Croatia,2013,,3,,,,,
dataflow,ESTAT:ROAD_EQR_CARPDA(1.0),New passenger cars by type of motor energy,A,Annual,NR,Number,ELC,Electricity,HR,Croatia,2014,,47,,,,,
dataflow,ESTAT:ROAD_EQR_CARPDA(1.0),New passenger cars by type of motor energy,A,Annual,NR,Number,ELC,Electricity,HR,Croatia,2015,,80,,,,,
dataflow,ESTAT:ROAD_EQR_CARPDA(1.0),New passenger cars by type of motor energy,A,Annual,NR,Number,ELC,Electricity,HR,Croatia,2016,,66,,,,,
dataflow,ESTAT:ROAD_EQR_CARPDA(1.0),New passenger cars by type of motor energy,A,Annual,NR,Number,ELC,Electricity,HR,Croatia,2017,,55,,,,,
dataflow,ESTAT:ROAD_EQR_CARPDA(1.0),New passenger cars by type of motor energy,A,Annual,NR,Number,ELC,Electricity,HR,Croatia,2018,,182,,,,,
dataflow,ESTAT:ROAD_EQR_CARPDA(1.0),New passenger cars by type of motor energy,A,Annual,NR,Number,ELC,Electricity,HR,Croatia,2019,,279,,,,,
dataflow,ESTAT:ROAD_EQR_CARPDA(1.0),New passenger cars by type of motor energy,A,Annual,NR,Number,ELC,Electricity,HR,Croatia,2020,,639,,,,,
dataflow,ESTAT:ROAD_EQR_CARPDA(1.0),New passenger cars by type of motor energy,A,Annual,NR,Number,ELC,Electricity,HR,Croatia,2021,,1121,,,,,
dataflow,ESTAT:ROAD_EQR_CARPDA(1.0),New passenger cars by type of motor energy,A,Annual,NR,Number,ELC,Electricity,HR,Croatia,2022,,1062,,,,,
dataflow,ESTAT:ROAD_EQR_CARPDA(1.0),New passenger cars by type of motor energy,A,Annual,NR,Number,ELC,Electricity,HR,Croatia,2023,,1125,,,,,
dataflow,ESTAT:ROAD_EQR_CARPDA(1.0),New passenger cars by type of motor energy,A,Annual,NR,Number,ELC,Electricity,HR,Croatia,2024,,882,,,,,
dataflow,ESTAT:ROAD_EQR_CARPDA(1.0),New passenger cars by type of motor energy,A,Annual,NR,Number,ELC,Electricity,HU,Hungary,2013,,10,,,,,
dataflow,ESTAT:ROAD_EQR_CARPDA(1.0),New passenger cars by type of motor energy,A,Annual,NR,Number,ELC,Electricity,HU,Hungary,2014,,32,,,,,
dataflow,ESTAT:ROAD_EQR_CARPDA(1.0),New passenger cars by type of motor energy,A,Annual,NR,Number,ELC,Electricity,HU,Hungary,2015,,116,,,,,
dataflow,ESTAT:ROAD_EQR_CARPDA(1.0),New passenger cars by type of motor energy,A,Annual,NR,Number,ELC,Electricity,HU,Hungary,2016,,176,,,,,
dataflow,ESTAT:ROAD_EQR_CARPDA(1.0),New passenger cars by type of motor energy,A,Annual,NR,Number,ELC,Electricity,HU,Hungary,2017,,749,,,,,
dataflow,ESTAT:ROAD_EQR_CARPDA(1.0),New passenger cars by type of motor energy,A,Annual,NR,Number,ELC,Electricity,HU,Hungary,2018,,1300,,,,,
dataflow,ESTAT:ROAD_EQR_CARPDA(1.0),New passenger cars by type of motor energy,A,Annual,NR,Number,ELC,Electricity,HU,Hungary,2019,,1834,,,,,
dataflow,ESTAT:ROAD_EQR_CARPDA(1.0),New passenger cars by type of motor energy,A,Annual,NR,Number,ELC,Electricity,HU,Hungary,2020,,3047,,,,,
dataflow,ESTAT:ROAD_EQR_CARPDA(1.0),New passenger cars by type of motor energy,A,Annual,NR,Number,ELC,Electricity,HU,Hungary,2021,,4313,,,,,
dataflow,ESTAT:ROAD_EQR_CARPDA(1.0),New passenger cars by type of motor energy,A,Annual,NR,Number,ELC,Electricity,HU,Hungary,2022,,4707,,,,,
dataflow,ESTAT:ROAD_EQR_CARPDA(1.0),New passenger cars by type of motor energy,A,Annual,NR,Number,ELC,Electricity,HU,Hungary,2023,,5807,,,,,
dataflow,ESTAT:ROAD_EQR_CARPDA(1.0),New passenger cars by type of motor energy,A,Annual,NR,Number,ELC,Electricity,HU,Hungary,2024,,8565,,i,value imputed by Eurostat or other receiving agencies,,
dataflow,ESTAT:ROAD_EQR_CARPDA(1.0),New passenger cars by type of motor energy,A,Annual,NR,Number,ELC,Electricity,IE,Ireland,2013,,49,,,,,
dataflow,ESTAT:ROAD_EQR_CARPDA(1.0),New passenger cars by type of motor energy,A,Annual,NR,Number,ELC,Electricity,IE,Ireland,2014,,194,,,,,
dataflow,ESTAT:ROAD_EQR_CARPDA(1.0),New passenger cars by type of motor energy,A,Annual,NR,Number,ELC,Electricity,IE,Ireland,2015,,494,,,,,
dataflow,ESTAT:ROAD_EQR_CARPDA(1.0),New passenger cars by type of motor energy,A,Annual,NR,Number,ELC,Electricity,IE,Ireland,2016,,402,,,,,
dataflow,ESTAT:ROAD_EQR_CARPDA(1.0),New passenger cars by type of motor energy,A,Annual,NR,Number,ELC,Electricity,IE,Ireland,2017,,631,,,,,
dataflow,ESTAT:ROAD_EQR_CARPDA(1.0),New passenger cars by type of motor energy,A,Annual,NR,Number,ELC,Electricity,IE,Ireland,2018,,1252,,,,,
dataflow,ESTAT:ROAD_EQR_CARPDA(1.0),New passenger cars by type of motor energy,A,Annual,NR,Number,ELC,Electricity,IE,Ireland,2019,,3665,,,,,
dataflow,ESTAT:ROAD_EQR_CARPDA(1.0),New passenger cars by type of motor energy,A,Annual,NR,Number,ELC,Electricity,IE,Ireland,2020,,4075,,,,,
dataflow,ESTAT:ROAD_EQR_CARPDA(1.0),New passenger cars by type of motor energy,A,Annual,NR,Number,ELC,Electricity,IE,Ireland,2021,,9199,,,,,
dataflow,ESTAT:ROAD_EQR_CARPDA(1.0),New passenger cars by type of motor energy,A,Annual,NR,Number,ELC,Electricity,IE,Ireland,2022,,15872,,,,,
dataflow,ESTAT:ROAD_EQR_CARPDA(1.0),New passenger cars by type of motor energy,A,Annual,NR,Number,ELC,Electricity,IE,Ireland,2023,,23181,,,,,
dataflow,ESTAT:ROAD_EQR_CARPDA(1.0),New passenger cars by type of motor energy,A,Annual,NR,Number,ELC,Electricity,IE,Ireland,2024,,17506,,i,value imputed by Eurostat or other receiving agencies,,
dataflow,ESTAT:ROAD_EQR_CARPDA(1.0),New passenger cars by type of motor energy,A,Annual,NR,Number,ELC,Electricity,IS,Iceland,2017,,845,,,,,
dataflow,ESTAT:ROAD_EQR_CARPDA(1.0),New passenger cars by type of motor energy,A,Annual,NR,Number,ELC,Electricity,IS,Iceland,2018,,784,,,,,
dataflow,ESTAT:ROAD_EQR_CARPDA(1.0),New passenger cars by type of motor energy,A,Annual,NR,Number,ELC,Electricity,IS,Iceland,2019,,1090,,,,,
dataflow,ESTAT:ROAD_EQR_CARPDA(1.0),New passenger cars by type of motor energy,A,Annual,NR,Number,ELC,Electricity,IS,Iceland,2020,,2551,,,,,
dataflow,ESTAT:ROAD_EQR_CARPDA(1.0),New passenger cars by type of motor energy,A,Annual,NR,Number,ELC,Electricity,IS,Iceland,2021,,4246,,,,,
dataflow,ESTAT:ROAD_EQR_CARPDA(1.0),New passenger cars by type of motor energy,A,Annual,NR,Number,ELC,Electricity,IS,Iceland,2022,,5567,,,,,
dataflow,ESTAT:ROAD_EQR_CARPDA(1.0),New passenger cars by type of motor energy,A,Annual,NR,Number,ELC,Electricity,IS,Iceland,2023,,8783,,i,value imputed by Eurostat or other receiving agencies,,
dataflow,ESTAT:ROAD_EQR_CARPDA(1.0),New passenger cars by type of motor energy,A,Annual,NR,Number,ELC,Electricity,IS,Iceland,2024,,2661,,i,value imputed by Eurostat or other receiving agencies,,
dataflow,ESTAT:ROAD_EQR_CARPDA(1.0),New passenger cars by type of motor energy,A,Annual,NR,Number,ELC,Electricity,IT,Italy,2013,,846,,i,value imputed by Eurostat or other receiving agencies,,
dataflow,ESTAT:ROAD_EQR_CARPDA(1.0),New passenger cars by type of motor energy,A,Annual,NR,Number,ELC,Electricity,IT,Italy,2014,,1155,,i,value imputed by Eurostat or other receiving agencies,,
dataflow,ESTAT:ROAD_EQR_CARPDA(1.0),New passenger cars by type of motor energy,A,Annual,NR,Number,ELC,Electricity,IT,Italy,2015,,1576,,i,value imputed by Eurostat or other receiving agencies,,
dataflow,ESTAT:ROAD_EQR_CARPDA(1.0),New passenger cars by type of motor energy,A,Annual,NR,Number,ELC,Electricity,IT,Italy,2016,,1497,,i,value imputed by Eurostat or other receiving agencies,,
dataflow,ESTAT:ROAD_EQR_CARPDA(1.0),New passenger cars by type of motor energy,A,Annual,NR,Number,ELC,Electricity,IT,Italy,2017,,2109,,i,value imputed by Eurostat or other receiving agencies,,
dataflow,ESTAT:ROAD_EQR_CARPDA(1.0),New passenger cars by type of motor energy,A,Annual,NR,Number,ELC,Electricity,IT,Italy,2018,,5198,,i,value imputed by Eurostat or other receiving agencies,,
dataflow,ESTAT:ROAD_EQR_CARPDA(1.0),New passenger cars by type of motor energy,A,Annual,NR,Number,ELC,Electricity,IT,Italy,2019,,10612,,,,,
dataflow,ESTAT:ROAD_EQR_CARPDA(1.0),New passenger cars by type of motor energy,A,Annual,NR,Number,ELC,Electricity,IT,Italy,2020,,30930,,,,,
dataflow,ESTAT:ROAD_EQR_CARPDA(1.0),New passenger cars by type of motor energy,A,Annual,NR,Number,ELC,Electricity,IT,Italy,2021,,69178,,,,,
dataflow,ESTAT:ROAD_EQR_CARPDA(1.0),New passenger cars by type of motor energy,A,Annual,NR,Number,ELC,Electricity,IT,Italy,2022,,48960,,,,,
dataflow,ESTAT:ROAD_EQR_CARPDA(1.0),New passenger cars by type of motor energy,A,Annual,NR,Number,ELC,Electricity,IT,Italy,2023,,65800,,,,,
dataflow,ESTAT:ROAD_EQR_CARPDA(1.0),New passenger cars by type of motor energy,A,Annual,NR,Number,ELC,Electricity,IT,Italy,2024,,65617,,i,value imputed by Eurostat or other receiving agencies,,
dataflow,ESTAT:ROAD_EQR_CARPDA(1.0),New passenger cars by type of motor energy,A,Annual,NR,Number,ELC,Electricity,LI,Liechtenstein,2013,,14,,,,,
dataflow,ESTAT:ROAD_EQR_CARPDA(1.0),New passenger cars by type of motor energy,A,Annual,NR,Number,ELC,Electricity,LI,Liechtenstein,2014,,18,,,,,
dataflow,ESTAT:ROAD_EQR_CARPDA(1.0),New passenger cars by type of motor energy,A,Annual,NR,Number,ELC,Electricity,LI,Liechtenstein,2015,,30,,,,,
dataflow,ESTAT:ROAD_EQR_CARPDA(1.0),New passenger cars by type of motor energy,A,Annual,NR,Number,ELC,Electricity,LI,Liechtenstein,2016,,46,,,,,
dataflow,ESTAT:ROAD_EQR_CARPDA(1.0),New passenger cars by type of motor energy,A,Annual,NR,Number,ELC,Electricity,LI,Liechtenstein,2017,,57,,,,,
dataflow,ESTAT:ROAD_EQR_CARPDA(1.0),New passenger cars by type of motor energy,A,Annual,NR,Number,ELC,Electricity,LI,Liechtenstein,2018,,48,,,,,
dataflow,ESTAT:ROAD_EQR_CARPDA(1.0),New passenger cars by type of motor energy,A,Annual,NR,Number,ELC,Electricity,LI,Liechtenstein,2019,,97,,,,,
dataflow,ESTAT:ROAD_EQR_CARPDA(1.0),New passenger cars by type of motor energy,A,Annual,NR,Number,ELC,Electricity,LI,Liechtenstein,2020,,164,,,,,
dataflow,ESTAT:ROAD_EQR_CARPDA(1.0),New passenger cars by type of motor energy,A,Annual,NR,Number,ELC,Electricity,LI,Liechtenstein,2021,,292,,,,,
dataflow,ESTAT:ROAD_EQR_CARPDA(1.0),New passenger cars by type of motor energy,A,Annual,NR,Number,ELC,Electricity,LI,Liechtenstein,2022,,317,,,,,
dataflow,ESTAT:ROAD_EQR_CARPDA(1.0),New passenger cars by type of motor energy,A,Annual,NR,Number,ELC,Electricity,LI,Liechtenstein,2023,,338,,,,,
dataflow,ESTAT:ROAD_EQR_CARPDA(1.0),New passenger cars by type of motor energy,A,Annual,NR,Number,ELC,Electricity,LI,Liechtenstein,2024,,362,,,,,
dataflow,ESTAT:ROAD_EQR_CARPDA(1.0),New passenger cars by type of motor energy,A,Annual,NR,Number,ELC,Electricity,LT,Lithuania,2013,,2,,,,,
dataflow,ESTAT:ROAD_EQR_CARPDA(1.0),New passenger cars by type of motor energy,A,Annual,NR,Number,ELC,Electricity,LT,Lithuania,2014,,8,,,,,
dataflow,ESTAT:ROAD_EQR_CARPDA(1.0),New passenger cars by type of motor energy,A,Annual,NR,Number,ELC,Electricity,LT,Lithuania,2015,,26,,,,,
dataflow,ESTAT:ROAD_EQR_CARPDA(1.0),New passenger cars by type of motor energy,A,Annual,NR,Number,ELC,Electricity,LT,Lithuania,2016,,62,,,,,
dataflow,ESTAT:ROAD_EQR_CARPDA(1.0),New passenger cars by type of motor energy,A,Annual,NR,Number,ELC,Electricity,LT,Lithuania,2017,,43,,,,,
dataflow,ESTAT:ROAD_EQR_CARPDA(1.0),New passenger cars by type of motor energy,A,Annual,NR,Number,ELC,Electricity,LT,Lithuania,2018,,141,,,,,
dataflow,ESTAT:ROAD_EQR_CARPDA(1.0),New passenger cars by type of motor energy,A,Annual,NR,Number,ELC,Electricity,LT,Lithuania,2019,,175,,,,,
dataflow,ESTAT:ROAD_EQR_CARPDA(1.0),New passenger cars by type of motor energy,A,Annual,NR,Number,ELC,Electricity,LT,Lithuania,2020,,480,,,,,
dataflow,ESTAT:ROAD_EQR_CARPDA(1.0),New passenger cars by type of motor energy,A,Annual,NR,Number,ELC,Electricity,LT,Lithuania,2021,,1277,,,,,
dataflow,ESTAT:ROAD_EQR_CARPDA(1.0),New passenger cars by type of motor energy,A,Annual,NR,Number,ELC,Electricity,LT,Lithuania,2022,,1507,,,,,
dataflow,ESTAT:ROAD_EQR_CARPDA(1.0),New passenger cars by type of motor energy,A,Annual,NR,Number,ELC,Electricity,LT,Lithuania,2023,,2210,,,,,
dataflow,ESTAT:ROAD_EQR_CARPDA(1.0),New passenger cars by type of motor energy,A,Annual,NR,Number,ELC,Electricity,LT,Lithuania,2024,,1877,,,,,
dataflow,ESTAT:ROAD_EQR_CARPDA(1.0),New passenger cars by type of motor energy,A,Annual,NR,Number,ELC,Electricity,LU,Luxembourg,2013,,158,,,,,
dataflow,ESTAT:ROAD_EQR_CARPDA(1.0),New passenger cars by type of motor energy,A,Annual,NR,Number,ELC,Electricity,LU,Luxembourg,2014,,312,,,,,
dataflow,ESTAT:ROAD_EQR_CARPDA(1.0),New passenger cars by type of motor energy,A,Annual,NR,Number,ELC,Electricity,LU,Luxembourg,2015,,73,,,,,
dataflow,ESTAT:ROAD_EQR_CARPDA(1.0),New passenger cars by type of motor energy,A,Annual,NR,Number,ELC,Electricity,LU,Luxembourg,2016,,145,,,,,
dataflow,ESTAT:ROAD_EQR_CARPDA(1.0),New passenger cars by type of motor energy,A,Annual,NR,Number,ELC,Electricity,LU,Luxembourg,2017,,386,,,,,
dataflow,ESTAT:ROAD_EQR_CARPDA(1.0),New passenger cars by type of motor energy,A,Annual,NR,Number,ELC,Electricity,LU,Luxembourg,2018,,430,,,,,
dataflow,ESTAT:ROAD_EQR_CARPDA(1.0),New passenger cars by type of motor energy,A,Annual,NR,Number,ELC,Electricity,LU,Luxembourg,2019,,986,,,,,
dataflow,ESTAT:ROAD_EQR_CARPDA(1.0),New passenger cars by type of motor energy,A,Annual,NR,Number,ELC,Electricity,LU,Luxembourg,2020,,2473,,,,,
dataflow,ESTAT:ROAD_EQR_CARPDA(1.0),New passenger cars by type of motor energy,A,Annual,NR,Number,ELC,Electricity,LU,Luxembourg,2021,,4649,,,,,
dataflow,ESTAT:ROAD_EQR_CARPDA(1.0),New passenger cars by type of motor energy,A,Annual,NR,Number,ELC,Electricity,LU,Luxembourg,2022,,6391,,,,,
dataflow,ESTAT:ROAD_EQR_CARPDA(1.0),New passenger cars by type of motor energy,A,Annual,NR,Number,ELC,Electricity,LU,Luxembourg,2023,,11048,,,,,
dataflow,ESTAT:ROAD_EQR_CARPDA(1.0),New passenger cars by type of motor energy,A,Annual,NR,Number,ELC,Electricity,LU,Luxembourg,2024,,12777,,,,,
dataflow,ESTAT:ROAD_EQR_CARPDA(1.0),New passenger cars by type of motor energy,A,Annual,NR,Number,ELC,Electricity,LV,Latvia,2013,,0,,i,value imputed by Eurostat or other receiving agencies,,
dataflow,ESTAT:ROAD_EQR_CARPDA(1.0),New passenger cars by type of motor energy,A,Annual,NR,Number,ELC,Electricity,LV,Latvia,2014,,174,,,,,
dataflow,ESTAT:ROAD_EQR_CARPDA(1.0),New passenger cars by type of motor energy,A,Annual,NR,Number,ELC,Electricity,LV,Latvia,2015,,17,,,,,
dataflow,ESTAT:ROAD_EQR_CARPDA(1.0),New passenger cars by type of motor energy,A,Annual,NR,Number,ELC,Electricity,LV,Latvia,2016,,19,,,,,
dataflow,ESTAT:ROAD_EQR_CARPDA(1.0),New passenger cars by type of motor energy,A,Annual,NR,Number,ELC,Electricity,LV,Latvia,2017,,41,,,,,
dataflow,ESTAT:ROAD_EQR_CARPDA(1.0),New passenger cars by type of motor energy,A,Annual,NR,Number,ELC,Electricity,LV,Latvia,2018,,78,,,,,
dataflow,ESTAT:ROAD_EQR_CARPDA(1.0),New passenger cars by type of motor energy,A,Annual,NR,Number,ELC,Electricity,LV,Latvia,2019,,116,,,,,
dataflow,ESTAT:ROAD_EQR_CARPDA(1.0),New passenger cars by type of motor energy,A,Annual,NR,Number,ELC,Electricity,LV,Latvia,2020,,351,,,,,
dataflow,ESTAT:ROAD_EQR_CARPDA(1.0),New passenger cars by type of motor energy,A,Annual,NR,Number,ELC,Electricity,LV,Latvia,2021,,480,,,,,
dataflow,ESTAT:ROAD_EQR_CARPDA(1.0),New passenger cars by type of motor energy,A,Annual,NR,Number,ELC,Electricity,LV,Latvia,2022,,1069,,,,,
dataflow,ESTAT:ROAD_EQR_CARPDA(1.0),New passenger cars by type of motor energy,A,Annual,NR,Number,ELC,Electricity,LV,Latvia,2023,,1629,,,,,
dataflow,ESTAT:ROAD_EQR_CARPDA(1.0),New passenger cars by type of motor energy,A,Annual,NR,Number,ELC,Electricity,LV,Latvia,2024,,1260,,,,,
dataflow,ESTAT:ROAD_EQR_CARPDA(1.0),New passenger cars by type of motor energy,A,Annual,NR,Number,ELC,Electricity,MD,Moldova,2013,,0,,,,,
dataflow,ESTAT:ROAD_EQR_CARPDA(1.0),New passenger cars by type of motor energy,A,Annual,NR,Number,ELC,Electricity,MD,Moldova,2014,,1,,,,,
dataflow,ESTAT:ROAD_EQR_CARPDA(1.0),New passenger cars by type of motor energy,A,Annual,NR,Number,ELC,Electricity,MD,Moldova,2015,,13,,,,,
dataflow,ESTAT:ROAD_EQR_CARPDA(1.0),New passenger cars by type of motor energy,A,Annual,NR,Number,ELC,Electricity,MD,Moldova,2016,,14,,,,,
dataflow,ESTAT:ROAD_EQR_CARPDA(1.0),New passenger cars by type of motor energy,A,Annual,NR,Number,ELC,Electricity,MD,Moldova,2017,,37,,,,,
dataflow,ESTAT:ROAD_EQR_CARPDA(1.0),New passenger cars by type of motor energy,A,Annual,NR,Number,ELC,Electricity,MD,Moldova,2018,,42,,,,,
dataflow,ESTAT:ROAD_EQR_CARPDA(1.0),New passenger cars by type of motor energy,A,Annual,NR,Number,ELC,Electricity,MD,Moldova,2019,,185,,,,,
dataflow,ESTAT:ROAD_EQR_CARPDA(1.0),New passenger cars by type of motor energy,A,Annual,NR,Number,ELC,Electricity,MD,Moldova,2020,,211,,,,,
dataflow,ESTAT:ROAD_EQR_CARPDA(1.0),New passenger cars by type of motor energy,A,Annual,NR,Number,ELC,Electricity,MD,Moldova,2021,,396,,,,,
dataflow,ESTAT:ROAD_EQR_CARPDA(1.0),New passenger cars by type of motor energy,A,Annual,NR,Number,ELC,Electricity,MD,Moldova,2022,,729,,,,,
dataflow,ESTAT:ROAD_EQR_CARPDA(1.0),New passenger cars by type of motor energy,A,Annual,NR,Number,ELC,Electricity,MD,Moldova,2023,,1012,,,,,
dataflow,ESTAT:ROAD_EQR_CARPDA(1.0),New passenger cars by type of motor energy,A,Annual,NR,Number,ELC,Electricity,MD,Moldova,2024,,1666,,,,,
dataflow,ESTAT:ROAD_EQR_CARPDA(1.0),New passenger cars by type of motor energy,A,Annual,NR,Number,ELC,Electricity,ME,Montenegro,2017,,4,,,,,
dataflow,ESTAT:ROAD_EQR_CARPDA(1.0),New passenger cars by type of motor energy,A,Annual,NR,Number,ELC,Electricity,ME,Montenegro,2018,,1,,,,,
dataflow,ESTAT:ROAD_EQR_CARPDA(1.0),New passenger cars by type of motor energy,A,Annual,NR,Number,ELC,Electricity,MT,Malta,2013,,18,,,,,
dataflow,ESTAT:ROAD_EQR_CARPDA(1.0),New passenger cars by type of motor energy,A,Annual,NR,Number,ELC,Electricity,MT,Malta,2014,,30,,,,,
dataflow,ESTAT:ROAD_EQR_CARPDA(1.0),New passenger cars by type of motor energy,A,Annual,NR,Number,ELC,Electricity,MT,Malta,2015,,23,,,,,
dataflow,ESTAT:ROAD_EQR_CARPDA(1.0),New passenger cars by type of motor energy,A,Annual,NR,Number,ELC,Electricity,MT,Malta,2016,,19,,,,,
dataflow,ESTAT:ROAD_EQR_CARPDA(1.0),New passenger cars by type of motor energy,A,Annual,NR,Number,ELC,Electricity,MT,Malta,2017,,24,,,,,
dataflow,ESTAT:ROAD_EQR_CARPDA(1.0),New passenger cars by type of motor energy,A,Annual,NR,Number,ELC,Electricity,MT,Malta,2018,,285,,,,,
dataflow,ESTAT:ROAD_EQR_CARPDA(1.0),New passenger cars by type of motor energy,A,Annual,NR,Number,ELC,Electricity,MT,Malta,2019,,281,,,,,
dataflow,ESTAT:ROAD_EQR_CARPDA(1.0),New passenger cars by type of motor energy,A,Annual,NR,Number,ELC,Electricity,MT,Malta,2020,,178,,,,,
dataflow,ESTAT:ROAD_EQR_CARPDA(1.0),New passenger cars by type of motor energy,A,Annual,NR,Number,ELC,Electricity,MT,Malta,2021,,416,,,,,
dataflow,ESTAT:ROAD_EQR_CARPDA(1.0),New passenger cars by type of motor energy,A,Annual,NR,Number,ELC,Electricity,MT,Malta,2022,,990,,,,,
dataflow,ESTAT:ROAD_EQR_CARPDA(1.0),New passenger cars by type of motor energy,A,Annual,NR,Number,ELC,Electricity,MT,Malta,2023,,1516,,,,,
dataflow,ESTAT:ROAD_EQR_CARPDA(1.0),New passenger cars by type of motor energy,A,Annual,NR,Number,ELC,Electricity,MT,Malta,2024,,2893,,,,,
dataflow,ESTAT:ROAD_EQR_CARPDA(1.0),New passenger cars by type of motor energy,A,Annual,NR,Number,ELC,Electricity,NL,Netherlands,2013,,2619,,,,,
dataflow,ESTAT:ROAD_EQR_CARPDA(1.0),New passenger cars by type of motor energy,A,Annual,NR,Number,ELC,Electricity,NL,Netherlands,2014,,2912,,,,,
dataflow,ESTAT:ROAD_EQR_CARPDA(1.0),New passenger cars by type of motor energy,A,Annual,NR,Number,ELC,Electricity,NL,Netherlands,2015,,3193,,,,,
dataflow,ESTAT:ROAD_EQR_CARPDA(1.0),New passenger cars by type of motor energy,A,Annual,NR,Number,ELC,Electricity,NL,Netherlands,2016,,3988,,,,,
dataflow,ESTAT:ROAD_EQR_CARPDA(1.0),New passenger cars by type of motor energy,A,Annual,NR,Number,ELC,Electricity,NL,Netherlands,2017,,7958,,,,,
dataflow,ESTAT:ROAD_EQR_CARPDA(1.0),New passenger cars by type of motor energy,A,Annual,NR,Number,ELC,Electricity,NL,Netherlands,2018,,23985,,,,,
dataflow,ESTAT:ROAD_EQR_CARPDA(1.0),New passenger cars by type of motor energy,A,Annual,NR,Number,ELC,Electricity,NL,Netherlands,2019,,61547,,,,,
dataflow,ESTAT:ROAD_EQR_CARPDA(1.0),New passenger cars by type of motor energy,A,Annual,NR,Number,ELC,Electricity,NL,Netherlands,2020,,72859,,,,,
dataflow,ESTAT:ROAD_EQR_CARPDA(1.0),New passenger cars by type of motor energy,A,Annual,NR,Number,ELC,Electricity,NL,Netherlands,2021,,63658,,,,,
dataflow,ESTAT:ROAD_EQR_CARPDA(1.0),New passenger cars by type of motor energy,A,Annual,NR,Number,ELC,Electricity,NL,Netherlands,2022,,73250,,,,,
dataflow,ESTAT:ROAD_EQR_CARPDA(1.0),New passenger cars by type of motor energy,A,Annual,NR,Number,ELC,Electricity,NL,Netherlands,2023,,113961,,,,,
dataflow,ESTAT:ROAD_EQR_CARPDA(1.0),New passenger cars by type of motor energy,A,Annual,NR,Number,ELC,Electricity,NL,Netherlands,2024,,132167,,,,,
dataflow,ESTAT:ROAD_EQR_CARPDA(1.0),New passenger cars by type of motor energy,A,Annual,NR,Number,ELC,Electricity,NO,Norway,2013,,7885,,,,,
dataflow,ESTAT:ROAD_EQR_CARPDA(1.0),New passenger cars by type of motor energy,A,Annual,NR,Number,ELC,Electricity,NO,Norway,2014,,18091,,,,,
dataflow,ESTAT:ROAD_EQR_CARPDA(1.0),New passenger cars by type of motor energy,A,Annual,NR,Number,ELC,Electricity,NO,Norway,2015,,25779,,,,,
dataflow,ESTAT:ROAD_EQR_CARPDA(1.0),New passenger cars by type of motor energy,A,Annual,NR,Number,ELC,Electricity,NO,Norway,2016,,24222,,,,,
dataflow,ESTAT:ROAD_EQR_CARPDA(1.0),New passenger cars by type of motor energy,A,Annual,NR,Number,ELC,Electricity,NO,Norway,2017,,33023,,,,,
dataflow,ESTAT:ROAD_EQR_CARPDA(1.0),New passenger cars by type of motor energy,A,Annual,NR,Number,ELC,Electricity,NO,Norway,2018,,46091,,,,,
dataflow,ESTAT:ROAD_EQR_CARPDA(1.0),New passenger cars by type of motor energy,A,Annual,NR,Number,ELC,Electricity,NO,Norway,2019,,60271,,,,,
dataflow,ESTAT:ROAD_EQR_CARPDA(1.0),New passenger cars by type of motor energy,A,Annual,NR,Number,ELC,Electricity,NO,Norway,2020,,82212,,,,,
dataflow,ESTAT:ROAD_EQR_CARPDA(1.0),New passenger cars by type of motor energy,A,Annual,NR,Number,ELC,Electricity,NO,Norway,2021,,116399,,,,,
dataflow,ESTAT:ROAD_EQR_CARPDA(1.0),New passenger cars by type of motor energy,A,Annual,NR,Number,ELC,Electricity,NO,Norway,2022,,142504,,,,,
dataflow,ESTAT:ROAD_EQR_CARPDA(1.0),New passenger cars by type of motor energy,A,Annual,NR,Number,ELC,Electricity,NO,Norway,2023,,104727,,,,,
dataflow,ESTAT:ROAD_EQR_CARPDA(1.0),New passenger cars by type of motor energy,A,Annual,NR,Number,ELC,Electricity,NO,Norway,2024,,114814,,,,,
dataflow,ESTAT:ROAD_EQR_CARPDA(1.0),New passenger cars by type of motor energy,A,Annual,NR,Number,ELC,Electricity,PL,Poland,2013,,26,,i,value imputed by Eurostat or other receiving agencies,,
dataflow,ESTAT:ROAD_EQR_CARPDA(1.0),New passenger cars by type of motor energy,A,Annual,NR,Number,ELC,Electricity,PL,Poland,2014,,81,,i,value imputed by Eurostat or other receiving agencies,,
dataflow,ESTAT:ROAD_EQR_CARPDA(1.0),New passenger cars by type of motor energy,A,Annual,NR,Number,ELC,Electricity,PL,Poland,2015,,112,,i,value imputed by Eurostat or other receiving agencies,,
dataflow,ESTAT:ROAD_EQR_CARPDA(1.0),New passenger cars by type of motor energy,A,Annual,NR,Number,ELC,Electricity,PL,Poland,2016,,157,,i,value imputed by Eurostat or other receiving agencies,,
dataflow,ESTAT:ROAD_EQR_CARPDA(1.0),New passenger cars by type of motor energy,A,Annual,NR,Number,ELC,Electricity,PL,Poland,2017,,508,,i,value imputed by Eurostat or other receiving agencies,,
dataflow,ESTAT:ROAD_EQR_CARPDA(1.0),New passenger cars by type of motor energy,A,Annual,NR,Number,ELC,Electricity,PL,Poland,2018,,694,,i,value imputed by Eurostat or other receiving agencies,,
dataflow,ESTAT:ROAD_EQR_CARPDA(1.0),New passenger cars by type of motor energy,A,Annual,NR,Number,ELC,Electricity,PL,Poland,2019,,1464,,i,value imputed by Eurostat or other receiving agencies,,
dataflow,ESTAT:ROAD_EQR_CARPDA(1.0),New passenger cars by type of motor energy,A,Annual,NR,Number,ELC,Electricity,PL,Poland,2020,,3679,,i,value imputed by Eurostat or other receiving agencies,,
dataflow,ESTAT:ROAD_EQR_CARPDA(1.0),New passenger cars by type of motor energy,A,Annual,NR,Number,ELC,Electricity,PL,Poland,2021,,7092,,i,value imputed by Eurostat or other receiving agencies,,
dataflow,ESTAT:ROAD_EQR_CARPDA(1.0),New passenger cars by type of motor energy,A,Annual,NR,Number,ELC,Electricity,PL,Poland,2022,,11293,,i,value imputed by Eurostat or other receiving agencies,,
dataflow,ESTAT:ROAD_EQR_CARPDA(1.0),New passenger cars by type of motor energy,A,Annual,NR,Number,ELC,Electricity,PL,Poland,2023,,17078,,i,value imputed by Eurostat or other receiving agencies,,
dataflow,ESTAT:ROAD_EQR_CARPDA(1.0),New passenger cars by type of motor energy,A,Annual,NR,Number,ELC,Electricity,PL,Poland,2024,,16564,,i,value imputed by Eurostat or other receiving agencies,,
dataflow,ESTAT:ROAD_EQR_CARPDA(1.0),New passenger cars by type of motor energy,A,Annual,NR,Number,ELC,Electricity,PT,Portugal,2013,,167,,i,value imputed by Eurostat or other receiving agencies,,
dataflow,ESTAT:ROAD_EQR_CARPDA(1.0),New passenger cars by type of motor energy,A,Annual,NR,Number,ELC,Electricity,PT,Portugal,2014,,198,,i,value imputed by Eurostat or other receiving agencies,,
dataflow,ESTAT:ROAD_EQR_CARPDA(1.0),New passenger cars by type of motor energy,A,Annual,NR,Number,ELC,Electricity,PT,Portugal,2015,,692,,i,value imputed by Eurostat or other receiving agencies,,
dataflow,ESTAT:ROAD_EQR_CARPDA(1.0),New passenger cars by type of motor energy,A,Annual,NR,Number,ELC,Electricity,PT,Portugal,2016,,820,,i,value imputed by Eurostat or other receiving agencies,,
dataflow,ESTAT:ROAD_EQR_CARPDA(1.0),New passenger cars by type of motor energy,A,Annual,NR,Number,ELC,Electricity,PT,Portugal,2017,,1912,,,,,
dataflow,ESTAT:ROAD_EQR_CARPDA(1.0),New passenger cars by type of motor energy,A,Annual,NR,Number,ELC,Electricity,PT,Portugal,2018,,4458,,,,,
dataflow,ESTAT:ROAD_EQR_CARPDA(1.0),New passenger cars by type of motor energy,A,Annual,NR,Number,ELC,Electricity,PT,Portugal,2019,,6880,,,,,
dataflow,ESTAT:ROAD_EQR_CARPDA(1.0),New passenger cars by type of motor energy,A,Annual,NR,Number,ELC,Electricity,PT,Portugal,2020,,7908,,,,,
dataflow,ESTAT:ROAD_EQR_CARPDA(1.0),New passenger cars by type of motor energy,A,Annual,NR,Number,ELC,Electricity,PT,Portugal,2021,,13546,,,,,
dataflow,ESTAT:ROAD_EQR_CARPDA(1.0),New passenger cars by type of motor energy,A,Annual,NR,Number,ELC,Electricity,PT,Portugal,2022,,18426,,,,,
dataflow,ESTAT:ROAD_EQR_CARPDA(1.0),New passenger cars by type of motor energy,A,Annual,NR,Number,ELC,Electricity,PT,Portugal,2023,,36456,,,,,
dataflow,ESTAT:ROAD_EQR_CARPDA(1.0),New passenger cars by type of motor energy,A,Annual,NR,Number,ELC,Electricity,PT,Portugal,2024,,41837,,p,provisional,,
dataflow,ESTAT:ROAD_EQR_CARPDA(1.0),New passenger cars by type of motor energy,A,Annual,NR,Number,ELC,Electricity,RO,Romania,2013,,37,,,,,
dataflow,ESTAT:ROAD_EQR_CARPDA(1.0),New passenger cars by type of motor energy,A,Annual,NR,Number,ELC,Electricity,RO,Romania,2014,,17,,,,,
dataflow,ESTAT:ROAD_EQR_CARPDA(1.0),New passenger cars by type of motor energy,A,Annual,NR,Number,ELC,Electricity,RO,Romania,2015,,28,,,,,
dataflow,ESTAT:ROAD_EQR_CARPDA(1.0),New passenger cars by type of motor energy,A,Annual,NR,Number,ELC,Electricity,RO,Romania,2016,,69,,,,,
dataflow,ESTAT:ROAD_EQR_CARPDA(1.0),New passenger cars by type of motor energy,A,Annual,NR,Number,ELC,Electricity,RO,Romania,2017,,232,,,,,
dataflow,ESTAT:ROAD_EQR_CARPDA(1.0),New passenger cars by type of motor energy,A,Annual,NR,Number,ELC,Electricity,RO,Romania,2018,,604,,,,,
dataflow,ESTAT:ROAD_EQR_CARPDA(1.0),New passenger cars by type of motor energy,A,Annual,NR,Number,ELC,Electricity,RO,Romania,2019,,1506,,,,,
dataflow,ESTAT:ROAD_EQR_CARPDA(1.0),New passenger cars by type of motor energy,A,Annual,NR,Number,ELC,Electricity,RO,Romania,2020,,2844,,,,,
dataflow,ESTAT:ROAD_EQR_CARPDA(1.0),New passenger cars by type of motor energy,A,Annual,NR,Number,ELC,Electricity,RO,Romania,2021,,6344,,,,,
dataflow,ESTAT:ROAD_EQR_CARPDA(1.0),New passenger cars by type of motor energy,A,Annual,NR,Number,ELC,Electricity,RO,Romania,2022,,11638,,,,,
dataflow,ESTAT:ROAD_EQR_CARPDA(1.0),New passenger cars by type of motor energy,A,Annual,NR,Number,ELC,Electricity,RO,Romania,2023,,15367,,,,,
dataflow,ESTAT:ROAD_EQR_CARPDA(1.0),New passenger cars by type of motor energy,A,Annual,NR,Number,ELC,Electricity,RO,Romania,2024,,9795,,,,,
dataflow,ESTAT:ROAD_EQR_CARPDA(1.0),New passenger cars by type of motor energy,A,Annual,NR,Number,ELC,Electricity,RS,Serbia,2019,,37,,,,,
dataflow,ESTAT:ROAD_EQR_CARPDA(1.0),New passenger cars by type of motor energy,A,Annual,NR,Number,ELC,Electricity,RS,Serbia,2020,,61,,,,,
dataflow,ESTAT:ROAD_EQR_CARPDA(1.0),New passenger cars by type of motor energy,A,Annual,NR,Number,ELC,Electricity,RS,Serbia,2021,,138,,,,,
dataflow,ESTAT:ROAD_EQR_CARPDA(1.0),New passenger cars by type of motor energy,A,Annual,NR,Number,ELC,Electricity,RS,Serbia,2022,,221,,,,,
dataflow,ESTAT:ROAD_EQR_CARPDA(1.0),New passenger cars by type of motor energy,A,Annual,NR,Number,ELC,Electricity,RS,Serbia,2023,,494,,,,,
dataflow,ESTAT:ROAD_EQR_CARPDA(1.0),New passenger cars by type of motor energy,A,Annual,NR,Number,ELC,Electricity,RS,Serbia,2024,,604,,,,,
dataflow,ESTAT:ROAD_EQR_CARPDA(1.0),New passenger cars by type of motor energy,A,Annual,NR,Number,ELC,Electricity,SE,Sweden,2013,,452,,,,,
dataflow,ESTAT:ROAD_EQR_CARPDA(1.0),New passenger cars by type of motor energy,A,Annual,NR,Number,ELC,Electricity,SE,Sweden,2014,,1266,,,,,
dataflow,ESTAT:ROAD_EQR_CARPDA(1.0),New passenger cars by type of motor energy,A,Annual,NR,Number,ELC,Electricity,SE,Sweden,2015,,2916,,,,,
dataflow,ESTAT:ROAD_EQR_CARPDA(1.0),New passenger cars by type of motor energy,A,Annual,NR,Number,ELC,Electricity,SE,Sweden,2016,,2993,,,,,
dataflow,ESTAT:ROAD_EQR_CARPDA(1.0),New passenger cars by type of motor energy,A,Annual,NR,Number,ELC,Electricity,SE,Sweden,2017,,4359,,,,,
dataflow,ESTAT:ROAD_EQR_CARPDA(1.0),New passenger cars by type of motor energy,A,Annual,NR,Number,ELC,Electricity,SE,Sweden,2018,,7147,,,,,
dataflow,ESTAT:ROAD_EQR_CARPDA(1.0),New passenger cars by type of motor energy,A,Annual,NR,Number,ELC,Electricity,SE,Sweden,2019,,15795,,,,,
dataflow,ESTAT:ROAD_EQR_CARPDA(1.0),New passenger cars by type of motor energy,A,Annual,NR,Number,ELC,Electricity,SE,Sweden,2020,,27981,,,,,
dataflow,ESTAT:ROAD_EQR_CARPDA(1.0),New passenger cars by type of motor energy,A,Annual,NR,Number,ELC,Electricity,SE,Sweden,2021,,57590,,,,,
dataflow,ESTAT:ROAD_EQR_CARPDA(1.0),New passenger cars by type of motor energy,A,Annual,NR,Number,ELC,Electricity,SE,Sweden,2022,,95371,,,,,
dataflow,ESTAT:ROAD_EQR_CARPDA(1.0),New passenger cars by type of motor energy,A,Annual,NR,Number,ELC,Electricity,SE,Sweden,2023,,112321,,,,,
dataflow,ESTAT:ROAD_EQR_CARPDA(1.0),New passenger cars by type of motor energy,A,Annual,NR,Number,ELC,Electricity,SE,Sweden,2024,,94546,,,,,
dataflow,ESTAT:ROAD_EQR_CARPDA(1.0),New passenger cars by type of motor energy,A,Annual,NR,Number,ELC,Electricity,SI,Slovenia,2013,,0,,i,value imputed by Eurostat or other receiving agencies,,
dataflow,ESTAT:ROAD_EQR_CARPDA(1.0),New passenger cars by type of motor energy,A,Annual,NR,Number,ELC,Electricity,SI,Slovenia,2014,,13,,,,,
dataflow,ESTAT:ROAD_EQR_CARPDA(1.0),New passenger cars by type of motor energy,A,Annual,NR,Number,ELC,Electricity,SI,Slovenia,2015,,123,,,,,
dataflow,ESTAT:ROAD_EQR_CARPDA(1.0),New passenger cars by type of motor energy,A,Annual,NR,Number,ELC,Electricity,SI,Slovenia,2016,,151,,,,,
dataflow,ESTAT:ROAD_EQR_CARPDA(1.0),New passenger cars by type of motor energy,A,Annual,NR,Number,ELC,Electricity,SI,Slovenia,2017,,297,,,,,
dataflow,ESTAT:ROAD_EQR_CARPDA(1.0),New passenger cars by type of motor energy,A,Annual,NR,Number,ELC,Electricity,SI,Slovenia,2018,,521,,,,,
dataflow,ESTAT:ROAD_EQR_CARPDA(1.0),New passenger cars by type of motor energy,A,Annual,NR,Number,ELC,Electricity,SI,Slovenia,2019,,695,,,,,
dataflow,ESTAT:ROAD_EQR_CARPDA(1.0),New passenger cars by type of motor energy,A,Annual,NR,Number,ELC,Electricity,SI,Slovenia,2020,,1720,,,,,
dataflow,ESTAT:ROAD_EQR_CARPDA(1.0),New passenger cars by type of motor energy,A,Annual,NR,Number,ELC,Electricity,SI,Slovenia,2021,,1742,,,,,
dataflow,ESTAT:ROAD_EQR_CARPDA(1.0),New passenger cars by type of motor energy,A,Annual,NR,Number,ELC,Electricity,SI,Slovenia,2022,,2293,,,,,
dataflow,ESTAT:ROAD_EQR_CARPDA(1.0),New passenger cars by type of motor energy,A,Annual,NR,Number,ELC,Electricity,SI,Slovenia,2023,,4306,,,,,
dataflow,ESTAT:ROAD_EQR_CARPDA(1.0),New passenger cars by type of motor energy,A,Annual,NR,Number,ELC,Electricity,SI,Slovenia,2024,,3154,,,,,
dataflow,ESTAT:ROAD_EQR_CARPDA(1.0),New passenger cars by type of motor energy,A,Annual,NR,Number,ELC,Electricity,SK,Slovakia,2013,,0,,i,value imputed by Eurostat or other receiving agencies,,
dataflow,ESTAT:ROAD_EQR_CARPDA(1.0),New passenger cars by type of motor energy,A,Annual,NR,Number,ELC,Electricity,SK,Slovakia,2014,,24,,i,value imputed by Eurostat or other receiving agencies,,
dataflow,ESTAT:ROAD_EQR_CARPDA(1.0),New passenger cars by type of motor energy,A,Annual,NR,Number,ELC,Electricity,SK,Slovakia,2015,,15,,i,value imputed by Eurostat or other receiving agencies,,
dataflow,ESTAT:ROAD_EQR_CARPDA(1.0),New passenger cars by type of motor energy,A,Annual,NR,Number,ELC,Electricity,SK,Slovakia,2016,,55,,i,value imputed by Eurostat or other receiving agencies,,
dataflow,ESTAT:ROAD_EQR_CARPDA(1.0),New passenger cars by type of motor energy,A,Annual,NR,Number,ELC,Electricity,SK,Slovakia,2017,,214,,i,value imputed by Eurostat or other receiving agencies,,
dataflow,ESTAT:ROAD_EQR_CARPDA(1.0),New passenger cars by type of motor energy,A,Annual,NR,Number,ELC,Electricity,SK,Slovakia,2018,,301,,i,value imputed by Eurostat or other receiving agencies,,
dataflow,ESTAT:ROAD_EQR_CARPDA(1.0),New passenger cars by type of motor energy,A,Annual,NR,Number,ELC,Electricity,SK,Slovakia,2019,,166,,i,value imputed by Eurostat or other receiving agencies,,
dataflow,ESTAT:ROAD_EQR_CARPDA(1.0),New passenger cars by type of motor energy,A,Annual,NR,Number,ELC,Electricity,SK,Slovakia,2020,,907,,i,value imputed by Eurostat or other receiving agencies,,
dataflow,ESTAT:ROAD_EQR_CARPDA(1.0),New passenger cars by type of motor energy,A,Annual,NR,Number,ELC,Electricity,SK,Slovakia,2021,,1136,,i,value imputed by Eurostat or other receiving agencies,,
dataflow,ESTAT:ROAD_EQR_CARPDA(1.0),New passenger cars by type of motor energy,A,Annual,NR,Number,ELC,Electricity,SK,Slovakia,2022,,1508,,i,value imputed by Eurostat or other receiving agencies,,
dataflow,ESTAT:ROAD_EQR_CARPDA(1.0),New passenger cars by type of motor energy,A,Annual,NR,Number,ELC,Electricity,SK,Slovakia,2023,,2517,,i,value imputed by Eurostat or other receiving agencies,,
dataflow,ESTAT:ROAD_EQR_CARPDA(1.0),New passenger cars by type of motor energy,A,Annual,NR,Number,ELC,Electricity,SK,Slovakia,2024,,2227,,i,value imputed by Eurostat or other receiving agencies,,
dataflow,ESTAT:ROAD_EQR_CARPDA(1.0),New passenger cars by type of motor energy,A,Annual,NR,Number,ELC,Electricity,TR,Türkiye,2013,,180,,,,,
dataflow,ESTAT:ROAD_EQR_CARPDA(1.0),New passenger cars by type of motor energy,A,Annual,NR,Number,ELC,Electricity,TR,Türkiye,2014,,63,,,,,
dataflow,ESTAT:ROAD_EQR_CARPDA(1.0),New passenger cars by type of motor energy,A,Annual,NR,Number,ELC,Electricity,TR,Türkiye,2015,,154,,,,,
dataflow,ESTAT:ROAD_EQR_CARPDA(1.0),New passenger cars by type of motor energy,A,Annual,NR,Number,ELC,Electricity,TR,Türkiye,2016,,77,,,,,
dataflow,ESTAT:ROAD_EQR_CARPDA(1.0),New passenger cars by type of motor energy,A,Annual,NR,Number,ELC,Electricity,TR,Türkiye,2017,,117,,,,,
dataflow,ESTAT:ROAD_EQR_CARPDA(1.0),New passenger cars by type of motor energy,A,Annual,NR,Number,ELC,Electricity,TR,Türkiye,2018,,206,,,,,
dataflow,ESTAT:ROAD_EQR_CARPDA(1.0),New passenger cars by type of motor energy,A,Annual,NR,Number,ELC,Electricity,TR,Türkiye,2019,,228,,,,,
dataflow,ESTAT:ROAD_EQR_CARPDA(1.0),New passenger cars by type of motor energy,A,Annual,NR,Number,ELC,Electricity,TR,Türkiye,2020,,1617,,,,,
dataflow,ESTAT:ROAD_EQR_CARPDA(1.0),New passenger cars by type of motor energy,A,Annual,NR,Number,ELC,Electricity,TR,Türkiye,2021,,3575,,,,,
dataflow,ESTAT:ROAD_EQR_CARPDA(1.0),New passenger cars by type of motor energy,A,Annual,NR,Number,ELC,Electricity,TR,Türkiye,2022,,8312,,,,,
dataflow,ESTAT:ROAD_EQR_CARPDA(1.0),New passenger cars by type of motor energy,A,Annual,NR,Number,ELC,Electricity,TR,Türkiye,2023,,65558,,,,,
dataflow,ESTAT:ROAD_EQR_CARPDA(1.0),New passenger cars by type of motor energy,A,Annual,NR,Number,ELC,Electricity,TR,Türkiye,2024,,103850,,,,,
dataflow,ESTAT:ROAD_EQR_CARPDA(1.0),New passenger cars by type of motor energy,A,Annual,NR,Number,ELC,Electricity,UA,Ukraine,2019,,7261,,,,,
dataflow,ESTAT:ROAD_EQR_CARPDA(1.0),New passenger cars by type of motor energy,A,Annual,NR,Number,ELC,Electricity,UA,Ukraine,2020,,641,,,,,
dataflow,ESTAT:ROAD_EQR_CARPDA(1.0),New passenger cars by type of motor energy,A,Annual,NR,Number,ELC,Electricity,UA,Ukraine,2021,,1210,,,,,
dataflow,ESTAT:ROAD_EQR_CARPDA(1.0),New passenger cars by type of motor energy,A,Annual,NR,Number,ELC,Electricity,UA,Ukraine,2022,,2255,,,,,
dataflow,ESTAT:ROAD_EQR_CARPDA(1.0),New passenger cars by type of motor energy,A,Annual,NR,Number,ELC,Electricity,UA,Ukraine,2023,,7261,,,,,
dataflow,ESTAT:ROAD_EQR_CARPDA(1.0),New passenger cars by type of motor energy,A,Annual,NR,Number,ELC,Electricity,UA,Ukraine,2024,,10231,,,,,
dataflow,ESTAT:ROAD_EQR_CARPDA(1.0),New passenger cars by type of motor energy,A,Annual,NR,Number,ELC,Electricity,UK,United Kingdom,2015,,10063,,,,,
dataflow,ESTAT:ROAD_EQR_CARPDA(1.0),New passenger cars by type of motor energy,A,Annual,NR,Number,ELC,Electricity,UK,United Kingdom,2016,,10544,,,,,
dataflow,ESTAT:ROAD_EQR_CARPDA(1.0),New passenger cars by type of motor energy,A,Annual,NR,Number,ELC,Electricity,UK,United Kingdom,2017,,13727,,,,,
dataflow,ESTAT:ROAD_EQR_CARPDA(1.0),New passenger cars by type of motor energy,A,Annual,NR,Number,ELC,Electricity,UK,United Kingdom,2018,,15579,,,,,
dataflow,ESTAT:ROAD_EQR_CARPDA(1.0),New passenger cars by type of motor energy,A,Annual,NR,Number,ELC,Electricity,UK,United Kingdom,2021,,188143,,,,,
dataflow,ESTAT:ROAD_EQR_CARPDA(1.0),New passenger cars by type of motor energy,A,Annual,NR,Number,ELC,Electricity,UK,United Kingdom,2022,,263197,,,,,
dataflow,ESTAT:ROAD_EQR_CARPDA(1.0),New passenger cars by type of motor energy,A,Annual,NR,Number,ELC,Electricity,UK,United Kingdom,2023,,308941,,,,,
dataflow,ESTAT:ROAD_EQR_CARPDA(1.0),New passenger cars by type of motor energy,A,Annual,NR,Number,ELC,Electricity,XK,Kosovo*,2017,,2,,,,,
dataflow,ESTAT:ROAD_EQR_CARPDA(1.0),New passenger cars by type of motor energy,A,Annual,NR,Number,ELC,Electricity,XK,Kosovo*,2018,,1,,,,,
dataflow,ESTAT:ROAD_EQR_CARPDA(1.0),New passenger cars by type of motor energy,A,Annual,NR,Number,ELC,Electricity,XK,Kosovo*,2019,,0,,,,,
dataflow,ESTAT:ROAD_EQR_CARPDA(1.0),New passenger cars by type of motor energy,A,Annual,NR,Number,ELC,Electricity,XK,Kosovo*,2021,,20,,,,,
dataflow,ESTAT:ROAD_EQR_CARPDA(1.0),New passenger cars by type of motor energy,A,Annual,NR,Number,ELC_DIE_HYB,Hybrid diesel-electric,AL,Albania,2019,,23,,,,,
dataflow,ESTAT:ROAD_EQR_CARPDA(1.0),New passenger cars by type of motor energy,A,Annual,NR,Number,ELC_DIE_HYB,Hybrid diesel-electric,AL,Albania,2020,,47,,,,,
dataflow,ESTAT:ROAD_EQR_CARPDA(1.0),New passenger cars by type of motor energy,A,Annual,NR,Number,ELC_DIE_HYB,Hybrid diesel-electric,AL,Albania,2021,,178,,,,,
dataflow,ESTAT:ROAD_EQR_CARPDA(1.0),New passenger cars by type of motor energy,A,Annual,NR,Number,ELC_DIE_HYB,Hybrid diesel-electric,AL,Albania,2022,,334,,,,,
dataflow,ESTAT:ROAD_EQR_CARPDA(1.0),New passenger cars by type of motor energy,A,Annual,NR,Number,ELC_DIE_HYB,Hybrid diesel-electric,AL,Albania,2023,,583,,,,,
dataflow,ESTAT:ROAD_EQR_CARPDA(1.0),New passenger cars by type of motor energy,A,Annual,NR,Number,ELC_DIE_HYB,Hybrid diesel-electric,AL,Albania,2024,,730,,,,,
dataflow,ESTAT:ROAD_EQR_CARPDA(1.0),New passenger cars by type of motor energy,A,Annual,NR,Number,ELC_DIE_HYB,Hybrid diesel-electric,AT,Austria,2013,,130,,,,,
dataflow,ESTAT:ROAD_EQR_CARPDA(1.0),New passenger cars by type of motor energy,A,Annual,NR,Number,ELC_DIE_HYB,Hybrid diesel-electric,AT,Austria,2014,,90,,,,,
dataflow,ESTAT:ROAD_EQR_CARPDA(1.0),New passenger cars by type of motor energy,A,Annual,NR,Number,ELC_DIE_HYB,Hybrid diesel-electric,AT,Austria,2015,,518,,,,,
dataflow,ESTAT:ROAD_EQR_CARPDA(1.0),New passenger cars by type of motor energy,A,Annual,NR,Number,ELC_DIE_HYB,Hybrid diesel-electric,AT,Austria,2016,,169,,,,,
dataflow,ESTAT:ROAD_EQR_CARPDA(1.0),New passenger cars by type of motor energy,A,Annual,NR,Number,ELC_DIE_HYB,Hybrid diesel-electric,AT,Austria,2017,,43,,,,,
dataflow,ESTAT:ROAD_EQR_CARPDA(1.0),New passenger cars by type of motor energy,A,Annual,NR,Number,ELC_DIE_HYB,Hybrid diesel-electric,AT,Austria,2018,,1008,,,,,
dataflow,ESTAT:ROAD_EQR_CARPDA(1.0),New passenger cars by type of motor energy,A,Annual,NR,Number,ELC_DIE_HYB,Hybrid diesel-electric,AT,Austria,2019,,4112,,,,,
dataflow,ESTAT:ROAD_EQR_CARPDA(1.0),New passenger cars by type of motor energy,A,Annual,NR,Number,ELC_DIE_HYB,Hybrid diesel-electric,AT,Austria,2020,,7848,,,,,
dataflow,ESTAT:ROAD_EQR_CARPDA(1.0),New passenger cars by type of motor energy,A,Annual,NR,Number,ELC_DIE_HYB,Hybrid diesel-electric,AT,Austria,2021,,12519,,,,,
dataflow,ESTAT:ROAD_EQR_CARPDA(1.0),New passenger cars by type of motor energy,A,Annual,NR,Number,ELC_DIE_HYB,Hybrid diesel-electric,AT,Austria,2022,,12620,,,,,
dataflow,ESTAT:ROAD_EQR_CARPDA(1.0),New passenger cars by type of motor energy,A,Annual,NR,Number,ELC_DIE_HYB,Hybrid diesel-electric,AT,Austria,2023,,13925,,,,,
dataflow,ESTAT:ROAD_EQR_CARPDA(1.0),New passenger cars by type of motor energy,A,Annual,NR,Number,ELC_DIE_HYB,Hybrid diesel-electric,AT,Austria,2024,,12479,,,,,
dataflow,ESTAT:ROAD_EQR_CARPDA(1.0),New passenger cars by type of motor energy,A,Annual,NR,Number,ELC_DIE_HYB,Hybrid diesel-electric,BA,Bosnia and Herzegovina,2013,,0,,,,,
dataflow,ESTAT:ROAD_EQR_CARPDA(1.0),New passenger cars by type of motor energy,A,Annual,NR,Number,ELC_DIE_HYB,Hybrid diesel-electric,BA,Bosnia and Herzegovina,2014,,1,,,,,
dataflow,ESTAT:ROAD_EQR_CARPDA(1.0),New passenger cars by type of motor energy,A,Annual,NR,Number,ELC_DIE_HYB,Hybrid diesel-electric,BA,Bosnia and Herzegovina,2015,,0,,,,,
dataflow,ESTAT:ROAD_EQR_CARPDA(1.0),New passenger cars by type of motor energy,A,Annual,NR,Number,ELC_DIE_HYB,Hybrid diesel-electric,BA,Bosnia and Herzegovina,2016,,2,,,,,
dataflow,ESTAT:ROAD_EQR_CARPDA(1.0),New passenger cars by type of motor energy,A,Annual,NR,Number,ELC_DIE_HYB,Hybrid diesel-electric,BA,Bosnia and Herzegovina,2017,,0,,,,,
dataflow,ESTAT:ROAD_EQR_CARPDA(1.0),New passenger cars by type of motor energy,A,Annual,NR,Number,ELC_DIE_HYB,Hybrid diesel-electric,BA,Bosnia and Herzegovina,2018,,1,,,,,
dataflow,ESTAT:ROAD_EQR_CARPDA(1.0),New passenger cars by type of motor energy,A,Annual,NR,Number,ELC_DIE_HYB,Hybrid diesel-electric,BA,Bosnia and Herzegovina,2019,,11,,,,,
dataflow,ESTAT:ROAD_EQR_CARPDA(1.0),New passenger cars by type of motor energy,A,Annual,NR,Number,ELC_DIE_HYB,Hybrid diesel-electric,BA,Bosnia and Herzegovina,2020,,8,,,,,
dataflow,ESTAT:ROAD_EQR_CARPDA(1.0),New passenger cars by type of motor energy,A,Annual,NR,Number,ELC_DIE_HYB,Hybrid diesel-electric,BA,Bosnia and Herzegovina,2021,,22,,,,,
dataflow,ESTAT:ROAD_EQR_CARPDA(1.0),New passenger cars by type of motor energy,A,Annual,NR,Number,ELC_DIE_HYB,Hybrid diesel-electric,BA,Bosnia and Herzegovina,2022,,110,,,,,
dataflow,ESTAT:ROAD_EQR_CARPDA(1.0),New passenger cars by type of motor energy,A,Annual,NR,Number,ELC_DIE_HYB,Hybrid diesel-electric,BA,Bosnia and Herzegovina,2023,,129,,,,,
dataflow,ESTAT:ROAD_EQR_CARPDA(1.0),New passenger cars by type of motor energy,A,Annual,NR,Number,ELC_DIE_HYB,Hybrid diesel-electric,BA,Bosnia and Herzegovina,2024,,168,,,,,
dataflow,ESTAT:ROAD_EQR_CARPDA(1.0),New passenger cars by type of motor energy,A,Annual,NR,Number,ELC_DIE_HYB,Hybrid diesel-electric,BE,Belgium,2013,,912,,,,,
dataflow,ESTAT:ROAD_EQR_CARPDA(1.0),New passenger cars by type of motor energy,A,Annual,NR,Number,ELC_DIE_HYB,Hybrid diesel-electric,BE,Belgium,2014,,741,,,,,
dataflow,ESTAT:ROAD_EQR_CARPDA(1.0),New passenger cars by type of motor energy,A,Annual,NR,Number,ELC_DIE_HYB,Hybrid diesel-electric,BE,Belgium,2015,,2493,,,,,
dataflow,ESTAT:ROAD_EQR_CARPDA(1.0),New passenger cars by type of motor energy,A,Annual,NR,Number,ELC_DIE_HYB,Hybrid diesel-electric,BE,Belgium,2016,,1301,,,,,
dataflow,ESTAT:ROAD_EQR_CARPDA(1.0),New passenger cars by type of motor energy,A,Annual,NR,Number,ELC_DIE_HYB,Hybrid diesel-electric,BE,Belgium,2017,,834,,,,,
dataflow,ESTAT:ROAD_EQR_CARPDA(1.0),New passenger cars by type of motor energy,A,Annual,NR,Number,ELC_DIE_HYB,Hybrid diesel-electric,BE,Belgium,2018,,1249,,,,,
dataflow,ESTAT:ROAD_EQR_CARPDA(1.0),New passenger cars by type of motor energy,A,Annual,NR,Number,ELC_DIE_HYB,Hybrid diesel-electric,BE,Belgium,2019,,6012,,,,,
dataflow,ESTAT:ROAD_EQR_CARPDA(1.0),New passenger cars by type of motor energy,A,Annual,NR,Number,ELC_DIE_HYB,Hybrid diesel-electric,BE,Belgium,2020,,14955,,,,,
dataflow,ESTAT:ROAD_EQR_CARPDA(1.0),New passenger cars by type of motor energy,A,Annual,NR,Number,ELC_DIE_HYB,Hybrid diesel-electric,BE,Belgium,2021,,21348,,,,,
dataflow,ESTAT:ROAD_EQR_CARPDA(1.0),New passenger cars by type of motor energy,A,Annual,NR,Number,ELC_DIE_HYB,Hybrid diesel-electric,BE,Belgium,2022,,15800,,,,,
dataflow,ESTAT:ROAD_EQR_CARPDA(1.0),New passenger cars by type of motor energy,A,Annual,NR,Number,ELC_DIE_HYB,Hybrid diesel-electric,BE,Belgium,2023,,5540,,b,break in time series,,
dataflow,ESTAT:ROAD_EQR_CARPDA(1.0),New passenger cars by type of motor energy,A,Annual,NR,Number,ELC_DIE_HYB,Hybrid diesel-electric,BE,Belgium,2024,,6739,,i,value imputed by Eurostat or other receiving agencies,,
dataflow,ESTAT:ROAD_EQR_CARPDA(1.0),New passenger cars by type of motor energy,A,Annual,NR,Number,ELC_DIE_HYB,Hybrid diesel-electric,BG,Bulgaria,2024,,0,,i,value imputed by Eurostat or other receiving agencies,,
dataflow,ESTAT:ROAD_EQR_CARPDA(1.0),New passenger cars by type of motor energy,A,Annual,NR,Number,ELC_DIE_HYB,Hybrid diesel-electric,CH,Switzerland,2013,,705,,,,,
dataflow,ESTAT:ROAD_EQR_CARPDA(1.0),New passenger cars by type of motor energy,A,Annual,NR,Number,ELC_DIE_HYB,Hybrid diesel-electric,CH,Switzerland,2014,,520,,,,,
dataflow,ESTAT:ROAD_EQR_CARPDA(1.0),New passenger cars by type of motor energy,A,Annual,NR,Number,ELC_DIE_HYB,Hybrid diesel-electric,CH,Switzerland,2015,,844,,,,,
dataflow,ESTAT:ROAD_EQR_CARPDA(1.0),New passenger cars by type of motor energy,A,Annual,NR,Number,ELC_DIE_HYB,Hybrid diesel-electric,CH,Switzerland,2016,,493,,,,,
dataflow,ESTAT:ROAD_EQR_CARPDA(1.0),New passenger cars by type of motor energy,A,Annual,NR,Number,ELC_DIE_HYB,Hybrid diesel-electric,CH,Switzerland,2017,,182,,,,,
dataflow,ESTAT:ROAD_EQR_CARPDA(1.0),New passenger cars by type of motor energy,A,Annual,NR,Number,ELC_DIE_HYB,Hybrid diesel-electric,CH,Switzerland,2018,,803,,,,,
dataflow,ESTAT:ROAD_EQR_CARPDA(1.0),New passenger cars by type of motor energy,A,Annual,NR,Number,ELC_DIE_HYB,Hybrid diesel-electric,CH,Switzerland,2019,,3850,,,,,
dataflow,ESTAT:ROAD_EQR_CARPDA(1.0),New passenger cars by type of motor energy,A,Annual,NR,Number,ELC_DIE_HYB,Hybrid diesel-electric,CH,Switzerland,2020,,5367,,,,,
dataflow,ESTAT:ROAD_EQR_CARPDA(1.0),New passenger cars by type of motor energy,A,Annual,NR,Number,ELC_DIE_HYB,Hybrid diesel-electric,CH,Switzerland,2021,,9692,,,,,
dataflow,ESTAT:ROAD_EQR_CARPDA(1.0),New passenger cars by type of motor energy,A,Annual,NR,Number,ELC_DIE_HYB,Hybrid diesel-electric,CH,Switzerland,2022,,10948,,,,,
dataflow,ESTAT:ROAD_EQR_CARPDA(1.0),New passenger cars by type of motor energy,A,Annual,NR,Number,ELC_DIE_HYB,Hybrid diesel-electric,CH,Switzerland,2023,,13106,,,,,
dataflow,ESTAT:ROAD_EQR_CARPDA(1.0),New passenger cars by type of motor energy,A,Annual,NR,Number,ELC_DIE_HYB,Hybrid diesel-electric,CH,Switzerland,2024,,13307,,,,,
dataflow,ESTAT:ROAD_EQR_CARPDA(1.0),New passenger cars by type of motor energy,A,Annual,NR,Number,ELC_DIE_HYB,Hybrid diesel-electric,CZ,Czechia,2021,,822,,,,,
dataflow,ESTAT:ROAD_EQR_CARPDA(1.0),New passenger cars by type of motor energy,A,Annual,NR,Number,ELC_DIE_HYB,Hybrid diesel-electric,CZ,Czechia,2022,,806,,i,value imputed by Eurostat or other receiving agencies,,
dataflow,ESTAT:ROAD_EQR_CARPDA(1.0),New passenger cars by type of motor energy,A,Annual,NR,Number,ELC_DIE_HYB,Hybrid diesel-electric,CZ,Czechia,2023,,4119,,i,value imputed by Eurostat or other receiving agencies,,
dataflow,ESTAT:ROAD_EQR_CARPDA(1.0),New passenger cars by type of motor energy,A,Annual,NR,Number,ELC_DIE_HYB,Hybrid diesel-electric,CZ,Czechia,2024,,229,,i,value imputed by Eurostat or other receiving agencies,,
dataflow,ESTAT:ROAD_EQR_CARPDA(1.0),New passenger cars by type of motor energy,A,Annual,NR,Number,ELC_DIE_HYB,Hybrid diesel-electric,DE,Germany,2017,,1228,,,,,
dataflow,ESTAT:ROAD_EQR_CARPDA(1.0),New passenger cars by type of motor energy,A,Annual,NR,Number,ELC_DIE_HYB,Hybrid diesel-electric,DE,Germany,2018,,17312,,,,,
dataflow,ESTAT:ROAD_EQR_CARPDA(1.0),New passenger cars by type of motor energy,A,Annual,NR,Number,ELC_DIE_HYB,Hybrid diesel-electric,DE,Germany,2019,,70102,,,,,
dataflow,ESTAT:ROAD_EQR_CARPDA(1.0),New passenger cars by type of motor energy,A,Annual,NR,Number,ELC_DIE_HYB,Hybrid diesel-electric,DE,Germany,2020,,107009,,,,,
dataflow,ESTAT:ROAD_EQR_CARPDA(1.0),New passenger cars by type of motor energy,A,Annual,NR,Number,ELC_DIE_HYB,Hybrid diesel-electric,DE,Germany,2021,,143234,,,,,
dataflow,ESTAT:ROAD_EQR_CARPDA(1.0),New passenger cars by type of motor energy,A,Annual,NR,Number,ELC_DIE_HYB,Hybrid diesel-electric,DE,Germany,2022,,153135,,,,,
dataflow,ESTAT:ROAD_EQR_CARPDA(1.0),New passenger cars by type of motor energy,A,Annual,NR,Number,ELC_DIE_HYB,Hybrid diesel-electric,DE,Germany,2023,,208149,,,,,
dataflow,ESTAT:ROAD_EQR_CARPDA(1.0),New passenger cars by type of motor energy,A,Annual,NR,Number,ELC_DIE_HYB,Hybrid diesel-electric,DE,Germany,2024,,183998,,,,,
dataflow,ESTAT:ROAD_EQR_CARPDA(1.0),New passenger cars by type of motor energy,A,Annual,NR,Number,ELC_DIE_HYB,Hybrid diesel-electric,DK,Denmark,2020,,1098,,i,value imputed by Eurostat or other receiving agencies,,
dataflow,ESTAT:ROAD_EQR_CARPDA(1.0),New passenger cars by type of motor energy,A,Annual,NR,Number,ELC_DIE_HYB,Hybrid diesel-electric,DK,Denmark,2021,,1616,,i,value imputed by Eurostat or other receiving agencies,,
dataflow,ESTAT:ROAD_EQR_CARPDA(1.0),New passenger cars by type of motor energy,A,Annual,NR,Number,ELC_DIE_HYB,Hybrid diesel-electric,DK,Denmark,2022,,6488,,i,value imputed by Eurostat or other receiving agencies,,
dataflow,ESTAT:ROAD_EQR_CARPDA(1.0),New passenger cars by type of motor energy,A,Annual,NR,Number,ELC_DIE_HYB,Hybrid diesel-electric,DK,Denmark,2023,,6855,,i,value imputed by Eurostat or other receiving agencies,,
dataflow,ESTAT:ROAD_EQR_CARPDA(1.0),New passenger cars by type of motor energy,A,Annual,NR,Number,ELC_DIE_HYB,Hybrid diesel-electric,DK,Denmark,2024,,5150,,i,value imputed by Eurostat or other receiving agencies,,
dataflow,ESTAT:ROAD_EQR_CARPDA(1.0),New passenger cars by type of motor energy,A,Annual,NR,Number,ELC_DIE_HYB,Hybrid diesel-electric,EE,Estonia,2013,,4,,,,,
dataflow,ESTAT:ROAD_EQR_CARPDA(1.0),New passenger cars by type of motor energy,A,Annual,NR,Number,ELC_DIE_HYB,Hybrid diesel-electric,EE,Estonia,2014,,3,,,,,
dataflow,ESTAT:ROAD_EQR_CARPDA(1.0),New passenger cars by type of motor energy,A,Annual,NR,Number,ELC_DIE_HYB,Hybrid diesel-electric,EE,Estonia,2015,,0,,,,,
dataflow,ESTAT:ROAD_EQR_CARPDA(1.0),New passenger cars by type of motor energy,A,Annual,NR,Number,ELC_DIE_HYB,Hybrid diesel-electric,EE,Estonia,2016,,1,,,,,
dataflow,ESTAT:ROAD_EQR_CARPDA(1.0),New passenger cars by type of motor energy,A,Annual,NR,Number,ELC_DIE_HYB,Hybrid diesel-electric,EE,Estonia,2017,,1,,,,,
dataflow,ESTAT:ROAD_EQR_CARPDA(1.0),New passenger cars by type of motor energy,A,Annual,NR,Number,ELC_DIE_HYB,Hybrid diesel-electric,EE,Estonia,2018,,73,,,,,
dataflow,ESTAT:ROAD_EQR_CARPDA(1.0),New passenger cars by type of motor energy,A,Annual,NR,Number,ELC_DIE_HYB,Hybrid diesel-electric,EE,Estonia,2019,,234,,,,,
dataflow,ESTAT:ROAD_EQR_CARPDA(1.0),New passenger cars by type of motor energy,A,Annual,NR,Number,ELC_DIE_HYB,Hybrid diesel-electric,EE,Estonia,2020,,260,,,,,
dataflow,ESTAT:ROAD_EQR_CARPDA(1.0),New passenger cars by type of motor energy,A,Annual,NR,Number,ELC_DIE_HYB,Hybrid diesel-electric,EE,Estonia,2021,,973,,,,,
dataflow,ESTAT:ROAD_EQR_CARPDA(1.0),New passenger cars by type of motor energy,A,Annual,NR,Number,ELC_DIE_HYB,Hybrid diesel-electric,EE,Estonia,2022,,891,,,,,
dataflow,ESTAT:ROAD_EQR_CARPDA(1.0),New passenger cars by type of motor energy,A,Annual,NR,Number,ELC_DIE_HYB,Hybrid diesel-electric,EE,Estonia,2023,,1227,,,,,
dataflow,ESTAT:ROAD_EQR_CARPDA(1.0),New passenger cars by type of motor energy,A,Annual,NR,Number,ELC_DIE_HYB,Hybrid diesel-electric,EE,Estonia,2024,,1345,,,,,
dataflow,ESTAT:ROAD_EQR_CARPDA(1.0),New passenger cars by type of motor energy,A,Annual,NR,Number,ELC_DIE_HYB,Hybrid diesel-electric,EL,Greece,2021,,1713,,e,estimated,,
dataflow,ESTAT:ROAD_EQR_CARPDA(1.0),New passenger cars by type of motor energy,A,Annual,NR,Number,ELC_DIE_HYB,Hybrid diesel-electric,EL,Greece,2022,,1555,,,,,
dataflow,ESTAT:ROAD_EQR_CARPDA(1.0),New passenger cars by type of motor energy,A,Annual,NR,Number,ELC_DIE_HYB,Hybrid diesel-electric,EL,Greece,2023,,1733,,i,value imputed by Eurostat or other receiving agencies,,
dataflow,ESTAT:ROAD_EQR_CARPDA(1.0),New passenger cars by type of motor energy,A,Annual,NR,Number,ELC_DIE_HYB,Hybrid diesel-electric,EL,Greece,2024,,2408,,i,value imputed by Eurostat or other receiving agencies,,
dataflow,ESTAT:ROAD_EQR_CARPDA(1.0),New passenger cars by type of motor energy,A,Annual,NR,Number,ELC_DIE_HYB,Hybrid diesel-electric,ES,Spain,2014,,139,,,,,
dataflow,ESTAT:ROAD_EQR_CARPDA(1.0),New passenger cars by type of motor energy,A,Annual,NR,Number,ELC_DIE_HYB,Hybrid diesel-electric,ES,Spain,2015,,23,,,,,
dataflow,ESTAT:ROAD_EQR_CARPDA(1.0),New passenger cars by type of motor energy,A,Annual,NR,Number,ELC_DIE_HYB,Hybrid diesel-electric,ES,Spain,2016,,34,,,,,
dataflow,ESTAT:ROAD_EQR_CARPDA(1.0),New passenger cars by type of motor energy,A,Annual,NR,Number,ELC_DIE_HYB,Hybrid diesel-electric,ES,Spain,2017,,129,,,,,
dataflow,ESTAT:ROAD_EQR_CARPDA(1.0),New passenger cars by type of motor energy,A,Annual,NR,Number,ELC_DIE_HYB,Hybrid diesel-electric,ES,Spain,2018,,1210,,,,,
dataflow,ESTAT:ROAD_EQR_CARPDA(1.0),New passenger cars by type of motor energy,A,Annual,NR,Number,ELC_DIE_HYB,Hybrid diesel-electric,ES,Spain,2019,,14943,,,,,
dataflow,ESTAT:ROAD_EQR_CARPDA(1.0),New passenger cars by type of motor energy,A,Annual,NR,Number,ELC_DIE_HYB,Hybrid diesel-electric,ES,Spain,2020,,26157,,,,,
dataflow,ESTAT:ROAD_EQR_CARPDA(1.0),New passenger cars by type of motor energy,A,Annual,NR,Number,ELC_DIE_HYB,Hybrid diesel-electric,ES,Spain,2021,,38766,,,,,
dataflow,ESTAT:ROAD_EQR_CARPDA(1.0),New passenger cars by type of motor energy,A,Annual,NR,Number,ELC_DIE_HYB,Hybrid diesel-electric,ES,Spain,2022,,32589,,,,,
dataflow,ESTAT:ROAD_EQR_CARPDA(1.0),New passenger cars by type of motor energy,A,Annual,NR,Number,ELC_DIE_HYB,Hybrid diesel-electric,ES,Spain,2023,,40815,,,,,
dataflow,ESTAT:ROAD_EQR_CARPDA(1.0),New passenger cars by type of motor energy,A,Annual,NR,Number,ELC_DIE_HYB,Hybrid diesel-electric,ES,Spain,2024,,42115,,,,,
dataflow,ESTAT:ROAD_EQR_CARPDA(1.0),New passenger cars by type of motor energy,A,Annual,NR,Number,ELC_DIE_HYB,Hybrid diesel-electric,FI,Finland,2014,,75,,,,,
dataflow,ESTAT:ROAD_EQR_CARPDA(1.0),New passenger cars by type of motor energy,A,Annual,NR,Number,ELC_DIE_HYB,Hybrid diesel-electric,FI,Finland,2015,,29,,,,,
dataflow,ESTAT:ROAD_EQR_CARPDA(1.0),New passenger cars by type of motor energy,A,Annual,NR,Number,ELC_DIE_HYB,Hybrid diesel-electric,FI,Finland,2016,,11,,,,,
dataflow,ESTAT:ROAD_EQR_CARPDA(1.0),New passenger cars by type of motor energy,A,Annual,NR,Number,ELC_DIE_HYB,Hybrid diesel-electric,FI,Finland,2017,,2,,,,,
dataflow,ESTAT:ROAD_EQR_CARPDA(1.0),New passenger cars by type of motor energy,A,Annual,NR,Number,ELC_DIE_HYB,Hybrid diesel-electric,FI,Finland,2018,,224,,,,,
dataflow,ESTAT:ROAD_EQR_CARPDA(1.0),New passenger cars by type of motor energy,A,Annual,NR,Number,ELC_DIE_HYB,Hybrid diesel-electric,FI,Finland,2019,,990,,,,,
dataflow,ESTAT:ROAD_EQR_CARPDA(1.0),New passenger cars by type of motor energy,A,Annual,NR,Number,ELC_DIE_HYB,Hybrid diesel-electric,FI,Finland,2020,,1354,,,,,
dataflow,ESTAT:ROAD_EQR_CARPDA(1.0),New passenger cars by type of motor energy,A,Annual,NR,Number,ELC_DIE_HYB,Hybrid diesel-electric,FI,Finland,2021,,2235,,,,,
dataflow,ESTAT:ROAD_EQR_CARPDA(1.0),New passenger cars by type of motor energy,A,Annual,NR,Number,ELC_DIE_HYB,Hybrid diesel-electric,FI,Finland,2022,,1626,,,,,
dataflow,ESTAT:ROAD_EQR_CARPDA(1.0),New passenger cars by type of motor energy,A,Annual,NR,Number,ELC_DIE_HYB,Hybrid diesel-electric,FI,Finland,2023,,1167,,i,value imputed by Eurostat or other receiving agencies,,
dataflow,ESTAT:ROAD_EQR_CARPDA(1.0),New passenger cars by type of motor energy,A,Annual,NR,Number,ELC_DIE_HYB,Hybrid diesel-electric,FI,Finland,2024,,411,,,,,
dataflow,ESTAT:ROAD_EQR_CARPDA(1.0),New passenger cars by type of motor energy,A,Annual,NR,Number,ELC_DIE_HYB,Hybrid diesel-electric,FR,France,2013,,13694,,,,,
dataflow,ESTAT:ROAD_EQR_CARPDA(1.0),New passenger cars by type of motor energy,A,Annual,NR,Number,ELC_DIE_HYB,Hybrid diesel-electric,FR,France,2014,,9313,,,,,
dataflow,ESTAT:ROAD_EQR_CARPDA(1.0),New passenger cars by type of motor energy,A,Annual,NR,Number,ELC_DIE_HYB,Hybrid diesel-electric,FR,France,2015,,18870,,,,,
dataflow,ESTAT:ROAD_EQR_CARPDA(1.0),New passenger cars by type of motor energy,A,Annual,NR,Number,ELC_DIE_HYB,Hybrid diesel-electric,FR,France,2016,,4522,,,,,
dataflow,ESTAT:ROAD_EQR_CARPDA(1.0),New passenger cars by type of motor energy,A,Annual,NR,Number,ELC_DIE_HYB,Hybrid diesel-electric,FR,France,2017,,1031,,,,,
dataflow,ESTAT:ROAD_EQR_CARPDA(1.0),New passenger cars by type of motor energy,A,Annual,NR,Number,ELC_DIE_HYB,Hybrid diesel-electric,FR,France,2018,,2794,,,,,
dataflow,ESTAT:ROAD_EQR_CARPDA(1.0),New passenger cars by type of motor energy,A,Annual,NR,Number,ELC_DIE_HYB,Hybrid diesel-electric,FR,France,2019,,11434,,,,,
dataflow,ESTAT:ROAD_EQR_CARPDA(1.0),New passenger cars by type of motor energy,A,Annual,NR,Number,ELC_DIE_HYB,Hybrid diesel-electric,FR,France,2020,,23578,,,,,
dataflow,ESTAT:ROAD_EQR_CARPDA(1.0),New passenger cars by type of motor energy,A,Annual,NR,Number,ELC_DIE_HYB,Hybrid diesel-electric,FR,France,2021,,36979,,,,,
dataflow,ESTAT:ROAD_EQR_CARPDA(1.0),New passenger cars by type of motor energy,A,Annual,NR,Number,ELC_DIE_HYB,Hybrid diesel-electric,FR,France,2022,,25547,,,,,
dataflow,ESTAT:ROAD_EQR_CARPDA(1.0),New passenger cars by type of motor energy,A,Annual,NR,Number,ELC_DIE_HYB,Hybrid diesel-electric,FR,France,2023,,21958,,,,,
dataflow,ESTAT:ROAD_EQR_CARPDA(1.0),New passenger cars by type of motor energy,A,Annual,NR,Number,ELC_DIE_HYB,Hybrid diesel-electric,FR,France,2024,,13871,,,,,
dataflow,ESTAT:ROAD_EQR_CARPDA(1.0),New passenger cars by type of motor energy,A,Annual,NR,Number,ELC_DIE_HYB,Hybrid diesel-electric,GE,Georgia,2024,,0,,,,,
dataflow,ESTAT:ROAD_EQR_CARPDA(1.0),New passenger cars by type of motor energy,A,Annual,NR,Number,ELC_DIE_HYB,Hybrid diesel-electric,HU,Hungary,2013,,0,,,,,
dataflow,ESTAT:ROAD_EQR_CARPDA(1.0),New passenger cars by type of motor energy,A,Annual,NR,Number,ELC_DIE_HYB,Hybrid diesel-electric,HU,Hungary,2014,,0,,,,,
dataflow,ESTAT:ROAD_EQR_CARPDA(1.0),New passenger cars by type of motor energy,A,Annual,NR,Number,ELC_DIE_HYB,Hybrid diesel-electric,HU,Hungary,2015,,6,,,,,
dataflow,ESTAT:ROAD_EQR_CARPDA(1.0),New passenger cars by type of motor energy,A,Annual,NR,Number,ELC_DIE_HYB,Hybrid diesel-electric,HU,Hungary,2016,,12,,,,,
dataflow,ESTAT:ROAD_EQR_CARPDA(1.0),New passenger cars by type of motor energy,A,Annual,NR,Number,ELC_DIE_HYB,Hybrid diesel-electric,HU,Hungary,2017,,17,,,,,
dataflow,ESTAT:ROAD_EQR_CARPDA(1.0),New passenger cars by type of motor energy,A,Annual,NR,Number,ELC_DIE_HYB,Hybrid diesel-electric,HU,Hungary,2018,,247,,,,,
dataflow,ESTAT:ROAD_EQR_CARPDA(1.0),New passenger cars by type of motor energy,A,Annual,NR,Number,ELC_DIE_HYB,Hybrid diesel-electric,HU,Hungary,2019,,1078,,,,,
dataflow,ESTAT:ROAD_EQR_CARPDA(1.0),New passenger cars by type of motor energy,A,Annual,NR,Number,ELC_DIE_HYB,Hybrid diesel-electric,HU,Hungary,2020,,3559,,i,value imputed by Eurostat or other receiving agencies,,
dataflow,ESTAT:ROAD_EQR_CARPDA(1.0),New passenger cars by type of motor energy,A,Annual,NR,Number,ELC_DIE_HYB,Hybrid diesel-electric,HU,Hungary,2021,,7328,,i,value imputed by Eurostat or other receiving agencies,,
dataflow,ESTAT:ROAD_EQR_CARPDA(1.0),New passenger cars by type of motor energy,A,Annual,NR,Number,ELC_DIE_HYB,Hybrid diesel-electric,HU,Hungary,2022,,5602,,i,value imputed by Eurostat or other receiving agencies,,
dataflow,ESTAT:ROAD_EQR_CARPDA(1.0),New passenger cars by type of motor energy,A,Annual,NR,Number,ELC_DIE_HYB,Hybrid diesel-electric,HU,Hungary,2023,,5993,,i,value imputed by Eurostat or other receiving agencies,,
dataflow,ESTAT:ROAD_EQR_CARPDA(1.0),New passenger cars by type of motor energy,A,Annual,NR,Number,ELC_DIE_HYB,Hybrid diesel-electric,HU,Hungary,2024,,7457,,i,value imputed by Eurostat or other receiving agencies,,
dataflow,ESTAT:ROAD_EQR_CARPDA(1.0),New passenger cars by type of motor energy,A,Annual,NR,Number,ELC_DIE_HYB,Hybrid diesel-electric,IE,Ireland,2017,,1,,,,,
dataflow,ESTAT:ROAD_EQR_CARPDA(1.0),New passenger cars by type of motor energy,A,Annual,NR,Number,ELC_DIE_HYB,Hybrid diesel-electric,IE,Ireland,2018,,1,,,,,
dataflow,ESTAT:ROAD_EQR_CARPDA(1.0),New passenger cars by type of motor energy,A,Annual,NR,Number,ELC_DIE_HYB,Hybrid diesel-electric,IE,Ireland,2019,,1,,,,,
dataflow,ESTAT:ROAD_EQR_CARPDA(1.0),New passenger cars by type of motor energy,A,Annual,NR,Number,ELC_DIE_HYB,Hybrid diesel-electric,IE,Ireland,2020,,520,,,,,
dataflow,ESTAT:ROAD_EQR_CARPDA(1.0),New passenger cars by type of motor energy,A,Annual,NR,Number,ELC_DIE_HYB,Hybrid diesel-electric,IE,Ireland,2021,,2249,,,,,
dataflow,ESTAT:ROAD_EQR_CARPDA(1.0),New passenger cars by type of motor energy,A,Annual,NR,Number,ELC_DIE_HYB,Hybrid diesel-electric,IE,Ireland,2022,,959,,,,,
dataflow,ESTAT:ROAD_EQR_CARPDA(1.0),New passenger cars by type of motor energy,A,Annual,NR,Number,ELC_DIE_HYB,Hybrid diesel-electric,IE,Ireland,2023,,2450,,,,,
dataflow,ESTAT:ROAD_EQR_CARPDA(1.0),New passenger cars by type of motor energy,A,Annual,NR,Number,ELC_DIE_HYB,Hybrid diesel-electric,IE,Ireland,2024,,1472,,i,value imputed by Eurostat or other receiving agencies,,
dataflow,ESTAT:ROAD_EQR_CARPDA(1.0),New passenger cars by type of motor energy,A,Annual,NR,Number,ELC_DIE_HYB,Hybrid diesel-electric,IS,Iceland,2017,,11,,,,,
dataflow,ESTAT:ROAD_EQR_CARPDA(1.0),New passenger cars by type of motor energy,A,Annual,NR,Number,ELC_DIE_HYB,Hybrid diesel-electric,IS,Iceland,2018,,32,,,,,
dataflow,ESTAT:ROAD_EQR_CARPDA(1.0),New passenger cars by type of motor energy,A,Annual,NR,Number,ELC_DIE_HYB,Hybrid diesel-electric,IS,Iceland,2019,,40,,,,,
dataflow,ESTAT:ROAD_EQR_CARPDA(1.0),New passenger cars by type of motor energy,A,Annual,NR,Number,ELC_DIE_HYB,Hybrid diesel-electric,IS,Iceland,2021,,482,,,,,
dataflow,ESTAT:ROAD_EQR_CARPDA(1.0),New passenger cars by type of motor energy,A,Annual,NR,Number,ELC_DIE_HYB,Hybrid diesel-electric,IS,Iceland,2022,,585,,i,value imputed by Eurostat or other receiving agencies,,
dataflow,ESTAT:ROAD_EQR_CARPDA(1.0),New passenger cars by type of motor energy,A,Annual,NR,Number,ELC_DIE_HYB,Hybrid diesel-electric,IS,Iceland,2023,,566,,i,value imputed by Eurostat or other receiving agencies,,
dataflow,ESTAT:ROAD_EQR_CARPDA(1.0),New passenger cars by type of motor energy,A,Annual,NR,Number,ELC_DIE_HYB,Hybrid diesel-electric,IS,Iceland,2024,,409,,i,value imputed by Eurostat or other receiving agencies,,
dataflow,ESTAT:ROAD_EQR_CARPDA(1.0),New passenger cars by type of motor energy,A,Annual,NR,Number,ELC_DIE_HYB,Hybrid diesel-electric,IT,Italy,2021,,50425,,i,value imputed by Eurostat or other receiving agencies,,
dataflow,ESTAT:ROAD_EQR_CARPDA(1.0),New passenger cars by type of motor energy,A,Annual,NR,Number,ELC_DIE_HYB,Hybrid diesel-electric,IT,Italy,2022,,54131,,i,value imputed by Eurostat or other receiving agencies,,
dataflow,ESTAT:ROAD_EQR_CARPDA(1.0),New passenger cars by type of motor energy,A,Annual,NR,Number,ELC_DIE_HYB,Hybrid diesel-electric,IT,Italy,2023,,72697,,i,value imputed by Eurostat or other receiving agencies,,
dataflow,ESTAT:ROAD_EQR_CARPDA(1.0),New passenger cars by type of motor energy,A,Annual,NR,Number,ELC_DIE_HYB,Hybrid diesel-electric,IT,Italy,2024,,83705,,i,value imputed by Eurostat or other receiving agencies,,
dataflow,ESTAT:ROAD_EQR_CARPDA(1.0),New passenger cars by type of motor energy,A,Annual,NR,Number,ELC_DIE_HYB,Hybrid diesel-electric,LI,Liechtenstein,2013,,1,,,,,
dataflow,ESTAT:ROAD_EQR_CARPDA(1.0),New passenger cars by type of motor energy,A,Annual,NR,Number,ELC_DIE_HYB,Hybrid diesel-electric,LI,Liechtenstein,2014,,4,,,,,
dataflow,ESTAT:ROAD_EQR_CARPDA(1.0),New passenger cars by type of motor energy,A,Annual,NR,Number,ELC_DIE_HYB,Hybrid diesel-electric,LI,Liechtenstein,2015,,3,,,,,
dataflow,ESTAT:ROAD_EQR_CARPDA(1.0),New passenger cars by type of motor energy,A,Annual,NR,Number,ELC_DIE_HYB,Hybrid diesel-electric,LI,Liechtenstein,2016,,1,,,,,
dataflow,ESTAT:ROAD_EQR_CARPDA(1.0),New passenger cars by type of motor energy,A,Annual,NR,Number,ELC_DIE_HYB,Hybrid diesel-electric,LI,Liechtenstein,2017,,3,,,,,
dataflow,ESTAT:ROAD_EQR_CARPDA(1.0),New passenger cars by type of motor energy,A,Annual,NR,Number,ELC_DIE_HYB,Hybrid diesel-electric,LI,Liechtenstein,2018,,10,,,,,
dataflow,ESTAT:ROAD_EQR_CARPDA(1.0),New passenger cars by type of motor energy,A,Annual,NR,Number,ELC_DIE_HYB,Hybrid diesel-electric,LI,Liechtenstein,2019,,42,,,,,
dataflow,ESTAT:ROAD_EQR_CARPDA(1.0),New passenger cars by type of motor energy,A,Annual,NR,Number,ELC_DIE_HYB,Hybrid diesel-electric,LI,Liechtenstein,2020,,51,,,,,
dataflow,ESTAT:ROAD_EQR_CARPDA(1.0),New passenger cars by type of motor energy,A,Annual,NR,Number,ELC_DIE_HYB,Hybrid diesel-electric,LI,Liechtenstein,2021,,104,,,,,
dataflow,ESTAT:ROAD_EQR_CARPDA(1.0),New passenger cars by type of motor energy,A,Annual,NR,Number,ELC_DIE_HYB,Hybrid diesel-electric,LI,Liechtenstein,2022,,115,,,,,
dataflow,ESTAT:ROAD_EQR_CARPDA(1.0),New passenger cars by type of motor energy,A,Annual,NR,Number,ELC_DIE_HYB,Hybrid diesel-electric,LI,Liechtenstein,2023,,118,,,,,
dataflow,ESTAT:ROAD_EQR_CARPDA(1.0),New passenger cars by type of motor energy,A,Annual,NR,Number,ELC_DIE_HYB,Hybrid diesel-electric,LI,Liechtenstein,2024,,126,,,,,
dataflow,ESTAT:ROAD_EQR_CARPDA(1.0),New passenger cars by type of motor energy,A,Annual,NR,Number,ELC_DIE_HYB,Hybrid diesel-electric,LT,Lithuania,2014,,0,,,,,
dataflow,ESTAT:ROAD_EQR_CARPDA(1.0),New passenger cars by type of motor energy,A,Annual,NR,Number,ELC_DIE_HYB,Hybrid diesel-electric,LT,Lithuania,2017,,0,,,,,
dataflow,ESTAT:ROAD_EQR_CARPDA(1.0),New passenger cars by type of motor energy,A,Annual,NR,Number,ELC_DIE_HYB,Hybrid diesel-electric,LT,Lithuania,2018,,0,,,,,
dataflow,ESTAT:ROAD_EQR_CARPDA(1.0),New passenger cars by type of motor energy,A,Annual,NR,Number,ELC_DIE_HYB,Hybrid diesel-electric,LT,Lithuania,2019,,2,,,,,
dataflow,ESTAT:ROAD_EQR_CARPDA(1.0),New passenger cars by type of motor energy,A,Annual,NR,Number,ELC_DIE_HYB,Hybrid diesel-electric,LT,Lithuania,2020,,5,,,,,
dataflow,ESTAT:ROAD_EQR_CARPDA(1.0),New passenger cars by type of motor energy,A,Annual,NR,Number,ELC_DIE_HYB,Hybrid diesel-electric,LT,Lithuania,2021,,900,,,,,
dataflow,ESTAT:ROAD_EQR_CARPDA(1.0),New passenger cars by type of motor energy,A,Annual,NR,Number,ELC_DIE_HYB,Hybrid diesel-electric,LT,Lithuania,2022,,794,,,,,
dataflow,ESTAT:ROAD_EQR_CARPDA(1.0),New passenger cars by type of motor energy,A,Annual,NR,Number,ELC_DIE_HYB,Hybrid diesel-electric,LT,Lithuania,2023,,945,,,,,
dataflow,ESTAT:ROAD_EQR_CARPDA(1.0),New passenger cars by type of motor energy,A,Annual,NR,Number,ELC_DIE_HYB,Hybrid diesel-electric,LT,Lithuania,2024,,1605,,,,,
dataflow,ESTAT:ROAD_EQR_CARPDA(1.0),New passenger cars by type of motor energy,A,Annual,NR,Number,ELC_DIE_HYB,Hybrid diesel-electric,LU,Luxembourg,2013,,56,,,,,
dataflow,ESTAT:ROAD_EQR_CARPDA(1.0),New passenger cars by type of motor energy,A,Annual,NR,Number,ELC_DIE_HYB,Hybrid diesel-electric,LU,Luxembourg,2014,,44,,,,,
dataflow,ESTAT:ROAD_EQR_CARPDA(1.0),New passenger cars by type of motor energy,A,Annual,NR,Number,ELC_DIE_HYB,Hybrid diesel-electric,LU,Luxembourg,2015,,67,,,,,
dataflow,ESTAT:ROAD_EQR_CARPDA(1.0),New passenger cars by type of motor energy,A,Annual,NR,Number,ELC_DIE_HYB,Hybrid diesel-electric,LU,Luxembourg,2016,,67,,,,,
dataflow,ESTAT:ROAD_EQR_CARPDA(1.0),New passenger cars by type of motor energy,A,Annual,NR,Number,ELC_DIE_HYB,Hybrid diesel-electric,LU,Luxembourg,2017,,13,,,,,
dataflow,ESTAT:ROAD_EQR_CARPDA(1.0),New passenger cars by type of motor energy,A,Annual,NR,Number,ELC_DIE_HYB,Hybrid diesel-electric,LU,Luxembourg,2018,,144,,,,,
dataflow,ESTAT:ROAD_EQR_CARPDA(1.0),New passenger cars by type of motor energy,A,Annual,NR,Number,ELC_DIE_HYB,Hybrid diesel-electric,LU,Luxembourg,2019,,806,,,,,
dataflow,ESTAT:ROAD_EQR_CARPDA(1.0),New passenger cars by type of motor energy,A,Annual,NR,Number,ELC_DIE_HYB,Hybrid diesel-electric,LU,Luxembourg,2020,,1203,,,,,
dataflow,ESTAT:ROAD_EQR_CARPDA(1.0),New passenger cars by type of motor energy,A,Annual,NR,Number,ELC_DIE_HYB,Hybrid diesel-electric,LU,Luxembourg,2021,,2756,,,,,
dataflow,ESTAT:ROAD_EQR_CARPDA(1.0),New passenger cars by type of motor energy,A,Annual,NR,Number,ELC_DIE_HYB,Hybrid diesel-electric,LU,Luxembourg,2022,,2692,,,,,
dataflow,ESTAT:ROAD_EQR_CARPDA(1.0),New passenger cars by type of motor energy,A,Annual,NR,Number,ELC_DIE_HYB,Hybrid diesel-electric,LU,Luxembourg,2023,,2615,,,,,
dataflow,ESTAT:ROAD_EQR_CARPDA(1.0),New passenger cars by type of motor energy,A,Annual,NR,Number,ELC_DIE_HYB,Hybrid diesel-electric,LU,Luxembourg,2024,,2152,,,,,
dataflow,ESTAT:ROAD_EQR_CARPDA(1.0),New passenger cars by type of motor energy,A,Annual,NR,Number,ELC_DIE_HYB,Hybrid diesel-electric,LV,Latvia,2014,,0,,,,,
dataflow,ESTAT:ROAD_EQR_CARPDA(1.0),New passenger cars by type of motor energy,A,Annual,NR,Number,ELC_DIE_HYB,Hybrid diesel-electric,LV,Latvia,2015,,0,,,,,
dataflow,ESTAT:ROAD_EQR_CARPDA(1.0),New passenger cars by type of motor energy,A,Annual,NR,Number,ELC_DIE_HYB,Hybrid diesel-electric,LV,Latvia,2016,,0,,,,,
dataflow,ESTAT:ROAD_EQR_CARPDA(1.0),New passenger cars by type of motor energy,A,Annual,NR,Number,ELC_DIE_HYB,Hybrid diesel-electric,LV,Latvia,2017,,1,,,,,
dataflow,ESTAT:ROAD_EQR_CARPDA(1.0),New passenger cars by type of motor energy,A,Annual,NR,Number,ELC_DIE_HYB,Hybrid diesel-electric,LV,Latvia,2018,,0,,,,,
dataflow,ESTAT:ROAD_EQR_CARPDA(1.0),New passenger cars by type of motor energy,A,Annual,NR,Number,ELC_DIE_HYB,Hybrid diesel-electric,LV,Latvia,2019,,0,,,,,
dataflow,ESTAT:ROAD_EQR_CARPDA(1.0),New passenger cars by type of motor energy,A,Annual,NR,Number,ELC_DIE_HYB,Hybrid diesel-electric,LV,Latvia,2020,,0,,,,,
dataflow,ESTAT:ROAD_EQR_CARPDA(1.0),New passenger cars by type of motor energy,A,Annual,NR,Number,ELC_DIE_HYB,Hybrid diesel-electric,LV,Latvia,2022,,839,,,,,
dataflow,ESTAT:ROAD_EQR_CARPDA(1.0),New passenger cars by type of motor energy,A,Annual,NR,Number,ELC_DIE_HYB,Hybrid diesel-electric,LV,Latvia,2023,,1029,,,,,
dataflow,ESTAT:ROAD_EQR_CARPDA(1.0),New passenger cars by type of motor energy,A,Annual,NR,Number,ELC_DIE_HYB,Hybrid diesel-electric,LV,Latvia,2024,,1202,,,,,
dataflow,ESTAT:ROAD_EQR_CARPDA(1.0),New passenger cars by type of motor energy,A,Annual,NR,Number,ELC_DIE_HYB,Hybrid diesel-electric,MT,Malta,2015,,3,,,,,
dataflow,ESTAT:ROAD_EQR_CARPDA(1.0),New passenger cars by type of motor energy,A,Annual,NR,Number,ELC_DIE_HYB,Hybrid diesel-electric,MT,Malta,2016,,2,,,,,
dataflow,ESTAT:ROAD_EQR_CARPDA(1.0),New passenger cars by type of motor energy,A,Annual,NR,Number,ELC_DIE_HYB,Hybrid diesel-electric,MT,Malta,2017,,3,,,,,
dataflow,ESTAT:ROAD_EQR_CARPDA(1.0),New passenger cars by type of motor energy,A,Annual,NR,Number,ELC_DIE_HYB,Hybrid diesel-electric,MT,Malta,2018,,3,,,,,
dataflow,ESTAT:ROAD_EQR_CARPDA(1.0),New passenger cars by type of motor energy,A,Annual,NR,Number,ELC_DIE_HYB,Hybrid diesel-electric,MT,Malta,2019,,14,,,,,
dataflow,ESTAT:ROAD_EQR_CARPDA(1.0),New passenger cars by type of motor energy,A,Annual,NR,Number,ELC_DIE_HYB,Hybrid diesel-electric,MT,Malta,2020,,26,,,,,
dataflow,ESTAT:ROAD_EQR_CARPDA(1.0),New passenger cars by type of motor energy,A,Annual,NR,Number,ELC_DIE_HYB,Hybrid diesel-electric,MT,Malta,2021,,67,,,,,
dataflow,ESTAT:ROAD_EQR_CARPDA(1.0),New passenger cars by type of motor energy,A,Annual,NR,Number,ELC_DIE_HYB,Hybrid diesel-electric,MT,Malta,2022,,81,,,,,
dataflow,ESTAT:ROAD_EQR_CARPDA(1.0),New passenger cars by type of motor energy,A,Annual,NR,Number,ELC_DIE_HYB,Hybrid diesel-electric,MT,Malta,2023,,85,,,,,
dataflow,ESTAT:ROAD_EQR_CARPDA(1.0),New passenger cars by type of motor energy,A,Annual,NR,Number,ELC_DIE_HYB,Hybrid diesel-electric,MT,Malta,2024,,70,,,,,
dataflow,ESTAT:ROAD_EQR_CARPDA(1.0),New passenger cars by type of motor energy,A,Annual,NR,Number,ELC_DIE_HYB,Hybrid diesel-electric,NL,Netherlands,2024,,0,,,,,
dataflow,ESTAT:ROAD_EQR_CARPDA(1.0),New passenger cars by type of motor energy,A,Annual,NR,Number,ELC_DIE_HYB,Hybrid diesel-electric,NO,Norway,2016,,91,,,,,
dataflow,ESTAT:ROAD_EQR_CARPDA(1.0),New passenger cars by type of motor energy,A,Annual,NR,Number,ELC_DIE_HYB,Hybrid diesel-electric,NO,Norway,2017,,28,,,,,
dataflow,ESTAT:ROAD_EQR_CARPDA(1.0),New passenger cars by type of motor energy,A,Annual,NR,Number,ELC_DIE_HYB,Hybrid diesel-electric,NO,Norway,2018,,85,,,,,
dataflow,ESTAT:ROAD_EQR_CARPDA(1.0),New passenger cars by type of motor energy,A,Annual,NR,Number,ELC_DIE_HYB,Hybrid diesel-electric,NO,Norway,2019,,550,,,,,
dataflow,ESTAT:ROAD_EQR_CARPDA(1.0),New passenger cars by type of motor energy,A,Annual,NR,Number,ELC_DIE_HYB,Hybrid diesel-electric,NO,Norway,2020,,706,,,,,
dataflow,ESTAT:ROAD_EQR_CARPDA(1.0),New passenger cars by type of motor energy,A,Annual,NR,Number,ELC_DIE_HYB,Hybrid diesel-electric,NO,Norway,2021,,815,,,,,
dataflow,ESTAT:ROAD_EQR_CARPDA(1.0),New passenger cars by type of motor energy,A,Annual,NR,Number,ELC_DIE_HYB,Hybrid diesel-electric,NO,Norway,2022,,645,,,,,
dataflow,ESTAT:ROAD_EQR_CARPDA(1.0),New passenger cars by type of motor energy,A,Annual,NR,Number,ELC_DIE_HYB,Hybrid diesel-electric,NO,Norway,2023,,459,,,,,
dataflow,ESTAT:ROAD_EQR_CARPDA(1.0),New passenger cars by type of motor energy,A,Annual,NR,Number,ELC_DIE_HYB,Hybrid diesel-electric,NO,Norway,2024,,191,,,,,
dataflow,ESTAT:ROAD_EQR_CARPDA(1.0),New passenger cars by type of motor energy,A,Annual,NR,Number,ELC_DIE_HYB,Hybrid diesel-electric,PL,Poland,2013,,234,,i,value imputed by Eurostat or other receiving agencies,,
dataflow,ESTAT:ROAD_EQR_CARPDA(1.0),New passenger cars by type of motor energy,A,Annual,NR,Number,ELC_DIE_HYB,Hybrid diesel-electric,PL,Poland,2014,,486,,i,value imputed by Eurostat or other receiving agencies,,
dataflow,ESTAT:ROAD_EQR_CARPDA(1.0),New passenger cars by type of motor energy,A,Annual,NR,Number,ELC_DIE_HYB,Hybrid diesel-electric,PL,Poland,2015,,713,,i,value imputed by Eurostat or other receiving agencies,,
dataflow,ESTAT:ROAD_EQR_CARPDA(1.0),New passenger cars by type of motor energy,A,Annual,NR,Number,ELC_DIE_HYB,Hybrid diesel-electric,PL,Poland,2016,,1263,,i,value imputed by Eurostat or other receiving agencies,,
dataflow,ESTAT:ROAD_EQR_CARPDA(1.0),New passenger cars by type of motor energy,A,Annual,NR,Number,ELC_DIE_HYB,Hybrid diesel-electric,PL,Poland,2017,,2113,,i,value imputed by Eurostat or other receiving agencies,,
dataflow,ESTAT:ROAD_EQR_CARPDA(1.0),New passenger cars by type of motor energy,A,Annual,NR,Number,ELC_DIE_HYB,Hybrid diesel-electric,PL,Poland,2018,,3038,,i,value imputed by Eurostat or other receiving agencies,,
dataflow,ESTAT:ROAD_EQR_CARPDA(1.0),New passenger cars by type of motor energy,A,Annual,NR,Number,ELC_DIE_HYB,Hybrid diesel-electric,PL,Poland,2019,,5238,,i,value imputed by Eurostat or other receiving agencies,,
dataflow,ESTAT:ROAD_EQR_CARPDA(1.0),New passenger cars by type of motor energy,A,Annual,NR,Number,ELC_DIE_HYB,Hybrid diesel-electric,PL,Poland,2020,,8003,,i,value imputed by Eurostat or other receiving agencies,,
dataflow,ESTAT:ROAD_EQR_CARPDA(1.0),New passenger cars by type of motor energy,A,Annual,NR,Number,ELC_DIE_HYB,Hybrid diesel-electric,PL,Poland,2021,,13309,,i,value imputed by Eurostat or other receiving agencies,,
dataflow,ESTAT:ROAD_EQR_CARPDA(1.0),New passenger cars by type of motor energy,A,Annual,NR,Number,ELC_DIE_HYB,Hybrid diesel-electric,PL,Poland,2022,,12303,,i,value imputed by Eurostat or other receiving agencies,,
dataflow,ESTAT:ROAD_EQR_CARPDA(1.0),New passenger cars by type of motor energy,A,Annual,NR,Number,ELC_DIE_HYB,Hybrid diesel-electric,PL,Poland,2023,,17173,,i,value imputed by Eurostat or other receiving agencies,,
dataflow,ESTAT:ROAD_EQR_CARPDA(1.0),New passenger cars by type of motor energy,A,Annual,NR,Number,ELC_DIE_HYB,Hybrid diesel-electric,PL,Poland,2024,,23253,,i,value imputed by Eurostat or other receiving agencies,,
dataflow,ESTAT:ROAD_EQR_CARPDA(1.0),New passenger cars by type of motor energy,A,Annual,NR,Number,ELC_DIE_HYB,Hybrid diesel-electric,PT,Portugal,2017,,394,,,,,
dataflow,ESTAT:ROAD_EQR_CARPDA(1.0),New passenger cars by type of motor energy,A,Annual,NR,Number,ELC_DIE_HYB,Hybrid diesel-electric,PT,Portugal,2018,,637,,,,,
dataflow,ESTAT:ROAD_EQR_CARPDA(1.0),New passenger cars by type of motor energy,A,Annual,NR,Number,ELC_DIE_HYB,Hybrid diesel-electric,PT,Portugal,2019,,910,,,,,
dataflow,ESTAT:ROAD_EQR_CARPDA(1.0),New passenger cars by type of motor energy,A,Annual,NR,Number,ELC_DIE_HYB,Hybrid diesel-electric,PT,Portugal,2020,,2403,,,,,
dataflow,ESTAT:ROAD_EQR_CARPDA(1.0),New passenger cars by type of motor energy,A,Annual,NR,Number,ELC_DIE_HYB,Hybrid diesel-electric,PT,Portugal,2021,,4151,,,,,
dataflow,ESTAT:ROAD_EQR_CARPDA(1.0),New passenger cars by type of motor energy,A,Annual,NR,Number,ELC_DIE_HYB,Hybrid diesel-electric,PT,Portugal,2022,,4192,,,,,
dataflow,ESTAT:ROAD_EQR_CARPDA(1.0),New passenger cars by type of motor energy,A,Annual,NR,Number,ELC_DIE_HYB,Hybrid diesel-electric,PT,Portugal,2023,,3790,,,,,
dataflow,ESTAT:ROAD_EQR_CARPDA(1.0),New passenger cars by type of motor energy,A,Annual,NR,Number,ELC_DIE_HYB,Hybrid diesel-electric,PT,Portugal,2024,,3333,,p,provisional,,
dataflow,ESTAT:ROAD_EQR_CARPDA(1.0),New passenger cars by type of motor energy,A,Annual,NR,Number,ELC_DIE_HYB,Hybrid diesel-electric,RO,Romania,2013,,20,,,,,
dataflow,ESTAT:ROAD_EQR_CARPDA(1.0),New passenger cars by type of motor energy,A,Annual,NR,Number,ELC_DIE_HYB,Hybrid diesel-electric,RO,Romania,2014,,23,,,,,
dataflow,ESTAT:ROAD_EQR_CARPDA(1.0),New passenger cars by type of motor energy,A,Annual,NR,Number,ELC_DIE_HYB,Hybrid diesel-electric,RO,Romania,2015,,43,,,,,
dataflow,ESTAT:ROAD_EQR_CARPDA(1.0),New passenger cars by type of motor energy,A,Annual,NR,Number,ELC_DIE_HYB,Hybrid diesel-electric,RO,Romania,2016,,105,,,,,
dataflow,ESTAT:ROAD_EQR_CARPDA(1.0),New passenger cars by type of motor energy,A,Annual,NR,Number,ELC_DIE_HYB,Hybrid diesel-electric,RO,Romania,2017,,199,,,,,
dataflow,ESTAT:ROAD_EQR_CARPDA(1.0),New passenger cars by type of motor energy,A,Annual,NR,Number,ELC_DIE_HYB,Hybrid diesel-electric,RO,Romania,2018,,132,,,,,
dataflow,ESTAT:ROAD_EQR_CARPDA(1.0),New passenger cars by type of motor energy,A,Annual,NR,Number,ELC_DIE_HYB,Hybrid diesel-electric,RO,Romania,2019,,713,,,,,
dataflow,ESTAT:ROAD_EQR_CARPDA(1.0),New passenger cars by type of motor energy,A,Annual,NR,Number,ELC_DIE_HYB,Hybrid diesel-electric,RO,Romania,2020,,1054,,i,value imputed by Eurostat or other receiving agencies,,
dataflow,ESTAT:ROAD_EQR_CARPDA(1.0),New passenger cars by type of motor energy,A,Annual,NR,Number,ELC_DIE_HYB,Hybrid diesel-electric,RO,Romania,2021,,3350,,i,value imputed by Eurostat or other receiving agencies,,
dataflow,ESTAT:ROAD_EQR_CARPDA(1.0),New passenger cars by type of motor energy,A,Annual,NR,Number,ELC_DIE_HYB,Hybrid diesel-electric,RO,Romania,2022,,2499,,i,value imputed by Eurostat or other receiving agencies,,
dataflow,ESTAT:ROAD_EQR_CARPDA(1.0),New passenger cars by type of motor energy,A,Annual,NR,Number,ELC_DIE_HYB,Hybrid diesel-electric,RO,Romania,2023,,3860,,i,value imputed by Eurostat or other receiving agencies,,
dataflow,ESTAT:ROAD_EQR_CARPDA(1.0),New passenger cars by type of motor energy,A,Annual,NR,Number,ELC_DIE_HYB,Hybrid diesel-electric,RO,Romania,2024,,3725,,i,value imputed by Eurostat or other receiving agencies,,
dataflow,ESTAT:ROAD_EQR_CARPDA(1.0),New passenger cars by type of motor energy,A,Annual,NR,Number,ELC_DIE_HYB,Hybrid diesel-electric,RS,Serbia,2019,,24,,,,,
dataflow,ESTAT:ROAD_EQR_CARPDA(1.0),New passenger cars by type of motor energy,A,Annual,NR,Number,ELC_DIE_HYB,Hybrid diesel-electric,RS,Serbia,2020,,350,,,,,
dataflow,ESTAT:ROAD_EQR_CARPDA(1.0),New passenger cars by type of motor energy,A,Annual,NR,Number,ELC_DIE_HYB,Hybrid diesel-electric,RS,Serbia,2021,,1390,,,,,
dataflow,ESTAT:ROAD_EQR_CARPDA(1.0),New passenger cars by type of motor energy,A,Annual,NR,Number,ELC_DIE_HYB,Hybrid diesel-electric,RS,Serbia,2022,,2170,,,,,
dataflow,ESTAT:ROAD_EQR_CARPDA(1.0),New passenger cars by type of motor energy,A,Annual,NR,Number,ELC_DIE_HYB,Hybrid diesel-electric,RS,Serbia,2023,,2902,,,,,
dataflow,ESTAT:ROAD_EQR_CARPDA(1.0),New passenger cars by type of motor energy,A,Annual,NR,Number,ELC_DIE_HYB,Hybrid diesel-electric,RS,Serbia,2024,,3782,,,,,
dataflow,ESTAT:ROAD_EQR_CARPDA(1.0),New passenger cars by type of motor energy,A,Annual,NR,Number,ELC_DIE_HYB,Hybrid diesel-electric,SE,Sweden,2013,,473,,,,,
dataflow,ESTAT:ROAD_EQR_CARPDA(1.0),New passenger cars by type of motor energy,A,Annual,NR,Number,ELC_DIE_HYB,Hybrid diesel-electric,SE,Sweden,2014,,261,,,,,
dataflow,ESTAT:ROAD_EQR_CARPDA(1.0),New passenger cars by type of motor energy,A,Annual,NR,Number,ELC_DIE_HYB,Hybrid diesel-electric,SE,Sweden,2015,,135,,,,,
dataflow,ESTAT:ROAD_EQR_CARPDA(1.0),New passenger cars by type of motor energy,A,Annual,NR,Number,ELC_DIE_HYB,Hybrid diesel-electric,SE,Sweden,2016,,17,,,,,
dataflow,ESTAT:ROAD_EQR_CARPDA(1.0),New passenger cars by type of motor energy,A,Annual,NR,Number,ELC_DIE_HYB,Hybrid diesel-electric,SE,Sweden,2017,,17,,,,,
dataflow,ESTAT:ROAD_EQR_CARPDA(1.0),New passenger cars by type of motor energy,A,Annual,NR,Number,ELC_DIE_HYB,Hybrid diesel-electric,SE,Sweden,2018,,9,,,,,
dataflow,ESTAT:ROAD_EQR_CARPDA(1.0),New passenger cars by type of motor energy,A,Annual,NR,Number,ELC_DIE_HYB,Hybrid diesel-electric,SE,Sweden,2019,,56,,,,,
dataflow,ESTAT:ROAD_EQR_CARPDA(1.0),New passenger cars by type of motor energy,A,Annual,NR,Number,ELC_DIE_HYB,Hybrid diesel-electric,SE,Sweden,2020,,10879,,,,,
dataflow,ESTAT:ROAD_EQR_CARPDA(1.0),New passenger cars by type of motor energy,A,Annual,NR,Number,ELC_DIE_HYB,Hybrid diesel-electric,SE,Sweden,2021,,22825,,,,,
dataflow,ESTAT:ROAD_EQR_CARPDA(1.0),New passenger cars by type of motor energy,A,Annual,NR,Number,ELC_DIE_HYB,Hybrid diesel-electric,SE,Sweden,2022,,15433,,,,,
dataflow,ESTAT:ROAD_EQR_CARPDA(1.0),New passenger cars by type of motor energy,A,Annual,NR,Number,ELC_DIE_HYB,Hybrid diesel-electric,SE,Sweden,2023,,0,,b,break in time series,,
dataflow,ESTAT:ROAD_EQR_CARPDA(1.0),New passenger cars by type of motor energy,A,Annual,NR,Number,ELC_DIE_HYB,Hybrid diesel-electric,SE,Sweden,2024,,0,,,,,
dataflow,ESTAT:ROAD_EQR_CARPDA(1.0),New passenger cars by type of motor energy,A,Annual,NR,Number,ELC_DIE_HYB,Hybrid diesel-electric,SK,Slovakia,2022,,2742,,i,value imputed by Eurostat or other receiving agencies,,
dataflow,ESTAT:ROAD_EQR_CARPDA(1.0),New passenger cars by type of motor energy,A,Annual,NR,Number,ELC_DIE_HYB,Hybrid diesel-electric,SK,Slovakia,2023,,3821,,i,value imputed by Eurostat or other receiving agencies,,
dataflow,ESTAT:ROAD_EQR_CARPDA(1.0),New passenger cars by type of motor energy,A,Annual,NR,Number,ELC_DIE_HYB,Hybrid diesel-electric,SK,Slovakia,2024,,4445,,i,value imputed by Eurostat or other receiving agencies,,
dataflow,ESTAT:ROAD_EQR_CARPDA(1.0),New passenger cars by type of motor energy,A,Annual,NR,Number,ELC_DIE_HYB,Hybrid diesel-electric,TR,Türkiye,2014,,1,,,,,
dataflow,ESTAT:ROAD_EQR_CARPDA(1.0),New passenger cars by type of motor energy,A,Annual,NR,Number,ELC_DIE_HYB,Hybrid diesel-electric,TR,Türkiye,2015,,72,,,,,
dataflow,ESTAT:ROAD_EQR_CARPDA(1.0),New passenger cars by type of motor energy,A,Annual,NR,Number,ELC_DIE_HYB,Hybrid diesel-electric,TR,Türkiye,2016,,48,,,,,
dataflow,ESTAT:ROAD_EQR_CARPDA(1.0),New passenger cars by type of motor energy,A,Annual,NR,Number,ELC_DIE_HYB,Hybrid diesel-electric,TR,Türkiye,2017,,9,,,,,
dataflow,ESTAT:ROAD_EQR_CARPDA(1.0),New passenger cars by type of motor energy,A,Annual,NR,Number,ELC_DIE_HYB,Hybrid diesel-electric,TR,Türkiye,2018,,103,,,,,
dataflow,ESTAT:ROAD_EQR_CARPDA(1.0),New passenger cars by type of motor energy,A,Annual,NR,Number,ELC_DIE_HYB,Hybrid diesel-electric,TR,Türkiye,2019,,934,,,,,
dataflow,ESTAT:ROAD_EQR_CARPDA(1.0),New passenger cars by type of motor energy,A,Annual,NR,Number,ELC_DIE_HYB,Hybrid diesel-electric,TR,Türkiye,2020,,1610,,,,,
dataflow,ESTAT:ROAD_EQR_CARPDA(1.0),New passenger cars by type of motor energy,A,Annual,NR,Number,ELC_DIE_HYB,Hybrid diesel-electric,TR,Türkiye,2021,,4971,,,,,
dataflow,ESTAT:ROAD_EQR_CARPDA(1.0),New passenger cars by type of motor energy,A,Annual,NR,Number,ELC_DIE_HYB,Hybrid diesel-electric,TR,Türkiye,2022,,5984,,,,,
dataflow,ESTAT:ROAD_EQR_CARPDA(1.0),New passenger cars by type of motor energy,A,Annual,NR,Number,ELC_DIE_HYB,Hybrid diesel-electric,TR,Türkiye,2023,,9180,,,,,
dataflow,ESTAT:ROAD_EQR_CARPDA(1.0),New passenger cars by type of motor energy,A,Annual,NR,Number,ELC_DIE_HYB,Hybrid diesel-electric,TR,Türkiye,2024,,7750,,,,,
dataflow,ESTAT:ROAD_EQR_CARPDA(1.0),New passenger cars by type of motor energy,A,Annual,NR,Number,ELC_DIE_HYB,Hybrid diesel-electric,UA,Ukraine,2019,,2546,,,,,
dataflow,ESTAT:ROAD_EQR_CARPDA(1.0),New passenger cars by type of motor energy,A,Annual,NR,Number,ELC_DIE_HYB,Hybrid diesel-electric,UA,Ukraine,2020,,828,,,,,
dataflow,ESTAT:ROAD_EQR_CARPDA(1.0),New passenger cars by type of motor energy,A,Annual,NR,Number,ELC_DIE_HYB,Hybrid diesel-electric,UA,Ukraine,2021,,2282,,,,,
dataflow,ESTAT:ROAD_EQR_CARPDA(1.0),New passenger cars by type of motor energy,A,Annual,NR,Number,ELC_DIE_HYB,Hybrid diesel-electric,UA,Ukraine,2022,,1154,,,,,
dataflow,ESTAT:ROAD_EQR_CARPDA(1.0),New passenger cars by type of motor energy,A,Annual,NR,Number,ELC_DIE_HYB,Hybrid diesel-electric,UA,Ukraine,2023,,2546,,,,,
dataflow,ESTAT:ROAD_EQR_CARPDA(1.0),New passenger cars by type of motor energy,A,Annual,NR,Number,ELC_DIE_HYB,Hybrid diesel-electric,UA,Ukraine,2024,,2878,,,,,
dataflow,ESTAT:ROAD_EQR_CARPDA(1.0),New passenger cars by type of motor energy,A,Annual,NR,Number,ELC_DIE_HYB,Hybrid diesel-electric,UK,United Kingdom,2015,,3759,,,,,
dataflow,ESTAT:ROAD_EQR_CARPDA(1.0),New passenger cars by type of motor energy,A,Annual,NR,Number,ELC_DIE_HYB,Hybrid diesel-electric,UK,United Kingdom,2016,,1795,,,,,
dataflow,ESTAT:ROAD_EQR_CARPDA(1.0),New passenger cars by type of motor energy,A,Annual,NR,Number,ELC_DIE_HYB,Hybrid diesel-electric,UK,United Kingdom,2017,,783,,,,,
dataflow,ESTAT:ROAD_EQR_CARPDA(1.0),New passenger cars by type of motor energy,A,Annual,NR,Number,ELC_DIE_HYB,Hybrid diesel-electric,UK,United Kingdom,2018,,223,,,,,
dataflow,ESTAT:ROAD_EQR_CARPDA(1.0),New passenger cars by type of motor energy,A,Annual,NR,Number,ELC_DIE_HYB,Hybrid diesel-electric,UK,United Kingdom,2021,,30898,,,,,
dataflow,ESTAT:ROAD_EQR_CARPDA(1.0),New passenger cars by type of motor energy,A,Annual,NR,Number,ELC_DIE_HYB,Hybrid diesel-electric,UK,United Kingdom,2022,,26643,,,,,
dataflow,ESTAT:ROAD_EQR_CARPDA(1.0),New passenger cars by type of motor energy,A,Annual,NR,Number,ELC_DIE_HYB,Hybrid diesel-electric,UK,United Kingdom,2023,,18731,,,,,
dataflow,ESTAT:ROAD_EQR_CARPDA(1.0),New passenger cars by type of motor energy,A,Annual,NR,Number,ELC_DIE_HYB,Hybrid diesel-electric,XK,Kosovo*,2018,,28,,,,,
dataflow,ESTAT:ROAD_EQR_CARPDA(1.0),New passenger cars by type of motor energy,A,Annual,NR,Number,ELC_DIE_HYB,Hybrid diesel-electric,XK,Kosovo*,2019,,0,,,,,
dataflow,ESTAT:ROAD_EQR_CARPDA(1.0),New passenger cars by type of motor energy,A,Annual,NR,Number,ELC_DIE_HYB,Hybrid diesel-electric,XK,Kosovo*,2021,,28,,,,,
dataflow,ESTAT:ROAD_EQR_CARPDA(1.0),New passenger cars by type of motor energy,A,Annual,NR,Number,ELC_DIE_PI,Plug-in hybrid diesel-electric  ,AL,Albania,2020,,0,,,,,
dataflow,ESTAT:ROAD_EQR_CARPDA(1.0),New passenger cars by type of motor energy,A,Annual,NR,Number,ELC_DIE_PI,Plug-in hybrid diesel-electric  ,AT,Austria,2013,,30,,,,,
dataflow,ESTAT:ROAD_EQR_CARPDA(1.0),New passenger cars by type of motor energy,A,Annual,NR,Number,ELC_DIE_PI,Plug-in hybrid diesel-electric  ,AT,Austria,2014,,103,,,,,
dataflow,ESTAT:ROAD_EQR_CARPDA(1.0),New passenger cars by type of motor energy,A,Annual,NR,Number,ELC_DIE_PI,Plug-in hybrid diesel-electric  ,AT,Austria,2015,,170,,,,,
dataflow,ESTAT:ROAD_EQR_CARPDA(1.0),New passenger cars by type of motor energy,A,Annual,NR,Number,ELC_DIE_PI,Plug-in hybrid diesel-electric  ,AT,Austria,2016,,150,,,,,
dataflow,ESTAT:ROAD_EQR_CARPDA(1.0),New passenger cars by type of motor energy,A,Annual,NR,Number,ELC_DIE_PI,Plug-in hybrid diesel-electric  ,AT,Austria,2017,,89,,,,,
dataflow,ESTAT:ROAD_EQR_CARPDA(1.0),New passenger cars by type of motor energy,A,Annual,NR,Number,ELC_DIE_PI,Plug-in hybrid diesel-electric  ,AT,Austria,2018,,40,,,,,
dataflow,ESTAT:ROAD_EQR_CARPDA(1.0),New passenger cars by type of motor energy,A,Annual,NR,Number,ELC_DIE_PI,Plug-in hybrid diesel-electric  ,AT,Austria,2019,,45,,,,,
dataflow,ESTAT:ROAD_EQR_CARPDA(1.0),New passenger cars by type of motor energy,A,Annual,NR,Number,ELC_DIE_PI,Plug-in hybrid diesel-electric  ,AT,Austria,2020,,439,,,,,
dataflow,ESTAT:ROAD_EQR_CARPDA(1.0),New passenger cars by type of motor energy,A,Annual,NR,Number,ELC_DIE_PI,Plug-in hybrid diesel-electric  ,AT,Austria,2021,,1026,,,,,
dataflow,ESTAT:ROAD_EQR_CARPDA(1.0),New passenger cars by type of motor energy,A,Annual,NR,Number,ELC_DIE_PI,Plug-in hybrid diesel-electric  ,AT,Austria,2022,,802,,,,,
dataflow,ESTAT:ROAD_EQR_CARPDA(1.0),New passenger cars by type of motor energy,A,Annual,NR,Number,ELC_DIE_PI,Plug-in hybrid diesel-electric  ,AT,Austria,2023,,694,,,,,
dataflow,ESTAT:ROAD_EQR_CARPDA(1.0),New passenger cars by type of motor energy,A,Annual,NR,Number,ELC_DIE_PI,Plug-in hybrid diesel-electric  ,AT,Austria,2024,,1867,,,,,
dataflow,ESTAT:ROAD_EQR_CARPDA(1.0),New passenger cars by type of motor energy,A,Annual,NR,Number,ELC_DIE_PI,Plug-in hybrid diesel-electric  ,BA,Bosnia and Herzegovina,2013,,0,,,,,
dataflow,ESTAT:ROAD_EQR_CARPDA(1.0),New passenger cars by type of motor energy,A,Annual,NR,Number,ELC_DIE_PI,Plug-in hybrid diesel-electric  ,BA,Bosnia and Herzegovina,2015,,0,,,,,
dataflow,ESTAT:ROAD_EQR_CARPDA(1.0),New passenger cars by type of motor energy,A,Annual,NR,Number,ELC_DIE_PI,Plug-in hybrid diesel-electric  ,BA,Bosnia and Herzegovina,2017,,0,,,,,
dataflow,ESTAT:ROAD_EQR_CARPDA(1.0),New passenger cars by type of motor energy,A,Annual,NR,Number,ELC_DIE_PI,Plug-in hybrid diesel-electric  ,BA,Bosnia and Herzegovina,2019,,0,,,,,
dataflow,ESTAT:ROAD_EQR_CARPDA(1.0),New passenger cars by type of motor energy,A,Annual,NR,Number,ELC_DIE_PI,Plug-in hybrid diesel-electric  ,BA,Bosnia and Herzegovina,2021,,0,,,,,
dataflow,ESTAT:ROAD_EQR_CARPDA(1.0),New passenger cars by type of motor energy,A,Annual,NR,Number,ELC_DIE_PI,Plug-in hybrid diesel-electric  ,BE,Belgium,2023,,6040,,i,value imputed by Eurostat or other receiving agencies,,
dataflow,ESTAT:ROAD_EQR_CARPDA(1.0),New passenger cars by type of motor energy,A,Annual,NR,Number,ELC_DIE_PI,Plug-in hybrid diesel-electric  ,BE,Belgium,2024,,4036,,i,value imputed by Eurostat or other receiving agencies,,
dataflow,ESTAT:ROAD_EQR_CARPDA(1.0),New passenger cars by type of motor energy,A,Annual,NR,Number,ELC_DIE_PI,Plug-in hybrid diesel-electric  ,BG,Bulgaria,2024,,0,,i,value imputed by Eurostat or other receiving agencies,,
dataflow,ESTAT:ROAD_EQR_CARPDA(1.0),New passenger cars by type of motor energy,A,Annual,NR,Number,ELC_DIE_PI,Plug-in hybrid diesel-electric  ,CH,Switzerland,2013,,261,,,,,
dataflow,ESTAT:ROAD_EQR_CARPDA(1.0),New passenger cars by type of motor energy,A,Annual,NR,Number,ELC_DIE_PI,Plug-in hybrid diesel-electric  ,CH,Switzerland,2014,,208,,,,,
dataflow,ESTAT:ROAD_EQR_CARPDA(1.0),New passenger cars by type of motor energy,A,Annual,NR,Number,ELC_DIE_PI,Plug-in hybrid diesel-electric  ,CH,Switzerland,2015,,266,,,,,
dataflow,ESTAT:ROAD_EQR_CARPDA(1.0),New passenger cars by type of motor energy,A,Annual,NR,Number,ELC_DIE_PI,Plug-in hybrid diesel-electric  ,CH,Switzerland,2016,,145,,,,,
dataflow,ESTAT:ROAD_EQR_CARPDA(1.0),New passenger cars by type of motor energy,A,Annual,NR,Number,ELC_DIE_PI,Plug-in hybrid diesel-electric  ,CH,Switzerland,2017,,100,,,,,
dataflow,ESTAT:ROAD_EQR_CARPDA(1.0),New passenger cars by type of motor energy,A,Annual,NR,Number,ELC_DIE_PI,Plug-in hybrid diesel-electric  ,CH,Switzerland,2018,,61,,,,,
dataflow,ESTAT:ROAD_EQR_CARPDA(1.0),New passenger cars by type of motor energy,A,Annual,NR,Number,ELC_DIE_PI,Plug-in hybrid diesel-electric  ,CH,Switzerland,2019,,10,,,,,
dataflow,ESTAT:ROAD_EQR_CARPDA(1.0),New passenger cars by type of motor energy,A,Annual,NR,Number,ELC_DIE_PI,Plug-in hybrid diesel-electric  ,CH,Switzerland,2020,,161,,,,,
dataflow,ESTAT:ROAD_EQR_CARPDA(1.0),New passenger cars by type of motor energy,A,Annual,NR,Number,ELC_DIE_PI,Plug-in hybrid diesel-electric  ,CH,Switzerland,2021,,572,,,,,
dataflow,ESTAT:ROAD_EQR_CARPDA(1.0),New passenger cars by type of motor energy,A,Annual,NR,Number,ELC_DIE_PI,Plug-in hybrid diesel-electric  ,CH,Switzerland,2022,,272,,,,,
dataflow,ESTAT:ROAD_EQR_CARPDA(1.0),New passenger cars by type of motor energy,A,Annual,NR,Number,ELC_DIE_PI,Plug-in hybrid diesel-electric  ,CH,Switzerland,2023,,4,,,,,
dataflow,ESTAT:ROAD_EQR_CARPDA(1.0),New passenger cars by type of motor energy,A,Annual,NR,Number,ELC_DIE_PI,Plug-in hybrid diesel-electric  ,CH,Switzerland,2024,,1,,,,,
dataflow,ESTAT:ROAD_EQR_CARPDA(1.0),New passenger cars by type of motor energy,A,Annual,NR,Number,ELC_DIE_PI,Plug-in hybrid diesel-electric  ,CZ,Czechia,2022,,281,,i,value imputed by Eurostat or other receiving agencies,,
dataflow,ESTAT:ROAD_EQR_CARPDA(1.0),New passenger cars by type of motor energy,A,Annual,NR,Number,ELC_DIE_PI,Plug-in hybrid diesel-electric  ,CZ,Czechia,2023,,470,,i,value imputed by Eurostat or other receiving agencies,,
dataflow,ESTAT:ROAD_EQR_CARPDA(1.0),New passenger cars by type of motor energy,A,Annual,NR,Number,ELC_DIE_PI,Plug-in hybrid diesel-electric  ,CZ,Czechia,2024,,432,,i,value imputed by Eurostat or other receiving agencies,,
dataflow,ESTAT:ROAD_EQR_CARPDA(1.0),New passenger cars by type of motor energy,A,Annual,NR,Number,ELC_DIE_PI,Plug-in hybrid diesel-electric  ,DE,Germany,2017,,1191,,,,,
dataflow,ESTAT:ROAD_EQR_CARPDA(1.0),New passenger cars by type of motor energy,A,Annual,NR,Number,ELC_DIE_PI,Plug-in hybrid diesel-electric  ,DE,Germany,2018,,583,,,,,
dataflow,ESTAT:ROAD_EQR_CARPDA(1.0),New passenger cars by type of motor energy,A,Annual,NR,Number,ELC_DIE_PI,Plug-in hybrid diesel-electric  ,DE,Germany,2019,,7432,,,,,
dataflow,ESTAT:ROAD_EQR_CARPDA(1.0),New passenger cars by type of motor energy,A,Annual,NR,Number,ELC_DIE_PI,Plug-in hybrid diesel-electric  ,DE,Germany,2020,,22431,,,,,
dataflow,ESTAT:ROAD_EQR_CARPDA(1.0),New passenger cars by type of motor energy,A,Annual,NR,Number,ELC_DIE_PI,Plug-in hybrid diesel-electric  ,DE,Germany,2021,,23581,,,,,
dataflow,ESTAT:ROAD_EQR_CARPDA(1.0),New passenger cars by type of motor energy,A,Annual,NR,Number,ELC_DIE_PI,Plug-in hybrid diesel-electric  ,DE,Germany,2022,,17009,,,,,
dataflow,ESTAT:ROAD_EQR_CARPDA(1.0),New passenger cars by type of motor energy,A,Annual,NR,Number,ELC_DIE_PI,Plug-in hybrid diesel-electric  ,DE,Germany,2023,,9109,,,,,
dataflow,ESTAT:ROAD_EQR_CARPDA(1.0),New passenger cars by type of motor energy,A,Annual,NR,Number,ELC_DIE_PI,Plug-in hybrid diesel-electric  ,DE,Germany,2024,,17250,,,,,
dataflow,ESTAT:ROAD_EQR_CARPDA(1.0),New passenger cars by type of motor energy,A,Annual,NR,Number,ELC_DIE_PI,Plug-in hybrid diesel-electric  ,DK,Denmark,2014,,1,,,,,
dataflow,ESTAT:ROAD_EQR_CARPDA(1.0),New passenger cars by type of motor energy,A,Annual,NR,Number,ELC_DIE_PI,Plug-in hybrid diesel-electric  ,DK,Denmark,2015,,0,,,,,
dataflow,ESTAT:ROAD_EQR_CARPDA(1.0),New passenger cars by type of motor energy,A,Annual,NR,Number,ELC_DIE_PI,Plug-in hybrid diesel-electric  ,DK,Denmark,2016,,5,,,,,
dataflow,ESTAT:ROAD_EQR_CARPDA(1.0),New passenger cars by type of motor energy,A,Annual,NR,Number,ELC_DIE_PI,Plug-in hybrid diesel-electric  ,DK,Denmark,2017,,1,,,,,
dataflow,ESTAT:ROAD_EQR_CARPDA(1.0),New passenger cars by type of motor energy,A,Annual,NR,Number,ELC_DIE_PI,Plug-in hybrid diesel-electric  ,DK,Denmark,2018,,1,,,,,
dataflow,ESTAT:ROAD_EQR_CARPDA(1.0),New passenger cars by type of motor energy,A,Annual,NR,Number,ELC_DIE_PI,Plug-in hybrid diesel-electric  ,DK,Denmark,2019,,113,,,,,
dataflow,ESTAT:ROAD_EQR_CARPDA(1.0),New passenger cars by type of motor energy,A,Annual,NR,Number,ELC_DIE_PI,Plug-in hybrid diesel-electric  ,DK,Denmark,2020,,488,,,,,
dataflow,ESTAT:ROAD_EQR_CARPDA(1.0),New passenger cars by type of motor energy,A,Annual,NR,Number,ELC_DIE_PI,Plug-in hybrid diesel-electric  ,DK,Denmark,2021,,1128,,,,,
dataflow,ESTAT:ROAD_EQR_CARPDA(1.0),New passenger cars by type of motor energy,A,Annual,NR,Number,ELC_DIE_PI,Plug-in hybrid diesel-electric  ,DK,Denmark,2022,,849,,,,,
dataflow,ESTAT:ROAD_EQR_CARPDA(1.0),New passenger cars by type of motor energy,A,Annual,NR,Number,ELC_DIE_PI,Plug-in hybrid diesel-electric  ,DK,Denmark,2023,,273,,,,,
dataflow,ESTAT:ROAD_EQR_CARPDA(1.0),New passenger cars by type of motor energy,A,Annual,NR,Number,ELC_DIE_PI,Plug-in hybrid diesel-electric  ,DK,Denmark,2024,,110,,,,,
dataflow,ESTAT:ROAD_EQR_CARPDA(1.0),New passenger cars by type of motor energy,A,Annual,NR,Number,ELC_DIE_PI,Plug-in hybrid diesel-electric  ,EE,Estonia,2021,,18,,,,,
dataflow,ESTAT:ROAD_EQR_CARPDA(1.0),New passenger cars by type of motor energy,A,Annual,NR,Number,ELC_DIE_PI,Plug-in hybrid diesel-electric  ,EE,Estonia,2022,,29,,,,,
dataflow,ESTAT:ROAD_EQR_CARPDA(1.0),New passenger cars by type of motor energy,A,Annual,NR,Number,ELC_DIE_PI,Plug-in hybrid diesel-electric  ,EE,Estonia,2023,,20,,,,,
dataflow,ESTAT:ROAD_EQR_CARPDA(1.0),New passenger cars by type of motor energy,A,Annual,NR,Number,ELC_DIE_PI,Plug-in hybrid diesel-electric  ,EE,Estonia,2024,,26,,,,,
dataflow,ESTAT:ROAD_EQR_CARPDA(1.0),New passenger cars by type of motor energy,A,Annual,NR,Number,ELC_DIE_PI,Plug-in hybrid diesel-electric  ,EL,Greece,2023,,361,,i,value imputed by Eurostat or other receiving agencies,,
dataflow,ESTAT:ROAD_EQR_CARPDA(1.0),New passenger cars by type of motor energy,A,Annual,NR,Number,ELC_DIE_PI,Plug-in hybrid diesel-electric  ,EL,Greece,2024,,344,,i,value imputed by Eurostat or other receiving agencies,,
dataflow,ESTAT:ROAD_EQR_CARPDA(1.0),New passenger cars by type of motor energy,A,Annual,NR,Number,ELC_DIE_PI,Plug-in hybrid diesel-electric  ,ES,Spain,2014,,23,,,,,
dataflow,ESTAT:ROAD_EQR_CARPDA(1.0),New passenger cars by type of motor energy,A,Annual,NR,Number,ELC_DIE_PI,Plug-in hybrid diesel-electric  ,ES,Spain,2015,,9,,,,,
dataflow,ESTAT:ROAD_EQR_CARPDA(1.0),New passenger cars by type of motor energy,A,Annual,NR,Number,ELC_DIE_PI,Plug-in hybrid diesel-electric  ,ES,Spain,2016,,10,,,,,
dataflow,ESTAT:ROAD_EQR_CARPDA(1.0),New passenger cars by type of motor energy,A,Annual,NR,Number,ELC_DIE_PI,Plug-in hybrid diesel-electric  ,ES,Spain,2017,,8,,,,,
dataflow,ESTAT:ROAD_EQR_CARPDA(1.0),New passenger cars by type of motor energy,A,Annual,NR,Number,ELC_DIE_PI,Plug-in hybrid diesel-electric  ,ES,Spain,2018,,6,,,,,
dataflow,ESTAT:ROAD_EQR_CARPDA(1.0),New passenger cars by type of motor energy,A,Annual,NR,Number,ELC_DIE_PI,Plug-in hybrid diesel-electric  ,ES,Spain,2019,,77,,,,,
dataflow,ESTAT:ROAD_EQR_CARPDA(1.0),New passenger cars by type of motor energy,A,Annual,NR,Number,ELC_DIE_PI,Plug-in hybrid diesel-electric  ,ES,Spain,2020,,1252,,,,,
dataflow,ESTAT:ROAD_EQR_CARPDA(1.0),New passenger cars by type of motor energy,A,Annual,NR,Number,ELC_DIE_PI,Plug-in hybrid diesel-electric  ,ES,Spain,2021,,2169,,,,,
dataflow,ESTAT:ROAD_EQR_CARPDA(1.0),New passenger cars by type of motor energy,A,Annual,NR,Number,ELC_DIE_PI,Plug-in hybrid diesel-electric  ,ES,Spain,2022,,2129,,,,,
dataflow,ESTAT:ROAD_EQR_CARPDA(1.0),New passenger cars by type of motor energy,A,Annual,NR,Number,ELC_DIE_PI,Plug-in hybrid diesel-electric  ,ES,Spain,2023,,1742,,,,,
dataflow,ESTAT:ROAD_EQR_CARPDA(1.0),New passenger cars by type of motor energy,A,Annual,NR,Number,ELC_DIE_PI,Plug-in hybrid diesel-electric  ,ES,Spain,2024,,4528,,,,,
dataflow,ESTAT:ROAD_EQR_CARPDA(1.0),New passenger cars by type of motor energy,A,Annual,NR,Number,ELC_DIE_PI,Plug-in hybrid diesel-electric  ,FI,Finland,2014,,51,,,,,
dataflow,ESTAT:ROAD_EQR_CARPDA(1.0),New passenger cars by type of motor energy,A,Annual,NR,Number,ELC_DIE_PI,Plug-in hybrid diesel-electric  ,FI,Finland,2015,,15,,,,,
dataflow,ESTAT:ROAD_EQR_CARPDA(1.0),New passenger cars by type of motor energy,A,Annual,NR,Number,ELC_DIE_PI,Plug-in hybrid diesel-electric  ,FI,Finland,2016,,93,,,,,
dataflow,ESTAT:ROAD_EQR_CARPDA(1.0),New passenger cars by type of motor energy,A,Annual,NR,Number,ELC_DIE_PI,Plug-in hybrid diesel-electric  ,FI,Finland,2017,,152,,,,,
dataflow,ESTAT:ROAD_EQR_CARPDA(1.0),New passenger cars by type of motor energy,A,Annual,NR,Number,ELC_DIE_PI,Plug-in hybrid diesel-electric  ,FI,Finland,2018,,135,,,,,
dataflow,ESTAT:ROAD_EQR_CARPDA(1.0),New passenger cars by type of motor energy,A,Annual,NR,Number,ELC_DIE_PI,Plug-in hybrid diesel-electric  ,FI,Finland,2019,,159,,,,,
dataflow,ESTAT:ROAD_EQR_CARPDA(1.0),New passenger cars by type of motor energy,A,Annual,NR,Number,ELC_DIE_PI,Plug-in hybrid diesel-electric  ,FI,Finland,2020,,435,,,,,
dataflow,ESTAT:ROAD_EQR_CARPDA(1.0),New passenger cars by type of motor energy,A,Annual,NR,Number,ELC_DIE_PI,Plug-in hybrid diesel-electric  ,FI,Finland,2021,,620,,,,,
dataflow,ESTAT:ROAD_EQR_CARPDA(1.0),New passenger cars by type of motor energy,A,Annual,NR,Number,ELC_DIE_PI,Plug-in hybrid diesel-electric  ,FI,Finland,2022,,401,,,,,
dataflow,ESTAT:ROAD_EQR_CARPDA(1.0),New passenger cars by type of motor energy,A,Annual,NR,Number,ELC_DIE_PI,Plug-in hybrid diesel-electric  ,FI,Finland,2023,,220,,,,,
dataflow,ESTAT:ROAD_EQR_CARPDA(1.0),New passenger cars by type of motor energy,A,Annual,NR,Number,ELC_DIE_PI,Plug-in hybrid diesel-electric  ,FI,Finland,2024,,196,,,,,
dataflow,ESTAT:ROAD_EQR_CARPDA(1.0),New passenger cars by type of motor energy,A,Annual,NR,Number,ELC_DIE_PI,Plug-in hybrid diesel-electric  ,FR,France,2013,,241,,,,,
dataflow,ESTAT:ROAD_EQR_CARPDA(1.0),New passenger cars by type of motor energy,A,Annual,NR,Number,ELC_DIE_PI,Plug-in hybrid diesel-electric  ,FR,France,2014,,186,,,,,
dataflow,ESTAT:ROAD_EQR_CARPDA(1.0),New passenger cars by type of motor energy,A,Annual,NR,Number,ELC_DIE_PI,Plug-in hybrid diesel-electric  ,FR,France,2015,,90,,,,,
dataflow,ESTAT:ROAD_EQR_CARPDA(1.0),New passenger cars by type of motor energy,A,Annual,NR,Number,ELC_DIE_PI,Plug-in hybrid diesel-electric  ,FR,France,2016,,261,,,,,
dataflow,ESTAT:ROAD_EQR_CARPDA(1.0),New passenger cars by type of motor energy,A,Annual,NR,Number,ELC_DIE_PI,Plug-in hybrid diesel-electric  ,FR,France,2017,,288,,,,,
dataflow,ESTAT:ROAD_EQR_CARPDA(1.0),New passenger cars by type of motor energy,A,Annual,NR,Number,ELC_DIE_PI,Plug-in hybrid diesel-electric  ,FR,France,2018,,246,,,,,
dataflow,ESTAT:ROAD_EQR_CARPDA(1.0),New passenger cars by type of motor energy,A,Annual,NR,Number,ELC_DIE_PI,Plug-in hybrid diesel-electric  ,FR,France,2019,,779,,,,,
dataflow,ESTAT:ROAD_EQR_CARPDA(1.0),New passenger cars by type of motor energy,A,Annual,NR,Number,ELC_DIE_PI,Plug-in hybrid diesel-electric  ,FR,France,2020,,2396,,,,,
dataflow,ESTAT:ROAD_EQR_CARPDA(1.0),New passenger cars by type of motor energy,A,Annual,NR,Number,ELC_DIE_PI,Plug-in hybrid diesel-electric  ,FR,France,2021,,7236,,,,,
dataflow,ESTAT:ROAD_EQR_CARPDA(1.0),New passenger cars by type of motor energy,A,Annual,NR,Number,ELC_DIE_PI,Plug-in hybrid diesel-electric  ,FR,France,2022,,6240,,,,,
dataflow,ESTAT:ROAD_EQR_CARPDA(1.0),New passenger cars by type of motor energy,A,Annual,NR,Number,ELC_DIE_PI,Plug-in hybrid diesel-electric  ,FR,France,2023,,4463,,i,value imputed by Eurostat or other receiving agencies,,
dataflow,ESTAT:ROAD_EQR_CARPDA(1.0),New passenger cars by type of motor energy,A,Annual,NR,Number,ELC_DIE_PI,Plug-in hybrid diesel-electric  ,FR,France,2024,,4032,,i,value imputed by Eurostat or other receiving agencies,,
dataflow,ESTAT:ROAD_EQR_CARPDA(1.0),New passenger cars by type of motor energy,A,Annual,NR,Number,ELC_DIE_PI,Plug-in hybrid diesel-electric  ,GE,Georgia,2024,,0,,,,,
dataflow,ESTAT:ROAD_EQR_CARPDA(1.0),New passenger cars by type of motor energy,A,Annual,NR,Number,ELC_DIE_PI,Plug-in hybrid diesel-electric  ,HU,Hungary,2013,,0,,,,,
dataflow,ESTAT:ROAD_EQR_CARPDA(1.0),New passenger cars by type of motor energy,A,Annual,NR,Number,ELC_DIE_PI,Plug-in hybrid diesel-electric  ,HU,Hungary,2014,,0,,,,,
dataflow,ESTAT:ROAD_EQR_CARPDA(1.0),New passenger cars by type of motor energy,A,Annual,NR,Number,ELC_DIE_PI,Plug-in hybrid diesel-electric  ,HU,Hungary,2020,,336,,i,value imputed by Eurostat or other receiving agencies,,
dataflow,ESTAT:ROAD_EQR_CARPDA(1.0),New passenger cars by type of motor energy,A,Annual,NR,Number,ELC_DIE_PI,Plug-in hybrid diesel-electric  ,HU,Hungary,2021,,645,,i,value imputed by Eurostat or other receiving agencies,,
dataflow,ESTAT:ROAD_EQR_CARPDA(1.0),New passenger cars by type of motor energy,A,Annual,NR,Number,ELC_DIE_PI,Plug-in hybrid diesel-electric  ,HU,Hungary,2022,,643,,i,value imputed by Eurostat or other receiving agencies,,
dataflow,ESTAT:ROAD_EQR_CARPDA(1.0),New passenger cars by type of motor energy,A,Annual,NR,Number,ELC_DIE_PI,Plug-in hybrid diesel-electric  ,HU,Hungary,2023,,738,,i,value imputed by Eurostat or other receiving agencies,,
dataflow,ESTAT:ROAD_EQR_CARPDA(1.0),New passenger cars by type of motor energy,A,Annual,NR,Number,ELC_DIE_PI,Plug-in hybrid diesel-electric  ,HU,Hungary,2024,,758,,i,value imputed by Eurostat or other receiving agencies,,
dataflow,ESTAT:ROAD_EQR_CARPDA(1.0),New passenger cars by type of motor energy,A,Annual,NR,Number,ELC_DIE_PI,Plug-in hybrid diesel-electric  ,IE,Ireland,2017,,3,,,,,
dataflow,ESTAT:ROAD_EQR_CARPDA(1.0),New passenger cars by type of motor energy,A,Annual,NR,Number,ELC_DIE_PI,Plug-in hybrid diesel-electric  ,IE,Ireland,2018,,10,,,,,
dataflow,ESTAT:ROAD_EQR_CARPDA(1.0),New passenger cars by type of motor energy,A,Annual,NR,Number,ELC_DIE_PI,Plug-in hybrid diesel-electric  ,IE,Ireland,2019,,4,,,,,
dataflow,ESTAT:ROAD_EQR_CARPDA(1.0),New passenger cars by type of motor energy,A,Annual,NR,Number,ELC_DIE_PI,Plug-in hybrid diesel-electric  ,IE,Ireland,2020,,34,,,,,
dataflow,ESTAT:ROAD_EQR_CARPDA(1.0),New passenger cars by type of motor energy,A,Annual,NR,Number,ELC_DIE_PI,Plug-in hybrid diesel-electric  ,IE,Ireland,2021,,271,,,,,
dataflow,ESTAT:ROAD_EQR_CARPDA(1.0),New passenger cars by type of motor energy,A,Annual,NR,Number,ELC_DIE_PI,Plug-in hybrid diesel-electric  ,IE,Ireland,2022,,574,,,,,
dataflow,ESTAT:ROAD_EQR_CARPDA(1.0),New passenger cars by type of motor energy,A,Annual,NR,Number,ELC_DIE_PI,Plug-in hybrid diesel-electric  ,IE,Ireland,2023,,302,,,,,
dataflow,ESTAT:ROAD_EQR_CARPDA(1.0),New passenger cars by type of motor energy,A,Annual,NR,Number,ELC_DIE_PI,Plug-in hybrid diesel-electric  ,IE,Ireland,2024,,329,,i,value imputed by Eurostat or other receiving agencies,,
dataflow,ESTAT:ROAD_EQR_CARPDA(1.0),New passenger cars by type of motor energy,A,Annual,NR,Number,ELC_DIE_PI,Plug-in hybrid diesel-electric  ,IS,Iceland,2017,,123,,,,,
dataflow,ESTAT:ROAD_EQR_CARPDA(1.0),New passenger cars by type of motor energy,A,Annual,NR,Number,ELC_DIE_PI,Plug-in hybrid diesel-electric  ,IS,Iceland,2018,,209,,,,,
dataflow,ESTAT:ROAD_EQR_CARPDA(1.0),New passenger cars by type of motor energy,A,Annual,NR,Number,ELC_DIE_PI,Plug-in hybrid diesel-electric  ,IS,Iceland,2019,,167,,,,,
dataflow,ESTAT:ROAD_EQR_CARPDA(1.0),New passenger cars by type of motor energy,A,Annual,NR,Number,ELC_DIE_PI,Plug-in hybrid diesel-electric  ,IS,Iceland,2020,,104,,,,,
dataflow,ESTAT:ROAD_EQR_CARPDA(1.0),New passenger cars by type of motor energy,A,Annual,NR,Number,ELC_DIE_PI,Plug-in hybrid diesel-electric  ,IS,Iceland,2021,,179,,,,,
dataflow,ESTAT:ROAD_EQR_CARPDA(1.0),New passenger cars by type of motor energy,A,Annual,NR,Number,ELC_DIE_PI,Plug-in hybrid diesel-electric  ,IS,Iceland,2022,,137,,i,value imputed by Eurostat or other receiving agencies,,
dataflow,ESTAT:ROAD_EQR_CARPDA(1.0),New passenger cars by type of motor energy,A,Annual,NR,Number,ELC_DIE_PI,Plug-in hybrid diesel-electric  ,IS,Iceland,2023,,64,,i,value imputed by Eurostat or other receiving agencies,,
dataflow,ESTAT:ROAD_EQR_CARPDA(1.0),New passenger cars by type of motor energy,A,Annual,NR,Number,ELC_DIE_PI,Plug-in hybrid diesel-electric  ,IS,Iceland,2024,,60,,i,value imputed by Eurostat or other receiving agencies,,
dataflow,ESTAT:ROAD_EQR_CARPDA(1.0),New passenger cars by type of motor energy,A,Annual,NR,Number,ELC_DIE_PI,Plug-in hybrid diesel-electric  ,IT,Italy,2021,,8894,,i,value imputed by Eurostat or other receiving agencies,,
dataflow,ESTAT:ROAD_EQR_CARPDA(1.0),New passenger cars by type of motor energy,A,Annual,NR,Number,ELC_DIE_PI,Plug-in hybrid diesel-electric  ,IT,Italy,2022,,8232,,i,value imputed by Eurostat or other receiving agencies,,
dataflow,ESTAT:ROAD_EQR_CARPDA(1.0),New passenger cars by type of motor energy,A,Annual,NR,Number,ELC_DIE_PI,Plug-in hybrid diesel-electric  ,IT,Italy,2023,,8789,,i,value imputed by Eurostat or other receiving agencies,,
dataflow,ESTAT:ROAD_EQR_CARPDA(1.0),New passenger cars by type of motor energy,A,Annual,NR,Number,ELC_DIE_PI,Plug-in hybrid diesel-electric  ,IT,Italy,2024,,6595,,i,value imputed by Eurostat or other receiving agencies,,
dataflow,ESTAT:ROAD_EQR_CARPDA(1.0),New passenger cars by type of motor energy,A,Annual,NR,Number,ELC_DIE_PI,Plug-in hybrid diesel-electric  ,LU,Luxembourg,2013,,0,,,,,
dataflow,ESTAT:ROAD_EQR_CARPDA(1.0),New passenger cars by type of motor energy,A,Annual,NR,Number,ELC_DIE_PI,Plug-in hybrid diesel-electric  ,LU,Luxembourg,2014,,0,,,,,
dataflow,ESTAT:ROAD_EQR_CARPDA(1.0),New passenger cars by type of motor energy,A,Annual,NR,Number,ELC_DIE_PI,Plug-in hybrid diesel-electric  ,LU,Luxembourg,2015,,0,,,,,
dataflow,ESTAT:ROAD_EQR_CARPDA(1.0),New passenger cars by type of motor energy,A,Annual,NR,Number,ELC_DIE_PI,Plug-in hybrid diesel-electric  ,LU,Luxembourg,2016,,0,,,,,
dataflow,ESTAT:ROAD_EQR_CARPDA(1.0),New passenger cars by type of motor energy,A,Annual,NR,Number,ELC_DIE_PI,Plug-in hybrid diesel-electric  ,LU,Luxembourg,2017,,14,,,,,
dataflow,ESTAT:ROAD_EQR_CARPDA(1.0),New passenger cars by type of motor energy,A,Annual,NR,Number,ELC_DIE_PI,Plug-in hybrid diesel-electric  ,LU,Luxembourg,2018,,10,,,,,
dataflow,ESTAT:ROAD_EQR_CARPDA(1.0),New passenger cars by type of motor energy,A,Annual,NR,Number,ELC_DIE_PI,Plug-in hybrid diesel-electric  ,LU,Luxembourg,2019,,69,,,,,
dataflow,ESTAT:ROAD_EQR_CARPDA(1.0),New passenger cars by type of motor energy,A,Annual,NR,Number,ELC_DIE_PI,Plug-in hybrid diesel-electric  ,LU,Luxembourg,2020,,320,,,,,
dataflow,ESTAT:ROAD_EQR_CARPDA(1.0),New passenger cars by type of motor energy,A,Annual,NR,Number,ELC_DIE_PI,Plug-in hybrid diesel-electric  ,LU,Luxembourg,2021,,619,,,,,
dataflow,ESTAT:ROAD_EQR_CARPDA(1.0),New passenger cars by type of motor energy,A,Annual,NR,Number,ELC_DIE_PI,Plug-in hybrid diesel-electric  ,LU,Luxembourg,2022,,410,,,,,
dataflow,ESTAT:ROAD_EQR_CARPDA(1.0),New passenger cars by type of motor energy,A,Annual,NR,Number,ELC_DIE_PI,Plug-in hybrid diesel-electric  ,LU,Luxembourg,2023,,168,,,,,
dataflow,ESTAT:ROAD_EQR_CARPDA(1.0),New passenger cars by type of motor energy,A,Annual,NR,Number,ELC_DIE_PI,Plug-in hybrid diesel-electric  ,LU,Luxembourg,2024,,184,,,,,
dataflow,ESTAT:ROAD_EQR_CARPDA(1.0),New passenger cars by type of motor energy,A,Annual,NR,Number,ELC_DIE_PI,Plug-in hybrid diesel-electric  ,LV,Latvia,2014,,0,,,,,
dataflow,ESTAT:ROAD_EQR_CARPDA(1.0),New passenger cars by type of motor energy,A,Annual,NR,Number,ELC_DIE_PI,Plug-in hybrid diesel-electric  ,LV,Latvia,2015,,0,,,,,
dataflow,ESTAT:ROAD_EQR_CARPDA(1.0),New passenger cars by type of motor energy,A,Annual,NR,Number,ELC_DIE_PI,Plug-in hybrid diesel-electric  ,LV,Latvia,2016,,0,,,,,
dataflow,ESTAT:ROAD_EQR_CARPDA(1.0),New passenger cars by type of motor energy,A,Annual,NR,Number,ELC_DIE_PI,Plug-in hybrid diesel-electric  ,LV,Latvia,2018,,0,,,,,
dataflow,ESTAT:ROAD_EQR_CARPDA(1.0),New passenger cars by type of motor energy,A,Annual,NR,Number,ELC_DIE_PI,Plug-in hybrid diesel-electric  ,LV,Latvia,2019,,0,,,,,
dataflow,ESTAT:ROAD_EQR_CARPDA(1.0),New passenger cars by type of motor energy,A,Annual,NR,Number,ELC_DIE_PI,Plug-in hybrid diesel-electric  ,LV,Latvia,2020,,0,,,,,
dataflow,ESTAT:ROAD_EQR_CARPDA(1.0),New passenger cars by type of motor energy,A,Annual,NR,Number,ELC_DIE_PI,Plug-in hybrid diesel-electric  ,LV,Latvia,2024,,0,,,,,
dataflow,ESTAT:ROAD_EQR_CARPDA(1.0),New passenger cars by type of motor energy,A,Annual,NR,Number,ELC_DIE_PI,Plug-in hybrid diesel-electric  ,MT,Malta,2019,,0,,,,,
dataflow,ESTAT:ROAD_EQR_CARPDA(1.0),New passenger cars by type of motor energy,A,Annual,NR,Number,ELC_DIE_PI,Plug-in hybrid diesel-electric  ,MT,Malta,2020,,0,,,,,
dataflow,ESTAT:ROAD_EQR_CARPDA(1.0),New passenger cars by type of motor energy,A,Annual,NR,Number,ELC_DIE_PI,Plug-in hybrid diesel-electric  ,MT,Malta,2021,,5,,,,,
dataflow,ESTAT:ROAD_EQR_CARPDA(1.0),New passenger cars by type of motor energy,A,Annual,NR,Number,ELC_DIE_PI,Plug-in hybrid diesel-electric  ,MT,Malta,2022,,10,,,,,
dataflow,ESTAT:ROAD_EQR_CARPDA(1.0),New passenger cars by type of motor energy,A,Annual,NR,Number,ELC_DIE_PI,Plug-in hybrid diesel-electric  ,MT,Malta,2023,,16,,,,,
dataflow,ESTAT:ROAD_EQR_CARPDA(1.0),New passenger cars by type of motor energy,A,Annual,NR,Number,ELC_DIE_PI,Plug-in hybrid diesel-electric  ,MT,Malta,2024,,16,,,,,
dataflow,ESTAT:ROAD_EQR_CARPDA(1.0),New passenger cars by type of motor energy,A,Annual,NR,Number,ELC_DIE_PI,Plug-in hybrid diesel-electric  ,NL,Netherlands,2024,,0,,i,value imputed by Eurostat or other receiving agencies,,
dataflow,ESTAT:ROAD_EQR_CARPDA(1.0),New passenger cars by type of motor energy,A,Annual,NR,Number,ELC_DIE_PI,Plug-in hybrid diesel-electric  ,NO,Norway,2016,,1112,,,,,
dataflow,ESTAT:ROAD_EQR_CARPDA(1.0),New passenger cars by type of motor energy,A,Annual,NR,Number,ELC_DIE_PI,Plug-in hybrid diesel-electric  ,NO,Norway,2017,,2455,,,,,
dataflow,ESTAT:ROAD_EQR_CARPDA(1.0),New passenger cars by type of motor energy,A,Annual,NR,Number,ELC_DIE_PI,Plug-in hybrid diesel-electric  ,NO,Norway,2018,,1880,,,,,
dataflow,ESTAT:ROAD_EQR_CARPDA(1.0),New passenger cars by type of motor energy,A,Annual,NR,Number,ELC_DIE_PI,Plug-in hybrid diesel-electric  ,NO,Norway,2019,,977,,,,,
dataflow,ESTAT:ROAD_EQR_CARPDA(1.0),New passenger cars by type of motor energy,A,Annual,NR,Number,ELC_DIE_PI,Plug-in hybrid diesel-electric  ,NO,Norway,2020,,1672,,,,,
dataflow,ESTAT:ROAD_EQR_CARPDA(1.0),New passenger cars by type of motor energy,A,Annual,NR,Number,ELC_DIE_PI,Plug-in hybrid diesel-electric  ,NO,Norway,2021,,1581,,,,,
dataflow,ESTAT:ROAD_EQR_CARPDA(1.0),New passenger cars by type of motor energy,A,Annual,NR,Number,ELC_DIE_PI,Plug-in hybrid diesel-electric  ,NO,Norway,2022,,535,,,,,
dataflow,ESTAT:ROAD_EQR_CARPDA(1.0),New passenger cars by type of motor energy,A,Annual,NR,Number,ELC_DIE_PI,Plug-in hybrid diesel-electric  ,NO,Norway,2023,,200,,,,,
dataflow,ESTAT:ROAD_EQR_CARPDA(1.0),New passenger cars by type of motor energy,A,Annual,NR,Number,ELC_DIE_PI,Plug-in hybrid diesel-electric  ,NO,Norway,2024,,20,,,,,
dataflow,ESTAT:ROAD_EQR_CARPDA(1.0),New passenger cars by type of motor energy,A,Annual,NR,Number,ELC_DIE_PI,Plug-in hybrid diesel-electric  ,PL,Poland,2013,,1,,i,value imputed by Eurostat or other receiving agencies,,
dataflow,ESTAT:ROAD_EQR_CARPDA(1.0),New passenger cars by type of motor energy,A,Annual,NR,Number,ELC_DIE_PI,Plug-in hybrid diesel-electric  ,PL,Poland,2014,,0,,i,value imputed by Eurostat or other receiving agencies,,
dataflow,ESTAT:ROAD_EQR_CARPDA(1.0),New passenger cars by type of motor energy,A,Annual,NR,Number,ELC_DIE_PI,Plug-in hybrid diesel-electric  ,PL,Poland,2015,,47,,i,value imputed by Eurostat or other receiving agencies,,
dataflow,ESTAT:ROAD_EQR_CARPDA(1.0),New passenger cars by type of motor energy,A,Annual,NR,Number,ELC_DIE_PI,Plug-in hybrid diesel-electric  ,PL,Poland,2016,,111,,i,value imputed by Eurostat or other receiving agencies,,
dataflow,ESTAT:ROAD_EQR_CARPDA(1.0),New passenger cars by type of motor energy,A,Annual,NR,Number,ELC_DIE_PI,Plug-in hybrid diesel-electric  ,PL,Poland,2017,,148,,i,value imputed by Eurostat or other receiving agencies,,
dataflow,ESTAT:ROAD_EQR_CARPDA(1.0),New passenger cars by type of motor energy,A,Annual,NR,Number,ELC_DIE_PI,Plug-in hybrid diesel-electric  ,PL,Poland,2018,,176,,i,value imputed by Eurostat or other receiving agencies,,
dataflow,ESTAT:ROAD_EQR_CARPDA(1.0),New passenger cars by type of motor energy,A,Annual,NR,Number,ELC_DIE_PI,Plug-in hybrid diesel-electric  ,PL,Poland,2019,,309,,i,value imputed by Eurostat or other receiving agencies,,
dataflow,ESTAT:ROAD_EQR_CARPDA(1.0),New passenger cars by type of motor energy,A,Annual,NR,Number,ELC_DIE_PI,Plug-in hybrid diesel-electric  ,PL,Poland,2020,,979,,i,value imputed by Eurostat or other receiving agencies,,
dataflow,ESTAT:ROAD_EQR_CARPDA(1.0),New passenger cars by type of motor energy,A,Annual,NR,Number,ELC_DIE_PI,Plug-in hybrid diesel-electric  ,PL,Poland,2021,,2093,,i,value imputed by Eurostat or other receiving agencies,,
dataflow,ESTAT:ROAD_EQR_CARPDA(1.0),New passenger cars by type of motor energy,A,Annual,NR,Number,ELC_DIE_PI,Plug-in hybrid diesel-electric  ,PL,Poland,2022,,1812,,i,value imputed by Eurostat or other receiving agencies,,
dataflow,ESTAT:ROAD_EQR_CARPDA(1.0),New passenger cars by type of motor energy,A,Annual,NR,Number,ELC_DIE_PI,Plug-in hybrid diesel-electric  ,PL,Poland,2023,,2451,,i,value imputed by Eurostat or other receiving agencies,,
dataflow,ESTAT:ROAD_EQR_CARPDA(1.0),New passenger cars by type of motor energy,A,Annual,NR,Number,ELC_DIE_PI,Plug-in hybrid diesel-electric  ,PL,Poland,2024,,2866,,i,value imputed by Eurostat or other receiving agencies,,
dataflow,ESTAT:ROAD_EQR_CARPDA(1.0),New passenger cars by type of motor energy,A,Annual,NR,Number,ELC_DIE_PI,Plug-in hybrid diesel-electric  ,PT,Portugal,2017,,135,,,,,
dataflow,ESTAT:ROAD_EQR_CARPDA(1.0),New passenger cars by type of motor energy,A,Annual,NR,Number,ELC_DIE_PI,Plug-in hybrid diesel-electric  ,PT,Portugal,2018,,96,,,,,
dataflow,ESTAT:ROAD_EQR_CARPDA(1.0),New passenger cars by type of motor energy,A,Annual,NR,Number,ELC_DIE_PI,Plug-in hybrid diesel-electric  ,PT,Portugal,2019,,1151,,,,,
dataflow,ESTAT:ROAD_EQR_CARPDA(1.0),New passenger cars by type of motor energy,A,Annual,NR,Number,ELC_DIE_PI,Plug-in hybrid diesel-electric  ,PT,Portugal,2020,,1920,,,,,
dataflow,ESTAT:ROAD_EQR_CARPDA(1.0),New passenger cars by type of motor energy,A,Annual,NR,Number,ELC_DIE_PI,Plug-in hybrid diesel-electric  ,PT,Portugal,2021,,2134,,,,,
dataflow,ESTAT:ROAD_EQR_CARPDA(1.0),New passenger cars by type of motor energy,A,Annual,NR,Number,ELC_DIE_PI,Plug-in hybrid diesel-electric  ,PT,Portugal,2022,,1289,,,,,
dataflow,ESTAT:ROAD_EQR_CARPDA(1.0),New passenger cars by type of motor energy,A,Annual,NR,Number,ELC_DIE_PI,Plug-in hybrid diesel-electric  ,PT,Portugal,2023,,1320,,,,,
dataflow,ESTAT:ROAD_EQR_CARPDA(1.0),New passenger cars by type of motor energy,A,Annual,NR,Number,ELC_DIE_PI,Plug-in hybrid diesel-electric  ,PT,Portugal,2024,,2475,,p,provisional,,
dataflow,ESTAT:ROAD_EQR_CARPDA(1.0),New passenger cars by type of motor energy,A,Annual,NR,Number,ELC_DIE_PI,Plug-in hybrid diesel-electric  ,RO,Romania,2020,,83,,i,value imputed by Eurostat or other receiving agencies,,
dataflow,ESTAT:ROAD_EQR_CARPDA(1.0),New passenger cars by type of motor energy,A,Annual,NR,Number,ELC_DIE_PI,Plug-in hybrid diesel-electric  ,RO,Romania,2021,,314,,i,value imputed by Eurostat or other receiving agencies,,
dataflow,ESTAT:ROAD_EQR_CARPDA(1.0),New passenger cars by type of motor energy,A,Annual,NR,Number,ELC_DIE_PI,Plug-in hybrid diesel-electric  ,RO,Romania,2022,,266,,i,value imputed by Eurostat or other receiving agencies,,
dataflow,ESTAT:ROAD_EQR_CARPDA(1.0),New passenger cars by type of motor energy,A,Annual,NR,Number,ELC_DIE_PI,Plug-in hybrid diesel-electric  ,RO,Romania,2023,,273,,i,value imputed by Eurostat or other receiving agencies,,
dataflow,ESTAT:ROAD_EQR_CARPDA(1.0),New passenger cars by type of motor energy,A,Annual,NR,Number,ELC_DIE_PI,Plug-in hybrid diesel-electric  ,RO,Romania,2024,,636,,i,value imputed by Eurostat or other receiving agencies,,
dataflow,ESTAT:ROAD_EQR_CARPDA(1.0),New passenger cars by type of motor energy,A,Annual,NR,Number,ELC_DIE_PI,Plug-in hybrid diesel-electric  ,SE,Sweden,2013,,590,,,,,
dataflow,ESTAT:ROAD_EQR_CARPDA(1.0),New passenger cars by type of motor energy,A,Annual,NR,Number,ELC_DIE_PI,Plug-in hybrid diesel-electric  ,SE,Sweden,2014,,709,,,,,
dataflow,ESTAT:ROAD_EQR_CARPDA(1.0),New passenger cars by type of motor energy,A,Annual,NR,Number,ELC_DIE_PI,Plug-in hybrid diesel-electric  ,SE,Sweden,2015,,579,,,,,
dataflow,ESTAT:ROAD_EQR_CARPDA(1.0),New passenger cars by type of motor energy,A,Annual,NR,Number,ELC_DIE_PI,Plug-in hybrid diesel-electric  ,SE,Sweden,2016,,1326,,,,,
dataflow,ESTAT:ROAD_EQR_CARPDA(1.0),New passenger cars by type of motor energy,A,Annual,NR,Number,ELC_DIE_PI,Plug-in hybrid diesel-electric  ,SE,Sweden,2017,,1115,,,,,
dataflow,ESTAT:ROAD_EQR_CARPDA(1.0),New passenger cars by type of motor energy,A,Annual,NR,Number,ELC_DIE_PI,Plug-in hybrid diesel-electric  ,SE,Sweden,2018,,1270,,,,,
dataflow,ESTAT:ROAD_EQR_CARPDA(1.0),New passenger cars by type of motor energy,A,Annual,NR,Number,ELC_DIE_PI,Plug-in hybrid diesel-electric  ,SE,Sweden,2019,,913,,,,,
dataflow,ESTAT:ROAD_EQR_CARPDA(1.0),New passenger cars by type of motor energy,A,Annual,NR,Number,ELC_DIE_PI,Plug-in hybrid diesel-electric  ,SE,Sweden,2020,,2970,,,,,
dataflow,ESTAT:ROAD_EQR_CARPDA(1.0),New passenger cars by type of motor energy,A,Annual,NR,Number,ELC_DIE_PI,Plug-in hybrid diesel-electric  ,SE,Sweden,2021,,3979,,,,,
dataflow,ESTAT:ROAD_EQR_CARPDA(1.0),New passenger cars by type of motor energy,A,Annual,NR,Number,ELC_DIE_PI,Plug-in hybrid diesel-electric  ,SE,Sweden,2022,,2620,,,,,
dataflow,ESTAT:ROAD_EQR_CARPDA(1.0),New passenger cars by type of motor energy,A,Annual,NR,Number,ELC_DIE_PI,Plug-in hybrid diesel-electric  ,SE,Sweden,2023,,1705,,,,,
dataflow,ESTAT:ROAD_EQR_CARPDA(1.0),New passenger cars by type of motor energy,A,Annual,NR,Number,ELC_DIE_PI,Plug-in hybrid diesel-electric  ,SE,Sweden,2024,,3373,,,,,
dataflow,ESTAT:ROAD_EQR_CARPDA(1.0),New passenger cars by type of motor energy,A,Annual,NR,Number,ELC_DIE_PI,Plug-in hybrid diesel-electric  ,SK,Slovakia,2022,,100,,i,value imputed by Eurostat or other receiving agencies,,
dataflow,ESTAT:ROAD_EQR_CARPDA(1.0),New passenger cars by type of motor energy,A,Annual,NR,Number,ELC_DIE_PI,Plug-in hybrid diesel-electric  ,SK,Slovakia,2023,,0,,i,value imputed by Eurostat or other receiving agencies,,
dataflow,ESTAT:ROAD_EQR_CARPDA(1.0),New passenger cars by type of motor energy,A,Annual,NR,Number,ELC_DIE_PI,Plug-in hybrid diesel-electric  ,SK,Slovakia,2024,,143,,i,value imputed by Eurostat or other receiving agencies,,
dataflow,ESTAT:ROAD_EQR_CARPDA(1.0),New passenger cars by type of motor energy,A,Annual,NR,Number,ELC_DIE_PI,Plug-in hybrid diesel-electric  ,TR,Türkiye,2017,,0,,,,,
dataflow,ESTAT:ROAD_EQR_CARPDA(1.0),New passenger cars by type of motor energy,A,Annual,NR,Number,ELC_DIE_PI,Plug-in hybrid diesel-electric  ,TR,Türkiye,2018,,0,,,,,
dataflow,ESTAT:ROAD_EQR_CARPDA(1.0),New passenger cars by type of motor energy,A,Annual,NR,Number,ELC_DIE_PI,Plug-in hybrid diesel-electric  ,TR,Türkiye,2019,,0,,,,,
dataflow,ESTAT:ROAD_EQR_CARPDA(1.0),New passenger cars by type of motor energy,A,Annual,NR,Number,ELC_DIE_PI,Plug-in hybrid diesel-electric  ,TR,Türkiye,2020,,0,,,,,
dataflow,ESTAT:ROAD_EQR_CARPDA(1.0),New passenger cars by type of motor energy,A,Annual,NR,Number,ELC_DIE_PI,Plug-in hybrid diesel-electric  ,TR,Türkiye,2021,,0,,,,,
dataflow,ESTAT:ROAD_EQR_CARPDA(1.0),New passenger cars by type of motor energy,A,Annual,NR,Number,ELC_DIE_PI,Plug-in hybrid diesel-electric  ,TR,Türkiye,2023,,0,,,,,
dataflow,ESTAT:ROAD_EQR_CARPDA(1.0),New passenger cars by type of motor energy,A,Annual,NR,Number,ELC_DIE_PI,Plug-in hybrid diesel-electric  ,TR,Türkiye,2024,,0,,,,,
dataflow,ESTAT:ROAD_EQR_CARPDA(1.0),New passenger cars by type of motor energy,A,Annual,NR,Number,ELC_DIE_PI,Plug-in hybrid diesel-electric  ,UK,United Kingdom,2017,,618,,,,,
dataflow,ESTAT:ROAD_EQR_CARPDA(1.0),New passenger cars by type of motor energy,A,Annual,NR,Number,ELC_DIE_PI,Plug-in hybrid diesel-electric  ,UK,United Kingdom,2018,,229,,,,,
dataflow,ESTAT:ROAD_EQR_CARPDA(1.0),New passenger cars by type of motor energy,A,Annual,NR,Number,ELC_DIE_PI,Plug-in hybrid diesel-electric  ,UK,United Kingdom,2021,,4070,,,,,
dataflow,ESTAT:ROAD_EQR_CARPDA(1.0),New passenger cars by type of motor energy,A,Annual,NR,Number,ELC_DIE_PI,Plug-in hybrid diesel-electric  ,UK,United Kingdom,2022,,2306,,,,,
dataflow,ESTAT:ROAD_EQR_CARPDA(1.0),New passenger cars by type of motor energy,A,Annual,NR,Number,ELC_DIE_PI,Plug-in hybrid diesel-electric  ,XK,Kosovo*,2018,,0,,,,,
dataflow,ESTAT:ROAD_EQR_CARPDA(1.0),New passenger cars by type of motor energy,A,Annual,NR,Number,ELC_DIE_PI,Plug-in hybrid diesel-electric  ,XK,Kosovo*,2019,,0,,,,,
dataflow,ESTAT:ROAD_EQR_CARPDA(1.0),New passenger cars by type of motor energy,A,Annual,NR,Number,ELC_DIE_PI,Plug-in hybrid diesel-electric  ,XK,Kosovo*,2021,,1,,,,,
dataflow,ESTAT:ROAD_EQR_CARPDA(1.0),New passenger cars by type of motor energy,A,Annual,NR,Number,ELC_PET_HYB,Hybrid electric-petrol,AL,Albania,2019,,134,,,,,
dataflow,ESTAT:ROAD_EQR_CARPDA(1.0),New passenger cars by type of motor energy,A,Annual,NR,Number,ELC_PET_HYB,Hybrid electric-petrol,AL,Albania,2020,,193,,,,,
dataflow,ESTAT:ROAD_EQR_CARPDA(1.0),New passenger cars by type of motor energy,A,Annual,NR,Number,ELC_PET_HYB,Hybrid electric-petrol,AL,Albania,2021,,423,,,,,
dataflow,ESTAT:ROAD_EQR_CARPDA(1.0),New passenger cars by type of motor energy,A,Annual,NR,Number,ELC_PET_HYB,Hybrid electric-petrol,AL,Albania,2022,,528,,,,,
dataflow,ESTAT:ROAD_EQR_CARPDA(1.0),New passenger cars by type of motor energy,A,Annual,NR,Number,ELC_PET_HYB,Hybrid electric-petrol,AL,Albania,2023,,871,,,,,
dataflow,ESTAT:ROAD_EQR_CARPDA(1.0),New passenger cars by type of motor energy,A,Annual,NR,Number,ELC_PET_HYB,Hybrid electric-petrol,AL,Albania,2024,,1542,,,,,
dataflow,ESTAT:ROAD_EQR_CARPDA(1.0),New passenger cars by type of motor energy,A,Annual,NR,Number,ELC_PET_HYB,Hybrid electric-petrol,AT,Austria,2013,,2259,,,,,
dataflow,ESTAT:ROAD_EQR_CARPDA(1.0),New passenger cars by type of motor energy,A,Annual,NR,Number,ELC_PET_HYB,Hybrid electric-petrol,AT,Austria,2014,,1836,,,,,
dataflow,ESTAT:ROAD_EQR_CARPDA(1.0),New passenger cars by type of motor energy,A,Annual,NR,Number,ELC_PET_HYB,Hybrid electric-petrol,AT,Austria,2015,,1893,,,,,
dataflow,ESTAT:ROAD_EQR_CARPDA(1.0),New passenger cars by type of motor energy,A,Annual,NR,Number,ELC_PET_HYB,Hybrid electric-petrol,AT,Austria,2016,,3305,,,,,
dataflow,ESTAT:ROAD_EQR_CARPDA(1.0),New passenger cars by type of motor energy,A,Annual,NR,Number,ELC_PET_HYB,Hybrid electric-petrol,AT,Austria,2017,,6529,,,,,
dataflow,ESTAT:ROAD_EQR_CARPDA(1.0),New passenger cars by type of motor energy,A,Annual,NR,Number,ELC_PET_HYB,Hybrid electric-petrol,AT,Austria,2018,,6135,,,,,
dataflow,ESTAT:ROAD_EQR_CARPDA(1.0),New passenger cars by type of motor energy,A,Annual,NR,Number,ELC_PET_HYB,Hybrid electric-petrol,AT,Austria,2019,,10237,,,,,
dataflow,ESTAT:ROAD_EQR_CARPDA(1.0),New passenger cars by type of motor energy,A,Annual,NR,Number,ELC_PET_HYB,Hybrid electric-petrol,AT,Austria,2020,,18178,,,,,
dataflow,ESTAT:ROAD_EQR_CARPDA(1.0),New passenger cars by type of motor energy,A,Annual,NR,Number,ELC_PET_HYB,Hybrid electric-petrol,AT,Austria,2021,,29451,,,,,
dataflow,ESTAT:ROAD_EQR_CARPDA(1.0),New passenger cars by type of motor energy,A,Annual,NR,Number,ELC_PET_HYB,Hybrid electric-petrol,AT,Austria,2022,,28238,,,,,
dataflow,ESTAT:ROAD_EQR_CARPDA(1.0),New passenger cars by type of motor energy,A,Annual,NR,Number,ELC_PET_HYB,Hybrid electric-petrol,AT,Austria,2023,,36705,,,,,
dataflow,ESTAT:ROAD_EQR_CARPDA(1.0),New passenger cars by type of motor energy,A,Annual,NR,Number,ELC_PET_HYB,Hybrid electric-petrol,AT,Austria,2024,,51611,,,,,
dataflow,ESTAT:ROAD_EQR_CARPDA(1.0),New passenger cars by type of motor energy,A,Annual,NR,Number,ELC_PET_HYB,Hybrid electric-petrol,BA,Bosnia and Herzegovina,2013,,0,,,,,
dataflow,ESTAT:ROAD_EQR_CARPDA(1.0),New passenger cars by type of motor energy,A,Annual,NR,Number,ELC_PET_HYB,Hybrid electric-petrol,BA,Bosnia and Herzegovina,2014,,2,,,,,
dataflow,ESTAT:ROAD_EQR_CARPDA(1.0),New passenger cars by type of motor energy,A,Annual,NR,Number,ELC_PET_HYB,Hybrid electric-petrol,BA,Bosnia and Herzegovina,2015,,2,,,,,
dataflow,ESTAT:ROAD_EQR_CARPDA(1.0),New passenger cars by type of motor energy,A,Annual,NR,Number,ELC_PET_HYB,Hybrid electric-petrol,BA,Bosnia and Herzegovina,2016,,56,,,,,
dataflow,ESTAT:ROAD_EQR_CARPDA(1.0),New passenger cars by type of motor energy,A,Annual,NR,Number,ELC_PET_HYB,Hybrid electric-petrol,BA,Bosnia and Herzegovina,2017,,136,,,,,
dataflow,ESTAT:ROAD_EQR_CARPDA(1.0),New passenger cars by type of motor energy,A,Annual,NR,Number,ELC_PET_HYB,Hybrid electric-petrol,BA,Bosnia and Herzegovina,2018,,127,,,,,
dataflow,ESTAT:ROAD_EQR_CARPDA(1.0),New passenger cars by type of motor energy,A,Annual,NR,Number,ELC_PET_HYB,Hybrid electric-petrol,BA,Bosnia and Herzegovina,2019,,191,,,,,
dataflow,ESTAT:ROAD_EQR_CARPDA(1.0),New passenger cars by type of motor energy,A,Annual,NR,Number,ELC_PET_HYB,Hybrid electric-petrol,BA,Bosnia and Herzegovina,2020,,151,,,,,
dataflow,ESTAT:ROAD_EQR_CARPDA(1.0),New passenger cars by type of motor energy,A,Annual,NR,Number,ELC_PET_HYB,Hybrid electric-petrol,BA,Bosnia and Herzegovina,2021,,315,,,,,
dataflow,ESTAT:ROAD_EQR_CARPDA(1.0),New passenger cars by type of motor energy,A,Annual,NR,Number,ELC_PET_HYB,Hybrid electric-petrol,BA,Bosnia and Herzegovina,2022,,455,,,,,
dataflow,ESTAT:ROAD_EQR_CARPDA(1.0),New passenger cars by type of motor energy,A,Annual,NR,Number,ELC_PET_HYB,Hybrid electric-petrol,BA,Bosnia and Herzegovina,2023,,923,,,,,
dataflow,ESTAT:ROAD_EQR_CARPDA(1.0),New passenger cars by type of motor energy,A,Annual,NR,Number,ELC_PET_HYB,Hybrid electric-petrol,BA,Bosnia and Herzegovina,2024,,1270,,,,,
dataflow,ESTAT:ROAD_EQR_CARPDA(1.0),New passenger cars by type of motor energy,A,Annual,NR,Number,ELC_PET_HYB,Hybrid electric-petrol,BE,Belgium,2013,,4920,,,,,
dataflow,ESTAT:ROAD_EQR_CARPDA(1.0),New passenger cars by type of motor energy,A,Annual,NR,Number,ELC_PET_HYB,Hybrid electric-petrol,BE,Belgium,2014,,7585,,,,,
dataflow,ESTAT:ROAD_EQR_CARPDA(1.0),New passenger cars by type of motor energy,A,Annual,NR,Number,ELC_PET_HYB,Hybrid electric-petrol,BE,Belgium,2015,,8352,,,,,
dataflow,ESTAT:ROAD_EQR_CARPDA(1.0),New passenger cars by type of motor energy,A,Annual,NR,Number,ELC_PET_HYB,Hybrid electric-petrol,BE,Belgium,2016,,15692,,,,,
dataflow,ESTAT:ROAD_EQR_CARPDA(1.0),New passenger cars by type of motor energy,A,Annual,NR,Number,ELC_PET_HYB,Hybrid electric-petrol,BE,Belgium,2017,,23458,,,,,
dataflow,ESTAT:ROAD_EQR_CARPDA(1.0),New passenger cars by type of motor energy,A,Annual,NR,Number,ELC_PET_HYB,Hybrid electric-petrol,BE,Belgium,2018,,23510,,,,,
dataflow,ESTAT:ROAD_EQR_CARPDA(1.0),New passenger cars by type of motor energy,A,Annual,NR,Number,ELC_PET_HYB,Hybrid electric-petrol,BE,Belgium,2019,,28998,,,,,
dataflow,ESTAT:ROAD_EQR_CARPDA(1.0),New passenger cars by type of motor energy,A,Annual,NR,Number,ELC_PET_HYB,Hybrid electric-petrol,BE,Belgium,2020,,56502,,,,,
dataflow,ESTAT:ROAD_EQR_CARPDA(1.0),New passenger cars by type of motor energy,A,Annual,NR,Number,ELC_PET_HYB,Hybrid electric-petrol,BE,Belgium,2021,,93969,,,,,
dataflow,ESTAT:ROAD_EQR_CARPDA(1.0),New passenger cars by type of motor energy,A,Annual,NR,Number,ELC_PET_HYB,Hybrid electric-petrol,BE,Belgium,2022,,117384,,,,,
dataflow,ESTAT:ROAD_EQR_CARPDA(1.0),New passenger cars by type of motor energy,A,Annual,NR,Number,ELC_PET_HYB,Hybrid electric-petrol,BE,Belgium,2023,,86480,,b,break in time series,,
dataflow,ESTAT:ROAD_EQR_CARPDA(1.0),New passenger cars by type of motor energy,A,Annual,NR,Number,ELC_PET_HYB,Hybrid electric-petrol,BE,Belgium,2024,,103003,,i,value imputed by Eurostat or other receiving agencies,,
dataflow,ESTAT:ROAD_EQR_CARPDA(1.0),New passenger cars by type of motor energy,A,Annual,NR,Number,ELC_PET_HYB,Hybrid electric-petrol,BG,Bulgaria,2022,,386,,i,value imputed by Eurostat or other receiving agencies,,
dataflow,ESTAT:ROAD_EQR_CARPDA(1.0),New passenger cars by type of motor energy,A,Annual,NR,Number,ELC_PET_HYB,Hybrid electric-petrol,BG,Bulgaria,2023,,693,,i,value imputed by Eurostat or other receiving agencies,,
dataflow,ESTAT:ROAD_EQR_CARPDA(1.0),New passenger cars by type of motor energy,A,Annual,NR,Number,ELC_PET_HYB,Hybrid electric-petrol,BG,Bulgaria,2024,,1005,,i,value imputed by Eurostat or other receiving agencies,,
dataflow,ESTAT:ROAD_EQR_CARPDA(1.0),New passenger cars by type of motor energy,A,Annual,NR,Number,ELC_PET_HYB,Hybrid electric-petrol,CH,Switzerland,2013,,128,,,,,
dataflow,ESTAT:ROAD_EQR_CARPDA(1.0),New passenger cars by type of motor energy,A,Annual,NR,Number,ELC_PET_HYB,Hybrid electric-petrol,CH,Switzerland,2014,,528,,,,,
dataflow,ESTAT:ROAD_EQR_CARPDA(1.0),New passenger cars by type of motor energy,A,Annual,NR,Number,ELC_PET_HYB,Hybrid electric-petrol,CH,Switzerland,2015,,2089,,,,,
dataflow,ESTAT:ROAD_EQR_CARPDA(1.0),New passenger cars by type of motor energy,A,Annual,NR,Number,ELC_PET_HYB,Hybrid electric-petrol,CH,Switzerland,2016,,7274,,,,,
dataflow,ESTAT:ROAD_EQR_CARPDA(1.0),New passenger cars by type of motor energy,A,Annual,NR,Number,ELC_PET_HYB,Hybrid electric-petrol,CH,Switzerland,2017,,8293,,,,,
dataflow,ESTAT:ROAD_EQR_CARPDA(1.0),New passenger cars by type of motor energy,A,Annual,NR,Number,ELC_PET_HYB,Hybrid electric-petrol,CH,Switzerland,2018,,10553,,,,,
dataflow,ESTAT:ROAD_EQR_CARPDA(1.0),New passenger cars by type of motor energy,A,Annual,NR,Number,ELC_PET_HYB,Hybrid electric-petrol,CH,Switzerland,2019,,18285,,,,,
dataflow,ESTAT:ROAD_EQR_CARPDA(1.0),New passenger cars by type of motor energy,A,Annual,NR,Number,ELC_PET_HYB,Hybrid electric-petrol,CH,Switzerland,2020,,27513,,,,,
dataflow,ESTAT:ROAD_EQR_CARPDA(1.0),New passenger cars by type of motor energy,A,Annual,NR,Number,ELC_PET_HYB,Hybrid electric-petrol,CH,Switzerland,2021,,44741,,,,,
dataflow,ESTAT:ROAD_EQR_CARPDA(1.0),New passenger cars by type of motor energy,A,Annual,NR,Number,ELC_PET_HYB,Hybrid electric-petrol,CH,Switzerland,2022,,47102,,,,,
dataflow,ESTAT:ROAD_EQR_CARPDA(1.0),New passenger cars by type of motor energy,A,Annual,NR,Number,ELC_PET_HYB,Hybrid electric-petrol,CH,Switzerland,2023,,63355,,,,,
dataflow,ESTAT:ROAD_EQR_CARPDA(1.0),New passenger cars by type of motor energy,A,Annual,NR,Number,ELC_PET_HYB,Hybrid electric-petrol,CH,Switzerland,2024,,80648,,,,,
dataflow,ESTAT:ROAD_EQR_CARPDA(1.0),New passenger cars by type of motor energy,A,Annual,NR,Number,ELC_PET_HYB,Hybrid electric-petrol,CY,Cyprus,2013,,84,,,,,
dataflow,ESTAT:ROAD_EQR_CARPDA(1.0),New passenger cars by type of motor energy,A,Annual,NR,Number,ELC_PET_HYB,Hybrid electric-petrol,CY,Cyprus,2014,,108,,,,,
dataflow,ESTAT:ROAD_EQR_CARPDA(1.0),New passenger cars by type of motor energy,A,Annual,NR,Number,ELC_PET_HYB,Hybrid electric-petrol,CY,Cyprus,2015,,202,,,,,
dataflow,ESTAT:ROAD_EQR_CARPDA(1.0),New passenger cars by type of motor energy,A,Annual,NR,Number,ELC_PET_HYB,Hybrid electric-petrol,CY,Cyprus,2016,,381,,,,,
dataflow,ESTAT:ROAD_EQR_CARPDA(1.0),New passenger cars by type of motor energy,A,Annual,NR,Number,ELC_PET_HYB,Hybrid electric-petrol,CY,Cyprus,2017,,759,,,,,
dataflow,ESTAT:ROAD_EQR_CARPDA(1.0),New passenger cars by type of motor energy,A,Annual,NR,Number,ELC_PET_HYB,Hybrid electric-petrol,CY,Cyprus,2018,,983,,,,,
dataflow,ESTAT:ROAD_EQR_CARPDA(1.0),New passenger cars by type of motor energy,A,Annual,NR,Number,ELC_PET_HYB,Hybrid electric-petrol,CY,Cyprus,2019,,1052,,,,,
dataflow,ESTAT:ROAD_EQR_CARPDA(1.0),New passenger cars by type of motor energy,A,Annual,NR,Number,ELC_PET_HYB,Hybrid electric-petrol,CY,Cyprus,2020,,1424,,,,,
dataflow,ESTAT:ROAD_EQR_CARPDA(1.0),New passenger cars by type of motor energy,A,Annual,NR,Number,ELC_PET_HYB,Hybrid electric-petrol,CY,Cyprus,2021,,2990,,i,value imputed by Eurostat or other receiving agencies,,
dataflow,ESTAT:ROAD_EQR_CARPDA(1.0),New passenger cars by type of motor energy,A,Annual,NR,Number,ELC_PET_HYB,Hybrid electric-petrol,CY,Cyprus,2022,,4022,,i,value imputed by Eurostat or other receiving agencies,,
dataflow,ESTAT:ROAD_EQR_CARPDA(1.0),New passenger cars by type of motor energy,A,Annual,NR,Number,ELC_PET_HYB,Hybrid electric-petrol,CY,Cyprus,2023,,5616,,i,value imputed by Eurostat or other receiving agencies,,
dataflow,ESTAT:ROAD_EQR_CARPDA(1.0),New passenger cars by type of motor energy,A,Annual,NR,Number,ELC_PET_HYB,Hybrid electric-petrol,CY,Cyprus,2024,,6437,,i,value imputed by Eurostat or other receiving agencies,,
dataflow,ESTAT:ROAD_EQR_CARPDA(1.0),New passenger cars by type of motor energy,A,Annual,NR,Number,ELC_PET_HYB,Hybrid electric-petrol,CZ,Czechia,2021,,3078,,,,,
dataflow,ESTAT:ROAD_EQR_CARPDA(1.0),New passenger cars by type of motor energy,A,Annual,NR,Number,ELC_PET_HYB,Hybrid electric-petrol,CZ,Czechia,2022,,13191,,i,value imputed by Eurostat or other receiving agencies,,
dataflow,ESTAT:ROAD_EQR_CARPDA(1.0),New passenger cars by type of motor energy,A,Annual,NR,Number,ELC_PET_HYB,Hybrid electric-petrol,CZ,Czechia,2023,,27412,,i,value imputed by Eurostat or other receiving agencies,,
dataflow,ESTAT:ROAD_EQR_CARPDA(1.0),New passenger cars by type of motor energy,A,Annual,NR,Number,ELC_PET_HYB,Hybrid electric-petrol,CZ,Czechia,2024,,2624,,i,value imputed by Eurostat or other receiving agencies,,
dataflow,ESTAT:ROAD_EQR_CARPDA(1.0),New passenger cars by type of motor energy,A,Annual,NR,Number,ELC_PET_HYB,Hybrid electric-petrol,DE,Germany,2017,,54009,,,,,
dataflow,ESTAT:ROAD_EQR_CARPDA(1.0),New passenger cars by type of motor energy,A,Annual,NR,Number,ELC_PET_HYB,Hybrid electric-petrol,DE,Germany,2018,,81503,,,,,
dataflow,ESTAT:ROAD_EQR_CARPDA(1.0),New passenger cars by type of motor energy,A,Annual,NR,Number,ELC_PET_HYB,Hybrid electric-petrol,DE,Germany,2019,,123799,,,,,
dataflow,ESTAT:ROAD_EQR_CARPDA(1.0),New passenger cars by type of motor energy,A,Annual,NR,Number,ELC_PET_HYB,Hybrid electric-petrol,DE,Germany,2020,,220385,,,,,
dataflow,ESTAT:ROAD_EQR_CARPDA(1.0),New passenger cars by type of motor energy,A,Annual,NR,Number,ELC_PET_HYB,Hybrid electric-petrol,DE,Germany,2021,,285898,,,,,
dataflow,ESTAT:ROAD_EQR_CARPDA(1.0),New passenger cars by type of motor energy,A,Annual,NR,Number,ELC_PET_HYB,Hybrid electric-petrol,DE,Germany,2022,,312090,,,,,
dataflow,ESTAT:ROAD_EQR_CARPDA(1.0),New passenger cars by type of motor energy,A,Annual,NR,Number,ELC_PET_HYB,Hybrid electric-petrol,DE,Germany,2023,,456426,,,,,
dataflow,ESTAT:ROAD_EQR_CARPDA(1.0),New passenger cars by type of motor energy,A,Annual,NR,Number,ELC_PET_HYB,Hybrid electric-petrol,DE,Germany,2024,,571488,,,,,
dataflow,ESTAT:ROAD_EQR_CARPDA(1.0),New passenger cars by type of motor energy,A,Annual,NR,Number,ELC_PET_HYB,Hybrid electric-petrol,DK,Denmark,2020,,9415,,i,value imputed by Eurostat or other receiving agencies,,
dataflow,ESTAT:ROAD_EQR_CARPDA(1.0),New passenger cars by type of motor energy,A,Annual,NR,Number,ELC_PET_HYB,Hybrid electric-petrol,DK,Denmark,2021,,8539,,i,value imputed by Eurostat or other receiving agencies,,
dataflow,ESTAT:ROAD_EQR_CARPDA(1.0),New passenger cars by type of motor energy,A,Annual,NR,Number,ELC_PET_HYB,Hybrid electric-petrol,DK,Denmark,2022,,22790,,i,value imputed by Eurostat or other receiving agencies,,
dataflow,ESTAT:ROAD_EQR_CARPDA(1.0),New passenger cars by type of motor energy,A,Annual,NR,Number,ELC_PET_HYB,Hybrid electric-petrol,DK,Denmark,2023,,24237,,i,value imputed by Eurostat or other receiving agencies,,
dataflow,ESTAT:ROAD_EQR_CARPDA(1.0),New passenger cars by type of motor energy,A,Annual,NR,Number,ELC_PET_HYB,Hybrid electric-petrol,DK,Denmark,2024,,25631,,i,value imputed by Eurostat or other receiving agencies,,
dataflow,ESTAT:ROAD_EQR_CARPDA(1.0),New passenger cars by type of motor energy,A,Annual,NR,Number,ELC_PET_HYB,Hybrid electric-petrol,EE,Estonia,2013,,191,,,,,
dataflow,ESTAT:ROAD_EQR_CARPDA(1.0),New passenger cars by type of motor energy,A,Annual,NR,Number,ELC_PET_HYB,Hybrid electric-petrol,EE,Estonia,2014,,308,,,,,
dataflow,ESTAT:ROAD_EQR_CARPDA(1.0),New passenger cars by type of motor energy,A,Annual,NR,Number,ELC_PET_HYB,Hybrid electric-petrol,EE,Estonia,2015,,351,,,,,
dataflow,ESTAT:ROAD_EQR_CARPDA(1.0),New passenger cars by type of motor energy,A,Annual,NR,Number,ELC_PET_HYB,Hybrid electric-petrol,EE,Estonia,2016,,771,,,,,
dataflow,ESTAT:ROAD_EQR_CARPDA(1.0),New passenger cars by type of motor energy,A,Annual,NR,Number,ELC_PET_HYB,Hybrid electric-petrol,EE,Estonia,2017,,1186,,,,,
dataflow,ESTAT:ROAD_EQR_CARPDA(1.0),New passenger cars by type of motor energy,A,Annual,NR,Number,ELC_PET_HYB,Hybrid electric-petrol,EE,Estonia,2018,,1512,,,,,
dataflow,ESTAT:ROAD_EQR_CARPDA(1.0),New passenger cars by type of motor energy,A,Annual,NR,Number,ELC_PET_HYB,Hybrid electric-petrol,EE,Estonia,2019,,2582,,,,,
dataflow,ESTAT:ROAD_EQR_CARPDA(1.0),New passenger cars by type of motor energy,A,Annual,NR,Number,ELC_PET_HYB,Hybrid electric-petrol,EE,Estonia,2020,,2582,,,,,
dataflow,ESTAT:ROAD_EQR_CARPDA(1.0),New passenger cars by type of motor energy,A,Annual,NR,Number,ELC_PET_HYB,Hybrid electric-petrol,EE,Estonia,2021,,5376,,,,,
dataflow,ESTAT:ROAD_EQR_CARPDA(1.0),New passenger cars by type of motor energy,A,Annual,NR,Number,ELC_PET_HYB,Hybrid electric-petrol,EE,Estonia,2022,,5933,,,,,
dataflow,ESTAT:ROAD_EQR_CARPDA(1.0),New passenger cars by type of motor energy,A,Annual,NR,Number,ELC_PET_HYB,Hybrid electric-petrol,EE,Estonia,2023,,7908,,,,,
dataflow,ESTAT:ROAD_EQR_CARPDA(1.0),New passenger cars by type of motor energy,A,Annual,NR,Number,ELC_PET_HYB,Hybrid electric-petrol,EE,Estonia,2024,,10369,,,,,
dataflow,ESTAT:ROAD_EQR_CARPDA(1.0),New passenger cars by type of motor energy,A,Annual,NR,Number,ELC_PET_HYB,Hybrid electric-petrol,EL,Greece,2021,,26319,,e,estimated,,
dataflow,ESTAT:ROAD_EQR_CARPDA(1.0),New passenger cars by type of motor energy,A,Annual,NR,Number,ELC_PET_HYB,Hybrid electric-petrol,EL,Greece,2022,,32929,,,,,
dataflow,ESTAT:ROAD_EQR_CARPDA(1.0),New passenger cars by type of motor energy,A,Annual,NR,Number,ELC_PET_HYB,Hybrid electric-petrol,EL,Greece,2023,,39792,,i,value imputed by Eurostat or other receiving agencies,,
dataflow,ESTAT:ROAD_EQR_CARPDA(1.0),New passenger cars by type of motor energy,A,Annual,NR,Number,ELC_PET_HYB,Hybrid electric-petrol,EL,Greece,2024,,55509,,i,value imputed by Eurostat or other receiving agencies,,
dataflow,ESTAT:ROAD_EQR_CARPDA(1.0),New passenger cars by type of motor energy,A,Annual,NR,Number,ELC_PET_HYB,Hybrid electric-petrol,ES,Spain,2014,,8070,,,,,
dataflow,ESTAT:ROAD_EQR_CARPDA(1.0),New passenger cars by type of motor energy,A,Annual,NR,Number,ELC_PET_HYB,Hybrid electric-petrol,ES,Spain,2015,,7156,,,,,
dataflow,ESTAT:ROAD_EQR_CARPDA(1.0),New passenger cars by type of motor energy,A,Annual,NR,Number,ELC_PET_HYB,Hybrid electric-petrol,ES,Spain,2016,,30431,,,,,
dataflow,ESTAT:ROAD_EQR_CARPDA(1.0),New passenger cars by type of motor energy,A,Annual,NR,Number,ELC_PET_HYB,Hybrid electric-petrol,ES,Spain,2017,,55236,,,,,
dataflow,ESTAT:ROAD_EQR_CARPDA(1.0),New passenger cars by type of motor energy,A,Annual,NR,Number,ELC_PET_HYB,Hybrid electric-petrol,ES,Spain,2018,,73544,,,,,
dataflow,ESTAT:ROAD_EQR_CARPDA(1.0),New passenger cars by type of motor energy,A,Annual,NR,Number,ELC_PET_HYB,Hybrid electric-petrol,ES,Spain,2019,,92605,,,,,
dataflow,ESTAT:ROAD_EQR_CARPDA(1.0),New passenger cars by type of motor energy,A,Annual,NR,Number,ELC_PET_HYB,Hybrid electric-petrol,ES,Spain,2020,,112546,,,,,
dataflow,ESTAT:ROAD_EQR_CARPDA(1.0),New passenger cars by type of motor energy,A,Annual,NR,Number,ELC_PET_HYB,Hybrid electric-petrol,ES,Spain,2021,,182089,,,,,
dataflow,ESTAT:ROAD_EQR_CARPDA(1.0),New passenger cars by type of motor energy,A,Annual,NR,Number,ELC_PET_HYB,Hybrid electric-petrol,ES,Spain,2022,,207950,,,,,
dataflow,ESTAT:ROAD_EQR_CARPDA(1.0),New passenger cars by type of motor energy,A,Annual,NR,Number,ELC_PET_HYB,Hybrid electric-petrol,ES,Spain,2023,,263300,,,,,
dataflow,ESTAT:ROAD_EQR_CARPDA(1.0),New passenger cars by type of motor energy,A,Annual,NR,Number,ELC_PET_HYB,Hybrid electric-petrol,ES,Spain,2024,,350144,,,,,
dataflow,ESTAT:ROAD_EQR_CARPDA(1.0),New passenger cars by type of motor energy,A,Annual,NR,Number,ELC_PET_HYB,Hybrid electric-petrol,EU27_2020,European Union - 27 countries (from 2020),2022,,1812526,,,,,
dataflow,ESTAT:ROAD_EQR_CARPDA(1.0),New passenger cars by type of motor energy,A,Annual,NR,Number,ELC_PET_HYB,Hybrid electric-petrol,EU27_2020,European Union - 27 countries (from 2020),2023,,2264948,,,,,
dataflow,ESTAT:ROAD_EQR_CARPDA(1.0),New passenger cars by type of motor energy,A,Annual,NR,Number,ELC_PET_HYB,Hybrid electric-petrol,EU27_2020,European Union - 27 countries (from 2020),2024,,2780661,,i,value imputed by Eurostat or other receiving agencies,,
dataflow,ESTAT:ROAD_EQR_CARPDA(1.0),New passenger cars by type of motor energy,A,Annual,NR,Number,ELC_PET_HYB,Hybrid electric-petrol,FI,Finland,2014,,2236,,,,,
dataflow,ESTAT:ROAD_EQR_CARPDA(1.0),New passenger cars by type of motor energy,A,Annual,NR,Number,ELC_PET_HYB,Hybrid electric-petrol,FI,Finland,2015,,2817,,,,,
dataflow,ESTAT:ROAD_EQR_CARPDA(1.0),New passenger cars by type of motor energy,A,Annual,NR,Number,ELC_PET_HYB,Hybrid electric-petrol,FI,Finland,2016,,4668,,,,,
dataflow,ESTAT:ROAD_EQR_CARPDA(1.0),New passenger cars by type of motor energy,A,Annual,NR,Number,ELC_PET_HYB,Hybrid electric-petrol,FI,Finland,2017,,8512,,,,,
dataflow,ESTAT:ROAD_EQR_CARPDA(1.0),New passenger cars by type of motor energy,A,Annual,NR,Number,ELC_PET_HYB,Hybrid electric-petrol,FI,Finland,2018,,11631,,,,,
dataflow,ESTAT:ROAD_EQR_CARPDA(1.0),New passenger cars by type of motor energy,A,Annual,NR,Number,ELC_PET_HYB,Hybrid electric-petrol,FI,Finland,2019,,14582,,,,,
dataflow,ESTAT:ROAD_EQR_CARPDA(1.0),New passenger cars by type of motor energy,A,Annual,NR,Number,ELC_PET_HYB,Hybrid electric-petrol,FI,Finland,2020,,17373,,,,,
dataflow,ESTAT:ROAD_EQR_CARPDA(1.0),New passenger cars by type of motor energy,A,Annual,NR,Number,ELC_PET_HYB,Hybrid electric-petrol,FI,Finland,2021,,25874,,,,,
dataflow,ESTAT:ROAD_EQR_CARPDA(1.0),New passenger cars by type of motor energy,A,Annual,NR,Number,ELC_PET_HYB,Hybrid electric-petrol,FI,Finland,2022,,24083,,,,,
dataflow,ESTAT:ROAD_EQR_CARPDA(1.0),New passenger cars by type of motor energy,A,Annual,NR,Number,ELC_PET_HYB,Hybrid electric-petrol,FI,Finland,2023,,19097,,i,value imputed by Eurostat or other receiving agencies,,
dataflow,ESTAT:ROAD_EQR_CARPDA(1.0),New passenger cars by type of motor energy,A,Annual,NR,Number,ELC_PET_HYB,Hybrid electric-petrol,FI,Finland,2024,,22114,,,,,
dataflow,ESTAT:ROAD_EQR_CARPDA(1.0),New passenger cars by type of motor energy,A,Annual,NR,Number,ELC_PET_HYB,Hybrid electric-petrol,FR,France,2013,,32194,,,,,
dataflow,ESTAT:ROAD_EQR_CARPDA(1.0),New passenger cars by type of motor energy,A,Annual,NR,Number,ELC_PET_HYB,Hybrid electric-petrol,FR,France,2014,,31829,,,,,
dataflow,ESTAT:ROAD_EQR_CARPDA(1.0),New passenger cars by type of motor energy,A,Annual,NR,Number,ELC_PET_HYB,Hybrid electric-petrol,FR,France,2015,,35950,,,,,
dataflow,ESTAT:ROAD_EQR_CARPDA(1.0),New passenger cars by type of motor energy,A,Annual,NR,Number,ELC_PET_HYB,Hybrid electric-petrol,FR,France,2016,,46301,,,,,
dataflow,ESTAT:ROAD_EQR_CARPDA(1.0),New passenger cars by type of motor energy,A,Annual,NR,Number,ELC_PET_HYB,Hybrid electric-petrol,FR,France,2017,,70320,,,,,
dataflow,ESTAT:ROAD_EQR_CARPDA(1.0),New passenger cars by type of motor energy,A,Annual,NR,Number,ELC_PET_HYB,Hybrid electric-petrol,FR,France,2018,,90727,,,,,
dataflow,ESTAT:ROAD_EQR_CARPDA(1.0),New passenger cars by type of motor energy,A,Annual,NR,Number,ELC_PET_HYB,Hybrid electric-petrol,FR,France,2019,,97951,,,,,
dataflow,ESTAT:ROAD_EQR_CARPDA(1.0),New passenger cars by type of motor energy,A,Annual,NR,Number,ELC_PET_HYB,Hybrid electric-petrol,FR,France,2020,,149738,,,,,
dataflow,ESTAT:ROAD_EQR_CARPDA(1.0),New passenger cars by type of motor energy,A,Annual,NR,Number,ELC_PET_HYB,Hybrid electric-petrol,FR,France,2021,,262497,,,,,
dataflow,ESTAT:ROAD_EQR_CARPDA(1.0),New passenger cars by type of motor energy,A,Annual,NR,Number,ELC_PET_HYB,Hybrid electric-petrol,FR,France,2022,,316690,,,,,
dataflow,ESTAT:ROAD_EQR_CARPDA(1.0),New passenger cars by type of motor energy,A,Annual,NR,Number,ELC_PET_HYB,Hybrid electric-petrol,FR,France,2023,,420146,,,,,
dataflow,ESTAT:ROAD_EQR_CARPDA(1.0),New passenger cars by type of motor energy,A,Annual,NR,Number,ELC_PET_HYB,Hybrid electric-petrol,FR,France,2024,,585851,,,,,
dataflow,ESTAT:ROAD_EQR_CARPDA(1.0),New passenger cars by type of motor energy,A,Annual,NR,Number,ELC_PET_HYB,Hybrid electric-petrol,GE,Georgia,2017,,198,,,,,
dataflow,ESTAT:ROAD_EQR_CARPDA(1.0),New passenger cars by type of motor energy,A,Annual,NR,Number,ELC_PET_HYB,Hybrid electric-petrol,GE,Georgia,2018,,204,,,,,
dataflow,ESTAT:ROAD_EQR_CARPDA(1.0),New passenger cars by type of motor energy,A,Annual,NR,Number,ELC_PET_HYB,Hybrid electric-petrol,GE,Georgia,2019,,418,,,,,
dataflow,ESTAT:ROAD_EQR_CARPDA(1.0),New passenger cars by type of motor energy,A,Annual,NR,Number,ELC_PET_HYB,Hybrid electric-petrol,GE,Georgia,2020,,418,,,,,
dataflow,ESTAT:ROAD_EQR_CARPDA(1.0),New passenger cars by type of motor energy,A,Annual,NR,Number,ELC_PET_HYB,Hybrid electric-petrol,GE,Georgia,2021,,692,,,,,
dataflow,ESTAT:ROAD_EQR_CARPDA(1.0),New passenger cars by type of motor energy,A,Annual,NR,Number,ELC_PET_HYB,Hybrid electric-petrol,GE,Georgia,2022,,836,,,,,
dataflow,ESTAT:ROAD_EQR_CARPDA(1.0),New passenger cars by type of motor energy,A,Annual,NR,Number,ELC_PET_HYB,Hybrid electric-petrol,GE,Georgia,2023,,1430,,,,,
dataflow,ESTAT:ROAD_EQR_CARPDA(1.0),New passenger cars by type of motor energy,A,Annual,NR,Number,ELC_PET_HYB,Hybrid electric-petrol,GE,Georgia,2024,,1998,,,,,
dataflow,ESTAT:ROAD_EQR_CARPDA(1.0),New passenger cars by type of motor energy,A,Annual,NR,Number,ELC_PET_HYB,Hybrid electric-petrol,HR,Croatia,2022,,6780,,,,,
dataflow,ESTAT:ROAD_EQR_CARPDA(1.0),New passenger cars by type of motor energy,A,Annual,NR,Number,ELC_PET_HYB,Hybrid electric-petrol,HR,Croatia,2023,,10411,,,,,
dataflow,ESTAT:ROAD_EQR_CARPDA(1.0),New passenger cars by type of motor energy,A,Annual,NR,Number,ELC_PET_HYB,Hybrid electric-petrol,HR,Croatia,2024,,5248,,,,,
dataflow,ESTAT:ROAD_EQR_CARPDA(1.0),New passenger cars by type of motor energy,A,Annual,NR,Number,ELC_PET_HYB,Hybrid electric-petrol,HU,Hungary,2013,,492,,,,,
dataflow,ESTAT:ROAD_EQR_CARPDA(1.0),New passenger cars by type of motor energy,A,Annual,NR,Number,ELC_PET_HYB,Hybrid electric-petrol,HU,Hungary,2014,,518,,,,,
dataflow,ESTAT:ROAD_EQR_CARPDA(1.0),New passenger cars by type of motor energy,A,Annual,NR,Number,ELC_PET_HYB,Hybrid electric-petrol,HU,Hungary,2015,,829,,,,,
dataflow,ESTAT:ROAD_EQR_CARPDA(1.0),New passenger cars by type of motor energy,A,Annual,NR,Number,ELC_PET_HYB,Hybrid electric-petrol,HU,Hungary,2016,,1810,,,,,
dataflow,ESTAT:ROAD_EQR_CARPDA(1.0),New passenger cars by type of motor energy,A,Annual,NR,Number,ELC_PET_HYB,Hybrid electric-petrol,HU,Hungary,2017,,3960,,,,,
dataflow,ESTAT:ROAD_EQR_CARPDA(1.0),New passenger cars by type of motor energy,A,Annual,NR,Number,ELC_PET_HYB,Hybrid electric-petrol,HU,Hungary,2018,,6163,,,,,
dataflow,ESTAT:ROAD_EQR_CARPDA(1.0),New passenger cars by type of motor energy,A,Annual,NR,Number,ELC_PET_HYB,Hybrid electric-petrol,HU,Hungary,2019,,9197,,,,,
dataflow,ESTAT:ROAD_EQR_CARPDA(1.0),New passenger cars by type of motor energy,A,Annual,NR,Number,ELC_PET_HYB,Hybrid electric-petrol,HU,Hungary,2020,,28216,,i,value imputed by Eurostat or other receiving agencies,,
dataflow,ESTAT:ROAD_EQR_CARPDA(1.0),New passenger cars by type of motor energy,A,Annual,NR,Number,ELC_PET_HYB,Hybrid electric-petrol,HU,Hungary,2021,,40823,,i,value imputed by Eurostat or other receiving agencies,,
dataflow,ESTAT:ROAD_EQR_CARPDA(1.0),New passenger cars by type of motor energy,A,Annual,NR,Number,ELC_PET_HYB,Hybrid electric-petrol,HU,Hungary,2022,,36898,,i,value imputed by Eurostat or other receiving agencies,,
dataflow,ESTAT:ROAD_EQR_CARPDA(1.0),New passenger cars by type of motor energy,A,Annual,NR,Number,ELC_PET_HYB,Hybrid electric-petrol,HU,Hungary,2023,,39039,,i,value imputed by Eurostat or other receiving agencies,,
dataflow,ESTAT:ROAD_EQR_CARPDA(1.0),New passenger cars by type of motor energy,A,Annual,NR,Number,ELC_PET_HYB,Hybrid electric-petrol,HU,Hungary,2024,,48577,,i,value imputed by Eurostat or other receiving agencies,,
dataflow,ESTAT:ROAD_EQR_CARPDA(1.0),New passenger cars by type of motor energy,A,Annual,NR,Number,ELC_PET_HYB,Hybrid electric-petrol,IE,Ireland,2017,,4482,,,,,
dataflow,ESTAT:ROAD_EQR_CARPDA(1.0),New passenger cars by type of motor energy,A,Annual,NR,Number,ELC_PET_HYB,Hybrid electric-petrol,IE,Ireland,2018,,6977,,,,,
dataflow,ESTAT:ROAD_EQR_CARPDA(1.0),New passenger cars by type of motor energy,A,Annual,NR,Number,ELC_PET_HYB,Hybrid electric-petrol,IE,Ireland,2019,,10789,,,,,
dataflow,ESTAT:ROAD_EQR_CARPDA(1.0),New passenger cars by type of motor energy,A,Annual,NR,Number,ELC_PET_HYB,Hybrid electric-petrol,IE,Ireland,2020,,10553,,,,,
dataflow,ESTAT:ROAD_EQR_CARPDA(1.0),New passenger cars by type of motor energy,A,Annual,NR,Number,ELC_PET_HYB,Hybrid electric-petrol,IE,Ireland,2021,,17110,,,,,
dataflow,ESTAT:ROAD_EQR_CARPDA(1.0),New passenger cars by type of motor energy,A,Annual,NR,Number,ELC_PET_HYB,Hybrid electric-petrol,IE,Ireland,2022,,20331,,,,,
dataflow,ESTAT:ROAD_EQR_CARPDA(1.0),New passenger cars by type of motor energy,A,Annual,NR,Number,ELC_PET_HYB,Hybrid electric-petrol,IE,Ireland,2023,,19541,,,,,
dataflow,ESTAT:ROAD_EQR_CARPDA(1.0),New passenger cars by type of motor energy,A,Annual,NR,Number,ELC_PET_HYB,Hybrid electric-petrol,IE,Ireland,2024,,25517,,i,value imputed by Eurostat or other receiving agencies,,
dataflow,ESTAT:ROAD_EQR_CARPDA(1.0),New passenger cars by type of motor energy,A,Annual,NR,Number,ELC_PET_HYB,Hybrid electric-petrol,IS,Iceland,2017,,1158,,,,,
dataflow,ESTAT:ROAD_EQR_CARPDA(1.0),New passenger cars by type of motor energy,A,Annual,NR,Number,ELC_PET_HYB,Hybrid electric-petrol,IS,Iceland,2018,,991,,,,,
dataflow,ESTAT:ROAD_EQR_CARPDA(1.0),New passenger cars by type of motor energy,A,Annual,NR,Number,ELC_PET_HYB,Hybrid electric-petrol,IS,Iceland,2019,,1062,,,,,
dataflow,ESTAT:ROAD_EQR_CARPDA(1.0),New passenger cars by type of motor energy,A,Annual,NR,Number,ELC_PET_HYB,Hybrid electric-petrol,IS,Iceland,2021,,1981,,,,,
dataflow,ESTAT:ROAD_EQR_CARPDA(1.0),New passenger cars by type of motor energy,A,Annual,NR,Number,ELC_PET_HYB,Hybrid electric-petrol,IS,Iceland,2022,,2402,,i,value imputed by Eurostat or other receiving agencies,,
dataflow,ESTAT:ROAD_EQR_CARPDA(1.0),New passenger cars by type of motor energy,A,Annual,NR,Number,ELC_PET_HYB,Hybrid electric-petrol,IS,Iceland,2023,,2325,,i,value imputed by Eurostat or other receiving agencies,,
dataflow,ESTAT:ROAD_EQR_CARPDA(1.0),New passenger cars by type of motor energy,A,Annual,NR,Number,ELC_PET_HYB,Hybrid electric-petrol,IS,Iceland,2024,,1682,,i,value imputed by Eurostat or other receiving agencies,,
dataflow,ESTAT:ROAD_EQR_CARPDA(1.0),New passenger cars by type of motor energy,A,Annual,NR,Number,ELC_PET_HYB,Hybrid electric-petrol,IT,Italy,2021,,363948,,i,value imputed by Eurostat or other receiving agencies,,
dataflow,ESTAT:ROAD_EQR_CARPDA(1.0),New passenger cars by type of motor energy,A,Annual,NR,Number,ELC_PET_HYB,Hybrid electric-petrol,IT,Italy,2022,,400850,,i,value imputed by Eurostat or other receiving agencies,,
dataflow,ESTAT:ROAD_EQR_CARPDA(1.0),New passenger cars by type of motor energy,A,Annual,NR,Number,ELC_PET_HYB,Hybrid electric-petrol,IT,Italy,2023,,498069,,,,,
dataflow,ESTAT:ROAD_EQR_CARPDA(1.0),New passenger cars by type of motor energy,A,Annual,NR,Number,ELC_PET_HYB,Hybrid electric-petrol,IT,Italy,2024,,539824,,i,value imputed by Eurostat or other receiving agencies,,
dataflow,ESTAT:ROAD_EQR_CARPDA(1.0),New passenger cars by type of motor energy,A,Annual,NR,Number,ELC_PET_HYB,Hybrid electric-petrol,LI,Liechtenstein,2013,,41,,,,,
dataflow,ESTAT:ROAD_EQR_CARPDA(1.0),New passenger cars by type of motor energy,A,Annual,NR,Number,ELC_PET_HYB,Hybrid electric-petrol,LI,Liechtenstein,2014,,35,,,,,
dataflow,ESTAT:ROAD_EQR_CARPDA(1.0),New passenger cars by type of motor energy,A,Annual,NR,Number,ELC_PET_HYB,Hybrid electric-petrol,LI,Liechtenstein,2015,,55,,,,,
dataflow,ESTAT:ROAD_EQR_CARPDA(1.0),New passenger cars by type of motor energy,A,Annual,NR,Number,ELC_PET_HYB,Hybrid electric-petrol,LI,Liechtenstein,2016,,62,,,,,
dataflow,ESTAT:ROAD_EQR_CARPDA(1.0),New passenger cars by type of motor energy,A,Annual,NR,Number,ELC_PET_HYB,Hybrid electric-petrol,LI,Liechtenstein,2017,,84,,,,,
dataflow,ESTAT:ROAD_EQR_CARPDA(1.0),New passenger cars by type of motor energy,A,Annual,NR,Number,ELC_PET_HYB,Hybrid electric-petrol,LI,Liechtenstein,2018,,106,,,,,
dataflow,ESTAT:ROAD_EQR_CARPDA(1.0),New passenger cars by type of motor energy,A,Annual,NR,Number,ELC_PET_HYB,Hybrid electric-petrol,LI,Liechtenstein,2019,,139,,,,,
dataflow,ESTAT:ROAD_EQR_CARPDA(1.0),New passenger cars by type of motor energy,A,Annual,NR,Number,ELC_PET_HYB,Hybrid electric-petrol,LI,Liechtenstein,2020,,263,,,,,
dataflow,ESTAT:ROAD_EQR_CARPDA(1.0),New passenger cars by type of motor energy,A,Annual,NR,Number,ELC_PET_HYB,Hybrid electric-petrol,LI,Liechtenstein,2021,,394,,,,,
dataflow,ESTAT:ROAD_EQR_CARPDA(1.0),New passenger cars by type of motor energy,A,Annual,NR,Number,ELC_PET_HYB,Hybrid electric-petrol,LI,Liechtenstein,2022,,376,,,,,
dataflow,ESTAT:ROAD_EQR_CARPDA(1.0),New passenger cars by type of motor energy,A,Annual,NR,Number,ELC_PET_HYB,Hybrid electric-petrol,LI,Liechtenstein,2023,,362,,i,value imputed by Eurostat or other receiving agencies,,
dataflow,ESTAT:ROAD_EQR_CARPDA(1.0),New passenger cars by type of motor energy,A,Annual,NR,Number,ELC_PET_HYB,Hybrid electric-petrol,LI,Liechtenstein,2024,,413,,i,value imputed by Eurostat or other receiving agencies,,
dataflow,ESTAT:ROAD_EQR_CARPDA(1.0),New passenger cars by type of motor energy,A,Annual,NR,Number,ELC_PET_HYB,Hybrid electric-petrol,LT,Lithuania,2013,,45,,,,,
dataflow,ESTAT:ROAD_EQR_CARPDA(1.0),New passenger cars by type of motor energy,A,Annual,NR,Number,ELC_PET_HYB,Hybrid electric-petrol,LT,Lithuania,2014,,84,,,,,
dataflow,ESTAT:ROAD_EQR_CARPDA(1.0),New passenger cars by type of motor energy,A,Annual,NR,Number,ELC_PET_HYB,Hybrid electric-petrol,LT,Lithuania,2015,,94,,,,,
dataflow,ESTAT:ROAD_EQR_CARPDA(1.0),New passenger cars by type of motor energy,A,Annual,NR,Number,ELC_PET_HYB,Hybrid electric-petrol,LT,Lithuania,2016,,235,,,,,
dataflow,ESTAT:ROAD_EQR_CARPDA(1.0),New passenger cars by type of motor energy,A,Annual,NR,Number,ELC_PET_HYB,Hybrid electric-petrol,LT,Lithuania,2017,,501,,,,,
dataflow,ESTAT:ROAD_EQR_CARPDA(1.0),New passenger cars by type of motor energy,A,Annual,NR,Number,ELC_PET_HYB,Hybrid electric-petrol,LT,Lithuania,2018,,2304,,,,,
dataflow,ESTAT:ROAD_EQR_CARPDA(1.0),New passenger cars by type of motor energy,A,Annual,NR,Number,ELC_PET_HYB,Hybrid electric-petrol,LT,Lithuania,2019,,3200,,,,,
dataflow,ESTAT:ROAD_EQR_CARPDA(1.0),New passenger cars by type of motor energy,A,Annual,NR,Number,ELC_PET_HYB,Hybrid electric-petrol,LT,Lithuania,2020,,7998,,,,,
dataflow,ESTAT:ROAD_EQR_CARPDA(1.0),New passenger cars by type of motor energy,A,Annual,NR,Number,ELC_PET_HYB,Hybrid electric-petrol,LT,Lithuania,2021,,9085,,i,value imputed by Eurostat or other receiving agencies,,
dataflow,ESTAT:ROAD_EQR_CARPDA(1.0),New passenger cars by type of motor energy,A,Annual,NR,Number,ELC_PET_HYB,Hybrid electric-petrol,LT,Lithuania,2022,,8009,,i,value imputed by Eurostat or other receiving agencies,,
dataflow,ESTAT:ROAD_EQR_CARPDA(1.0),New passenger cars by type of motor energy,A,Annual,NR,Number,ELC_PET_HYB,Hybrid electric-petrol,LT,Lithuania,2023,,9767,,i,value imputed by Eurostat or other receiving agencies,,
dataflow,ESTAT:ROAD_EQR_CARPDA(1.0),New passenger cars by type of motor energy,A,Annual,NR,Number,ELC_PET_HYB,Hybrid electric-petrol,LT,Lithuania,2024,,11514,,,,,
dataflow,ESTAT:ROAD_EQR_CARPDA(1.0),New passenger cars by type of motor energy,A,Annual,NR,Number,ELC_PET_HYB,Hybrid electric-petrol,LU,Luxembourg,2013,,290,,,,,
dataflow,ESTAT:ROAD_EQR_CARPDA(1.0),New passenger cars by type of motor energy,A,Annual,NR,Number,ELC_PET_HYB,Hybrid electric-petrol,LU,Luxembourg,2014,,401,,,,,
dataflow,ESTAT:ROAD_EQR_CARPDA(1.0),New passenger cars by type of motor energy,A,Annual,NR,Number,ELC_PET_HYB,Hybrid electric-petrol,LU,Luxembourg,2015,,401,,,,,
dataflow,ESTAT:ROAD_EQR_CARPDA(1.0),New passenger cars by type of motor energy,A,Annual,NR,Number,ELC_PET_HYB,Hybrid electric-petrol,LU,Luxembourg,2016,,615,,,,,
dataflow,ESTAT:ROAD_EQR_CARPDA(1.0),New passenger cars by type of motor energy,A,Annual,NR,Number,ELC_PET_HYB,Hybrid electric-petrol,LU,Luxembourg,2017,,850,,,,,
dataflow,ESTAT:ROAD_EQR_CARPDA(1.0),New passenger cars by type of motor energy,A,Annual,NR,Number,ELC_PET_HYB,Hybrid electric-petrol,LU,Luxembourg,2018,,941,,,,,
dataflow,ESTAT:ROAD_EQR_CARPDA(1.0),New passenger cars by type of motor energy,A,Annual,NR,Number,ELC_PET_HYB,Hybrid electric-petrol,LU,Luxembourg,2019,,1439,,,,,
dataflow,ESTAT:ROAD_EQR_CARPDA(1.0),New passenger cars by type of motor energy,A,Annual,NR,Number,ELC_PET_HYB,Hybrid electric-petrol,LU,Luxembourg,2020,,2594,,,,,
dataflow,ESTAT:ROAD_EQR_CARPDA(1.0),New passenger cars by type of motor energy,A,Annual,NR,Number,ELC_PET_HYB,Hybrid electric-petrol,LU,Luxembourg,2021,,4468,,,,,
dataflow,ESTAT:ROAD_EQR_CARPDA(1.0),New passenger cars by type of motor energy,A,Annual,NR,Number,ELC_PET_HYB,Hybrid electric-petrol,LU,Luxembourg,2022,,5336,,,,,
dataflow,ESTAT:ROAD_EQR_CARPDA(1.0),New passenger cars by type of motor energy,A,Annual,NR,Number,ELC_PET_HYB,Hybrid electric-petrol,LU,Luxembourg,2023,,6859,,,,,
dataflow,ESTAT:ROAD_EQR_CARPDA(1.0),New passenger cars by type of motor energy,A,Annual,NR,Number,ELC_PET_HYB,Hybrid electric-petrol,LU,Luxembourg,2024,,8264,,,,,
dataflow,ESTAT:ROAD_EQR_CARPDA(1.0),New passenger cars by type of motor energy,A,Annual,NR,Number,ELC_PET_HYB,Hybrid electric-petrol,LV,Latvia,2014,,1,,,,,
dataflow,ESTAT:ROAD_EQR_CARPDA(1.0),New passenger cars by type of motor energy,A,Annual,NR,Number,ELC_PET_HYB,Hybrid electric-petrol,LV,Latvia,2015,,9,,,,,
dataflow,ESTAT:ROAD_EQR_CARPDA(1.0),New passenger cars by type of motor energy,A,Annual,NR,Number,ELC_PET_HYB,Hybrid electric-petrol,LV,Latvia,2016,,18,,,,,
dataflow,ESTAT:ROAD_EQR_CARPDA(1.0),New passenger cars by type of motor energy,A,Annual,NR,Number,ELC_PET_HYB,Hybrid electric-petrol,LV,Latvia,2017,,17,,,,,
dataflow,ESTAT:ROAD_EQR_CARPDA(1.0),New passenger cars by type of motor energy,A,Annual,NR,Number,ELC_PET_HYB,Hybrid electric-petrol,LV,Latvia,2018,,18,,,,,
dataflow,ESTAT:ROAD_EQR_CARPDA(1.0),New passenger cars by type of motor energy,A,Annual,NR,Number,ELC_PET_HYB,Hybrid electric-petrol,LV,Latvia,2019,,14,,,,,
dataflow,ESTAT:ROAD_EQR_CARPDA(1.0),New passenger cars by type of motor energy,A,Annual,NR,Number,ELC_PET_HYB,Hybrid electric-petrol,LV,Latvia,2020,,78,,,,,
dataflow,ESTAT:ROAD_EQR_CARPDA(1.0),New passenger cars by type of motor energy,A,Annual,NR,Number,ELC_PET_HYB,Hybrid electric-petrol,LV,Latvia,2021,,147,,,,,
dataflow,ESTAT:ROAD_EQR_CARPDA(1.0),New passenger cars by type of motor energy,A,Annual,NR,Number,ELC_PET_HYB,Hybrid electric-petrol,LV,Latvia,2022,,4532,,,,,
dataflow,ESTAT:ROAD_EQR_CARPDA(1.0),New passenger cars by type of motor energy,A,Annual,NR,Number,ELC_PET_HYB,Hybrid electric-petrol,LV,Latvia,2023,,5509,,,,,
dataflow,ESTAT:ROAD_EQR_CARPDA(1.0),New passenger cars by type of motor energy,A,Annual,NR,Number,ELC_PET_HYB,Hybrid electric-petrol,LV,Latvia,2024,,6393,,,,,
dataflow,ESTAT:ROAD_EQR_CARPDA(1.0),New passenger cars by type of motor energy,A,Annual,NR,Number,ELC_PET_HYB,Hybrid electric-petrol,ME,Montenegro,2017,,16,,,,,
dataflow,ESTAT:ROAD_EQR_CARPDA(1.0),New passenger cars by type of motor energy,A,Annual,NR,Number,ELC_PET_HYB,Hybrid electric-petrol,ME,Montenegro,2018,,25,,,,,
dataflow,ESTAT:ROAD_EQR_CARPDA(1.0),New passenger cars by type of motor energy,A,Annual,NR,Number,ELC_PET_HYB,Hybrid electric-petrol,ME,Montenegro,2019,,28,,,,,
dataflow,ESTAT:ROAD_EQR_CARPDA(1.0),New passenger cars by type of motor energy,A,Annual,NR,Number,ELC_PET_HYB,Hybrid electric-petrol,ME,Montenegro,2020,,34,,,,,
dataflow,ESTAT:ROAD_EQR_CARPDA(1.0),New passenger cars by type of motor energy,A,Annual,NR,Number,ELC_PET_HYB,Hybrid electric-petrol,ME,Montenegro,2021,,137,,,,,
dataflow,ESTAT:ROAD_EQR_CARPDA(1.0),New passenger cars by type of motor energy,A,Annual,NR,Number,ELC_PET_HYB,Hybrid electric-petrol,ME,Montenegro,2022,,775,,,,,
dataflow,ESTAT:ROAD_EQR_CARPDA(1.0),New passenger cars by type of motor energy,A,Annual,NR,Number,ELC_PET_HYB,Hybrid electric-petrol,MT,Malta,2015,,48,,,,,
dataflow,ESTAT:ROAD_EQR_CARPDA(1.0),New passenger cars by type of motor energy,A,Annual,NR,Number,ELC_PET_HYB,Hybrid electric-petrol,MT,Malta,2016,,119,,,,,
dataflow,ESTAT:ROAD_EQR_CARPDA(1.0),New passenger cars by type of motor energy,A,Annual,NR,Number,ELC_PET_HYB,Hybrid electric-petrol,MT,Malta,2017,,225,,,,,
dataflow,ESTAT:ROAD_EQR_CARPDA(1.0),New passenger cars by type of motor energy,A,Annual,NR,Number,ELC_PET_HYB,Hybrid electric-petrol,MT,Malta,2018,,522,,,,,
dataflow,ESTAT:ROAD_EQR_CARPDA(1.0),New passenger cars by type of motor energy,A,Annual,NR,Number,ELC_PET_HYB,Hybrid electric-petrol,MT,Malta,2019,,715,,,,,
dataflow,ESTAT:ROAD_EQR_CARPDA(1.0),New passenger cars by type of motor energy,A,Annual,NR,Number,ELC_PET_HYB,Hybrid electric-petrol,MT,Malta,2020,,426,,,,,
dataflow,ESTAT:ROAD_EQR_CARPDA(1.0),New passenger cars by type of motor energy,A,Annual,NR,Number,ELC_PET_HYB,Hybrid electric-petrol,MT,Malta,2021,,872,,,,,
dataflow,ESTAT:ROAD_EQR_CARPDA(1.0),New passenger cars by type of motor energy,A,Annual,NR,Number,ELC_PET_HYB,Hybrid electric-petrol,MT,Malta,2022,,1316,,,,,
dataflow,ESTAT:ROAD_EQR_CARPDA(1.0),New passenger cars by type of motor energy,A,Annual,NR,Number,ELC_PET_HYB,Hybrid electric-petrol,MT,Malta,2023,,1731,,,,,
dataflow,ESTAT:ROAD_EQR_CARPDA(1.0),New passenger cars by type of motor energy,A,Annual,NR,Number,ELC_PET_HYB,Hybrid electric-petrol,MT,Malta,2024,,1458,,,,,
dataflow,ESTAT:ROAD_EQR_CARPDA(1.0),New passenger cars by type of motor energy,A,Annual,NR,Number,ELC_PET_HYB,Hybrid electric-petrol,NL,Netherlands,2013,,43326,,,,,
dataflow,ESTAT:ROAD_EQR_CARPDA(1.0),New passenger cars by type of motor energy,A,Annual,NR,Number,ELC_PET_HYB,Hybrid electric-petrol,NL,Netherlands,2014,,26727,,,,,
dataflow,ESTAT:ROAD_EQR_CARPDA(1.0),New passenger cars by type of motor energy,A,Annual,NR,Number,ELC_PET_HYB,Hybrid electric-petrol,NL,Netherlands,2015,,56219,,,,,
dataflow,ESTAT:ROAD_EQR_CARPDA(1.0),New passenger cars by type of motor energy,A,Annual,NR,Number,ELC_PET_HYB,Hybrid electric-petrol,NL,Netherlands,2016,,29916,,,,,
dataflow,ESTAT:ROAD_EQR_CARPDA(1.0),New passenger cars by type of motor energy,A,Annual,NR,Number,ELC_PET_HYB,Hybrid electric-petrol,NL,Netherlands,2017,,20732,,,,,
dataflow,ESTAT:ROAD_EQR_CARPDA(1.0),New passenger cars by type of motor energy,A,Annual,NR,Number,ELC_PET_HYB,Hybrid electric-petrol,NL,Netherlands,2018,,26173,,,,,
dataflow,ESTAT:ROAD_EQR_CARPDA(1.0),New passenger cars by type of motor energy,A,Annual,NR,Number,ELC_PET_HYB,Hybrid electric-petrol,NL,Netherlands,2019,,33741,,,,,
dataflow,ESTAT:ROAD_EQR_CARPDA(1.0),New passenger cars by type of motor energy,A,Annual,NR,Number,ELC_PET_HYB,Hybrid electric-petrol,NL,Netherlands,2020,,47583,,i,value imputed by Eurostat or other receiving agencies,,
dataflow,ESTAT:ROAD_EQR_CARPDA(1.0),New passenger cars by type of motor energy,A,Annual,NR,Number,ELC_PET_HYB,Hybrid electric-petrol,NL,Netherlands,2021,,71513,,i,value imputed by Eurostat or other receiving agencies,,
dataflow,ESTAT:ROAD_EQR_CARPDA(1.0),New passenger cars by type of motor energy,A,Annual,NR,Number,ELC_PET_HYB,Hybrid electric-petrol,NL,Netherlands,2022,,77648,,i,value imputed by Eurostat or other receiving agencies,,
dataflow,ESTAT:ROAD_EQR_CARPDA(1.0),New passenger cars by type of motor energy,A,Annual,NR,Number,ELC_PET_HYB,Hybrid electric-petrol,NL,Netherlands,2023,,89981,,i,value imputed by Eurostat or other receiving agencies,,
dataflow,ESTAT:ROAD_EQR_CARPDA(1.0),New passenger cars by type of motor energy,A,Annual,NR,Number,ELC_PET_HYB,Hybrid electric-petrol,NL,Netherlands,2024,,107597,,i,value imputed by Eurostat or other receiving agencies,,
dataflow,ESTAT:ROAD_EQR_CARPDA(1.0),New passenger cars by type of motor energy,A,Annual,NR,Number,ELC_PET_HYB,Hybrid electric-petrol,NO,Norway,2016,,17372,,,,,
dataflow,ESTAT:ROAD_EQR_CARPDA(1.0),New passenger cars by type of motor energy,A,Annual,NR,Number,ELC_PET_HYB,Hybrid electric-petrol,NO,Norway,2017,,20805,,,,,
dataflow,ESTAT:ROAD_EQR_CARPDA(1.0),New passenger cars by type of motor energy,A,Annual,NR,Number,ELC_PET_HYB,Hybrid electric-petrol,NO,Norway,2018,,17237,,,,,
dataflow,ESTAT:ROAD_EQR_CARPDA(1.0),New passenger cars by type of motor energy,A,Annual,NR,Number,ELC_PET_HYB,Hybrid electric-petrol,NO,Norway,2019,,18356,,,,,
dataflow,ESTAT:ROAD_EQR_CARPDA(1.0),New passenger cars by type of motor energy,A,Annual,NR,Number,ELC_PET_HYB,Hybrid electric-petrol,NO,Norway,2020,,14352,,,,,
dataflow,ESTAT:ROAD_EQR_CARPDA(1.0),New passenger cars by type of motor energy,A,Annual,NR,Number,ELC_PET_HYB,Hybrid electric-petrol,NO,Norway,2021,,13646,,,,,
dataflow,ESTAT:ROAD_EQR_CARPDA(1.0),New passenger cars by type of motor energy,A,Annual,NR,Number,ELC_PET_HYB,Hybrid electric-petrol,NO,Norway,2022,,12261,,,,,
dataflow,ESTAT:ROAD_EQR_CARPDA(1.0),New passenger cars by type of motor energy,A,Annual,NR,Number,ELC_PET_HYB,Hybrid electric-petrol,NO,Norway,2023,,8274,,,,,
dataflow,ESTAT:ROAD_EQR_CARPDA(1.0),New passenger cars by type of motor energy,A,Annual,NR,Number,ELC_PET_HYB,Hybrid electric-petrol,NO,Norway,2024,,7530,,,,,
dataflow,ESTAT:ROAD_EQR_CARPDA(1.0),New passenger cars by type of motor energy,A,Annual,NR,Number,ELC_PET_HYB,Hybrid electric-petrol,PL,Poland,2013,,701,,i,value imputed by Eurostat or other receiving agencies,,
dataflow,ESTAT:ROAD_EQR_CARPDA(1.0),New passenger cars by type of motor energy,A,Annual,NR,Number,ELC_PET_HYB,Hybrid electric-petrol,PL,Poland,2014,,1458,,i,value imputed by Eurostat or other receiving agencies,,
dataflow,ESTAT:ROAD_EQR_CARPDA(1.0),New passenger cars by type of motor energy,A,Annual,NR,Number,ELC_PET_HYB,Hybrid electric-petrol,PL,Poland,2015,,2138,,i,value imputed by Eurostat or other receiving agencies,,
dataflow,ESTAT:ROAD_EQR_CARPDA(1.0),New passenger cars by type of motor energy,A,Annual,NR,Number,ELC_PET_HYB,Hybrid electric-petrol,PL,Poland,2016,,3788,,i,value imputed by Eurostat or other receiving agencies,,
dataflow,ESTAT:ROAD_EQR_CARPDA(1.0),New passenger cars by type of motor energy,A,Annual,NR,Number,ELC_PET_HYB,Hybrid electric-petrol,PL,Poland,2017,,6338,,i,value imputed by Eurostat or other receiving agencies,,
dataflow,ESTAT:ROAD_EQR_CARPDA(1.0),New passenger cars by type of motor energy,A,Annual,NR,Number,ELC_PET_HYB,Hybrid electric-petrol,PL,Poland,2018,,9113,,i,value imputed by Eurostat or other receiving agencies,,
dataflow,ESTAT:ROAD_EQR_CARPDA(1.0),New passenger cars by type of motor energy,A,Annual,NR,Number,ELC_PET_HYB,Hybrid electric-petrol,PL,Poland,2019,,15713,,i,value imputed by Eurostat or other receiving agencies,,
dataflow,ESTAT:ROAD_EQR_CARPDA(1.0),New passenger cars by type of motor energy,A,Annual,NR,Number,ELC_PET_HYB,Hybrid electric-petrol,PL,Poland,2020,,28785,,i,value imputed by Eurostat or other receiving agencies,,
dataflow,ESTAT:ROAD_EQR_CARPDA(1.0),New passenger cars by type of motor energy,A,Annual,NR,Number,ELC_PET_HYB,Hybrid electric-petrol,PL,Poland,2021,,44788,,i,value imputed by Eurostat or other receiving agencies,,
dataflow,ESTAT:ROAD_EQR_CARPDA(1.0),New passenger cars by type of motor energy,A,Annual,NR,Number,ELC_PET_HYB,Hybrid electric-petrol,PL,Poland,2022,,53314,,i,value imputed by Eurostat or other receiving agencies,,
dataflow,ESTAT:ROAD_EQR_CARPDA(1.0),New passenger cars by type of motor energy,A,Annual,NR,Number,ELC_PET_HYB,Hybrid electric-petrol,PL,Poland,2023,,75674,,i,value imputed by Eurostat or other receiving agencies,,
dataflow,ESTAT:ROAD_EQR_CARPDA(1.0),New passenger cars by type of motor energy,A,Annual,NR,Number,ELC_PET_HYB,Hybrid electric-petrol,PL,Poland,2024,,98345,,i,value imputed by Eurostat or other receiving agencies,,
dataflow,ESTAT:ROAD_EQR_CARPDA(1.0),New passenger cars by type of motor energy,A,Annual,NR,Number,ELC_PET_HYB,Hybrid electric-petrol,PT,Portugal,2017,,4317,,,,,
dataflow,ESTAT:ROAD_EQR_CARPDA(1.0),New passenger cars by type of motor energy,A,Annual,NR,Number,ELC_PET_HYB,Hybrid electric-petrol,PT,Portugal,2018,,6726,,,,,
dataflow,ESTAT:ROAD_EQR_CARPDA(1.0),New passenger cars by type of motor energy,A,Annual,NR,Number,ELC_PET_HYB,Hybrid electric-petrol,PT,Portugal,2019,,8546,,,,,
dataflow,ESTAT:ROAD_EQR_CARPDA(1.0),New passenger cars by type of motor energy,A,Annual,NR,Number,ELC_PET_HYB,Hybrid electric-petrol,PT,Portugal,2020,,9635,,,,,
dataflow,ESTAT:ROAD_EQR_CARPDA(1.0),New passenger cars by type of motor energy,A,Annual,NR,Number,ELC_PET_HYB,Hybrid electric-petrol,PT,Portugal,2021,,14969,,,,,
dataflow,ESTAT:ROAD_EQR_CARPDA(1.0),New passenger cars by type of motor energy,A,Annual,NR,Number,ELC_PET_HYB,Hybrid electric-petrol,PT,Portugal,2022,,19822,,,,,
dataflow,ESTAT:ROAD_EQR_CARPDA(1.0),New passenger cars by type of motor energy,A,Annual,NR,Number,ELC_PET_HYB,Hybrid electric-petrol,PT,Portugal,2023,,25199,,,,,
dataflow,ESTAT:ROAD_EQR_CARPDA(1.0),New passenger cars by type of motor energy,A,Annual,NR,Number,ELC_PET_HYB,Hybrid electric-petrol,PT,Portugal,2024,,31896,,p,provisional,,
dataflow,ESTAT:ROAD_EQR_CARPDA(1.0),New passenger cars by type of motor energy,A,Annual,NR,Number,ELC_PET_HYB,Hybrid electric-petrol,RO,Romania,2013,,190,,,,,
dataflow,ESTAT:ROAD_EQR_CARPDA(1.0),New passenger cars by type of motor energy,A,Annual,NR,Number,ELC_PET_HYB,Hybrid electric-petrol,RO,Romania,2014,,214,,,,,
dataflow,ESTAT:ROAD_EQR_CARPDA(1.0),New passenger cars by type of motor energy,A,Annual,NR,Number,ELC_PET_HYB,Hybrid electric-petrol,RO,Romania,2015,,43,,,,,
dataflow,ESTAT:ROAD_EQR_CARPDA(1.0),New passenger cars by type of motor energy,A,Annual,NR,Number,ELC_PET_HYB,Hybrid electric-petrol,RO,Romania,2016,,955,,,,,
dataflow,ESTAT:ROAD_EQR_CARPDA(1.0),New passenger cars by type of motor energy,A,Annual,NR,Number,ELC_PET_HYB,Hybrid electric-petrol,RO,Romania,2017,,1890,,,,,
dataflow,ESTAT:ROAD_EQR_CARPDA(1.0),New passenger cars by type of motor energy,A,Annual,NR,Number,ELC_PET_HYB,Hybrid electric-petrol,RO,Romania,2018,,3713,,,,,
dataflow,ESTAT:ROAD_EQR_CARPDA(1.0),New passenger cars by type of motor energy,A,Annual,NR,Number,ELC_PET_HYB,Hybrid electric-petrol,RO,Romania,2019,,6754,,,,,
dataflow,ESTAT:ROAD_EQR_CARPDA(1.0),New passenger cars by type of motor energy,A,Annual,NR,Number,ELC_PET_HYB,Hybrid electric-petrol,RO,Romania,2020,,12181,,i,value imputed by Eurostat or other receiving agencies,,
dataflow,ESTAT:ROAD_EQR_CARPDA(1.0),New passenger cars by type of motor energy,A,Annual,NR,Number,ELC_PET_HYB,Hybrid electric-petrol,RO,Romania,2021,,24728,,i,value imputed by Eurostat or other receiving agencies,,
dataflow,ESTAT:ROAD_EQR_CARPDA(1.0),New passenger cars by type of motor energy,A,Annual,NR,Number,ELC_PET_HYB,Hybrid electric-petrol,RO,Romania,2022,,28602,,i,value imputed by Eurostat or other receiving agencies,,
dataflow,ESTAT:ROAD_EQR_CARPDA(1.0),New passenger cars by type of motor energy,A,Annual,NR,Number,ELC_PET_HYB,Hybrid electric-petrol,RO,Romania,2023,,37436,,i,value imputed by Eurostat or other receiving agencies,,
dataflow,ESTAT:ROAD_EQR_CARPDA(1.0),New passenger cars by type of motor energy,A,Annual,NR,Number,ELC_PET_HYB,Hybrid electric-petrol,RO,Romania,2024,,47943,,i,value imputed by Eurostat or other receiving agencies,,
dataflow,ESTAT:ROAD_EQR_CARPDA(1.0),New passenger cars by type of motor energy,A,Annual,NR,Number,ELC_PET_HYB,Hybrid electric-petrol,RS,Serbia,2019,,337,,,,,
dataflow,ESTAT:ROAD_EQR_CARPDA(1.0),New passenger cars by type of motor energy,A,Annual,NR,Number,ELC_PET_HYB,Hybrid electric-petrol,RS,Serbia,2020,,1249,,,,,
dataflow,ESTAT:ROAD_EQR_CARPDA(1.0),New passenger cars by type of motor energy,A,Annual,NR,Number,ELC_PET_HYB,Hybrid electric-petrol,RS,Serbia,2021,,2890,,,,,
dataflow,ESTAT:ROAD_EQR_CARPDA(1.0),New passenger cars by type of motor energy,A,Annual,NR,Number,ELC_PET_HYB,Hybrid electric-petrol,RS,Serbia,2022,,4219,,,,,
dataflow,ESTAT:ROAD_EQR_CARPDA(1.0),New passenger cars by type of motor energy,A,Annual,NR,Number,ELC_PET_HYB,Hybrid electric-petrol,RS,Serbia,2023,,6371,,,,,
dataflow,ESTAT:ROAD_EQR_CARPDA(1.0),New passenger cars by type of motor energy,A,Annual,NR,Number,ELC_PET_HYB,Hybrid electric-petrol,RS,Serbia,2024,,10203,,,,,
dataflow,ESTAT:ROAD_EQR_CARPDA(1.0),New passenger cars by type of motor energy,A,Annual,NR,Number,ELC_PET_HYB,Hybrid electric-petrol,SE,Sweden,2013,,4699,,,,,
dataflow,ESTAT:ROAD_EQR_CARPDA(1.0),New passenger cars by type of motor energy,A,Annual,NR,Number,ELC_PET_HYB,Hybrid electric-petrol,SE,Sweden,2014,,6798,,,,,
dataflow,ESTAT:ROAD_EQR_CARPDA(1.0),New passenger cars by type of motor energy,A,Annual,NR,Number,ELC_PET_HYB,Hybrid electric-petrol,SE,Sweden,2015,,8634,,,,,
dataflow,ESTAT:ROAD_EQR_CARPDA(1.0),New passenger cars by type of motor energy,A,Annual,NR,Number,ELC_PET_HYB,Hybrid electric-petrol,SE,Sweden,2016,,13621,,,,,
dataflow,ESTAT:ROAD_EQR_CARPDA(1.0),New passenger cars by type of motor energy,A,Annual,NR,Number,ELC_PET_HYB,Hybrid electric-petrol,SE,Sweden,2017,,18380,,,,,
dataflow,ESTAT:ROAD_EQR_CARPDA(1.0),New passenger cars by type of motor energy,A,Annual,NR,Number,ELC_PET_HYB,Hybrid electric-petrol,SE,Sweden,2018,,21006,,,,,
dataflow,ESTAT:ROAD_EQR_CARPDA(1.0),New passenger cars by type of motor energy,A,Annual,NR,Number,ELC_PET_HYB,Hybrid electric-petrol,SE,Sweden,2019,,28089,,,,,
dataflow,ESTAT:ROAD_EQR_CARPDA(1.0),New passenger cars by type of motor energy,A,Annual,NR,Number,ELC_PET_HYB,Hybrid electric-petrol,SE,Sweden,2020,,36863,,,,,
dataflow,ESTAT:ROAD_EQR_CARPDA(1.0),New passenger cars by type of motor energy,A,Annual,NR,Number,ELC_PET_HYB,Hybrid electric-petrol,SE,Sweden,2021,,47249,,,,,
dataflow,ESTAT:ROAD_EQR_CARPDA(1.0),New passenger cars by type of motor energy,A,Annual,NR,Number,ELC_PET_HYB,Hybrid electric-petrol,SE,Sweden,2022,,42514,,,,,
dataflow,ESTAT:ROAD_EQR_CARPDA(1.0),New passenger cars by type of motor energy,A,Annual,NR,Number,ELC_PET_HYB,Hybrid electric-petrol,SE,Sweden,2023,,26466,,b,break in time series,,
dataflow,ESTAT:ROAD_EQR_CARPDA(1.0),New passenger cars by type of motor energy,A,Annual,NR,Number,ELC_PET_HYB,Hybrid electric-petrol,SE,Sweden,2024,,25414,,,,,
dataflow,ESTAT:ROAD_EQR_CARPDA(1.0),New passenger cars by type of motor energy,A,Annual,NR,Number,ELC_PET_HYB,Hybrid electric-petrol,SI,Slovenia,2020,,1719,,i,value imputed by Eurostat or other receiving agencies,,
dataflow,ESTAT:ROAD_EQR_CARPDA(1.0),New passenger cars by type of motor energy,A,Annual,NR,Number,ELC_PET_HYB,Hybrid electric-petrol,SI,Slovenia,2021,,5783,,i,value imputed by Eurostat or other receiving agencies,,
dataflow,ESTAT:ROAD_EQR_CARPDA(1.0),New passenger cars by type of motor energy,A,Annual,NR,Number,ELC_PET_HYB,Hybrid electric-petrol,SI,Slovenia,2022,,6275,,i,value imputed by Eurostat or other receiving agencies,,
dataflow,ESTAT:ROAD_EQR_CARPDA(1.0),New passenger cars by type of motor energy,A,Annual,NR,Number,ELC_PET_HYB,Hybrid electric-petrol,SI,Slovenia,2023,,11092,,,,,
dataflow,ESTAT:ROAD_EQR_CARPDA(1.0),New passenger cars by type of motor energy,A,Annual,NR,Number,ELC_PET_HYB,Hybrid electric-petrol,SI,Slovenia,2024,,12460,,i,value imputed by Eurostat or other receiving agencies,,
dataflow,ESTAT:ROAD_EQR_CARPDA(1.0),New passenger cars by type of motor energy,A,Annual,NR,Number,ELC_PET_HYB,Hybrid electric-petrol,SK,Slovakia,2022,,14613,,i,value imputed by Eurostat or other receiving agencies,,
dataflow,ESTAT:ROAD_EQR_CARPDA(1.0),New passenger cars by type of motor energy,A,Annual,NR,Number,ELC_PET_HYB,Hybrid electric-petrol,SK,Slovakia,2023,,20362,,i,value imputed by Eurostat or other receiving agencies,,
dataflow,ESTAT:ROAD_EQR_CARPDA(1.0),New passenger cars by type of motor energy,A,Annual,NR,Number,ELC_PET_HYB,Hybrid electric-petrol,SK,Slovakia,2024,,23761,,i,value imputed by Eurostat or other receiving agencies,,
dataflow,ESTAT:ROAD_EQR_CARPDA(1.0),New passenger cars by type of motor energy,A,Annual,NR,Number,ELC_PET_HYB,Hybrid electric-petrol,TR,Türkiye,2013,,27,,,,,
dataflow,ESTAT:ROAD_EQR_CARPDA(1.0),New passenger cars by type of motor energy,A,Annual,NR,Number,ELC_PET_HYB,Hybrid electric-petrol,TR,Türkiye,2014,,27,,,,,
dataflow,ESTAT:ROAD_EQR_CARPDA(1.0),New passenger cars by type of motor energy,A,Annual,NR,Number,ELC_PET_HYB,Hybrid electric-petrol,TR,Türkiye,2015,,128,,,,,
dataflow,ESTAT:ROAD_EQR_CARPDA(1.0),New passenger cars by type of motor energy,A,Annual,NR,Number,ELC_PET_HYB,Hybrid electric-petrol,TR,Türkiye,2016,,138,,,,,
dataflow,ESTAT:ROAD_EQR_CARPDA(1.0),New passenger cars by type of motor energy,A,Annual,NR,Number,ELC_PET_HYB,Hybrid electric-petrol,TR,Türkiye,2017,,385,,,,,
dataflow,ESTAT:ROAD_EQR_CARPDA(1.0),New passenger cars by type of motor energy,A,Annual,NR,Number,ELC_PET_HYB,Hybrid electric-petrol,TR,Türkiye,2018,,3616,,,,,
dataflow,ESTAT:ROAD_EQR_CARPDA(1.0),New passenger cars by type of motor energy,A,Annual,NR,Number,ELC_PET_HYB,Hybrid electric-petrol,TR,Türkiye,2019,,12110,,,,,
dataflow,ESTAT:ROAD_EQR_CARPDA(1.0),New passenger cars by type of motor energy,A,Annual,NR,Number,ELC_PET_HYB,Hybrid electric-petrol,TR,Türkiye,2020,,18347,,,,,
dataflow,ESTAT:ROAD_EQR_CARPDA(1.0),New passenger cars by type of motor energy,A,Annual,NR,Number,ELC_PET_HYB,Hybrid electric-petrol,TR,Türkiye,2021,,48237,,,,,
dataflow,ESTAT:ROAD_EQR_CARPDA(1.0),New passenger cars by type of motor energy,A,Annual,NR,Number,ELC_PET_HYB,Hybrid electric-petrol,TR,Türkiye,2022,,42095,,,,,
dataflow,ESTAT:ROAD_EQR_CARPDA(1.0),New passenger cars by type of motor energy,A,Annual,NR,Number,ELC_PET_HYB,Hybrid electric-petrol,TR,Türkiye,2023,,78753,,,,,
dataflow,ESTAT:ROAD_EQR_CARPDA(1.0),New passenger cars by type of motor energy,A,Annual,NR,Number,ELC_PET_HYB,Hybrid electric-petrol,TR,Türkiye,2024,,161683,,,,,
dataflow,ESTAT:ROAD_EQR_CARPDA(1.0),New passenger cars by type of motor energy,A,Annual,NR,Number,ELC_PET_HYB,Hybrid electric-petrol,UA,Ukraine,2019,,8264,,,,,
dataflow,ESTAT:ROAD_EQR_CARPDA(1.0),New passenger cars by type of motor energy,A,Annual,NR,Number,ELC_PET_HYB,Hybrid electric-petrol,UA,Ukraine,2020,,4230,,,,,
dataflow,ESTAT:ROAD_EQR_CARPDA(1.0),New passenger cars by type of motor energy,A,Annual,NR,Number,ELC_PET_HYB,Hybrid electric-petrol,UA,Ukraine,2021,,8235,,,,,
dataflow,ESTAT:ROAD_EQR_CARPDA(1.0),New passenger cars by type of motor energy,A,Annual,NR,Number,ELC_PET_HYB,Hybrid electric-petrol,UA,Ukraine,2022,,3888,,,,,
dataflow,ESTAT:ROAD_EQR_CARPDA(1.0),New passenger cars by type of motor energy,A,Annual,NR,Number,ELC_PET_HYB,Hybrid electric-petrol,UA,Ukraine,2023,,8264,,,,,
dataflow,ESTAT:ROAD_EQR_CARPDA(1.0),New passenger cars by type of motor energy,A,Annual,NR,Number,ELC_PET_HYB,Hybrid electric-petrol,UA,Ukraine,2024,,10760,,,,,
dataflow,ESTAT:ROAD_EQR_CARPDA(1.0),New passenger cars by type of motor energy,A,Annual,NR,Number,ELC_PET_HYB,Hybrid electric-petrol,UK,United Kingdom,2015,,58716,,,,,
dataflow,ESTAT:ROAD_EQR_CARPDA(1.0),New passenger cars by type of motor energy,A,Annual,NR,Number,ELC_PET_HYB,Hybrid electric-petrol,UK,United Kingdom,2016,,76970,,,,,
dataflow,ESTAT:ROAD_EQR_CARPDA(1.0),New passenger cars by type of motor energy,A,Annual,NR,Number,ELC_PET_HYB,Hybrid electric-petrol,UK,United Kingdom,2017,,70123,,,,,
dataflow,ESTAT:ROAD_EQR_CARPDA(1.0),New passenger cars by type of motor energy,A,Annual,NR,Number,ELC_PET_HYB,Hybrid electric-petrol,UK,United Kingdom,2018,,86207,,,,,
dataflow,ESTAT:ROAD_EQR_CARPDA(1.0),New passenger cars by type of motor energy,A,Annual,NR,Number,ELC_PET_HYB,Hybrid electric-petrol,UK,United Kingdom,2021,,226410,,,,,
dataflow,ESTAT:ROAD_EQR_CARPDA(1.0),New passenger cars by type of motor energy,A,Annual,NR,Number,ELC_PET_HYB,Hybrid electric-petrol,UK,United Kingdom,2022,,296033,,,,,
dataflow,ESTAT:ROAD_EQR_CARPDA(1.0),New passenger cars by type of motor energy,A,Annual,NR,Number,ELC_PET_HYB,Hybrid electric-petrol,UK,United Kingdom,2023,,432352,,,,,
dataflow,ESTAT:ROAD_EQR_CARPDA(1.0),New passenger cars by type of motor energy,A,Annual,NR,Number,ELC_PET_HYB,Hybrid electric-petrol,XK,Kosovo*,2018,,96,,,,,
dataflow,ESTAT:ROAD_EQR_CARPDA(1.0),New passenger cars by type of motor energy,A,Annual,NR,Number,ELC_PET_HYB,Hybrid electric-petrol,XK,Kosovo*,2019,,0,,,,,
dataflow,ESTAT:ROAD_EQR_CARPDA(1.0),New passenger cars by type of motor energy,A,Annual,NR,Number,ELC_PET_HYB,Hybrid electric-petrol,XK,Kosovo*,2021,,231,,,,,
dataflow,ESTAT:ROAD_EQR_CARPDA(1.0),New passenger cars by type of motor energy,A,Annual,NR,Number,ELC_PET_PI,Plug-in hybrid petrol-electric  ,AL,Albania,2020,,4563,,,,,
dataflow,ESTAT:ROAD_EQR_CARPDA(1.0),New passenger cars by type of motor energy,A,Annual,NR,Number,ELC_PET_PI,Plug-in hybrid petrol-electric  ,AT,Austria,2013,,154,,,,,
dataflow,ESTAT:ROAD_EQR_CARPDA(1.0),New passenger cars by type of motor energy,A,Annual,NR,Number,ELC_PET_PI,Plug-in hybrid petrol-electric  ,AT,Austria,2014,,331,,,,,
dataflow,ESTAT:ROAD_EQR_CARPDA(1.0),New passenger cars by type of motor energy,A,Annual,NR,Number,ELC_PET_PI,Plug-in hybrid petrol-electric  ,AT,Austria,2015,,931,,,,,
dataflow,ESTAT:ROAD_EQR_CARPDA(1.0),New passenger cars by type of motor energy,A,Annual,NR,Number,ELC_PET_PI,Plug-in hybrid petrol-electric  ,AT,Austria,2016,,1087,,,,,
dataflow,ESTAT:ROAD_EQR_CARPDA(1.0),New passenger cars by type of motor energy,A,Annual,NR,Number,ELC_PET_PI,Plug-in hybrid petrol-electric  ,AT,Austria,2017,,1632,,,,,
dataflow,ESTAT:ROAD_EQR_CARPDA(1.0),New passenger cars by type of motor energy,A,Annual,NR,Number,ELC_PET_PI,Plug-in hybrid petrol-electric  ,AT,Austria,2018,,2218,,,,,
dataflow,ESTAT:ROAD_EQR_CARPDA(1.0),New passenger cars by type of motor energy,A,Annual,NR,Number,ELC_PET_PI,Plug-in hybrid petrol-electric  ,AT,Austria,2019,,2111,,,,,
dataflow,ESTAT:ROAD_EQR_CARPDA(1.0),New passenger cars by type of motor energy,A,Annual,NR,Number,ELC_PET_PI,Plug-in hybrid petrol-electric  ,AT,Austria,2020,,7202,,,,,
dataflow,ESTAT:ROAD_EQR_CARPDA(1.0),New passenger cars by type of motor energy,A,Annual,NR,Number,ELC_PET_PI,Plug-in hybrid petrol-electric  ,AT,Austria,2021,,13600,,,,,
dataflow,ESTAT:ROAD_EQR_CARPDA(1.0),New passenger cars by type of motor energy,A,Annual,NR,Number,ELC_PET_PI,Plug-in hybrid petrol-electric  ,AT,Austria,2022,,12466,,,,,
dataflow,ESTAT:ROAD_EQR_CARPDA(1.0),New passenger cars by type of motor energy,A,Annual,NR,Number,ELC_PET_PI,Plug-in hybrid petrol-electric  ,AT,Austria,2023,,16262,,,,,
dataflow,ESTAT:ROAD_EQR_CARPDA(1.0),New passenger cars by type of motor energy,A,Annual,NR,Number,ELC_PET_PI,Plug-in hybrid petrol-electric  ,AT,Austria,2024,,15061,,,,,
dataflow,ESTAT:ROAD_EQR_CARPDA(1.0),New passenger cars by type of motor energy,A,Annual,NR,Number,ELC_PET_PI,Plug-in hybrid petrol-electric  ,BA,Bosnia and Herzegovina,2013,,0,,,,,
dataflow,ESTAT:ROAD_EQR_CARPDA(1.0),New passenger cars by type of motor energy,A,Annual,NR,Number,ELC_PET_PI,Plug-in hybrid petrol-electric  ,BA,Bosnia and Herzegovina,2019,,0,,,,,
dataflow,ESTAT:ROAD_EQR_CARPDA(1.0),New passenger cars by type of motor energy,A,Annual,NR,Number,ELC_PET_PI,Plug-in hybrid petrol-electric  ,BA,Bosnia and Herzegovina,2021,,0,,,,,
dataflow,ESTAT:ROAD_EQR_CARPDA(1.0),New passenger cars by type of motor energy,A,Annual,NR,Number,ELC_PET_PI,Plug-in hybrid petrol-electric  ,BE,Belgium,2023,,94268,,i,value imputed by Eurostat or other receiving agencies,,
dataflow,ESTAT:ROAD_EQR_CARPDA(1.0),New passenger cars by type of motor energy,A,Annual,NR,Number,ELC_PET_PI,Plug-in hybrid petrol-electric  ,BE,Belgium,2024,,62998,,i,value imputed by Eurostat or other receiving agencies,,
dataflow,ESTAT:ROAD_EQR_CARPDA(1.0),New passenger cars by type of motor energy,A,Annual,NR,Number,ELC_PET_PI,Plug-in hybrid petrol-electric  ,BG,Bulgaria,2022,,141,,i,value imputed by Eurostat or other receiving agencies,,
dataflow,ESTAT:ROAD_EQR_CARPDA(1.0),New passenger cars by type of motor energy,A,Annual,NR,Number,ELC_PET_PI,Plug-in hybrid petrol-electric  ,BG,Bulgaria,2023,,355,,i,value imputed by Eurostat or other receiving agencies,,
dataflow,ESTAT:ROAD_EQR_CARPDA(1.0),New passenger cars by type of motor energy,A,Annual,NR,Number,ELC_PET_PI,Plug-in hybrid petrol-electric  ,BG,Bulgaria,2024,,467,,i,value imputed by Eurostat or other receiving agencies,,
dataflow,ESTAT:ROAD_EQR_CARPDA(1.0),New passenger cars by type of motor energy,A,Annual,NR,Number,ELC_PET_PI,Plug-in hybrid petrol-electric  ,CH,Switzerland,2013,,6066,,,,,
dataflow,ESTAT:ROAD_EQR_CARPDA(1.0),New passenger cars by type of motor energy,A,Annual,NR,Number,ELC_PET_PI,Plug-in hybrid petrol-electric  ,CH,Switzerland,2014,,5637,,,,,
dataflow,ESTAT:ROAD_EQR_CARPDA(1.0),New passenger cars by type of motor energy,A,Annual,NR,Number,ELC_PET_PI,Plug-in hybrid petrol-electric  ,CH,Switzerland,2015,,5589,,,,,
dataflow,ESTAT:ROAD_EQR_CARPDA(1.0),New passenger cars by type of motor energy,A,Annual,NR,Number,ELC_PET_PI,Plug-in hybrid petrol-electric  ,CH,Switzerland,2016,,2675,,,,,
dataflow,ESTAT:ROAD_EQR_CARPDA(1.0),New passenger cars by type of motor energy,A,Annual,NR,Number,ELC_PET_PI,Plug-in hybrid petrol-electric  ,CH,Switzerland,2017,,3271,,,,,
dataflow,ESTAT:ROAD_EQR_CARPDA(1.0),New passenger cars by type of motor energy,A,Annual,NR,Number,ELC_PET_PI,Plug-in hybrid petrol-electric  ,CH,Switzerland,2018,,3969,,,,,
dataflow,ESTAT:ROAD_EQR_CARPDA(1.0),New passenger cars by type of motor energy,A,Annual,NR,Number,ELC_PET_PI,Plug-in hybrid petrol-electric  ,CH,Switzerland,2019,,4199,,,,,
dataflow,ESTAT:ROAD_EQR_CARPDA(1.0),New passenger cars by type of motor energy,A,Annual,NR,Number,ELC_PET_PI,Plug-in hybrid petrol-electric  ,CH,Switzerland,2020,,14132,,,,,
dataflow,ESTAT:ROAD_EQR_CARPDA(1.0),New passenger cars by type of motor energy,A,Annual,NR,Number,ELC_PET_PI,Plug-in hybrid petrol-electric  ,CH,Switzerland,2021,,21231,,,,,
dataflow,ESTAT:ROAD_EQR_CARPDA(1.0),New passenger cars by type of motor energy,A,Annual,NR,Number,ELC_PET_PI,Plug-in hybrid petrol-electric  ,CH,Switzerland,2022,,17541,,,,,
dataflow,ESTAT:ROAD_EQR_CARPDA(1.0),New passenger cars by type of motor energy,A,Annual,NR,Number,ELC_PET_PI,Plug-in hybrid petrol-electric  ,CH,Switzerland,2023,,17373,,,,,
dataflow,ESTAT:ROAD_EQR_CARPDA(1.0),New passenger cars by type of motor energy,A,Annual,NR,Number,ELC_PET_PI,Plug-in hybrid petrol-electric  ,CH,Switzerland,2024,,10526,,,,,
dataflow,ESTAT:ROAD_EQR_CARPDA(1.0),New passenger cars by type of motor energy,A,Annual,NR,Number,ELC_PET_PI,Plug-in hybrid petrol-electric  ,CY,Cyprus,2021,,84,,i,value imputed by Eurostat or other receiving agencies,,
dataflow,ESTAT:ROAD_EQR_CARPDA(1.0),New passenger cars by type of motor energy,A,Annual,NR,Number,ELC_PET_PI,Plug-in hybrid petrol-electric  ,CY,Cyprus,2022,,231,,i,value imputed by Eurostat or other receiving agencies,,
dataflow,ESTAT:ROAD_EQR_CARPDA(1.0),New passenger cars by type of motor energy,A,Annual,NR,Number,ELC_PET_PI,Plug-in hybrid petrol-electric  ,CY,Cyprus,2023,,511,,i,value imputed by Eurostat or other receiving agencies,,
dataflow,ESTAT:ROAD_EQR_CARPDA(1.0),New passenger cars by type of motor energy,A,Annual,NR,Number,ELC_PET_PI,Plug-in hybrid petrol-electric  ,CY,Cyprus,2024,,664,,i,value imputed by Eurostat or other receiving agencies,,
dataflow,ESTAT:ROAD_EQR_CARPDA(1.0),New passenger cars by type of motor energy,A,Annual,NR,Number,ELC_PET_PI,Plug-in hybrid petrol-electric  ,CZ,Czechia,2022,,3166,,i,value imputed by Eurostat or other receiving agencies,,
dataflow,ESTAT:ROAD_EQR_CARPDA(1.0),New passenger cars by type of motor energy,A,Annual,NR,Number,ELC_PET_PI,Plug-in hybrid petrol-electric  ,CZ,Czechia,2023,,4781,,i,value imputed by Eurostat or other receiving agencies,,
dataflow,ESTAT:ROAD_EQR_CARPDA(1.0),New passenger cars by type of motor energy,A,Annual,NR,Number,ELC_PET_PI,Plug-in hybrid petrol-electric  ,CZ,Czechia,2024,,4394,,i,value imputed by Eurostat or other receiving agencies,,
dataflow,ESTAT:ROAD_EQR_CARPDA(1.0),New passenger cars by type of motor energy,A,Annual,NR,Number,ELC_PET_PI,Plug-in hybrid petrol-electric  ,DE,Germany,2017,,28244,,,,,
dataflow,ESTAT:ROAD_EQR_CARPDA(1.0),New passenger cars by type of motor energy,A,Annual,NR,Number,ELC_PET_PI,Plug-in hybrid petrol-electric  ,DE,Germany,2018,,30839,,,,,
dataflow,ESTAT:ROAD_EQR_CARPDA(1.0),New passenger cars by type of motor energy,A,Annual,NR,Number,ELC_PET_PI,Plug-in hybrid petrol-electric  ,DE,Germany,2019,,37814,,,,,
dataflow,ESTAT:ROAD_EQR_CARPDA(1.0),New passenger cars by type of motor energy,A,Annual,NR,Number,ELC_PET_PI,Plug-in hybrid petrol-electric  ,DE,Germany,2020,,177963,,,,,
dataflow,ESTAT:ROAD_EQR_CARPDA(1.0),New passenger cars by type of motor energy,A,Annual,NR,Number,ELC_PET_PI,Plug-in hybrid petrol-electric  ,DE,Germany,2021,,301856,,,,,
dataflow,ESTAT:ROAD_EQR_CARPDA(1.0),New passenger cars by type of motor energy,A,Annual,NR,Number,ELC_PET_PI,Plug-in hybrid petrol-electric  ,DE,Germany,2022,,345083,,,,,
dataflow,ESTAT:ROAD_EQR_CARPDA(1.0),New passenger cars by type of motor energy,A,Annual,NR,Number,ELC_PET_PI,Plug-in hybrid petrol-electric  ,DE,Germany,2023,,166614,,,,,
dataflow,ESTAT:ROAD_EQR_CARPDA(1.0),New passenger cars by type of motor energy,A,Annual,NR,Number,ELC_PET_PI,Plug-in hybrid petrol-electric  ,DE,Germany,2024,,174653,,,,,
dataflow,ESTAT:ROAD_EQR_CARPDA(1.0),New passenger cars by type of motor energy,A,Annual,NR,Number,ELC_PET_PI,Plug-in hybrid petrol-electric  ,DK,Denmark,2014,,81,,,,,
dataflow,ESTAT:ROAD_EQR_CARPDA(1.0),New passenger cars by type of motor energy,A,Annual,NR,Number,ELC_PET_PI,Plug-in hybrid petrol-electric  ,DK,Denmark,2015,,406,,,,,
dataflow,ESTAT:ROAD_EQR_CARPDA(1.0),New passenger cars by type of motor energy,A,Annual,NR,Number,ELC_PET_PI,Plug-in hybrid petrol-electric  ,DK,Denmark,2016,,567,,,,,
dataflow,ESTAT:ROAD_EQR_CARPDA(1.0),New passenger cars by type of motor energy,A,Annual,NR,Number,ELC_PET_PI,Plug-in hybrid petrol-electric  ,DK,Denmark,2017,,620,,,,,
dataflow,ESTAT:ROAD_EQR_CARPDA(1.0),New passenger cars by type of motor energy,A,Annual,NR,Number,ELC_PET_PI,Plug-in hybrid petrol-electric  ,DK,Denmark,2018,,3125,,,,,
dataflow,ESTAT:ROAD_EQR_CARPDA(1.0),New passenger cars by type of motor energy,A,Annual,NR,Number,ELC_PET_PI,Plug-in hybrid petrol-electric  ,DK,Denmark,2019,,3767,,,,,
dataflow,ESTAT:ROAD_EQR_CARPDA(1.0),New passenger cars by type of motor energy,A,Annual,NR,Number,ELC_PET_PI,Plug-in hybrid petrol-electric  ,DK,Denmark,2020,,17747,,,,,
dataflow,ESTAT:ROAD_EQR_CARPDA(1.0),New passenger cars by type of motor energy,A,Annual,NR,Number,ELC_PET_PI,Plug-in hybrid petrol-electric  ,DK,Denmark,2021,,39317,,,,,
dataflow,ESTAT:ROAD_EQR_CARPDA(1.0),New passenger cars by type of motor energy,A,Annual,NR,Number,ELC_PET_PI,Plug-in hybrid petrol-electric  ,DK,Denmark,2022,,25594,,,,,
dataflow,ESTAT:ROAD_EQR_CARPDA(1.0),New passenger cars by type of motor energy,A,Annual,NR,Number,ELC_PET_PI,Plug-in hybrid petrol-electric  ,DK,Denmark,2023,,16945,,,,,
dataflow,ESTAT:ROAD_EQR_CARPDA(1.0),New passenger cars by type of motor energy,A,Annual,NR,Number,ELC_PET_PI,Plug-in hybrid petrol-electric  ,DK,Denmark,2024,,6958,,,,,
dataflow,ESTAT:ROAD_EQR_CARPDA(1.0),New passenger cars by type of motor energy,A,Annual,NR,Number,ELC_PET_PI,Plug-in hybrid petrol-electric  ,EE,Estonia,2021,,222,,,,,
dataflow,ESTAT:ROAD_EQR_CARPDA(1.0),New passenger cars by type of motor energy,A,Annual,NR,Number,ELC_PET_PI,Plug-in hybrid petrol-electric  ,EE,Estonia,2022,,362,,,,,
dataflow,ESTAT:ROAD_EQR_CARPDA(1.0),New passenger cars by type of motor energy,A,Annual,NR,Number,ELC_PET_PI,Plug-in hybrid petrol-electric  ,EE,Estonia,2023,,535,,,,,
dataflow,ESTAT:ROAD_EQR_CARPDA(1.0),New passenger cars by type of motor energy,A,Annual,NR,Number,ELC_PET_PI,Plug-in hybrid petrol-electric  ,EE,Estonia,2024,,1243,,,,,
dataflow,ESTAT:ROAD_EQR_CARPDA(1.0),New passenger cars by type of motor energy,A,Annual,NR,Number,ELC_PET_PI,Plug-in hybrid petrol-electric  ,EL,Greece,2023,,8475,,i,value imputed by Eurostat or other receiving agencies,,
dataflow,ESTAT:ROAD_EQR_CARPDA(1.0),New passenger cars by type of motor energy,A,Annual,NR,Number,ELC_PET_PI,Plug-in hybrid petrol-electric  ,EL,Greece,2024,,7918,,i,value imputed by Eurostat or other receiving agencies,,
dataflow,ESTAT:ROAD_EQR_CARPDA(1.0),New passenger cars by type of motor energy,A,Annual,NR,Number,ELC_PET_PI,Plug-in hybrid petrol-electric  ,ES,Spain,2014,,246,,,,,
dataflow,ESTAT:ROAD_EQR_CARPDA(1.0),New passenger cars by type of motor energy,A,Annual,NR,Number,ELC_PET_PI,Plug-in hybrid petrol-electric  ,ES,Spain,2015,,57,,,,,
dataflow,ESTAT:ROAD_EQR_CARPDA(1.0),New passenger cars by type of motor energy,A,Annual,NR,Number,ELC_PET_PI,Plug-in hybrid petrol-electric  ,ES,Spain,2016,,142,,,,,
dataflow,ESTAT:ROAD_EQR_CARPDA(1.0),New passenger cars by type of motor energy,A,Annual,NR,Number,ELC_PET_PI,Plug-in hybrid petrol-electric  ,ES,Spain,2017,,509,,,,,
dataflow,ESTAT:ROAD_EQR_CARPDA(1.0),New passenger cars by type of motor energy,A,Annual,NR,Number,ELC_PET_PI,Plug-in hybrid petrol-electric  ,ES,Spain,2018,,1909,,,,,
dataflow,ESTAT:ROAD_EQR_CARPDA(1.0),New passenger cars by type of motor energy,A,Annual,NR,Number,ELC_PET_PI,Plug-in hybrid petrol-electric  ,ES,Spain,2019,,5511,,,,,
dataflow,ESTAT:ROAD_EQR_CARPDA(1.0),New passenger cars by type of motor energy,A,Annual,NR,Number,ELC_PET_PI,Plug-in hybrid petrol-electric  ,ES,Spain,2020,,21350,,,,,
dataflow,ESTAT:ROAD_EQR_CARPDA(1.0),New passenger cars by type of motor energy,A,Annual,NR,Number,ELC_PET_PI,Plug-in hybrid petrol-electric  ,ES,Spain,2021,,40927,,,,,
dataflow,ESTAT:ROAD_EQR_CARPDA(1.0),New passenger cars by type of motor energy,A,Annual,NR,Number,ELC_PET_PI,Plug-in hybrid petrol-electric  ,ES,Spain,2022,,45948,,,,,
dataflow,ESTAT:ROAD_EQR_CARPDA(1.0),New passenger cars by type of motor energy,A,Annual,NR,Number,ELC_PET_PI,Plug-in hybrid petrol-electric  ,ES,Spain,2023,,61038,,,,,
dataflow,ESTAT:ROAD_EQR_CARPDA(1.0),New passenger cars by type of motor energy,A,Annual,NR,Number,ELC_PET_PI,Plug-in hybrid petrol-electric  ,ES,Spain,2024,,54931,,,,,
dataflow,ESTAT:ROAD_EQR_CARPDA(1.0),New passenger cars by type of motor energy,A,Annual,NR,Number,ELC_PET_PI,Plug-in hybrid petrol-electric  ,EU27_2020,European Union - 27 countries (from 2020),2024,,714856,,i,value imputed by Eurostat or other receiving agencies,,
dataflow,ESTAT:ROAD_EQR_CARPDA(1.0),New passenger cars by type of motor energy,A,Annual,NR,Number,ELC_PET_PI,Plug-in hybrid petrol-electric  ,FI,Finland,2014,,212,,,,,
dataflow,ESTAT:ROAD_EQR_CARPDA(1.0),New passenger cars by type of motor energy,A,Annual,NR,Number,ELC_PET_PI,Plug-in hybrid petrol-electric  ,FI,Finland,2015,,400,,,,,
dataflow,ESTAT:ROAD_EQR_CARPDA(1.0),New passenger cars by type of motor energy,A,Annual,NR,Number,ELC_PET_PI,Plug-in hybrid petrol-electric  ,FI,Finland,2016,,1116,,,,,
dataflow,ESTAT:ROAD_EQR_CARPDA(1.0),New passenger cars by type of motor energy,A,Annual,NR,Number,ELC_PET_PI,Plug-in hybrid petrol-electric  ,FI,Finland,2017,,2401,,,,,
dataflow,ESTAT:ROAD_EQR_CARPDA(1.0),New passenger cars by type of motor energy,A,Annual,NR,Number,ELC_PET_PI,Plug-in hybrid petrol-electric  ,FI,Finland,2018,,4797,,,,,
dataflow,ESTAT:ROAD_EQR_CARPDA(1.0),New passenger cars by type of motor energy,A,Annual,NR,Number,ELC_PET_PI,Plug-in hybrid petrol-electric  ,FI,Finland,2019,,5808,,,,,
dataflow,ESTAT:ROAD_EQR_CARPDA(1.0),New passenger cars by type of motor energy,A,Annual,NR,Number,ELC_PET_PI,Plug-in hybrid petrol-electric  ,FI,Finland,2020,,12796,,,,,
dataflow,ESTAT:ROAD_EQR_CARPDA(1.0),New passenger cars by type of motor energy,A,Annual,NR,Number,ELC_PET_PI,Plug-in hybrid petrol-electric  ,FI,Finland,2021,,19524,,,,,
dataflow,ESTAT:ROAD_EQR_CARPDA(1.0),New passenger cars by type of motor energy,A,Annual,NR,Number,ELC_PET_PI,Plug-in hybrid petrol-electric  ,FI,Finland,2022,,15770,,,,,
dataflow,ESTAT:ROAD_EQR_CARPDA(1.0),New passenger cars by type of motor energy,A,Annual,NR,Number,ELC_PET_PI,Plug-in hybrid petrol-electric  ,FI,Finland,2023,,17867,,,,,
dataflow,ESTAT:ROAD_EQR_CARPDA(1.0),New passenger cars by type of motor energy,A,Annual,NR,Number,ELC_PET_PI,Plug-in hybrid petrol-electric  ,FI,Finland,2024,,14667,,,,,
dataflow,ESTAT:ROAD_EQR_CARPDA(1.0),New passenger cars by type of motor energy,A,Annual,NR,Number,ELC_PET_PI,Plug-in hybrid petrol-electric  ,FR,France,2013,,601,,,,,
dataflow,ESTAT:ROAD_EQR_CARPDA(1.0),New passenger cars by type of motor energy,A,Annual,NR,Number,ELC_PET_PI,Plug-in hybrid petrol-electric  ,FR,France,2014,,1850,,,,,
dataflow,ESTAT:ROAD_EQR_CARPDA(1.0),New passenger cars by type of motor energy,A,Annual,NR,Number,ELC_PET_PI,Plug-in hybrid petrol-electric  ,FR,France,2015,,5587,,,,,
dataflow,ESTAT:ROAD_EQR_CARPDA(1.0),New passenger cars by type of motor energy,A,Annual,NR,Number,ELC_PET_PI,Plug-in hybrid petrol-electric  ,FR,France,2016,,7218,,,,,
dataflow,ESTAT:ROAD_EQR_CARPDA(1.0),New passenger cars by type of motor energy,A,Annual,NR,Number,ELC_PET_PI,Plug-in hybrid petrol-electric  ,FR,France,2017,,11801,,,,,
dataflow,ESTAT:ROAD_EQR_CARPDA(1.0),New passenger cars by type of motor energy,A,Annual,NR,Number,ELC_PET_PI,Plug-in hybrid petrol-electric  ,FR,France,2018,,14507,,,,,
dataflow,ESTAT:ROAD_EQR_CARPDA(1.0),New passenger cars by type of motor energy,A,Annual,NR,Number,ELC_PET_PI,Plug-in hybrid petrol-electric  ,FR,France,2019,,18010,,,,,
dataflow,ESTAT:ROAD_EQR_CARPDA(1.0),New passenger cars by type of motor energy,A,Annual,NR,Number,ELC_PET_PI,Plug-in hybrid petrol-electric  ,FR,France,2020,,72565,,,,,
dataflow,ESTAT:ROAD_EQR_CARPDA(1.0),New passenger cars by type of motor energy,A,Annual,NR,Number,ELC_PET_PI,Plug-in hybrid petrol-electric  ,FR,France,2021,,134006,,,,,
dataflow,ESTAT:ROAD_EQR_CARPDA(1.0),New passenger cars by type of motor energy,A,Annual,NR,Number,ELC_PET_PI,Plug-in hybrid petrol-electric  ,FR,France,2022,,121196,,,,,
dataflow,ESTAT:ROAD_EQR_CARPDA(1.0),New passenger cars by type of motor energy,A,Annual,NR,Number,ELC_PET_PI,Plug-in hybrid petrol-electric  ,FR,France,2023,,158373,,i,value imputed by Eurostat or other receiving agencies,,
dataflow,ESTAT:ROAD_EQR_CARPDA(1.0),New passenger cars by type of motor energy,A,Annual,NR,Number,ELC_PET_PI,Plug-in hybrid petrol-electric  ,FR,France,2024,,143062,,i,value imputed by Eurostat or other receiving agencies,,
dataflow,ESTAT:ROAD_EQR_CARPDA(1.0),New passenger cars by type of motor energy,A,Annual,NR,Number,ELC_PET_PI,Plug-in hybrid petrol-electric  ,GE,Georgia,2024,,0,,,,,
dataflow,ESTAT:ROAD_EQR_CARPDA(1.0),New passenger cars by type of motor energy,A,Annual,NR,Number,ELC_PET_PI,Plug-in hybrid petrol-electric  ,HR,Croatia,2022,,689,,,,,
dataflow,ESTAT:ROAD_EQR_CARPDA(1.0),New passenger cars by type of motor energy,A,Annual,NR,Number,ELC_PET_PI,Plug-in hybrid petrol-electric  ,HR,Croatia,2023,,783,,,,,
dataflow,ESTAT:ROAD_EQR_CARPDA(1.0),New passenger cars by type of motor energy,A,Annual,NR,Number,ELC_PET_PI,Plug-in hybrid petrol-electric  ,HR,Croatia,2024,,350,,,,,
dataflow,ESTAT:ROAD_EQR_CARPDA(1.0),New passenger cars by type of motor energy,A,Annual,NR,Number,ELC_PET_PI,Plug-in hybrid petrol-electric  ,HU,Hungary,2020,,2660,,i,value imputed by Eurostat or other receiving agencies,,
dataflow,ESTAT:ROAD_EQR_CARPDA(1.0),New passenger cars by type of motor energy,A,Annual,NR,Number,ELC_PET_PI,Plug-in hybrid petrol-electric  ,HU,Hungary,2021,,3591,,i,value imputed by Eurostat or other receiving agencies,,
dataflow,ESTAT:ROAD_EQR_CARPDA(1.0),New passenger cars by type of motor energy,A,Annual,NR,Number,ELC_PET_PI,Plug-in hybrid petrol-electric  ,HU,Hungary,2022,,4233,,i,value imputed by Eurostat or other receiving agencies,,
dataflow,ESTAT:ROAD_EQR_CARPDA(1.0),New passenger cars by type of motor energy,A,Annual,NR,Number,ELC_PET_PI,Plug-in hybrid petrol-electric  ,HU,Hungary,2023,,4804,,i,value imputed by Eurostat or other receiving agencies,,
dataflow,ESTAT:ROAD_EQR_CARPDA(1.0),New passenger cars by type of motor energy,A,Annual,NR,Number,ELC_PET_PI,Plug-in hybrid petrol-electric  ,HU,Hungary,2024,,4937,,i,value imputed by Eurostat or other receiving agencies,,
dataflow,ESTAT:ROAD_EQR_CARPDA(1.0),New passenger cars by type of motor energy,A,Annual,NR,Number,ELC_PET_PI,Plug-in hybrid petrol-electric  ,IE,Ireland,2017,,327,,,,,
dataflow,ESTAT:ROAD_EQR_CARPDA(1.0),New passenger cars by type of motor energy,A,Annual,NR,Number,ELC_PET_PI,Plug-in hybrid petrol-electric  ,IE,Ireland,2018,,737,,,,,
dataflow,ESTAT:ROAD_EQR_CARPDA(1.0),New passenger cars by type of motor energy,A,Annual,NR,Number,ELC_PET_PI,Plug-in hybrid petrol-electric  ,IE,Ireland,2019,,1447,,,,,
dataflow,ESTAT:ROAD_EQR_CARPDA(1.0),New passenger cars by type of motor energy,A,Annual,NR,Number,ELC_PET_PI,Plug-in hybrid petrol-electric  ,IE,Ireland,2020,,2482,,,,,
dataflow,ESTAT:ROAD_EQR_CARPDA(1.0),New passenger cars by type of motor energy,A,Annual,NR,Number,ELC_PET_PI,Plug-in hybrid petrol-electric  ,IE,Ireland,2021,,7698,,,,,
dataflow,ESTAT:ROAD_EQR_CARPDA(1.0),New passenger cars by type of motor energy,A,Annual,NR,Number,ELC_PET_PI,Plug-in hybrid petrol-electric  ,IE,Ireland,2022,,7261,,,,,
dataflow,ESTAT:ROAD_EQR_CARPDA(1.0),New passenger cars by type of motor energy,A,Annual,NR,Number,ELC_PET_PI,Plug-in hybrid petrol-electric  ,IE,Ireland,2023,,10183,,,,,
dataflow,ESTAT:ROAD_EQR_CARPDA(1.0),New passenger cars by type of motor energy,A,Annual,NR,Number,ELC_PET_PI,Plug-in hybrid petrol-electric  ,IE,Ireland,2024,,11094,,i,value imputed by Eurostat or other receiving agencies,,
dataflow,ESTAT:ROAD_EQR_CARPDA(1.0),New passenger cars by type of motor energy,A,Annual,NR,Number,ELC_PET_PI,Plug-in hybrid petrol-electric  ,IS,Iceland,2017,,2061,,,,,
dataflow,ESTAT:ROAD_EQR_CARPDA(1.0),New passenger cars by type of motor energy,A,Annual,NR,Number,ELC_PET_PI,Plug-in hybrid petrol-electric  ,IS,Iceland,2018,,2659,,,,,
dataflow,ESTAT:ROAD_EQR_CARPDA(1.0),New passenger cars by type of motor energy,A,Annual,NR,Number,ELC_PET_PI,Plug-in hybrid petrol-electric  ,IS,Iceland,2019,,1792,,,,,
dataflow,ESTAT:ROAD_EQR_CARPDA(1.0),New passenger cars by type of motor energy,A,Annual,NR,Number,ELC_PET_PI,Plug-in hybrid petrol-electric  ,IS,Iceland,2020,,2256,,,,,
dataflow,ESTAT:ROAD_EQR_CARPDA(1.0),New passenger cars by type of motor energy,A,Annual,NR,Number,ELC_PET_PI,Plug-in hybrid petrol-electric  ,IS,Iceland,2021,,4718,,,,,
dataflow,ESTAT:ROAD_EQR_CARPDA(1.0),New passenger cars by type of motor energy,A,Annual,NR,Number,ELC_PET_PI,Plug-in hybrid petrol-electric  ,IS,Iceland,2022,,3615,,i,value imputed by Eurostat or other receiving agencies,,
dataflow,ESTAT:ROAD_EQR_CARPDA(1.0),New passenger cars by type of motor energy,A,Annual,NR,Number,ELC_PET_PI,Plug-in hybrid petrol-electric  ,IS,Iceland,2023,,1691,,i,value imputed by Eurostat or other receiving agencies,,
dataflow,ESTAT:ROAD_EQR_CARPDA(1.0),New passenger cars by type of motor energy,A,Annual,NR,Number,ELC_PET_PI,Plug-in hybrid petrol-electric  ,IS,Iceland,2024,,1586,,i,value imputed by Eurostat or other receiving agencies,,
dataflow,ESTAT:ROAD_EQR_CARPDA(1.0),New passenger cars by type of motor energy,A,Annual,NR,Number,ELC_PET_PI,Plug-in hybrid petrol-electric  ,IT,Italy,2021,,60940,,i,value imputed by Eurostat or other receiving agencies,,
dataflow,ESTAT:ROAD_EQR_CARPDA(1.0),New passenger cars by type of motor energy,A,Annual,NR,Number,ELC_PET_PI,Plug-in hybrid petrol-electric  ,IT,Italy,2022,,56400,,i,value imputed by Eurostat or other receiving agencies,,
dataflow,ESTAT:ROAD_EQR_CARPDA(1.0),New passenger cars by type of motor energy,A,Annual,NR,Number,ELC_PET_PI,Plug-in hybrid petrol-electric  ,IT,Italy,2023,,60219,,i,value imputed by Eurostat or other receiving agencies,,
dataflow,ESTAT:ROAD_EQR_CARPDA(1.0),New passenger cars by type of motor energy,A,Annual,NR,Number,ELC_PET_PI,Plug-in hybrid petrol-electric  ,IT,Italy,2024,,45189,,i,value imputed by Eurostat or other receiving agencies,,
dataflow,ESTAT:ROAD_EQR_CARPDA(1.0),New passenger cars by type of motor energy,A,Annual,NR,Number,ELC_PET_PI,Plug-in hybrid petrol-electric  ,LI,Liechtenstein,2023,,65,,i,value imputed by Eurostat or other receiving agencies,,
dataflow,ESTAT:ROAD_EQR_CARPDA(1.0),New passenger cars by type of motor energy,A,Annual,NR,Number,ELC_PET_PI,Plug-in hybrid petrol-electric  ,LI,Liechtenstein,2024,,87,,i,value imputed by Eurostat or other receiving agencies,,
dataflow,ESTAT:ROAD_EQR_CARPDA(1.0),New passenger cars by type of motor energy,A,Annual,NR,Number,ELC_PET_PI,Plug-in hybrid petrol-electric  ,LT,Lithuania,2021,,400,,i,value imputed by Eurostat or other receiving agencies,,
dataflow,ESTAT:ROAD_EQR_CARPDA(1.0),New passenger cars by type of motor energy,A,Annual,NR,Number,ELC_PET_PI,Plug-in hybrid petrol-electric  ,LT,Lithuania,2022,,740,,i,value imputed by Eurostat or other receiving agencies,,
dataflow,ESTAT:ROAD_EQR_CARPDA(1.0),New passenger cars by type of motor energy,A,Annual,NR,Number,ELC_PET_PI,Plug-in hybrid petrol-electric  ,LT,Lithuania,2023,,787,,i,value imputed by Eurostat or other receiving agencies,,
dataflow,ESTAT:ROAD_EQR_CARPDA(1.0),New passenger cars by type of motor energy,A,Annual,NR,Number,ELC_PET_PI,Plug-in hybrid petrol-electric  ,LT,Lithuania,2024,,1674,,,,,
dataflow,ESTAT:ROAD_EQR_CARPDA(1.0),New passenger cars by type of motor energy,A,Annual,NR,Number,ELC_PET_PI,Plug-in hybrid petrol-electric  ,LU,Luxembourg,2013,,11,,,,,
dataflow,ESTAT:ROAD_EQR_CARPDA(1.0),New passenger cars by type of motor energy,A,Annual,NR,Number,ELC_PET_PI,Plug-in hybrid petrol-electric  ,LU,Luxembourg,2014,,56,,,,,
dataflow,ESTAT:ROAD_EQR_CARPDA(1.0),New passenger cars by type of motor energy,A,Annual,NR,Number,ELC_PET_PI,Plug-in hybrid petrol-electric  ,LU,Luxembourg,2015,,25,,,,,
dataflow,ESTAT:ROAD_EQR_CARPDA(1.0),New passenger cars by type of motor energy,A,Annual,NR,Number,ELC_PET_PI,Plug-in hybrid petrol-electric  ,LU,Luxembourg,2016,,108,,,,,
dataflow,ESTAT:ROAD_EQR_CARPDA(1.0),New passenger cars by type of motor energy,A,Annual,NR,Number,ELC_PET_PI,Plug-in hybrid petrol-electric  ,LU,Luxembourg,2017,,673,,,,,
dataflow,ESTAT:ROAD_EQR_CARPDA(1.0),New passenger cars by type of motor energy,A,Annual,NR,Number,ELC_PET_PI,Plug-in hybrid petrol-electric  ,LU,Luxembourg,2018,,703,,,,,
dataflow,ESTAT:ROAD_EQR_CARPDA(1.0),New passenger cars by type of motor energy,A,Annual,NR,Number,ELC_PET_PI,Plug-in hybrid petrol-electric  ,LU,Luxembourg,2019,,844,,,,,
dataflow,ESTAT:ROAD_EQR_CARPDA(1.0),New passenger cars by type of motor energy,A,Annual,NR,Number,ELC_PET_PI,Plug-in hybrid petrol-electric  ,LU,Luxembourg,2020,,2365,,,,,
dataflow,ESTAT:ROAD_EQR_CARPDA(1.0),New passenger cars by type of motor energy,A,Annual,NR,Number,ELC_PET_PI,Plug-in hybrid petrol-electric  ,LU,Luxembourg,2021,,3825,,,,,
dataflow,ESTAT:ROAD_EQR_CARPDA(1.0),New passenger cars by type of motor energy,A,Annual,NR,Number,ELC_PET_PI,Plug-in hybrid petrol-electric  ,LU,Luxembourg,2022,,3444,,,,,
dataflow,ESTAT:ROAD_EQR_CARPDA(1.0),New passenger cars by type of motor energy,A,Annual,NR,Number,ELC_PET_PI,Plug-in hybrid petrol-electric  ,LU,Luxembourg,2023,,4638,,,,,
dataflow,ESTAT:ROAD_EQR_CARPDA(1.0),New passenger cars by type of motor energy,A,Annual,NR,Number,ELC_PET_PI,Plug-in hybrid petrol-electric  ,LU,Luxembourg,2024,,3636,,,,,
dataflow,ESTAT:ROAD_EQR_CARPDA(1.0),New passenger cars by type of motor energy,A,Annual,NR,Number,ELC_PET_PI,Plug-in hybrid petrol-electric  ,LV,Latvia,2022,,301,,,,,
dataflow,ESTAT:ROAD_EQR_CARPDA(1.0),New passenger cars by type of motor energy,A,Annual,NR,Number,ELC_PET_PI,Plug-in hybrid petrol-electric  ,LV,Latvia,2023,,352,,,,,
dataflow,ESTAT:ROAD_EQR_CARPDA(1.0),New passenger cars by type of motor energy,A,Annual,NR,Number,ELC_PET_PI,Plug-in hybrid petrol-electric  ,LV,Latvia,2024,,765,,,,,
dataflow,ESTAT:ROAD_EQR_CARPDA(1.0),New passenger cars by type of motor energy,A,Annual,NR,Number,ELC_PET_PI,Plug-in hybrid petrol-electric  ,MT,Malta,2019,,0,,,,,
dataflow,ESTAT:ROAD_EQR_CARPDA(1.0),New passenger cars by type of motor energy,A,Annual,NR,Number,ELC_PET_PI,Plug-in hybrid petrol-electric  ,MT,Malta,2020,,215,,,,,
dataflow,ESTAT:ROAD_EQR_CARPDA(1.0),New passenger cars by type of motor energy,A,Annual,NR,Number,ELC_PET_PI,Plug-in hybrid petrol-electric  ,MT,Malta,2021,,668,,,,,
dataflow,ESTAT:ROAD_EQR_CARPDA(1.0),New passenger cars by type of motor energy,A,Annual,NR,Number,ELC_PET_PI,Plug-in hybrid petrol-electric  ,MT,Malta,2022,,1206,,,,,
dataflow,ESTAT:ROAD_EQR_CARPDA(1.0),New passenger cars by type of motor energy,A,Annual,NR,Number,ELC_PET_PI,Plug-in hybrid petrol-electric  ,MT,Malta,2023,,962,,,,,
dataflow,ESTAT:ROAD_EQR_CARPDA(1.0),New passenger cars by type of motor energy,A,Annual,NR,Number,ELC_PET_PI,Plug-in hybrid petrol-electric  ,MT,Malta,2024,,492,,,,,
dataflow,ESTAT:ROAD_EQR_CARPDA(1.0),New passenger cars by type of motor energy,A,Annual,NR,Number,ELC_PET_PI,Plug-in hybrid petrol-electric  ,NL,Netherlands,2020,,14891,,i,value imputed by Eurostat or other receiving agencies,,
dataflow,ESTAT:ROAD_EQR_CARPDA(1.0),New passenger cars by type of motor energy,A,Annual,NR,Number,ELC_PET_PI,Plug-in hybrid petrol-electric  ,NL,Netherlands,2021,,31016,,i,value imputed by Eurostat or other receiving agencies,,
dataflow,ESTAT:ROAD_EQR_CARPDA(1.0),New passenger cars by type of motor energy,A,Annual,NR,Number,ELC_PET_PI,Plug-in hybrid petrol-electric  ,NL,Netherlands,2022,,34742,,i,value imputed by Eurostat or other receiving agencies,,
dataflow,ESTAT:ROAD_EQR_CARPDA(1.0),New passenger cars by type of motor energy,A,Annual,NR,Number,ELC_PET_PI,Plug-in hybrid petrol-electric  ,NL,Netherlands,2023,,47082,,i,value imputed by Eurostat or other receiving agencies,,
dataflow,ESTAT:ROAD_EQR_CARPDA(1.0),New passenger cars by type of motor energy,A,Annual,NR,Number,ELC_PET_PI,Plug-in hybrid petrol-electric  ,NL,Netherlands,2024,,52576,,i,value imputed by Eurostat or other receiving agencies,,
dataflow,ESTAT:ROAD_EQR_CARPDA(1.0),New passenger cars by type of motor energy,A,Annual,NR,Number,ELC_PET_PI,Plug-in hybrid petrol-electric  ,NO,Norway,2013,,344,,,,,
dataflow,ESTAT:ROAD_EQR_CARPDA(1.0),New passenger cars by type of motor energy,A,Annual,NR,Number,ELC_PET_PI,Plug-in hybrid petrol-electric  ,NO,Norway,2014,,1684,,,,,
dataflow,ESTAT:ROAD_EQR_CARPDA(1.0),New passenger cars by type of motor energy,A,Annual,NR,Number,ELC_PET_PI,Plug-in hybrid petrol-electric  ,NO,Norway,2015,,7982,,,,,
dataflow,ESTAT:ROAD_EQR_CARPDA(1.0),New passenger cars by type of motor energy,A,Annual,NR,Number,ELC_PET_PI,Plug-in hybrid petrol-electric  ,NO,Norway,2016,,19644,,,,,
dataflow,ESTAT:ROAD_EQR_CARPDA(1.0),New passenger cars by type of motor energy,A,Annual,NR,Number,ELC_PET_PI,Plug-in hybrid petrol-electric  ,NO,Norway,2017,,26777,,,,,
dataflow,ESTAT:ROAD_EQR_CARPDA(1.0),New passenger cars by type of motor energy,A,Annual,NR,Number,ELC_PET_PI,Plug-in hybrid petrol-electric  ,NO,Norway,2018,,24694,,,,,
dataflow,ESTAT:ROAD_EQR_CARPDA(1.0),New passenger cars by type of motor energy,A,Annual,NR,Number,ELC_PET_PI,Plug-in hybrid petrol-electric  ,NO,Norway,2019,,18314,,,,,
dataflow,ESTAT:ROAD_EQR_CARPDA(1.0),New passenger cars by type of motor energy,A,Annual,NR,Number,ELC_PET_PI,Plug-in hybrid petrol-electric  ,NO,Norway,2020,,26490,,,,,
dataflow,ESTAT:ROAD_EQR_CARPDA(1.0),New passenger cars by type of motor energy,A,Annual,NR,Number,ELC_PET_PI,Plug-in hybrid petrol-electric  ,NO,Norway,2021,,36803,,,,,
dataflow,ESTAT:ROAD_EQR_CARPDA(1.0),New passenger cars by type of motor energy,A,Annual,NR,Number,ELC_PET_PI,Plug-in hybrid petrol-electric  ,NO,Norway,2022,,15641,,,,,
dataflow,ESTAT:ROAD_EQR_CARPDA(1.0),New passenger cars by type of motor energy,A,Annual,NR,Number,ELC_PET_PI,Plug-in hybrid petrol-electric  ,NO,Norway,2023,,9974,,,,,
dataflow,ESTAT:ROAD_EQR_CARPDA(1.0),New passenger cars by type of motor energy,A,Annual,NR,Number,ELC_PET_PI,Plug-in hybrid petrol-electric  ,NO,Norway,2024,,3477,,,,,
dataflow,ESTAT:ROAD_EQR_CARPDA(1.0),New passenger cars by type of motor energy,A,Annual,NR,Number,ELC_PET_PI,Plug-in hybrid petrol-electric  ,PL,Poland,2013,,4,,i,value imputed by Eurostat or other receiving agencies,,
dataflow,ESTAT:ROAD_EQR_CARPDA(1.0),New passenger cars by type of motor energy,A,Annual,NR,Number,ELC_PET_PI,Plug-in hybrid petrol-electric  ,PL,Poland,2014,,0,,i,value imputed by Eurostat or other receiving agencies,,
dataflow,ESTAT:ROAD_EQR_CARPDA(1.0),New passenger cars by type of motor energy,A,Annual,NR,Number,ELC_PET_PI,Plug-in hybrid petrol-electric  ,PL,Poland,2015,,141,,i,value imputed by Eurostat or other receiving agencies,,
dataflow,ESTAT:ROAD_EQR_CARPDA(1.0),New passenger cars by type of motor energy,A,Annual,NR,Number,ELC_PET_PI,Plug-in hybrid petrol-electric  ,PL,Poland,2016,,332,,i,value imputed by Eurostat or other receiving agencies,,
dataflow,ESTAT:ROAD_EQR_CARPDA(1.0),New passenger cars by type of motor energy,A,Annual,NR,Number,ELC_PET_PI,Plug-in hybrid petrol-electric  ,PL,Poland,2017,,444,,i,value imputed by Eurostat or other receiving agencies,,
dataflow,ESTAT:ROAD_EQR_CARPDA(1.0),New passenger cars by type of motor energy,A,Annual,NR,Number,ELC_PET_PI,Plug-in hybrid petrol-electric  ,PL,Poland,2018,,530,,i,value imputed by Eurostat or other receiving agencies,,
dataflow,ESTAT:ROAD_EQR_CARPDA(1.0),New passenger cars by type of motor energy,A,Annual,NR,Number,ELC_PET_PI,Plug-in hybrid petrol-electric  ,PL,Poland,2019,,927,,i,value imputed by Eurostat or other receiving agencies,,
dataflow,ESTAT:ROAD_EQR_CARPDA(1.0),New passenger cars by type of motor energy,A,Annual,NR,Number,ELC_PET_PI,Plug-in hybrid petrol-electric  ,PL,Poland,2020,,3520,,i,value imputed by Eurostat or other receiving agencies,,
dataflow,ESTAT:ROAD_EQR_CARPDA(1.0),New passenger cars by type of motor energy,A,Annual,NR,Number,ELC_PET_PI,Plug-in hybrid petrol-electric  ,PL,Poland,2021,,7045,,i,value imputed by Eurostat or other receiving agencies,,
dataflow,ESTAT:ROAD_EQR_CARPDA(1.0),New passenger cars by type of motor energy,A,Annual,NR,Number,ELC_PET_PI,Plug-in hybrid petrol-electric  ,PL,Poland,2022,,7852,,i,value imputed by Eurostat or other receiving agencies,,
dataflow,ESTAT:ROAD_EQR_CARPDA(1.0),New passenger cars by type of motor energy,A,Annual,NR,Number,ELC_PET_PI,Plug-in hybrid petrol-electric  ,PL,Poland,2023,,10800,,i,value imputed by Eurostat or other receiving agencies,,
dataflow,ESTAT:ROAD_EQR_CARPDA(1.0),New passenger cars by type of motor energy,A,Annual,NR,Number,ELC_PET_PI,Plug-in hybrid petrol-electric  ,PL,Poland,2024,,12124,,i,value imputed by Eurostat or other receiving agencies,,
dataflow,ESTAT:ROAD_EQR_CARPDA(1.0),New passenger cars by type of motor energy,A,Annual,NR,Number,ELC_PET_PI,Plug-in hybrid petrol-electric  ,PT,Portugal,2017,,2399,,,,,
dataflow,ESTAT:ROAD_EQR_CARPDA(1.0),New passenger cars by type of motor energy,A,Annual,NR,Number,ELC_PET_PI,Plug-in hybrid petrol-electric  ,PT,Portugal,2018,,3888,,,,,
dataflow,ESTAT:ROAD_EQR_CARPDA(1.0),New passenger cars by type of motor energy,A,Annual,NR,Number,ELC_PET_PI,Plug-in hybrid petrol-electric  ,PT,Portugal,2019,,4671,,,,,
dataflow,ESTAT:ROAD_EQR_CARPDA(1.0),New passenger cars by type of motor energy,A,Annual,NR,Number,ELC_PET_PI,Plug-in hybrid petrol-electric  ,PT,Portugal,2020,,10010,,,,,
dataflow,ESTAT:ROAD_EQR_CARPDA(1.0),New passenger cars by type of motor energy,A,Annual,NR,Number,ELC_PET_PI,Plug-in hybrid petrol-electric  ,PT,Portugal,2021,,13543,,,,,
dataflow,ESTAT:ROAD_EQR_CARPDA(1.0),New passenger cars by type of motor energy,A,Annual,NR,Number,ELC_PET_PI,Plug-in hybrid petrol-electric  ,PT,Portugal,2022,,14878,,,,,
dataflow,ESTAT:ROAD_EQR_CARPDA(1.0),New passenger cars by type of motor energy,A,Annual,NR,Number,ELC_PET_PI,Plug-in hybrid petrol-electric  ,PT,Portugal,2023,,25942,,,,,
dataflow,ESTAT:ROAD_EQR_CARPDA(1.0),New passenger cars by type of motor energy,A,Annual,NR,Number,ELC_PET_PI,Plug-in hybrid petrol-electric  ,PT,Portugal,2024,,25842,,p,provisional,,
dataflow,ESTAT:ROAD_EQR_CARPDA(1.0),New passenger cars by type of motor energy,A,Annual,NR,Number,ELC_PET_PI,Plug-in hybrid petrol-electric  ,RO,Romania,2020,,953,,i,value imputed by Eurostat or other receiving agencies,,
dataflow,ESTAT:ROAD_EQR_CARPDA(1.0),New passenger cars by type of motor energy,A,Annual,NR,Number,ELC_PET_PI,Plug-in hybrid petrol-electric  ,RO,Romania,2021,,2316,,i,value imputed by Eurostat or other receiving agencies,,
dataflow,ESTAT:ROAD_EQR_CARPDA(1.0),New passenger cars by type of motor energy,A,Annual,NR,Number,ELC_PET_PI,Plug-in hybrid petrol-electric  ,RO,Romania,2022,,3043,,i,value imputed by Eurostat or other receiving agencies,,
dataflow,ESTAT:ROAD_EQR_CARPDA(1.0),New passenger cars by type of motor energy,A,Annual,NR,Number,ELC_PET_PI,Plug-in hybrid petrol-electric  ,RO,Romania,2023,,2648,,i,value imputed by Eurostat or other receiving agencies,,
dataflow,ESTAT:ROAD_EQR_CARPDA(1.0),New passenger cars by type of motor energy,A,Annual,NR,Number,ELC_PET_PI,Plug-in hybrid petrol-electric  ,RO,Romania,2024,,6165,,i,value imputed by Eurostat or other receiving agencies,,
dataflow,ESTAT:ROAD_EQR_CARPDA(1.0),New passenger cars by type of motor energy,A,Annual,NR,Number,ELC_PET_PI,Plug-in hybrid petrol-electric  ,SE,Sweden,2013,,519,,,,,
dataflow,ESTAT:ROAD_EQR_CARPDA(1.0),New passenger cars by type of motor energy,A,Annual,NR,Number,ELC_PET_PI,Plug-in hybrid petrol-electric  ,SE,Sweden,2014,,2702,,,,,
dataflow,ESTAT:ROAD_EQR_CARPDA(1.0),New passenger cars by type of motor energy,A,Annual,NR,Number,ELC_PET_PI,Plug-in hybrid petrol-electric  ,SE,Sweden,2015,,5173,,,,,
dataflow,ESTAT:ROAD_EQR_CARPDA(1.0),New passenger cars by type of motor energy,A,Annual,NR,Number,ELC_PET_PI,Plug-in hybrid petrol-electric  ,SE,Sweden,2016,,8964,,,,,
dataflow,ESTAT:ROAD_EQR_CARPDA(1.0),New passenger cars by type of motor energy,A,Annual,NR,Number,ELC_PET_PI,Plug-in hybrid petrol-electric  ,SE,Sweden,2017,,14874,,,,,
dataflow,ESTAT:ROAD_EQR_CARPDA(1.0),New passenger cars by type of motor energy,A,Annual,NR,Number,ELC_PET_PI,Plug-in hybrid petrol-electric  ,SE,Sweden,2018,,20541,,,,,
dataflow,ESTAT:ROAD_EQR_CARPDA(1.0),New passenger cars by type of motor energy,A,Annual,NR,Number,ELC_PET_PI,Plug-in hybrid petrol-electric  ,SE,Sweden,2019,,23992,,,,,
dataflow,ESTAT:ROAD_EQR_CARPDA(1.0),New passenger cars by type of motor energy,A,Annual,NR,Number,ELC_PET_PI,Plug-in hybrid petrol-electric  ,SE,Sweden,2020,,62954,,,,,
dataflow,ESTAT:ROAD_EQR_CARPDA(1.0),New passenger cars by type of motor energy,A,Annual,NR,Number,ELC_PET_PI,Plug-in hybrid petrol-electric  ,SE,Sweden,2021,,73848,,,,,
dataflow,ESTAT:ROAD_EQR_CARPDA(1.0),New passenger cars by type of motor energy,A,Annual,NR,Number,ELC_PET_PI,Plug-in hybrid petrol-electric  ,SE,Sweden,2022,,63911,,,,,
dataflow,ESTAT:ROAD_EQR_CARPDA(1.0),New passenger cars by type of motor energy,A,Annual,NR,Number,ELC_PET_PI,Plug-in hybrid petrol-electric  ,SE,Sweden,2023,,59364,,,,,
dataflow,ESTAT:ROAD_EQR_CARPDA(1.0),New passenger cars by type of motor energy,A,Annual,NR,Number,ELC_PET_PI,Plug-in hybrid petrol-electric  ,SE,Sweden,2024,,59734,,,,,
dataflow,ESTAT:ROAD_EQR_CARPDA(1.0),New passenger cars by type of motor energy,A,Annual,NR,Number,ELC_PET_PI,Plug-in hybrid petrol-electric  ,SI,Slovenia,2020,,39,,i,value imputed by Eurostat or other receiving agencies,,
dataflow,ESTAT:ROAD_EQR_CARPDA(1.0),New passenger cars by type of motor energy,A,Annual,NR,Number,ELC_PET_PI,Plug-in hybrid petrol-electric  ,SI,Slovenia,2021,,191,,i,value imputed by Eurostat or other receiving agencies,,
dataflow,ESTAT:ROAD_EQR_CARPDA(1.0),New passenger cars by type of motor energy,A,Annual,NR,Number,ELC_PET_PI,Plug-in hybrid petrol-electric  ,SI,Slovenia,2022,,602,,i,value imputed by Eurostat or other receiving agencies,,
dataflow,ESTAT:ROAD_EQR_CARPDA(1.0),New passenger cars by type of motor energy,A,Annual,NR,Number,ELC_PET_PI,Plug-in hybrid petrol-electric  ,SI,Slovenia,2024,,1162,,i,value imputed by Eurostat or other receiving agencies,,
dataflow,ESTAT:ROAD_EQR_CARPDA(1.0),New passenger cars by type of motor energy,A,Annual,NR,Number,ELC_PET_PI,Plug-in hybrid petrol-electric  ,SK,Slovakia,2022,,1456,,i,value imputed by Eurostat or other receiving agencies,,
dataflow,ESTAT:ROAD_EQR_CARPDA(1.0),New passenger cars by type of motor energy,A,Annual,NR,Number,ELC_PET_PI,Plug-in hybrid petrol-electric  ,SK,Slovakia,2023,,2997,,i,value imputed by Eurostat or other receiving agencies,,
dataflow,ESTAT:ROAD_EQR_CARPDA(1.0),New passenger cars by type of motor energy,A,Annual,NR,Number,ELC_PET_PI,Plug-in hybrid petrol-electric  ,SK,Slovakia,2024,,2100,,i,value imputed by Eurostat or other receiving agencies,,
dataflow,ESTAT:ROAD_EQR_CARPDA(1.0),New passenger cars by type of motor energy,A,Annual,NR,Number,ELC_PET_PI,Plug-in hybrid petrol-electric  ,TR,Türkiye,2017,,0,,,,,
dataflow,ESTAT:ROAD_EQR_CARPDA(1.0),New passenger cars by type of motor energy,A,Annual,NR,Number,ELC_PET_PI,Plug-in hybrid petrol-electric  ,TR,Türkiye,2018,,0,,,,,
dataflow,ESTAT:ROAD_EQR_CARPDA(1.0),New passenger cars by type of motor energy,A,Annual,NR,Number,ELC_PET_PI,Plug-in hybrid petrol-electric  ,TR,Türkiye,2019,,0,,,,,
dataflow,ESTAT:ROAD_EQR_CARPDA(1.0),New passenger cars by type of motor energy,A,Annual,NR,Number,ELC_PET_PI,Plug-in hybrid petrol-electric  ,TR,Türkiye,2020,,0,,,,,
dataflow,ESTAT:ROAD_EQR_CARPDA(1.0),New passenger cars by type of motor energy,A,Annual,NR,Number,ELC_PET_PI,Plug-in hybrid petrol-electric  ,TR,Türkiye,2021,,0,,,,,
dataflow,ESTAT:ROAD_EQR_CARPDA(1.0),New passenger cars by type of motor energy,A,Annual,NR,Number,ELC_PET_PI,Plug-in hybrid petrol-electric  ,TR,Türkiye,2023,,0,,,,,
dataflow,ESTAT:ROAD_EQR_CARPDA(1.0),New passenger cars by type of motor energy,A,Annual,NR,Number,ELC_PET_PI,Plug-in hybrid petrol-electric  ,TR,Türkiye,2024,,0,,,,,
dataflow,ESTAT:ROAD_EQR_CARPDA(1.0),New passenger cars by type of motor energy,A,Annual,NR,Number,ELC_PET_PI,Plug-in hybrid petrol-electric  ,UK,United Kingdom,2017,,34225,,,,,
dataflow,ESTAT:ROAD_EQR_CARPDA(1.0),New passenger cars by type of motor energy,A,Annual,NR,Number,ELC_PET_PI,Plug-in hybrid petrol-electric  ,UK,United Kingdom,2018,,43647,,,,,
dataflow,ESTAT:ROAD_EQR_CARPDA(1.0),New passenger cars by type of motor energy,A,Annual,NR,Number,ELC_PET_PI,Plug-in hybrid petrol-electric  ,UK,United Kingdom,2021,,108651,,,,,
dataflow,ESTAT:ROAD_EQR_CARPDA(1.0),New passenger cars by type of motor energy,A,Annual,NR,Number,ELC_PET_PI,Plug-in hybrid petrol-electric  ,UK,United Kingdom,2022,,96942,,,,,
dataflow,ESTAT:ROAD_EQR_CARPDA(1.0),New passenger cars by type of motor energy,A,Annual,NR,Number,ELC_PET_PI,Plug-in hybrid petrol-electric  ,UK,United Kingdom,2023,,138346,,,,,
dataflow,ESTAT:ROAD_EQR_CARPDA(1.0),New passenger cars by type of motor energy,A,Annual,NR,Number,ELC_PET_PI,Plug-in hybrid petrol-electric  ,XK,Kosovo*,2018,,0,,,,,
dataflow,ESTAT:ROAD_EQR_CARPDA(1.0),New passenger cars by type of motor energy,A,Annual,NR,Number,ELC_PET_PI,Plug-in hybrid petrol-electric  ,XK,Kosovo*,2019,,0,,,,,
dataflow,ESTAT:ROAD_EQR_CARPDA(1.0),New passenger cars by type of motor energy,A,Annual,NR,Number,ELC_PET_PI,Plug-in hybrid petrol-electric  ,XK,Kosovo*,2021,,5,,,,,
dataflow,ESTAT:ROAD_EQR_CARPDA(1.0),New passenger cars by type of motor energy,A,Annual,NR,Number,GAS,Natural gas,AL,Albania,2020,,0,,,,,
dataflow,ESTAT:ROAD_EQR_CARPDA(1.0),New passenger cars by type of motor energy,A,Annual,NR,Number,GAS,Natural gas,AL,Albania,2021,,1,,,,,
dataflow,ESTAT:ROAD_EQR_CARPDA(1.0),New passenger cars by type of motor energy,A,Annual,NR,Number,GAS,Natural gas,AT,Austria,2013,,455,,,,,
dataflow,ESTAT:ROAD_EQR_CARPDA(1.0),New passenger cars by type of motor energy,A,Annual,NR,Number,GAS,Natural gas,AT,Austria,2014,,279,,,,,
dataflow,ESTAT:ROAD_EQR_CARPDA(1.0),New passenger cars by type of motor energy,A,Annual,NR,Number,GAS,Natural gas,AT,Austria,2015,,167,,,,,
dataflow,ESTAT:ROAD_EQR_CARPDA(1.0),New passenger cars by type of motor energy,A,Annual,NR,Number,GAS,Natural gas,AT,Austria,2016,,119,,,,,
dataflow,ESTAT:ROAD_EQR_CARPDA(1.0),New passenger cars by type of motor energy,A,Annual,NR,Number,GAS,Natural gas,AT,Austria,2017,,114,,,,,
dataflow,ESTAT:ROAD_EQR_CARPDA(1.0),New passenger cars by type of motor energy,A,Annual,NR,Number,GAS,Natural gas,AT,Austria,2018,,110,,,,,
dataflow,ESTAT:ROAD_EQR_CARPDA(1.0),New passenger cars by type of motor energy,A,Annual,NR,Number,GAS,Natural gas,AT,Austria,2019,,421,,,,,
dataflow,ESTAT:ROAD_EQR_CARPDA(1.0),New passenger cars by type of motor energy,A,Annual,NR,Number,GAS,Natural gas,AT,Austria,2020,,386,,,,,
dataflow,ESTAT:ROAD_EQR_CARPDA(1.0),New passenger cars by type of motor energy,A,Annual,NR,Number,GAS,Natural gas,AT,Austria,2021,,70,,,,,
dataflow,ESTAT:ROAD_EQR_CARPDA(1.0),New passenger cars by type of motor energy,A,Annual,NR,Number,GAS,Natural gas,AT,Austria,2022,,51,,,,,
dataflow,ESTAT:ROAD_EQR_CARPDA(1.0),New passenger cars by type of motor energy,A,Annual,NR,Number,GAS,Natural gas,AT,Austria,2023,,6,,,,,
dataflow,ESTAT:ROAD_EQR_CARPDA(1.0),New passenger cars by type of motor energy,A,Annual,NR,Number,GAS,Natural gas,AT,Austria,2024,,11,,,,,
dataflow,ESTAT:ROAD_EQR_CARPDA(1.0),New passenger cars by type of motor energy,A,Annual,NR,Number,GAS,Natural gas,BA,Bosnia and Herzegovina,2013,,0,,,,,
dataflow,ESTAT:ROAD_EQR_CARPDA(1.0),New passenger cars by type of motor energy,A,Annual,NR,Number,GAS,Natural gas,BA,Bosnia and Herzegovina,2014,,0,,,,,
dataflow,ESTAT:ROAD_EQR_CARPDA(1.0),New passenger cars by type of motor energy,A,Annual,NR,Number,GAS,Natural gas,BA,Bosnia and Herzegovina,2015,,0,,,,,
dataflow,ESTAT:ROAD_EQR_CARPDA(1.0),New passenger cars by type of motor energy,A,Annual,NR,Number,GAS,Natural gas,BA,Bosnia and Herzegovina,2016,,0,,,,,
dataflow,ESTAT:ROAD_EQR_CARPDA(1.0),New passenger cars by type of motor energy,A,Annual,NR,Number,GAS,Natural gas,BA,Bosnia and Herzegovina,2017,,0,,,,,
dataflow,ESTAT:ROAD_EQR_CARPDA(1.0),New passenger cars by type of motor energy,A,Annual,NR,Number,GAS,Natural gas,BA,Bosnia and Herzegovina,2018,,0,,,,,
dataflow,ESTAT:ROAD_EQR_CARPDA(1.0),New passenger cars by type of motor energy,A,Annual,NR,Number,GAS,Natural gas,BA,Bosnia and Herzegovina,2019,,0,,,,,
dataflow,ESTAT:ROAD_EQR_CARPDA(1.0),New passenger cars by type of motor energy,A,Annual,NR,Number,GAS,Natural gas,BA,Bosnia and Herzegovina,2020,,0,,,,,
dataflow,ESTAT:ROAD_EQR_CARPDA(1.0),New passenger cars by type of motor energy,A,Annual,NR,Number,GAS,Natural gas,BA,Bosnia and Herzegovina,2021,,0,,,,,
dataflow,ESTAT:ROAD_EQR_CARPDA(1.0),New passenger cars by type of motor energy,A,Annual,NR,Number,GAS,Natural gas,BA,Bosnia and Herzegovina,2022,,0,,,,,
dataflow,ESTAT:ROAD_EQR_CARPDA(1.0),New passenger cars by type of motor energy,A,Annual,NR,Number,GAS,Natural gas,BA,Bosnia and Herzegovina,2023,,0,,,,,
dataflow,ESTAT:ROAD_EQR_CARPDA(1.0),New passenger cars by type of motor energy,A,Annual,NR,Number,GAS,Natural gas,BA,Bosnia and Herzegovina,2024,,0,,,,,
dataflow,ESTAT:ROAD_EQR_CARPDA(1.0),New passenger cars by type of motor energy,A,Annual,NR,Number,GAS,Natural gas,BE,Belgium,2013,,109,,,,,
dataflow,ESTAT:ROAD_EQR_CARPDA(1.0),New passenger cars by type of motor energy,A,Annual,NR,Number,GAS,Natural gas,BE,Belgium,2014,,263,,,,,
dataflow,ESTAT:ROAD_EQR_CARPDA(1.0),New passenger cars by type of motor energy,A,Annual,NR,Number,GAS,Natural gas,BE,Belgium,2015,,135,,,,,
dataflow,ESTAT:ROAD_EQR_CARPDA(1.0),New passenger cars by type of motor energy,A,Annual,NR,Number,GAS,Natural gas,BE,Belgium,2016,,790,,,,,
dataflow,ESTAT:ROAD_EQR_CARPDA(1.0),New passenger cars by type of motor energy,A,Annual,NR,Number,GAS,Natural gas,BE,Belgium,2017,,741,,,,,
dataflow,ESTAT:ROAD_EQR_CARPDA(1.0),New passenger cars by type of motor energy,A,Annual,NR,Number,GAS,Natural gas,BE,Belgium,2018,,950,,,,,
dataflow,ESTAT:ROAD_EQR_CARPDA(1.0),New passenger cars by type of motor energy,A,Annual,NR,Number,GAS,Natural gas,BE,Belgium,2019,,3147,,,,,
dataflow,ESTAT:ROAD_EQR_CARPDA(1.0),New passenger cars by type of motor energy,A,Annual,NR,Number,GAS,Natural gas,BE,Belgium,2020,,2796,,,,,
dataflow,ESTAT:ROAD_EQR_CARPDA(1.0),New passenger cars by type of motor energy,A,Annual,NR,Number,GAS,Natural gas,BE,Belgium,2021,,913,,,,,
dataflow,ESTAT:ROAD_EQR_CARPDA(1.0),New passenger cars by type of motor energy,A,Annual,NR,Number,GAS,Natural gas,BE,Belgium,2022,,400,,,,,
dataflow,ESTAT:ROAD_EQR_CARPDA(1.0),New passenger cars by type of motor energy,A,Annual,NR,Number,GAS,Natural gas,BE,Belgium,2023,,91,,i,value imputed by Eurostat or other receiving agencies,,
dataflow,ESTAT:ROAD_EQR_CARPDA(1.0),New passenger cars by type of motor energy,A,Annual,NR,Number,GAS,Natural gas,BE,Belgium,2024,,11,,i,value imputed by Eurostat or other receiving agencies,,
dataflow,ESTAT:ROAD_EQR_CARPDA(1.0),New passenger cars by type of motor energy,A,Annual,NR,Number,GAS,Natural gas,BG,Bulgaria,2013,,194,,i,value imputed by Eurostat or other receiving agencies,,
dataflow,ESTAT:ROAD_EQR_CARPDA(1.0),New passenger cars by type of motor energy,A,Annual,NR,Number,GAS,Natural gas,BG,Bulgaria,2015,,215,,i,value imputed by Eurostat or other receiving agencies,,
dataflow,ESTAT:ROAD_EQR_CARPDA(1.0),New passenger cars by type of motor energy,A,Annual,NR,Number,GAS,Natural gas,BG,Bulgaria,2016,,56,,i,value imputed by Eurostat or other receiving agencies,,
dataflow,ESTAT:ROAD_EQR_CARPDA(1.0),New passenger cars by type of motor energy,A,Annual,NR,Number,GAS,Natural gas,BG,Bulgaria,2017,,215,,i,value imputed by Eurostat or other receiving agencies,,
dataflow,ESTAT:ROAD_EQR_CARPDA(1.0),New passenger cars by type of motor energy,A,Annual,NR,Number,GAS,Natural gas,BG,Bulgaria,2018,,292,,i,value imputed by Eurostat or other receiving agencies,,
dataflow,ESTAT:ROAD_EQR_CARPDA(1.0),New passenger cars by type of motor energy,A,Annual,NR,Number,GAS,Natural gas,BG,Bulgaria,2019,,450,,i,value imputed by Eurostat or other receiving agencies,,
dataflow,ESTAT:ROAD_EQR_CARPDA(1.0),New passenger cars by type of motor energy,A,Annual,NR,Number,GAS,Natural gas,BG,Bulgaria,2022,,0,,i,value imputed by Eurostat or other receiving agencies,,
dataflow,ESTAT:ROAD_EQR_CARPDA(1.0),New passenger cars by type of motor energy,A,Annual,NR,Number,GAS,Natural gas,BG,Bulgaria,2023,,0,,i,value imputed by Eurostat or other receiving agencies,,
dataflow,ESTAT:ROAD_EQR_CARPDA(1.0),New passenger cars by type of motor energy,A,Annual,NR,Number,GAS,Natural gas,BG,Bulgaria,2024,,0,,i,value imputed by Eurostat or other receiving agencies,,
dataflow,ESTAT:ROAD_EQR_CARPDA(1.0),New passenger cars by type of motor energy,A,Annual,NR,Number,GAS,Natural gas,CH,Switzerland,2013,,432,,,,,
dataflow,ESTAT:ROAD_EQR_CARPDA(1.0),New passenger cars by type of motor energy,A,Annual,NR,Number,GAS,Natural gas,CH,Switzerland,2014,,217,,,,,
dataflow,ESTAT:ROAD_EQR_CARPDA(1.0),New passenger cars by type of motor energy,A,Annual,NR,Number,GAS,Natural gas,CH,Switzerland,2015,,162,,,,,
dataflow,ESTAT:ROAD_EQR_CARPDA(1.0),New passenger cars by type of motor energy,A,Annual,NR,Number,GAS,Natural gas,CH,Switzerland,2016,,249,,,,,
dataflow,ESTAT:ROAD_EQR_CARPDA(1.0),New passenger cars by type of motor energy,A,Annual,NR,Number,GAS,Natural gas,CH,Switzerland,2017,,127,,,,,
dataflow,ESTAT:ROAD_EQR_CARPDA(1.0),New passenger cars by type of motor energy,A,Annual,NR,Number,GAS,Natural gas,CH,Switzerland,2018,,114,,,,,
dataflow,ESTAT:ROAD_EQR_CARPDA(1.0),New passenger cars by type of motor energy,A,Annual,NR,Number,GAS,Natural gas,CH,Switzerland,2019,,1090,,,,,
dataflow,ESTAT:ROAD_EQR_CARPDA(1.0),New passenger cars by type of motor energy,A,Annual,NR,Number,GAS,Natural gas,CH,Switzerland,2020,,514,,,,,
dataflow,ESTAT:ROAD_EQR_CARPDA(1.0),New passenger cars by type of motor energy,A,Annual,NR,Number,GAS,Natural gas,CH,Switzerland,2021,,268,,,,,
dataflow,ESTAT:ROAD_EQR_CARPDA(1.0),New passenger cars by type of motor energy,A,Annual,NR,Number,GAS,Natural gas,CH,Switzerland,2022,,113,,,,,
dataflow,ESTAT:ROAD_EQR_CARPDA(1.0),New passenger cars by type of motor energy,A,Annual,NR,Number,GAS,Natural gas,CH,Switzerland,2023,,38,,,,,
dataflow,ESTAT:ROAD_EQR_CARPDA(1.0),New passenger cars by type of motor energy,A,Annual,NR,Number,GAS,Natural gas,CH,Switzerland,2024,,4,,,,,
dataflow,ESTAT:ROAD_EQR_CARPDA(1.0),New passenger cars by type of motor energy,A,Annual,NR,Number,GAS,Natural gas,CY,Cyprus,2013,,0,,,,,
dataflow,ESTAT:ROAD_EQR_CARPDA(1.0),New passenger cars by type of motor energy,A,Annual,NR,Number,GAS,Natural gas,CY,Cyprus,2014,,0,,,,,
dataflow,ESTAT:ROAD_EQR_CARPDA(1.0),New passenger cars by type of motor energy,A,Annual,NR,Number,GAS,Natural gas,CY,Cyprus,2015,,0,,,,,
dataflow,ESTAT:ROAD_EQR_CARPDA(1.0),New passenger cars by type of motor energy,A,Annual,NR,Number,GAS,Natural gas,CY,Cyprus,2016,,0,,,,,
dataflow,ESTAT:ROAD_EQR_CARPDA(1.0),New passenger cars by type of motor energy,A,Annual,NR,Number,GAS,Natural gas,CY,Cyprus,2017,,0,,,,,
dataflow,ESTAT:ROAD_EQR_CARPDA(1.0),New passenger cars by type of motor energy,A,Annual,NR,Number,GAS,Natural gas,CY,Cyprus,2018,,0,,,,,
dataflow,ESTAT:ROAD_EQR_CARPDA(1.0),New passenger cars by type of motor energy,A,Annual,NR,Number,GAS,Natural gas,CY,Cyprus,2019,,0,,,,,
dataflow,ESTAT:ROAD_EQR_CARPDA(1.0),New passenger cars by type of motor energy,A,Annual,NR,Number,GAS,Natural gas,CY,Cyprus,2020,,0,,,,,
dataflow,ESTAT:ROAD_EQR_CARPDA(1.0),New passenger cars by type of motor energy,A,Annual,NR,Number,GAS,Natural gas,CY,Cyprus,2021,,0,,,,,
dataflow,ESTAT:ROAD_EQR_CARPDA(1.0),New passenger cars by type of motor energy,A,Annual,NR,Number,GAS,Natural gas,CY,Cyprus,2022,,0,,,,,
dataflow,ESTAT:ROAD_EQR_CARPDA(1.0),New passenger cars by type of motor energy,A,Annual,NR,Number,GAS,Natural gas,CY,Cyprus,2023,,0,,,,,
dataflow,ESTAT:ROAD_EQR_CARPDA(1.0),New passenger cars by type of motor energy,A,Annual,NR,Number,GAS,Natural gas,CY,Cyprus,2024,,0,,,,,
dataflow,ESTAT:ROAD_EQR_CARPDA(1.0),New passenger cars by type of motor energy,A,Annual,NR,Number,GAS,Natural gas,CZ,Czechia,2021,,840,,,,,
dataflow,ESTAT:ROAD_EQR_CARPDA(1.0),New passenger cars by type of motor energy,A,Annual,NR,Number,GAS,Natural gas,CZ,Czechia,2022,,804,,,,,
dataflow,ESTAT:ROAD_EQR_CARPDA(1.0),New passenger cars by type of motor energy,A,Annual,NR,Number,GAS,Natural gas,CZ,Czechia,2023,,455,,,,,
dataflow,ESTAT:ROAD_EQR_CARPDA(1.0),New passenger cars by type of motor energy,A,Annual,NR,Number,GAS,Natural gas,CZ,Czechia,2024,,216,,,,,
dataflow,ESTAT:ROAD_EQR_CARPDA(1.0),New passenger cars by type of motor energy,A,Annual,NR,Number,GAS,Natural gas,DE,Germany,2013,,7835,,,,,
dataflow,ESTAT:ROAD_EQR_CARPDA(1.0),New passenger cars by type of motor energy,A,Annual,NR,Number,GAS,Natural gas,DE,Germany,2014,,8194,,,,,
dataflow,ESTAT:ROAD_EQR_CARPDA(1.0),New passenger cars by type of motor energy,A,Annual,NR,Number,GAS,Natural gas,DE,Germany,2015,,5285,,,,,
dataflow,ESTAT:ROAD_EQR_CARPDA(1.0),New passenger cars by type of motor energy,A,Annual,NR,Number,GAS,Natural gas,DE,Germany,2016,,3240,,,,,
dataflow,ESTAT:ROAD_EQR_CARPDA(1.0),New passenger cars by type of motor energy,A,Annual,NR,Number,GAS,Natural gas,DE,Germany,2017,,3723,,,,,
dataflow,ESTAT:ROAD_EQR_CARPDA(1.0),New passenger cars by type of motor energy,A,Annual,NR,Number,GAS,Natural gas,DE,Germany,2018,,10804,,,,,
dataflow,ESTAT:ROAD_EQR_CARPDA(1.0),New passenger cars by type of motor energy,A,Annual,NR,Number,GAS,Natural gas,DE,Germany,2019,,7623,,,,,
dataflow,ESTAT:ROAD_EQR_CARPDA(1.0),New passenger cars by type of motor energy,A,Annual,NR,Number,GAS,Natural gas,DE,Germany,2020,,7159,,,,,
dataflow,ESTAT:ROAD_EQR_CARPDA(1.0),New passenger cars by type of motor energy,A,Annual,NR,Number,GAS,Natural gas,DE,Germany,2021,,3916,,,,,
dataflow,ESTAT:ROAD_EQR_CARPDA(1.0),New passenger cars by type of motor energy,A,Annual,NR,Number,GAS,Natural gas,DE,Germany,2022,,1846,,,,,
dataflow,ESTAT:ROAD_EQR_CARPDA(1.0),New passenger cars by type of motor energy,A,Annual,NR,Number,GAS,Natural gas,DE,Germany,2023,,1327,,,,,
dataflow,ESTAT:ROAD_EQR_CARPDA(1.0),New passenger cars by type of motor energy,A,Annual,NR,Number,GAS,Natural gas,DE,Germany,2024,,137,,,,,
dataflow,ESTAT:ROAD_EQR_CARPDA(1.0),New passenger cars by type of motor energy,A,Annual,NR,Number,GAS,Natural gas,DK,Denmark,2013,,15,,,,,
dataflow,ESTAT:ROAD_EQR_CARPDA(1.0),New passenger cars by type of motor energy,A,Annual,NR,Number,GAS,Natural gas,DK,Denmark,2014,,43,,,,,
dataflow,ESTAT:ROAD_EQR_CARPDA(1.0),New passenger cars by type of motor energy,A,Annual,NR,Number,GAS,Natural gas,DK,Denmark,2015,,36,,,,,
dataflow,ESTAT:ROAD_EQR_CARPDA(1.0),New passenger cars by type of motor energy,A,Annual,NR,Number,GAS,Natural gas,DK,Denmark,2016,,36,,,,,
dataflow,ESTAT:ROAD_EQR_CARPDA(1.0),New passenger cars by type of motor energy,A,Annual,NR,Number,GAS,Natural gas,DK,Denmark,2017,,47,,,,,
dataflow,ESTAT:ROAD_EQR_CARPDA(1.0),New passenger cars by type of motor energy,A,Annual,NR,Number,GAS,Natural gas,DK,Denmark,2018,,7,,,,,
dataflow,ESTAT:ROAD_EQR_CARPDA(1.0),New passenger cars by type of motor energy,A,Annual,NR,Number,GAS,Natural gas,DK,Denmark,2019,,6,,,,,
dataflow,ESTAT:ROAD_EQR_CARPDA(1.0),New passenger cars by type of motor energy,A,Annual,NR,Number,GAS,Natural gas,DK,Denmark,2020,,0,,,,,
dataflow,ESTAT:ROAD_EQR_CARPDA(1.0),New passenger cars by type of motor energy,A,Annual,NR,Number,GAS,Natural gas,DK,Denmark,2021,,0,,,,,
dataflow,ESTAT:ROAD_EQR_CARPDA(1.0),New passenger cars by type of motor energy,A,Annual,NR,Number,GAS,Natural gas,DK,Denmark,2022,,0,,,,,
dataflow,ESTAT:ROAD_EQR_CARPDA(1.0),New passenger cars by type of motor energy,A,Annual,NR,Number,GAS,Natural gas,DK,Denmark,2023,,0,,,,,
dataflow,ESTAT:ROAD_EQR_CARPDA(1.0),New passenger cars by type of motor energy,A,Annual,NR,Number,GAS,Natural gas,DK,Denmark,2024,,0,,,,,
dataflow,ESTAT:ROAD_EQR_CARPDA(1.0),New passenger cars by type of motor energy,A,Annual,NR,Number,GAS,Natural gas,EE,Estonia,2013,,6,,,,,
dataflow,ESTAT:ROAD_EQR_CARPDA(1.0),New passenger cars by type of motor energy,A,Annual,NR,Number,GAS,Natural gas,EE,Estonia,2014,,17,,,,,
dataflow,ESTAT:ROAD_EQR_CARPDA(1.0),New passenger cars by type of motor energy,A,Annual,NR,Number,GAS,Natural gas,EE,Estonia,2015,,16,,,,,
dataflow,ESTAT:ROAD_EQR_CARPDA(1.0),New passenger cars by type of motor energy,A,Annual,NR,Number,GAS,Natural gas,EE,Estonia,2016,,3,,,,,
dataflow,ESTAT:ROAD_EQR_CARPDA(1.0),New passenger cars by type of motor energy,A,Annual,NR,Number,GAS,Natural gas,EE,Estonia,2017,,9,,,,,
dataflow,ESTAT:ROAD_EQR_CARPDA(1.0),New passenger cars by type of motor energy,A,Annual,NR,Number,GAS,Natural gas,EE,Estonia,2018,,3,,,,,
dataflow,ESTAT:ROAD_EQR_CARPDA(1.0),New passenger cars by type of motor energy,A,Annual,NR,Number,GAS,Natural gas,EE,Estonia,2019,,578,,,,,
dataflow,ESTAT:ROAD_EQR_CARPDA(1.0),New passenger cars by type of motor energy,A,Annual,NR,Number,GAS,Natural gas,EE,Estonia,2020,,664,,,,,
dataflow,ESTAT:ROAD_EQR_CARPDA(1.0),New passenger cars by type of motor energy,A,Annual,NR,Number,GAS,Natural gas,EE,Estonia,2021,,466,,,,,
dataflow,ESTAT:ROAD_EQR_CARPDA(1.0),New passenger cars by type of motor energy,A,Annual,NR,Number,GAS,Natural gas,EE,Estonia,2022,,285,,,,,
dataflow,ESTAT:ROAD_EQR_CARPDA(1.0),New passenger cars by type of motor energy,A,Annual,NR,Number,GAS,Natural gas,EE,Estonia,2023,,66,,,,,
dataflow,ESTAT:ROAD_EQR_CARPDA(1.0),New passenger cars by type of motor energy,A,Annual,NR,Number,GAS,Natural gas,EE,Estonia,2024,,146,,,,,
dataflow,ESTAT:ROAD_EQR_CARPDA(1.0),New passenger cars by type of motor energy,A,Annual,NR,Number,GAS,Natural gas,EL,Greece,2021,,1099,,e,estimated,,
dataflow,ESTAT:ROAD_EQR_CARPDA(1.0),New passenger cars by type of motor energy,A,Annual,NR,Number,GAS,Natural gas,EL,Greece,2022,,644,,,,,
dataflow,ESTAT:ROAD_EQR_CARPDA(1.0),New passenger cars by type of motor energy,A,Annual,NR,Number,GAS,Natural gas,EL,Greece,2023,,397,,,,,
dataflow,ESTAT:ROAD_EQR_CARPDA(1.0),New passenger cars by type of motor energy,A,Annual,NR,Number,GAS,Natural gas,EL,Greece,2024,,39,,,,,
dataflow,ESTAT:ROAD_EQR_CARPDA(1.0),New passenger cars by type of motor energy,A,Annual,NR,Number,GAS,Natural gas,ES,Spain,2014,,127,,,,,
dataflow,ESTAT:ROAD_EQR_CARPDA(1.0),New passenger cars by type of motor energy,A,Annual,NR,Number,GAS,Natural gas,ES,Spain,2015,,160,,,,,
dataflow,ESTAT:ROAD_EQR_CARPDA(1.0),New passenger cars by type of motor energy,A,Annual,NR,Number,GAS,Natural gas,ES,Spain,2016,,70,,,,,
dataflow,ESTAT:ROAD_EQR_CARPDA(1.0),New passenger cars by type of motor energy,A,Annual,NR,Number,GAS,Natural gas,ES,Spain,2017,,119,,,,,
dataflow,ESTAT:ROAD_EQR_CARPDA(1.0),New passenger cars by type of motor energy,A,Annual,NR,Number,GAS,Natural gas,ES,Spain,2018,,429,,,,,
dataflow,ESTAT:ROAD_EQR_CARPDA(1.0),New passenger cars by type of motor energy,A,Annual,NR,Number,GAS,Natural gas,ES,Spain,2019,,5914,,,,,
dataflow,ESTAT:ROAD_EQR_CARPDA(1.0),New passenger cars by type of motor energy,A,Annual,NR,Number,GAS,Natural gas,ES,Spain,2020,,3782,,,,,
dataflow,ESTAT:ROAD_EQR_CARPDA(1.0),New passenger cars by type of motor energy,A,Annual,NR,Number,GAS,Natural gas,ES,Spain,2021,,1195,,,,,
dataflow,ESTAT:ROAD_EQR_CARPDA(1.0),New passenger cars by type of motor energy,A,Annual,NR,Number,GAS,Natural gas,ES,Spain,2022,,403,,,,,
dataflow,ESTAT:ROAD_EQR_CARPDA(1.0),New passenger cars by type of motor energy,A,Annual,NR,Number,GAS,Natural gas,ES,Spain,2023,,148,,,,,
dataflow,ESTAT:ROAD_EQR_CARPDA(1.0),New passenger cars by type of motor energy,A,Annual,NR,Number,GAS,Natural gas,ES,Spain,2024,,101,,,,,
dataflow,ESTAT:ROAD_EQR_CARPDA(1.0),New passenger cars by type of motor energy,A,Annual,NR,Number,GAS,Natural gas,FI,Finland,2013,,21,,,,,
dataflow,ESTAT:ROAD_EQR_CARPDA(1.0),New passenger cars by type of motor energy,A,Annual,NR,Number,GAS,Natural gas,FI,Finland,2014,,37,,,,,
dataflow,ESTAT:ROAD_EQR_CARPDA(1.0),New passenger cars by type of motor energy,A,Annual,NR,Number,GAS,Natural gas,FI,Finland,2015,,18,,,,,
dataflow,ESTAT:ROAD_EQR_CARPDA(1.0),New passenger cars by type of motor energy,A,Annual,NR,Number,GAS,Natural gas,FI,Finland,2016,,38,,,,,
dataflow,ESTAT:ROAD_EQR_CARPDA(1.0),New passenger cars by type of motor energy,A,Annual,NR,Number,GAS,Natural gas,FI,Finland,2017,,65,,,,,
dataflow,ESTAT:ROAD_EQR_CARPDA(1.0),New passenger cars by type of motor energy,A,Annual,NR,Number,GAS,Natural gas,FI,Finland,2018,,182,,,,,
dataflow,ESTAT:ROAD_EQR_CARPDA(1.0),New passenger cars by type of motor energy,A,Annual,NR,Number,GAS,Natural gas,FI,Finland,2019,,2135,,,,,
dataflow,ESTAT:ROAD_EQR_CARPDA(1.0),New passenger cars by type of motor energy,A,Annual,NR,Number,GAS,Natural gas,FI,Finland,2020,,1841,,,,,
dataflow,ESTAT:ROAD_EQR_CARPDA(1.0),New passenger cars by type of motor energy,A,Annual,NR,Number,GAS,Natural gas,FI,Finland,2021,,909,,,,,
dataflow,ESTAT:ROAD_EQR_CARPDA(1.0),New passenger cars by type of motor energy,A,Annual,NR,Number,GAS,Natural gas,FI,Finland,2022,,595,,,,,
dataflow,ESTAT:ROAD_EQR_CARPDA(1.0),New passenger cars by type of motor energy,A,Annual,NR,Number,GAS,Natural gas,FI,Finland,2023,,453,,,,,
dataflow,ESTAT:ROAD_EQR_CARPDA(1.0),New passenger cars by type of motor energy,A,Annual,NR,Number,GAS,Natural gas,FI,Finland,2024,,114,,,,,
dataflow,ESTAT:ROAD_EQR_CARPDA(1.0),New passenger cars by type of motor energy,A,Annual,NR,Number,GAS,Natural gas,FR,France,2013,,19,,,,,
dataflow,ESTAT:ROAD_EQR_CARPDA(1.0),New passenger cars by type of motor energy,A,Annual,NR,Number,GAS,Natural gas,FR,France,2014,,27,,,,,
dataflow,ESTAT:ROAD_EQR_CARPDA(1.0),New passenger cars by type of motor energy,A,Annual,NR,Number,GAS,Natural gas,FR,France,2015,,46,,,,,
dataflow,ESTAT:ROAD_EQR_CARPDA(1.0),New passenger cars by type of motor energy,A,Annual,NR,Number,GAS,Natural gas,FR,France,2016,,10,,,,,
dataflow,ESTAT:ROAD_EQR_CARPDA(1.0),New passenger cars by type of motor energy,A,Annual,NR,Number,GAS,Natural gas,FR,France,2017,,26,,,,,
dataflow,ESTAT:ROAD_EQR_CARPDA(1.0),New passenger cars by type of motor energy,A,Annual,NR,Number,GAS,Natural gas,FR,France,2018,,20,,,,,
dataflow,ESTAT:ROAD_EQR_CARPDA(1.0),New passenger cars by type of motor energy,A,Annual,NR,Number,GAS,Natural gas,FR,France,2019,,230,,,,,
dataflow,ESTAT:ROAD_EQR_CARPDA(1.0),New passenger cars by type of motor energy,A,Annual,NR,Number,GAS,Natural gas,FR,France,2020,,320,,,,,
dataflow,ESTAT:ROAD_EQR_CARPDA(1.0),New passenger cars by type of motor energy,A,Annual,NR,Number,GAS,Natural gas,FR,France,2021,,170,,,,,
dataflow,ESTAT:ROAD_EQR_CARPDA(1.0),New passenger cars by type of motor energy,A,Annual,NR,Number,GAS,Natural gas,FR,France,2022,,109,,,,,
dataflow,ESTAT:ROAD_EQR_CARPDA(1.0),New passenger cars by type of motor energy,A,Annual,NR,Number,GAS,Natural gas,FR,France,2023,,98,,,,,
dataflow,ESTAT:ROAD_EQR_CARPDA(1.0),New passenger cars by type of motor energy,A,Annual,NR,Number,GAS,Natural gas,FR,France,2024,,98,,i,value imputed by Eurostat or other receiving agencies,,
dataflow,ESTAT:ROAD_EQR_CARPDA(1.0),New passenger cars by type of motor energy,A,Annual,NR,Number,GAS,Natural gas,GE,Georgia,2018,,0,,,,,
dataflow,ESTAT:ROAD_EQR_CARPDA(1.0),New passenger cars by type of motor energy,A,Annual,NR,Number,GAS,Natural gas,GE,Georgia,2023,,0,,,,,
dataflow,ESTAT:ROAD_EQR_CARPDA(1.0),New passenger cars by type of motor energy,A,Annual,NR,Number,GAS,Natural gas,GE,Georgia,2024,,0,,,,,
dataflow,ESTAT:ROAD_EQR_CARPDA(1.0),New passenger cars by type of motor energy,A,Annual,NR,Number,GAS,Natural gas,HR,Croatia,2016,,2,,,,,
dataflow,ESTAT:ROAD_EQR_CARPDA(1.0),New passenger cars by type of motor energy,A,Annual,NR,Number,GAS,Natural gas,HR,Croatia,2017,,1,,,,,
dataflow,ESTAT:ROAD_EQR_CARPDA(1.0),New passenger cars by type of motor energy,A,Annual,NR,Number,GAS,Natural gas,HR,Croatia,2018,,2,,,,,
dataflow,ESTAT:ROAD_EQR_CARPDA(1.0),New passenger cars by type of motor energy,A,Annual,NR,Number,GAS,Natural gas,HR,Croatia,2019,,3,,,,,
dataflow,ESTAT:ROAD_EQR_CARPDA(1.0),New passenger cars by type of motor energy,A,Annual,NR,Number,GAS,Natural gas,HR,Croatia,2020,,1,,,,,
dataflow,ESTAT:ROAD_EQR_CARPDA(1.0),New passenger cars by type of motor energy,A,Annual,NR,Number,GAS,Natural gas,HU,Hungary,2013,,33,,,,,
dataflow,ESTAT:ROAD_EQR_CARPDA(1.0),New passenger cars by type of motor energy,A,Annual,NR,Number,GAS,Natural gas,HU,Hungary,2014,,31,,,,,
dataflow,ESTAT:ROAD_EQR_CARPDA(1.0),New passenger cars by type of motor energy,A,Annual,NR,Number,GAS,Natural gas,HU,Hungary,2015,,1,,,,,
dataflow,ESTAT:ROAD_EQR_CARPDA(1.0),New passenger cars by type of motor energy,A,Annual,NR,Number,GAS,Natural gas,HU,Hungary,2016,,4,,,,,
dataflow,ESTAT:ROAD_EQR_CARPDA(1.0),New passenger cars by type of motor energy,A,Annual,NR,Number,GAS,Natural gas,HU,Hungary,2017,,5,,,,,
dataflow,ESTAT:ROAD_EQR_CARPDA(1.0),New passenger cars by type of motor energy,A,Annual,NR,Number,GAS,Natural gas,HU,Hungary,2018,,9,,,,,
dataflow,ESTAT:ROAD_EQR_CARPDA(1.0),New passenger cars by type of motor energy,A,Annual,NR,Number,GAS,Natural gas,HU,Hungary,2019,,3,,,,,
dataflow,ESTAT:ROAD_EQR_CARPDA(1.0),New passenger cars by type of motor energy,A,Annual,NR,Number,GAS,Natural gas,HU,Hungary,2020,,2,,,,,
dataflow,ESTAT:ROAD_EQR_CARPDA(1.0),New passenger cars by type of motor energy,A,Annual,NR,Number,GAS,Natural gas,HU,Hungary,2021,,5,,,,,
dataflow,ESTAT:ROAD_EQR_CARPDA(1.0),New passenger cars by type of motor energy,A,Annual,NR,Number,GAS,Natural gas,HU,Hungary,2022,,4,,,,,
dataflow,ESTAT:ROAD_EQR_CARPDA(1.0),New passenger cars by type of motor energy,A,Annual,NR,Number,GAS,Natural gas,HU,Hungary,2023,,0,,,,,
dataflow,ESTAT:ROAD_EQR_CARPDA(1.0),New passenger cars by type of motor energy,A,Annual,NR,Number,GAS,Natural gas,HU,Hungary,2024,,0,,i,value imputed by Eurostat or other receiving agencies,,
dataflow,ESTAT:ROAD_EQR_CARPDA(1.0),New passenger cars by type of motor energy,A,Annual,NR,Number,GAS,Natural gas,IS,Iceland,2017,,18,,,,,
dataflow,ESTAT:ROAD_EQR_CARPDA(1.0),New passenger cars by type of motor energy,A,Annual,NR,Number,GAS,Natural gas,IS,Iceland,2018,,5,,,,,
dataflow,ESTAT:ROAD_EQR_CARPDA(1.0),New passenger cars by type of motor energy,A,Annual,NR,Number,GAS,Natural gas,IS,Iceland,2019,,52,,,,,
dataflow,ESTAT:ROAD_EQR_CARPDA(1.0),New passenger cars by type of motor energy,A,Annual,NR,Number,GAS,Natural gas,IS,Iceland,2020,,35,,,,,
dataflow,ESTAT:ROAD_EQR_CARPDA(1.0),New passenger cars by type of motor energy,A,Annual,NR,Number,GAS,Natural gas,IS,Iceland,2021,,5,,,,,
dataflow,ESTAT:ROAD_EQR_CARPDA(1.0),New passenger cars by type of motor energy,A,Annual,NR,Number,GAS,Natural gas,IS,Iceland,2022,,4,,i,value imputed by Eurostat or other receiving agencies,,
dataflow,ESTAT:ROAD_EQR_CARPDA(1.0),New passenger cars by type of motor energy,A,Annual,NR,Number,GAS,Natural gas,IS,Iceland,2023,,3,,i,value imputed by Eurostat or other receiving agencies,,
dataflow,ESTAT:ROAD_EQR_CARPDA(1.0),New passenger cars by type of motor energy,A,Annual,NR,Number,GAS,Natural gas,IS,Iceland,2024,,4,,i,value imputed by Eurostat or other receiving agencies,,
dataflow,ESTAT:ROAD_EQR_CARPDA(1.0),New passenger cars by type of motor energy,A,Annual,NR,Number,GAS,Natural gas,IT,Italy,2013,,67982,,,,,
dataflow,ESTAT:ROAD_EQR_CARPDA(1.0),New passenger cars by type of motor energy,A,Annual,NR,Number,GAS,Natural gas,IT,Italy,2014,,72387,,,,,
dataflow,ESTAT:ROAD_EQR_CARPDA(1.0),New passenger cars by type of motor energy,A,Annual,NR,Number,GAS,Natural gas,IT,Italy,2015,,62939,,i,value imputed by Eurostat or other receiving agencies,,
dataflow,ESTAT:ROAD_EQR_CARPDA(1.0),New passenger cars by type of motor energy,A,Annual,NR,Number,GAS,Natural gas,IT,Italy,2016,,43787,,i,value imputed by Eurostat or other receiving agencies,,
dataflow,ESTAT:ROAD_EQR_CARPDA(1.0),New passenger cars by type of motor energy,A,Annual,NR,Number,GAS,Natural gas,IT,Italy,2017,,32659,,,,,
dataflow,ESTAT:ROAD_EQR_CARPDA(1.0),New passenger cars by type of motor energy,A,Annual,NR,Number,GAS,Natural gas,IT,Italy,2018,,37416,,,,,
dataflow,ESTAT:ROAD_EQR_CARPDA(1.0),New passenger cars by type of motor energy,A,Annual,NR,Number,GAS,Natural gas,IT,Italy,2019,,38159,,,,,
dataflow,ESTAT:ROAD_EQR_CARPDA(1.0),New passenger cars by type of motor energy,A,Annual,NR,Number,GAS,Natural gas,IT,Italy,2020,,32455,,,,,
dataflow,ESTAT:ROAD_EQR_CARPDA(1.0),New passenger cars by type of motor energy,A,Annual,NR,Number,GAS,Natural gas,IT,Italy,2021,,31695,,,,,
dataflow,ESTAT:ROAD_EQR_CARPDA(1.0),New passenger cars by type of motor energy,A,Annual,NR,Number,GAS,Natural gas,IT,Italy,2022,,10740,,,,,
dataflow,ESTAT:ROAD_EQR_CARPDA(1.0),New passenger cars by type of motor energy,A,Annual,NR,Number,GAS,Natural gas,IT,Italy,2023,,1855,,,,,
dataflow,ESTAT:ROAD_EQR_CARPDA(1.0),New passenger cars by type of motor energy,A,Annual,NR,Number,GAS,Natural gas,IT,Italy,2024,,1247,,i,value imputed by Eurostat or other receiving agencies,,
dataflow,ESTAT:ROAD_EQR_CARPDA(1.0),New passenger cars by type of motor energy,A,Annual,NR,Number,GAS,Natural gas,LI,Liechtenstein,2013,,4,,,,,
dataflow,ESTAT:ROAD_EQR_CARPDA(1.0),New passenger cars by type of motor energy,A,Annual,NR,Number,GAS,Natural gas,LI,Liechtenstein,2014,,1,,,,,
dataflow,ESTAT:ROAD_EQR_CARPDA(1.0),New passenger cars by type of motor energy,A,Annual,NR,Number,GAS,Natural gas,LI,Liechtenstein,2015,,5,,,,,
dataflow,ESTAT:ROAD_EQR_CARPDA(1.0),New passenger cars by type of motor energy,A,Annual,NR,Number,GAS,Natural gas,LI,Liechtenstein,2016,,0,,,,,
dataflow,ESTAT:ROAD_EQR_CARPDA(1.0),New passenger cars by type of motor energy,A,Annual,NR,Number,GAS,Natural gas,LI,Liechtenstein,2017,,1,,,,,
dataflow,ESTAT:ROAD_EQR_CARPDA(1.0),New passenger cars by type of motor energy,A,Annual,NR,Number,GAS,Natural gas,LI,Liechtenstein,2018,,1,,,,,
dataflow,ESTAT:ROAD_EQR_CARPDA(1.0),New passenger cars by type of motor energy,A,Annual,NR,Number,GAS,Natural gas,LI,Liechtenstein,2019,,7,,,,,
dataflow,ESTAT:ROAD_EQR_CARPDA(1.0),New passenger cars by type of motor energy,A,Annual,NR,Number,GAS,Natural gas,LI,Liechtenstein,2020,,2,,,,,
dataflow,ESTAT:ROAD_EQR_CARPDA(1.0),New passenger cars by type of motor energy,A,Annual,NR,Number,GAS,Natural gas,LI,Liechtenstein,2021,,3,,,,,
dataflow,ESTAT:ROAD_EQR_CARPDA(1.0),New passenger cars by type of motor energy,A,Annual,NR,Number,GAS,Natural gas,LI,Liechtenstein,2022,,2,,,,,
dataflow,ESTAT:ROAD_EQR_CARPDA(1.0),New passenger cars by type of motor energy,A,Annual,NR,Number,GAS,Natural gas,LI,Liechtenstein,2023,,0,,,,,
dataflow,ESTAT:ROAD_EQR_CARPDA(1.0),New passenger cars by type of motor energy,A,Annual,NR,Number,GAS,Natural gas,LI,Liechtenstein,2024,,0,,,,,
dataflow,ESTAT:ROAD_EQR_CARPDA(1.0),New passenger cars by type of motor energy,A,Annual,NR,Number,GAS,Natural gas,LT,Lithuania,2013,,0,,,,,
dataflow,ESTAT:ROAD_EQR_CARPDA(1.0),New passenger cars by type of motor energy,A,Annual,NR,Number,GAS,Natural gas,LT,Lithuania,2014,,0,,,,,
dataflow,ESTAT:ROAD_EQR_CARPDA(1.0),New passenger cars by type of motor energy,A,Annual,NR,Number,GAS,Natural gas,LT,Lithuania,2015,,0,,,,,
dataflow,ESTAT:ROAD_EQR_CARPDA(1.0),New passenger cars by type of motor energy,A,Annual,NR,Number,GAS,Natural gas,LT,Lithuania,2017,,0,,,,,
dataflow,ESTAT:ROAD_EQR_CARPDA(1.0),New passenger cars by type of motor energy,A,Annual,NR,Number,GAS,Natural gas,LT,Lithuania,2022,,0,,,,,
dataflow,ESTAT:ROAD_EQR_CARPDA(1.0),New passenger cars by type of motor energy,A,Annual,NR,Number,GAS,Natural gas,LT,Lithuania,2023,,0,,,,,
dataflow,ESTAT:ROAD_EQR_CARPDA(1.0),New passenger cars by type of motor energy,A,Annual,NR,Number,GAS,Natural gas,LT,Lithuania,2024,,0,,,,,
dataflow,ESTAT:ROAD_EQR_CARPDA(1.0),New passenger cars by type of motor energy,A,Annual,NR,Number,GAS,Natural gas,LU,Luxembourg,2021,,3,,,,,
dataflow,ESTAT:ROAD_EQR_CARPDA(1.0),New passenger cars by type of motor energy,A,Annual,NR,Number,GAS,Natural gas,LU,Luxembourg,2022,,2,,i,value imputed by Eurostat or other receiving agencies,,
dataflow,ESTAT:ROAD_EQR_CARPDA(1.0),New passenger cars by type of motor energy,A,Annual,NR,Number,GAS,Natural gas,LU,Luxembourg,2023,,0,,,,,
dataflow,ESTAT:ROAD_EQR_CARPDA(1.0),New passenger cars by type of motor energy,A,Annual,NR,Number,GAS,Natural gas,LU,Luxembourg,2024,,1,,,,,
dataflow,ESTAT:ROAD_EQR_CARPDA(1.0),New passenger cars by type of motor energy,A,Annual,NR,Number,GAS,Natural gas,LV,Latvia,2016,,4,,,,,
dataflow,ESTAT:ROAD_EQR_CARPDA(1.0),New passenger cars by type of motor energy,A,Annual,NR,Number,GAS,Natural gas,LV,Latvia,2017,,11,,,,,
dataflow,ESTAT:ROAD_EQR_CARPDA(1.0),New passenger cars by type of motor energy,A,Annual,NR,Number,GAS,Natural gas,LV,Latvia,2018,,4,,,,,
dataflow,ESTAT:ROAD_EQR_CARPDA(1.0),New passenger cars by type of motor energy,A,Annual,NR,Number,GAS,Natural gas,LV,Latvia,2019,,15,,,,,
dataflow,ESTAT:ROAD_EQR_CARPDA(1.0),New passenger cars by type of motor energy,A,Annual,NR,Number,GAS,Natural gas,LV,Latvia,2020,,35,,,,,
dataflow,ESTAT:ROAD_EQR_CARPDA(1.0),New passenger cars by type of motor energy,A,Annual,NR,Number,GAS,Natural gas,LV,Latvia,2021,,19,,,,,
dataflow,ESTAT:ROAD_EQR_CARPDA(1.0),New passenger cars by type of motor energy,A,Annual,NR,Number,GAS,Natural gas,LV,Latvia,2022,,24,,,,,
dataflow,ESTAT:ROAD_EQR_CARPDA(1.0),New passenger cars by type of motor energy,A,Annual,NR,Number,GAS,Natural gas,LV,Latvia,2023,,3,,,,,
dataflow,ESTAT:ROAD_EQR_CARPDA(1.0),New passenger cars by type of motor energy,A,Annual,NR,Number,GAS,Natural gas,LV,Latvia,2024,,0,,,,,
dataflow,ESTAT:ROAD_EQR_CARPDA(1.0),New passenger cars by type of motor energy,A,Annual,NR,Number,GAS,Natural gas,MD,Moldova,2013,,415,,,,,
dataflow,ESTAT:ROAD_EQR_CARPDA(1.0),New passenger cars by type of motor energy,A,Annual,NR,Number,GAS,Natural gas,MD,Moldova,2014,,680,,,,,
dataflow,ESTAT:ROAD_EQR_CARPDA(1.0),New passenger cars by type of motor energy,A,Annual,NR,Number,GAS,Natural gas,MD,Moldova,2015,,576,,,,,
dataflow,ESTAT:ROAD_EQR_CARPDA(1.0),New passenger cars by type of motor energy,A,Annual,NR,Number,GAS,Natural gas,MD,Moldova,2016,,636,,,,,
dataflow,ESTAT:ROAD_EQR_CARPDA(1.0),New passenger cars by type of motor energy,A,Annual,NR,Number,GAS,Natural gas,MD,Moldova,2017,,841,,,,,
dataflow,ESTAT:ROAD_EQR_CARPDA(1.0),New passenger cars by type of motor energy,A,Annual,NR,Number,GAS,Natural gas,MD,Moldova,2018,,644,,,,,
dataflow,ESTAT:ROAD_EQR_CARPDA(1.0),New passenger cars by type of motor energy,A,Annual,NR,Number,GAS,Natural gas,MD,Moldova,2019,,737,,,,,
dataflow,ESTAT:ROAD_EQR_CARPDA(1.0),New passenger cars by type of motor energy,A,Annual,NR,Number,GAS,Natural gas,MD,Moldova,2020,,699,,,,,
dataflow,ESTAT:ROAD_EQR_CARPDA(1.0),New passenger cars by type of motor energy,A,Annual,NR,Number,GAS,Natural gas,MD,Moldova,2021,,1431,,,,,
dataflow,ESTAT:ROAD_EQR_CARPDA(1.0),New passenger cars by type of motor energy,A,Annual,NR,Number,GAS,Natural gas,MD,Moldova,2022,,293,,,,,
dataflow,ESTAT:ROAD_EQR_CARPDA(1.0),New passenger cars by type of motor energy,A,Annual,NR,Number,GAS,Natural gas,MD,Moldova,2023,,169,,,,,
dataflow,ESTAT:ROAD_EQR_CARPDA(1.0),New passenger cars by type of motor energy,A,Annual,NR,Number,GAS,Natural gas,MD,Moldova,2024,,701,,,,,
dataflow,ESTAT:ROAD_EQR_CARPDA(1.0),New passenger cars by type of motor energy,A,Annual,NR,Number,GAS,Natural gas,MT,Malta,2013,,0,,,,,
dataflow,ESTAT:ROAD_EQR_CARPDA(1.0),New passenger cars by type of motor energy,A,Annual,NR,Number,GAS,Natural gas,MT,Malta,2014,,0,,,,,
dataflow,ESTAT:ROAD_EQR_CARPDA(1.0),New passenger cars by type of motor energy,A,Annual,NR,Number,GAS,Natural gas,MT,Malta,2015,,0,,,,,
dataflow,ESTAT:ROAD_EQR_CARPDA(1.0),New passenger cars by type of motor energy,A,Annual,NR,Number,GAS,Natural gas,MT,Malta,2016,,0,,,,,
dataflow,ESTAT:ROAD_EQR_CARPDA(1.0),New passenger cars by type of motor energy,A,Annual,NR,Number,GAS,Natural gas,MT,Malta,2017,,0,,,,,
dataflow,ESTAT:ROAD_EQR_CARPDA(1.0),New passenger cars by type of motor energy,A,Annual,NR,Number,GAS,Natural gas,MT,Malta,2018,,0,,,,,
dataflow,ESTAT:ROAD_EQR_CARPDA(1.0),New passenger cars by type of motor energy,A,Annual,NR,Number,GAS,Natural gas,MT,Malta,2019,,0,,,,,
dataflow,ESTAT:ROAD_EQR_CARPDA(1.0),New passenger cars by type of motor energy,A,Annual,NR,Number,GAS,Natural gas,MT,Malta,2020,,0,,,,,
dataflow,ESTAT:ROAD_EQR_CARPDA(1.0),New passenger cars by type of motor energy,A,Annual,NR,Number,GAS,Natural gas,MT,Malta,2021,,0,,,,,
dataflow,ESTAT:ROAD_EQR_CARPDA(1.0),New passenger cars by type of motor energy,A,Annual,NR,Number,GAS,Natural gas,MT,Malta,2022,,0,,,,,
dataflow,ESTAT:ROAD_EQR_CARPDA(1.0),New passenger cars by type of motor energy,A,Annual,NR,Number,GAS,Natural gas,MT,Malta,2023,,0,,,,,
dataflow,ESTAT:ROAD_EQR_CARPDA(1.0),New passenger cars by type of motor energy,A,Annual,NR,Number,GAS,Natural gas,MT,Malta,2024,,0,,,,,
dataflow,ESTAT:ROAD_EQR_CARPDA(1.0),New passenger cars by type of motor energy,A,Annual,NR,Number,GAS,Natural gas,NL,Netherlands,2013,,530,,,,,
dataflow,ESTAT:ROAD_EQR_CARPDA(1.0),New passenger cars by type of motor energy,A,Annual,NR,Number,GAS,Natural gas,NL,Netherlands,2014,,3223,,,,,
dataflow,ESTAT:ROAD_EQR_CARPDA(1.0),New passenger cars by type of motor energy,A,Annual,NR,Number,GAS,Natural gas,NL,Netherlands,2015,,678,,,,,
dataflow,ESTAT:ROAD_EQR_CARPDA(1.0),New passenger cars by type of motor energy,A,Annual,NR,Number,GAS,Natural gas,NL,Netherlands,2016,,658,,,,,
dataflow,ESTAT:ROAD_EQR_CARPDA(1.0),New passenger cars by type of motor energy,A,Annual,NR,Number,GAS,Natural gas,NL,Netherlands,2017,,1268,,,,,
dataflow,ESTAT:ROAD_EQR_CARPDA(1.0),New passenger cars by type of motor energy,A,Annual,NR,Number,GAS,Natural gas,NL,Netherlands,2018,,990,,,,,
dataflow,ESTAT:ROAD_EQR_CARPDA(1.0),New passenger cars by type of motor energy,A,Annual,NR,Number,GAS,Natural gas,NL,Netherlands,2019,,295,,,,,
dataflow,ESTAT:ROAD_EQR_CARPDA(1.0),New passenger cars by type of motor energy,A,Annual,NR,Number,GAS,Natural gas,NL,Netherlands,2020,,60,,,,,
dataflow,ESTAT:ROAD_EQR_CARPDA(1.0),New passenger cars by type of motor energy,A,Annual,NR,Number,GAS,Natural gas,NL,Netherlands,2021,,39,,,,,
dataflow,ESTAT:ROAD_EQR_CARPDA(1.0),New passenger cars by type of motor energy,A,Annual,NR,Number,GAS,Natural gas,NL,Netherlands,2022,,16,,,,,
dataflow,ESTAT:ROAD_EQR_CARPDA(1.0),New passenger cars by type of motor energy,A,Annual,NR,Number,GAS,Natural gas,NL,Netherlands,2023,,6,,,,,
dataflow,ESTAT:ROAD_EQR_CARPDA(1.0),New passenger cars by type of motor energy,A,Annual,NR,Number,GAS,Natural gas,NL,Netherlands,2024,,0,,,,,
dataflow,ESTAT:ROAD_EQR_CARPDA(1.0),New passenger cars by type of motor energy,A,Annual,NR,Number,GAS,Natural gas,NO,Norway,2016,,5,,e,estimated,,
dataflow,ESTAT:ROAD_EQR_CARPDA(1.0),New passenger cars by type of motor energy,A,Annual,NR,Number,GAS,Natural gas,NO,Norway,2017,,37,,,,,
dataflow,ESTAT:ROAD_EQR_CARPDA(1.0),New passenger cars by type of motor energy,A,Annual,NR,Number,GAS,Natural gas,NO,Norway,2018,,60,,,,,
dataflow,ESTAT:ROAD_EQR_CARPDA(1.0),New passenger cars by type of motor energy,A,Annual,NR,Number,GAS,Natural gas,NO,Norway,2019,,17,,,,,
dataflow,ESTAT:ROAD_EQR_CARPDA(1.0),New passenger cars by type of motor energy,A,Annual,NR,Number,GAS,Natural gas,NO,Norway,2020,,7,,,,,
dataflow,ESTAT:ROAD_EQR_CARPDA(1.0),New passenger cars by type of motor energy,A,Annual,NR,Number,GAS,Natural gas,NO,Norway,2021,,0,,,,,
dataflow,ESTAT:ROAD_EQR_CARPDA(1.0),New passenger cars by type of motor energy,A,Annual,NR,Number,GAS,Natural gas,NO,Norway,2022,,0,,,,,
dataflow,ESTAT:ROAD_EQR_CARPDA(1.0),New passenger cars by type of motor energy,A,Annual,NR,Number,GAS,Natural gas,NO,Norway,2023,,0,,,,,
dataflow,ESTAT:ROAD_EQR_CARPDA(1.0),New passenger cars by type of motor energy,A,Annual,NR,Number,GAS,Natural gas,NO,Norway,2024,,0,,,,,
dataflow,ESTAT:ROAD_EQR_CARPDA(1.0),New passenger cars by type of motor energy,A,Annual,NR,Number,GAS,Natural gas,PL,Poland,2013,,11,,i,value imputed by Eurostat or other receiving agencies,,
dataflow,ESTAT:ROAD_EQR_CARPDA(1.0),New passenger cars by type of motor energy,A,Annual,NR,Number,GAS,Natural gas,PL,Poland,2014,,14,,i,value imputed by Eurostat or other receiving agencies,,
dataflow,ESTAT:ROAD_EQR_CARPDA(1.0),New passenger cars by type of motor energy,A,Annual,NR,Number,GAS,Natural gas,PL,Poland,2020,,27,,i,value imputed by Eurostat or other receiving agencies,,
dataflow,ESTAT:ROAD_EQR_CARPDA(1.0),New passenger cars by type of motor energy,A,Annual,NR,Number,GAS,Natural gas,PL,Poland,2021,,5,,i,value imputed by Eurostat or other receiving agencies,,
dataflow,ESTAT:ROAD_EQR_CARPDA(1.0),New passenger cars by type of motor energy,A,Annual,NR,Number,GAS,Natural gas,PL,Poland,2022,,0,,i,value imputed by Eurostat or other receiving agencies,,
dataflow,ESTAT:ROAD_EQR_CARPDA(1.0),New passenger cars by type of motor energy,A,Annual,NR,Number,GAS,Natural gas,PL,Poland,2023,,0,,,,,
dataflow,ESTAT:ROAD_EQR_CARPDA(1.0),New passenger cars by type of motor energy,A,Annual,NR,Number,GAS,Natural gas,PL,Poland,2024,,0,,i,value imputed by Eurostat or other receiving agencies,,
dataflow,ESTAT:ROAD_EQR_CARPDA(1.0),New passenger cars by type of motor energy,A,Annual,NR,Number,GAS,Natural gas,PT,Portugal,2017,,7,,,,,
dataflow,ESTAT:ROAD_EQR_CARPDA(1.0),New passenger cars by type of motor energy,A,Annual,NR,Number,GAS,Natural gas,PT,Portugal,2018,,1,,,,,
dataflow,ESTAT:ROAD_EQR_CARPDA(1.0),New passenger cars by type of motor energy,A,Annual,NR,Number,GAS,Natural gas,PT,Portugal,2019,,42,,,,,
dataflow,ESTAT:ROAD_EQR_CARPDA(1.0),New passenger cars by type of motor energy,A,Annual,NR,Number,GAS,Natural gas,PT,Portugal,2020,,30,,,,,
dataflow,ESTAT:ROAD_EQR_CARPDA(1.0),New passenger cars by type of motor energy,A,Annual,NR,Number,GAS,Natural gas,PT,Portugal,2021,,31,,,,,
dataflow,ESTAT:ROAD_EQR_CARPDA(1.0),New passenger cars by type of motor energy,A,Annual,NR,Number,GAS,Natural gas,PT,Portugal,2022,,10,,,,,
dataflow,ESTAT:ROAD_EQR_CARPDA(1.0),New passenger cars by type of motor energy,A,Annual,NR,Number,GAS,Natural gas,PT,Portugal,2023,,2,,,,,
dataflow,ESTAT:ROAD_EQR_CARPDA(1.0),New passenger cars by type of motor energy,A,Annual,NR,Number,GAS,Natural gas,PT,Portugal,2024,,0,,p,provisional,,
dataflow,ESTAT:ROAD_EQR_CARPDA(1.0),New passenger cars by type of motor energy,A,Annual,NR,Number,GAS,Natural gas,RS,Serbia,2019,,0,,,,,
dataflow,ESTAT:ROAD_EQR_CARPDA(1.0),New passenger cars by type of motor energy,A,Annual,NR,Number,GAS,Natural gas,RS,Serbia,2020,,1,,,,,
dataflow,ESTAT:ROAD_EQR_CARPDA(1.0),New passenger cars by type of motor energy,A,Annual,NR,Number,GAS,Natural gas,RS,Serbia,2021,,1,,,,,
dataflow,ESTAT:ROAD_EQR_CARPDA(1.0),New passenger cars by type of motor energy,A,Annual,NR,Number,GAS,Natural gas,RS,Serbia,2022,,3,,,,,
dataflow,ESTAT:ROAD_EQR_CARPDA(1.0),New passenger cars by type of motor energy,A,Annual,NR,Number,GAS,Natural gas,RS,Serbia,2023,,5,,,,,
dataflow,ESTAT:ROAD_EQR_CARPDA(1.0),New passenger cars by type of motor energy,A,Annual,NR,Number,GAS,Natural gas,RS,Serbia,2024,,10,,,,,
dataflow,ESTAT:ROAD_EQR_CARPDA(1.0),New passenger cars by type of motor energy,A,Annual,NR,Number,GAS,Natural gas,SE,Sweden,2013,,1325,,,,,
dataflow,ESTAT:ROAD_EQR_CARPDA(1.0),New passenger cars by type of motor energy,A,Annual,NR,Number,GAS,Natural gas,SE,Sweden,2014,,1602,,,,,
dataflow,ESTAT:ROAD_EQR_CARPDA(1.0),New passenger cars by type of motor energy,A,Annual,NR,Number,GAS,Natural gas,SE,Sweden,2015,,886,,,,,
dataflow,ESTAT:ROAD_EQR_CARPDA(1.0),New passenger cars by type of motor energy,A,Annual,NR,Number,GAS,Natural gas,SE,Sweden,2016,,499,,,,,
dataflow,ESTAT:ROAD_EQR_CARPDA(1.0),New passenger cars by type of motor energy,A,Annual,NR,Number,GAS,Natural gas,SE,Sweden,2017,,781,,,,,
dataflow,ESTAT:ROAD_EQR_CARPDA(1.0),New passenger cars by type of motor energy,A,Annual,NR,Number,GAS,Natural gas,SE,Sweden,2018,,592,,,,,
dataflow,ESTAT:ROAD_EQR_CARPDA(1.0),New passenger cars by type of motor energy,A,Annual,NR,Number,GAS,Natural gas,SE,Sweden,2019,,4535,,,,,
dataflow,ESTAT:ROAD_EQR_CARPDA(1.0),New passenger cars by type of motor energy,A,Annual,NR,Number,GAS,Natural gas,SE,Sweden,2020,,3248,,,,,
dataflow,ESTAT:ROAD_EQR_CARPDA(1.0),New passenger cars by type of motor energy,A,Annual,NR,Number,GAS,Natural gas,SE,Sweden,2021,,1484,,,,,
dataflow,ESTAT:ROAD_EQR_CARPDA(1.0),New passenger cars by type of motor energy,A,Annual,NR,Number,GAS,Natural gas,SE,Sweden,2022,,1879,,,,,
dataflow,ESTAT:ROAD_EQR_CARPDA(1.0),New passenger cars by type of motor energy,A,Annual,NR,Number,GAS,Natural gas,SE,Sweden,2023,,2004,,,,,
dataflow,ESTAT:ROAD_EQR_CARPDA(1.0),New passenger cars by type of motor energy,A,Annual,NR,Number,GAS,Natural gas,SE,Sweden,2024,,1083,,,,,
dataflow,ESTAT:ROAD_EQR_CARPDA(1.0),New passenger cars by type of motor energy,A,Annual,NR,Number,GAS,Natural gas,SI,Slovenia,2014,,48,,,,,
dataflow,ESTAT:ROAD_EQR_CARPDA(1.0),New passenger cars by type of motor energy,A,Annual,NR,Number,GAS,Natural gas,SI,Slovenia,2015,,40,,,,,
dataflow,ESTAT:ROAD_EQR_CARPDA(1.0),New passenger cars by type of motor energy,A,Annual,NR,Number,GAS,Natural gas,SI,Slovenia,2016,,9,,,,,
dataflow,ESTAT:ROAD_EQR_CARPDA(1.0),New passenger cars by type of motor energy,A,Annual,NR,Number,GAS,Natural gas,SI,Slovenia,2017,,43,,,,,
dataflow,ESTAT:ROAD_EQR_CARPDA(1.0),New passenger cars by type of motor energy,A,Annual,NR,Number,GAS,Natural gas,SI,Slovenia,2018,,13,,,,,
dataflow,ESTAT:ROAD_EQR_CARPDA(1.0),New passenger cars by type of motor energy,A,Annual,NR,Number,GAS,Natural gas,SI,Slovenia,2019,,27,,,,,
dataflow,ESTAT:ROAD_EQR_CARPDA(1.0),New passenger cars by type of motor energy,A,Annual,NR,Number,GAS,Natural gas,SI,Slovenia,2020,,46,,,,,
dataflow,ESTAT:ROAD_EQR_CARPDA(1.0),New passenger cars by type of motor energy,A,Annual,NR,Number,GAS,Natural gas,SI,Slovenia,2021,,16,,,,,
dataflow,ESTAT:ROAD_EQR_CARPDA(1.0),New passenger cars by type of motor energy,A,Annual,NR,Number,GAS,Natural gas,SI,Slovenia,2022,,6,,,,,
dataflow,ESTAT:ROAD_EQR_CARPDA(1.0),New passenger cars by type of motor energy,A,Annual,NR,Number,GAS,Natural gas,SI,Slovenia,2023,,0,,,,,
dataflow,ESTAT:ROAD_EQR_CARPDA(1.0),New passenger cars by type of motor energy,A,Annual,NR,Number,GAS,Natural gas,SI,Slovenia,2024,,0,,,,,
dataflow,ESTAT:ROAD_EQR_CARPDA(1.0),New passenger cars by type of motor energy,A,Annual,NR,Number,GAS,Natural gas,SK,Slovakia,2013,,1362,,i,value imputed by Eurostat or other receiving agencies,,
dataflow,ESTAT:ROAD_EQR_CARPDA(1.0),New passenger cars by type of motor energy,A,Annual,NR,Number,GAS,Natural gas,SK,Slovakia,2014,,51,,i,value imputed by Eurostat or other receiving agencies,,
dataflow,ESTAT:ROAD_EQR_CARPDA(1.0),New passenger cars by type of motor energy,A,Annual,NR,Number,GAS,Natural gas,SK,Slovakia,2015,,121,,i,value imputed by Eurostat or other receiving agencies,,
dataflow,ESTAT:ROAD_EQR_CARPDA(1.0),New passenger cars by type of motor energy,A,Annual,NR,Number,GAS,Natural gas,SK,Slovakia,2016,,188,,i,value imputed by Eurostat or other receiving agencies,,
dataflow,ESTAT:ROAD_EQR_CARPDA(1.0),New passenger cars by type of motor energy,A,Annual,NR,Number,GAS,Natural gas,SK,Slovakia,2017,,119,,i,value imputed by Eurostat or other receiving agencies,,
dataflow,ESTAT:ROAD_EQR_CARPDA(1.0),New passenger cars by type of motor energy,A,Annual,NR,Number,GAS,Natural gas,SK,Slovakia,2018,,189,,i,value imputed by Eurostat or other receiving agencies,,
dataflow,ESTAT:ROAD_EQR_CARPDA(1.0),New passenger cars by type of motor energy,A,Annual,NR,Number,GAS,Natural gas,SK,Slovakia,2019,,152,,i,value imputed by Eurostat or other receiving agencies,,
dataflow,ESTAT:ROAD_EQR_CARPDA(1.0),New passenger cars by type of motor energy,A,Annual,NR,Number,GAS,Natural gas,SK,Slovakia,2020,,404,,i,value imputed by Eurostat or other receiving agencies,,
dataflow,ESTAT:ROAD_EQR_CARPDA(1.0),New passenger cars by type of motor energy,A,Annual,NR,Number,GAS,Natural gas,SK,Slovakia,2021,,180,,i,value imputed by Eurostat or other receiving agencies,,
dataflow,ESTAT:ROAD_EQR_CARPDA(1.0),New passenger cars by type of motor energy,A,Annual,NR,Number,GAS,Natural gas,SK,Slovakia,2022,,291,,i,value imputed by Eurostat or other receiving agencies,,
dataflow,ESTAT:ROAD_EQR_CARPDA(1.0),New passenger cars by type of motor energy,A,Annual,NR,Number,GAS,Natural gas,SK,Slovakia,2023,,122,,i,value imputed by Eurostat or other receiving agencies,,
dataflow,ESTAT:ROAD_EQR_CARPDA(1.0),New passenger cars by type of motor energy,A,Annual,NR,Number,GAS,Natural gas,SK,Slovakia,2024,,120,,i,value imputed by Eurostat or other receiving agencies,,
dataflow,ESTAT:ROAD_EQR_CARPDA(1.0),New passenger cars by type of motor energy,A,Annual,NR,Number,GAS,Natural gas,TR,Türkiye,2013,,3,,,,,
dataflow,ESTAT:ROAD_EQR_CARPDA(1.0),New passenger cars by type of motor energy,A,Annual,NR,Number,GAS,Natural gas,TR,Türkiye,2014,,2,,,,,
dataflow,ESTAT:ROAD_EQR_CARPDA(1.0),New passenger cars by type of motor energy,A,Annual,NR,Number,GAS,Natural gas,TR,Türkiye,2017,,0,,,,,
dataflow,ESTAT:ROAD_EQR_CARPDA(1.0),New passenger cars by type of motor energy,A,Annual,NR,Number,GAS,Natural gas,TR,Türkiye,2018,,3,,,,,
dataflow,ESTAT:ROAD_EQR_CARPDA(1.0),New passenger cars by type of motor energy,A,Annual,NR,Number,GAS,Natural gas,TR,Türkiye,2019,,6,,,,,
dataflow,ESTAT:ROAD_EQR_CARPDA(1.0),New passenger cars by type of motor energy,A,Annual,NR,Number,GAS,Natural gas,TR,Türkiye,2020,,3,,,,,
dataflow,ESTAT:ROAD_EQR_CARPDA(1.0),New passenger cars by type of motor energy,A,Annual,NR,Number,GAS,Natural gas,TR,Türkiye,2021,,1,,,,,
dataflow,ESTAT:ROAD_EQR_CARPDA(1.0),New passenger cars by type of motor energy,A,Annual,NR,Number,GAS,Natural gas,TR,Türkiye,2022,,1,,,,,
dataflow,ESTAT:ROAD_EQR_CARPDA(1.0),New passenger cars by type of motor energy,A,Annual,NR,Number,GAS,Natural gas,TR,Türkiye,2023,,2,,,,,
dataflow,ESTAT:ROAD_EQR_CARPDA(1.0),New passenger cars by type of motor energy,A,Annual,NR,Number,GAS,Natural gas,TR,Türkiye,2024,,4,,,,,
dataflow,ESTAT:ROAD_EQR_CARPDA(1.0),New passenger cars by type of motor energy,A,Annual,NR,Number,GAS,Natural gas,UA,Ukraine,2019,,2,,,,,
dataflow,ESTAT:ROAD_EQR_CARPDA(1.0),New passenger cars by type of motor energy,A,Annual,NR,Number,GAS,Natural gas,UA,Ukraine,2020,,2,,,,,
dataflow,ESTAT:ROAD_EQR_CARPDA(1.0),New passenger cars by type of motor energy,A,Annual,NR,Number,GAS,Natural gas,UA,Ukraine,2021,,3,,,,,
dataflow,ESTAT:ROAD_EQR_CARPDA(1.0),New passenger cars by type of motor energy,A,Annual,NR,Number,GAS,Natural gas,UA,Ukraine,2022,,0,,,,,
dataflow,ESTAT:ROAD_EQR_CARPDA(1.0),New passenger cars by type of motor energy,A,Annual,NR,Number,GAS,Natural gas,UA,Ukraine,2023,,2,,,,,
dataflow,ESTAT:ROAD_EQR_CARPDA(1.0),New passenger cars by type of motor energy,A,Annual,NR,Number,GAS,Natural gas,UA,Ukraine,2024,,0,,,,,
dataflow,ESTAT:ROAD_EQR_CARPDA(1.0),New passenger cars by type of motor energy,A,Annual,NR,Number,GAS,Natural gas,UK,United Kingdom,2015,,13,,,,,
dataflow,ESTAT:ROAD_EQR_CARPDA(1.0),New passenger cars by type of motor energy,A,Annual,NR,Number,GAS,Natural gas,UK,United Kingdom,2016,,33,,,,,
dataflow,ESTAT:ROAD_EQR_CARPDA(1.0),New passenger cars by type of motor energy,A,Annual,NR,Number,GAS,Natural gas,UK,United Kingdom,2017,,3,,,,,
dataflow,ESTAT:ROAD_EQR_CARPDA(1.0),New passenger cars by type of motor energy,A,Annual,NR,Number,GAS,Natural gas,UK,United Kingdom,2018,,1,,,,,
dataflow,ESTAT:ROAD_EQR_CARPDA(1.0),New passenger cars by type of motor energy,A,Annual,NR,Number,GAS,Natural gas,UK,United Kingdom,2021,,14,,,,,
dataflow,ESTAT:ROAD_EQR_CARPDA(1.0),New passenger cars by type of motor energy,A,Annual,NR,Number,GAS,Natural gas,UK,United Kingdom,2022,,11,,,,,
dataflow,ESTAT:ROAD_EQR_CARPDA(1.0),New passenger cars by type of motor energy,A,Annual,NR,Number,GAS,Natural gas,XK,Kosovo*,2017,,0,,,,,
dataflow,ESTAT:ROAD_EQR_CARPDA(1.0),New passenger cars by type of motor energy,A,Annual,NR,Number,GAS,Natural gas,XK,Kosovo*,2018,,0,,,,,
dataflow,ESTAT:ROAD_EQR_CARPDA(1.0),New passenger cars by type of motor energy,A,Annual,NR,Number,GAS,Natural gas,XK,Kosovo*,2019,,0,,,,,
dataflow,ESTAT:ROAD_EQR_CARPDA(1.0),New passenger cars by type of motor energy,A,Annual,NR,Number,GAS,Natural gas,XK,Kosovo*,2021,,0,,,,,
dataflow,ESTAT:ROAD_EQR_CARPDA(1.0),New passenger cars by type of motor energy,A,Annual,NR,Number,HYD_FCELL,Hydrogen and fuel cells ,AL,Albania,2020,,0,,,,,
dataflow,ESTAT:ROAD_EQR_CARPDA(1.0),New passenger cars by type of motor energy,A,Annual,NR,Number,HYD_FCELL,Hydrogen and fuel cells ,AL,Albania,2021,,1,,,,,
dataflow,ESTAT:ROAD_EQR_CARPDA(1.0),New passenger cars by type of motor energy,A,Annual,NR,Number,HYD_FCELL,Hydrogen and fuel cells ,AT,Austria,2013,,0,,,,,
dataflow,ESTAT:ROAD_EQR_CARPDA(1.0),New passenger cars by type of motor energy,A,Annual,NR,Number,HYD_FCELL,Hydrogen and fuel cells ,AT,Austria,2014,,3,,,,,
dataflow,ESTAT:ROAD_EQR_CARPDA(1.0),New passenger cars by type of motor energy,A,Annual,NR,Number,HYD_FCELL,Hydrogen and fuel cells ,AT,Austria,2015,,9,,,,,
dataflow,ESTAT:ROAD_EQR_CARPDA(1.0),New passenger cars by type of motor energy,A,Annual,NR,Number,HYD_FCELL,Hydrogen and fuel cells ,AT,Austria,2016,,5,,,,,
dataflow,ESTAT:ROAD_EQR_CARPDA(1.0),New passenger cars by type of motor energy,A,Annual,NR,Number,HYD_FCELL,Hydrogen and fuel cells ,AT,Austria,2017,,0,,,,,
dataflow,ESTAT:ROAD_EQR_CARPDA(1.0),New passenger cars by type of motor energy,A,Annual,NR,Number,HYD_FCELL,Hydrogen and fuel cells ,AT,Austria,2018,,7,,,,,
dataflow,ESTAT:ROAD_EQR_CARPDA(1.0),New passenger cars by type of motor energy,A,Annual,NR,Number,HYD_FCELL,Hydrogen and fuel cells ,AT,Austria,2019,,19,,,,,
dataflow,ESTAT:ROAD_EQR_CARPDA(1.0),New passenger cars by type of motor energy,A,Annual,NR,Number,HYD_FCELL,Hydrogen and fuel cells ,AT,Austria,2020,,14,,,,,
dataflow,ESTAT:ROAD_EQR_CARPDA(1.0),New passenger cars by type of motor energy,A,Annual,NR,Number,HYD_FCELL,Hydrogen and fuel cells ,AT,Austria,2021,,14,,,,,
dataflow,ESTAT:ROAD_EQR_CARPDA(1.0),New passenger cars by type of motor energy,A,Annual,NR,Number,HYD_FCELL,Hydrogen and fuel cells ,AT,Austria,2022,,14,,,,,
dataflow,ESTAT:ROAD_EQR_CARPDA(1.0),New passenger cars by type of motor energy,A,Annual,NR,Number,HYD_FCELL,Hydrogen and fuel cells ,AT,Austria,2023,,10,,,,,
dataflow,ESTAT:ROAD_EQR_CARPDA(1.0),New passenger cars by type of motor energy,A,Annual,NR,Number,HYD_FCELL,Hydrogen and fuel cells ,AT,Austria,2024,,1,,,,,
dataflow,ESTAT:ROAD_EQR_CARPDA(1.0),New passenger cars by type of motor energy,A,Annual,NR,Number,HYD_FCELL,Hydrogen and fuel cells ,BA,Bosnia and Herzegovina,2013,,0,,,,,
dataflow,ESTAT:ROAD_EQR_CARPDA(1.0),New passenger cars by type of motor energy,A,Annual,NR,Number,HYD_FCELL,Hydrogen and fuel cells ,BA,Bosnia and Herzegovina,2014,,0,,,,,
dataflow,ESTAT:ROAD_EQR_CARPDA(1.0),New passenger cars by type of motor energy,A,Annual,NR,Number,HYD_FCELL,Hydrogen and fuel cells ,BA,Bosnia and Herzegovina,2015,,0,,,,,
dataflow,ESTAT:ROAD_EQR_CARPDA(1.0),New passenger cars by type of motor energy,A,Annual,NR,Number,HYD_FCELL,Hydrogen and fuel cells ,BA,Bosnia and Herzegovina,2016,,0,,,,,
dataflow,ESTAT:ROAD_EQR_CARPDA(1.0),New passenger cars by type of motor energy,A,Annual,NR,Number,HYD_FCELL,Hydrogen and fuel cells ,BA,Bosnia and Herzegovina,2017,,0,,,,,
dataflow,ESTAT:ROAD_EQR_CARPDA(1.0),New passenger cars by type of motor energy,A,Annual,NR,Number,HYD_FCELL,Hydrogen and fuel cells ,BA,Bosnia and Herzegovina,2018,,0,,,,,
dataflow,ESTAT:ROAD_EQR_CARPDA(1.0),New passenger cars by type of motor energy,A,Annual,NR,Number,HYD_FCELL,Hydrogen and fuel cells ,BA,Bosnia and Herzegovina,2019,,0,,,,,
dataflow,ESTAT:ROAD_EQR_CARPDA(1.0),New passenger cars by type of motor energy,A,Annual,NR,Number,HYD_FCELL,Hydrogen and fuel cells ,BA,Bosnia and Herzegovina,2020,,0,,,,,
dataflow,ESTAT:ROAD_EQR_CARPDA(1.0),New passenger cars by type of motor energy,A,Annual,NR,Number,HYD_FCELL,Hydrogen and fuel cells ,BA,Bosnia and Herzegovina,2021,,0,,,,,
dataflow,ESTAT:ROAD_EQR_CARPDA(1.0),New passenger cars by type of motor energy,A,Annual,NR,Number,HYD_FCELL,Hydrogen and fuel cells ,BA,Bosnia and Herzegovina,2022,,0,,,,,
dataflow,ESTAT:ROAD_EQR_CARPDA(1.0),New passenger cars by type of motor energy,A,Annual,NR,Number,HYD_FCELL,Hydrogen and fuel cells ,BA,Bosnia and Herzegovina,2023,,0,,,,,
dataflow,ESTAT:ROAD_EQR_CARPDA(1.0),New passenger cars by type of motor energy,A,Annual,NR,Number,HYD_FCELL,Hydrogen and fuel cells ,BA,Bosnia and Herzegovina,2024,,0,,,,,
dataflow,ESTAT:ROAD_EQR_CARPDA(1.0),New passenger cars by type of motor energy,A,Annual,NR,Number,HYD_FCELL,Hydrogen and fuel cells ,BE,Belgium,2013,,0,,,,,
dataflow,ESTAT:ROAD_EQR_CARPDA(1.0),New passenger cars by type of motor energy,A,Annual,NR,Number,HYD_FCELL,Hydrogen and fuel cells ,BE,Belgium,2014,,1,,,,,
dataflow,ESTAT:ROAD_EQR_CARPDA(1.0),New passenger cars by type of motor energy,A,Annual,NR,Number,HYD_FCELL,Hydrogen and fuel cells ,BE,Belgium,2015,,0,,,,,
dataflow,ESTAT:ROAD_EQR_CARPDA(1.0),New passenger cars by type of motor energy,A,Annual,NR,Number,HYD_FCELL,Hydrogen and fuel cells ,BE,Belgium,2016,,0,,,,,
dataflow,ESTAT:ROAD_EQR_CARPDA(1.0),New passenger cars by type of motor energy,A,Annual,NR,Number,HYD_FCELL,Hydrogen and fuel cells ,BE,Belgium,2017,,0,,,,,
dataflow,ESTAT:ROAD_EQR_CARPDA(1.0),New passenger cars by type of motor energy,A,Annual,NR,Number,HYD_FCELL,Hydrogen and fuel cells ,BE,Belgium,2018,,0,,,,,
dataflow,ESTAT:ROAD_EQR_CARPDA(1.0),New passenger cars by type of motor energy,A,Annual,NR,Number,HYD_FCELL,Hydrogen and fuel cells ,BE,Belgium,2019,,4,,,,,
dataflow,ESTAT:ROAD_EQR_CARPDA(1.0),New passenger cars by type of motor energy,A,Annual,NR,Number,HYD_FCELL,Hydrogen and fuel cells ,BE,Belgium,2020,,2,,,,,
dataflow,ESTAT:ROAD_EQR_CARPDA(1.0),New passenger cars by type of motor energy,A,Annual,NR,Number,HYD_FCELL,Hydrogen and fuel cells ,BE,Belgium,2021,,1,,,,,
dataflow,ESTAT:ROAD_EQR_CARPDA(1.0),New passenger cars by type of motor energy,A,Annual,NR,Number,HYD_FCELL,Hydrogen and fuel cells ,BE,Belgium,2022,,2,,,,,
dataflow,ESTAT:ROAD_EQR_CARPDA(1.0),New passenger cars by type of motor energy,A,Annual,NR,Number,HYD_FCELL,Hydrogen and fuel cells ,BE,Belgium,2023,,1,,i,value imputed by Eurostat or other receiving agencies,,
dataflow,ESTAT:ROAD_EQR_CARPDA(1.0),New passenger cars by type of motor energy,A,Annual,NR,Number,HYD_FCELL,Hydrogen and fuel cells ,BE,Belgium,2024,,4,,i,value imputed by Eurostat or other receiving agencies,,
dataflow,ESTAT:ROAD_EQR_CARPDA(1.0),New passenger cars by type of motor energy,A,Annual,NR,Number,HYD_FCELL,Hydrogen and fuel cells ,BG,Bulgaria,2013,,0,,i,value imputed by Eurostat or other receiving agencies,,
dataflow,ESTAT:ROAD_EQR_CARPDA(1.0),New passenger cars by type of motor energy,A,Annual,NR,Number,HYD_FCELL,Hydrogen and fuel cells ,BG,Bulgaria,2014,,0,,i,value imputed by Eurostat or other receiving agencies,,
dataflow,ESTAT:ROAD_EQR_CARPDA(1.0),New passenger cars by type of motor energy,A,Annual,NR,Number,HYD_FCELL,Hydrogen and fuel cells ,BG,Bulgaria,2015,,0,,i,value imputed by Eurostat or other receiving agencies,,
dataflow,ESTAT:ROAD_EQR_CARPDA(1.0),New passenger cars by type of motor energy,A,Annual,NR,Number,HYD_FCELL,Hydrogen and fuel cells ,BG,Bulgaria,2016,,0,,i,value imputed by Eurostat or other receiving agencies,,
dataflow,ESTAT:ROAD_EQR_CARPDA(1.0),New passenger cars by type of motor energy,A,Annual,NR,Number,HYD_FCELL,Hydrogen and fuel cells ,BG,Bulgaria,2017,,0,,i,value imputed by Eurostat or other receiving agencies,,
dataflow,ESTAT:ROAD_EQR_CARPDA(1.0),New passenger cars by type of motor energy,A,Annual,NR,Number,HYD_FCELL,Hydrogen and fuel cells ,BG,Bulgaria,2018,,0,,i,value imputed by Eurostat or other receiving agencies,,
dataflow,ESTAT:ROAD_EQR_CARPDA(1.0),New passenger cars by type of motor energy,A,Annual,NR,Number,HYD_FCELL,Hydrogen and fuel cells ,BG,Bulgaria,2019,,0,,i,value imputed by Eurostat or other receiving agencies,,
dataflow,ESTAT:ROAD_EQR_CARPDA(1.0),New passenger cars by type of motor energy,A,Annual,NR,Number,HYD_FCELL,Hydrogen and fuel cells ,BG,Bulgaria,2020,,0,,i,value imputed by Eurostat or other receiving agencies,,
dataflow,ESTAT:ROAD_EQR_CARPDA(1.0),New passenger cars by type of motor energy,A,Annual,NR,Number,HYD_FCELL,Hydrogen and fuel cells ,BG,Bulgaria,2021,,0,,i,value imputed by Eurostat or other receiving agencies,,
dataflow,ESTAT:ROAD_EQR_CARPDA(1.0),New passenger cars by type of motor energy,A,Annual,NR,Number,HYD_FCELL,Hydrogen and fuel cells ,BG,Bulgaria,2022,,0,,i,value imputed by Eurostat or other receiving agencies,,
dataflow,ESTAT:ROAD_EQR_CARPDA(1.0),New passenger cars by type of motor energy,A,Annual,NR,Number,HYD_FCELL,Hydrogen and fuel cells ,BG,Bulgaria,2023,,1,,i,value imputed by Eurostat or other receiving agencies,,
dataflow,ESTAT:ROAD_EQR_CARPDA(1.0),New passenger cars by type of motor energy,A,Annual,NR,Number,HYD_FCELL,Hydrogen and fuel cells ,BG,Bulgaria,2024,,0,,i,value imputed by Eurostat or other receiving agencies,,
dataflow,ESTAT:ROAD_EQR_CARPDA(1.0),New passenger cars by type of motor energy,A,Annual,NR,Number,HYD_FCELL,Hydrogen and fuel cells ,CH,Switzerland,2013,,0,,,,,
dataflow,ESTAT:ROAD_EQR_CARPDA(1.0),New passenger cars by type of motor energy,A,Annual,NR,Number,HYD_FCELL,Hydrogen and fuel cells ,CH,Switzerland,2014,,0,,,,,
dataflow,ESTAT:ROAD_EQR_CARPDA(1.0),New passenger cars by type of motor energy,A,Annual,NR,Number,HYD_FCELL,Hydrogen and fuel cells ,CH,Switzerland,2015,,15,,,,,
dataflow,ESTAT:ROAD_EQR_CARPDA(1.0),New passenger cars by type of motor energy,A,Annual,NR,Number,HYD_FCELL,Hydrogen and fuel cells ,CH,Switzerland,2016,,10,,,,,
dataflow,ESTAT:ROAD_EQR_CARPDA(1.0),New passenger cars by type of motor energy,A,Annual,NR,Number,HYD_FCELL,Hydrogen and fuel cells ,CH,Switzerland,2017,,2,,,,,
dataflow,ESTAT:ROAD_EQR_CARPDA(1.0),New passenger cars by type of motor energy,A,Annual,NR,Number,HYD_FCELL,Hydrogen and fuel cells ,CH,Switzerland,2018,,14,,,,,
dataflow,ESTAT:ROAD_EQR_CARPDA(1.0),New passenger cars by type of motor energy,A,Annual,NR,Number,HYD_FCELL,Hydrogen and fuel cells ,CH,Switzerland,2019,,27,,,,,
dataflow,ESTAT:ROAD_EQR_CARPDA(1.0),New passenger cars by type of motor energy,A,Annual,NR,Number,HYD_FCELL,Hydrogen and fuel cells ,CH,Switzerland,2020,,48,,,,,
dataflow,ESTAT:ROAD_EQR_CARPDA(1.0),New passenger cars by type of motor energy,A,Annual,NR,Number,HYD_FCELL,Hydrogen and fuel cells ,CH,Switzerland,2021,,66,,,,,
dataflow,ESTAT:ROAD_EQR_CARPDA(1.0),New passenger cars by type of motor energy,A,Annual,NR,Number,HYD_FCELL,Hydrogen and fuel cells ,CH,Switzerland,2022,,72,,,,,
dataflow,ESTAT:ROAD_EQR_CARPDA(1.0),New passenger cars by type of motor energy,A,Annual,NR,Number,HYD_FCELL,Hydrogen and fuel cells ,CH,Switzerland,2023,,28,,,,,
dataflow,ESTAT:ROAD_EQR_CARPDA(1.0),New passenger cars by type of motor energy,A,Annual,NR,Number,HYD_FCELL,Hydrogen and fuel cells ,CH,Switzerland,2024,,13,,,,,
dataflow,ESTAT:ROAD_EQR_CARPDA(1.0),New passenger cars by type of motor energy,A,Annual,NR,Number,HYD_FCELL,Hydrogen and fuel cells ,CY,Cyprus,2013,,0,,,,,
dataflow,ESTAT:ROAD_EQR_CARPDA(1.0),New passenger cars by type of motor energy,A,Annual,NR,Number,HYD_FCELL,Hydrogen and fuel cells ,CY,Cyprus,2014,,0,,,,,
dataflow,ESTAT:ROAD_EQR_CARPDA(1.0),New passenger cars by type of motor energy,A,Annual,NR,Number,HYD_FCELL,Hydrogen and fuel cells ,CY,Cyprus,2015,,0,,,,,
dataflow,ESTAT:ROAD_EQR_CARPDA(1.0),New passenger cars by type of motor energy,A,Annual,NR,Number,HYD_FCELL,Hydrogen and fuel cells ,CY,Cyprus,2016,,0,,,,,
dataflow,ESTAT:ROAD_EQR_CARPDA(1.0),New passenger cars by type of motor energy,A,Annual,NR,Number,HYD_FCELL,Hydrogen and fuel cells ,CY,Cyprus,2017,,0,,,,,
dataflow,ESTAT:ROAD_EQR_CARPDA(1.0),New passenger cars by type of motor energy,A,Annual,NR,Number,HYD_FCELL,Hydrogen and fuel cells ,CY,Cyprus,2018,,0,,,,,
dataflow,ESTAT:ROAD_EQR_CARPDA(1.0),New passenger cars by type of motor energy,A,Annual,NR,Number,HYD_FCELL,Hydrogen and fuel cells ,CY,Cyprus,2019,,0,,,,,
dataflow,ESTAT:ROAD_EQR_CARPDA(1.0),New passenger cars by type of motor energy,A,Annual,NR,Number,HYD_FCELL,Hydrogen and fuel cells ,CY,Cyprus,2020,,0,,,,,
dataflow,ESTAT:ROAD_EQR_CARPDA(1.0),New passenger cars by type of motor energy,A,Annual,NR,Number,HYD_FCELL,Hydrogen and fuel cells ,CY,Cyprus,2021,,0,,,,,
dataflow,ESTAT:ROAD_EQR_CARPDA(1.0),New passenger cars by type of motor energy,A,Annual,NR,Number,HYD_FCELL,Hydrogen and fuel cells ,CY,Cyprus,2022,,0,,,,,
dataflow,ESTAT:ROAD_EQR_CARPDA(1.0),New passenger cars by type of motor energy,A,Annual,NR,Number,HYD_FCELL,Hydrogen and fuel cells ,CY,Cyprus,2023,,0,,,,,
dataflow,ESTAT:ROAD_EQR_CARPDA(1.0),New passenger cars by type of motor energy,A,Annual,NR,Number,HYD_FCELL,Hydrogen and fuel cells ,CY,Cyprus,2024,,0,,,,,
dataflow,ESTAT:ROAD_EQR_CARPDA(1.0),New passenger cars by type of motor energy,A,Annual,NR,Number,HYD_FCELL,Hydrogen and fuel cells ,CZ,Czechia,2013,,0,,i,value imputed by Eurostat or other receiving agencies,,
dataflow,ESTAT:ROAD_EQR_CARPDA(1.0),New passenger cars by type of motor energy,A,Annual,NR,Number,HYD_FCELL,Hydrogen and fuel cells ,CZ,Czechia,2014,,0,,i,value imputed by Eurostat or other receiving agencies,,
dataflow,ESTAT:ROAD_EQR_CARPDA(1.0),New passenger cars by type of motor energy,A,Annual,NR,Number,HYD_FCELL,Hydrogen and fuel cells ,CZ,Czechia,2015,,0,,i,value imputed by Eurostat or other receiving agencies,,
dataflow,ESTAT:ROAD_EQR_CARPDA(1.0),New passenger cars by type of motor energy,A,Annual,NR,Number,HYD_FCELL,Hydrogen and fuel cells ,CZ,Czechia,2016,,0,,i,value imputed by Eurostat or other receiving agencies,,
dataflow,ESTAT:ROAD_EQR_CARPDA(1.0),New passenger cars by type of motor energy,A,Annual,NR,Number,HYD_FCELL,Hydrogen and fuel cells ,CZ,Czechia,2017,,0,,i,value imputed by Eurostat or other receiving agencies,,
dataflow,ESTAT:ROAD_EQR_CARPDA(1.0),New passenger cars by type of motor energy,A,Annual,NR,Number,HYD_FCELL,Hydrogen and fuel cells ,CZ,Czechia,2018,,0,,i,value imputed by Eurostat or other receiving agencies,,
dataflow,ESTAT:ROAD_EQR_CARPDA(1.0),New passenger cars by type of motor energy,A,Annual,NR,Number,HYD_FCELL,Hydrogen and fuel cells ,CZ,Czechia,2019,,0,,i,value imputed by Eurostat or other receiving agencies,,
dataflow,ESTAT:ROAD_EQR_CARPDA(1.0),New passenger cars by type of motor energy,A,Annual,NR,Number,HYD_FCELL,Hydrogen and fuel cells ,CZ,Czechia,2020,,2,,i,value imputed by Eurostat or other receiving agencies,,
dataflow,ESTAT:ROAD_EQR_CARPDA(1.0),New passenger cars by type of motor energy,A,Annual,NR,Number,HYD_FCELL,Hydrogen and fuel cells ,CZ,Czechia,2021,,9,,,,,
dataflow,ESTAT:ROAD_EQR_CARPDA(1.0),New passenger cars by type of motor energy,A,Annual,NR,Number,HYD_FCELL,Hydrogen and fuel cells ,CZ,Czechia,2022,,3,,,,,
dataflow,ESTAT:ROAD_EQR_CARPDA(1.0),New passenger cars by type of motor energy,A,Annual,NR,Number,HYD_FCELL,Hydrogen and fuel cells ,CZ,Czechia,2023,,16,,,,,
dataflow,ESTAT:ROAD_EQR_CARPDA(1.0),New passenger cars by type of motor energy,A,Annual,NR,Number,HYD_FCELL,Hydrogen and fuel cells ,CZ,Czechia,2024,,0,,,,,
dataflow,ESTAT:ROAD_EQR_CARPDA(1.0),New passenger cars by type of motor energy,A,Annual,NR,Number,HYD_FCELL,Hydrogen and fuel cells ,DE,Germany,2013,,0,,i,value imputed by Eurostat or other receiving agencies,,
dataflow,ESTAT:ROAD_EQR_CARPDA(1.0),New passenger cars by type of motor energy,A,Annual,NR,Number,HYD_FCELL,Hydrogen and fuel cells ,DE,Germany,2014,,3,,i,value imputed by Eurostat or other receiving agencies,,
dataflow,ESTAT:ROAD_EQR_CARPDA(1.0),New passenger cars by type of motor energy,A,Annual,NR,Number,HYD_FCELL,Hydrogen and fuel cells ,DE,Germany,2015,,72,,i,value imputed by Eurostat or other receiving agencies,,
dataflow,ESTAT:ROAD_EQR_CARPDA(1.0),New passenger cars by type of motor energy,A,Annual,NR,Number,HYD_FCELL,Hydrogen and fuel cells ,DE,Germany,2016,,49,,i,value imputed by Eurostat or other receiving agencies,,
dataflow,ESTAT:ROAD_EQR_CARPDA(1.0),New passenger cars by type of motor energy,A,Annual,NR,Number,HYD_FCELL,Hydrogen and fuel cells ,DE,Germany,2017,,122,,,,,
dataflow,ESTAT:ROAD_EQR_CARPDA(1.0),New passenger cars by type of motor energy,A,Annual,NR,Number,HYD_FCELL,Hydrogen and fuel cells ,DE,Germany,2018,,154,,,,,
dataflow,ESTAT:ROAD_EQR_CARPDA(1.0),New passenger cars by type of motor energy,A,Annual,NR,Number,HYD_FCELL,Hydrogen and fuel cells ,DE,Germany,2019,,210,,,,,
dataflow,ESTAT:ROAD_EQR_CARPDA(1.0),New passenger cars by type of motor energy,A,Annual,NR,Number,HYD_FCELL,Hydrogen and fuel cells ,DE,Germany,2020,,311,,,,,
dataflow,ESTAT:ROAD_EQR_CARPDA(1.0),New passenger cars by type of motor energy,A,Annual,NR,Number,HYD_FCELL,Hydrogen and fuel cells ,DE,Germany,2021,,466,,,,,
dataflow,ESTAT:ROAD_EQR_CARPDA(1.0),New passenger cars by type of motor energy,A,Annual,NR,Number,HYD_FCELL,Hydrogen and fuel cells ,DE,Germany,2022,,836,,,,,
dataflow,ESTAT:ROAD_EQR_CARPDA(1.0),New passenger cars by type of motor energy,A,Annual,NR,Number,HYD_FCELL,Hydrogen and fuel cells ,DE,Germany,2023,,267,,,,,
dataflow,ESTAT:ROAD_EQR_CARPDA(1.0),New passenger cars by type of motor energy,A,Annual,NR,Number,HYD_FCELL,Hydrogen and fuel cells ,DE,Germany,2024,,179,,,,,
dataflow,ESTAT:ROAD_EQR_CARPDA(1.0),New passenger cars by type of motor energy,A,Annual,NR,Number,HYD_FCELL,Hydrogen and fuel cells ,DK,Denmark,2013,,1,,,,,
dataflow,ESTAT:ROAD_EQR_CARPDA(1.0),New passenger cars by type of motor energy,A,Annual,NR,Number,HYD_FCELL,Hydrogen and fuel cells ,DK,Denmark,2014,,1,,,,,
dataflow,ESTAT:ROAD_EQR_CARPDA(1.0),New passenger cars by type of motor energy,A,Annual,NR,Number,HYD_FCELL,Hydrogen and fuel cells ,DK,Denmark,2015,,14,,,,,
dataflow,ESTAT:ROAD_EQR_CARPDA(1.0),New passenger cars by type of motor energy,A,Annual,NR,Number,HYD_FCELL,Hydrogen and fuel cells ,DK,Denmark,2016,,14,,,,,
dataflow,ESTAT:ROAD_EQR_CARPDA(1.0),New passenger cars by type of motor energy,A,Annual,NR,Number,HYD_FCELL,Hydrogen and fuel cells ,DK,Denmark,2017,,15,,,,,
dataflow,ESTAT:ROAD_EQR_CARPDA(1.0),New passenger cars by type of motor energy,A,Annual,NR,Number,HYD_FCELL,Hydrogen and fuel cells ,DK,Denmark,2018,,6,,,,,
dataflow,ESTAT:ROAD_EQR_CARPDA(1.0),New passenger cars by type of motor energy,A,Annual,NR,Number,HYD_FCELL,Hydrogen and fuel cells ,DK,Denmark,2019,,8,,,,,
dataflow,ESTAT:ROAD_EQR_CARPDA(1.0),New passenger cars by type of motor energy,A,Annual,NR,Number,HYD_FCELL,Hydrogen and fuel cells ,DK,Denmark,2020,,45,,,,,
dataflow,ESTAT:ROAD_EQR_CARPDA(1.0),New passenger cars by type of motor energy,A,Annual,NR,Number,HYD_FCELL,Hydrogen and fuel cells ,DK,Denmark,2021,,75,,,,,
dataflow,ESTAT:ROAD_EQR_CARPDA(1.0),New passenger cars by type of motor energy,A,Annual,NR,Number,HYD_FCELL,Hydrogen and fuel cells ,DK,Denmark,2022,,6,,,,,
dataflow,ESTAT:ROAD_EQR_CARPDA(1.0),New passenger cars by type of motor energy,A,Annual,NR,Number,HYD_FCELL,Hydrogen and fuel cells ,DK,Denmark,2023,,1,,,,,
dataflow,ESTAT:ROAD_EQR_CARPDA(1.0),New passenger cars by type of motor energy,A,Annual,NR,Number,HYD_FCELL,Hydrogen and fuel cells ,DK,Denmark,2024,,0,,,,,
dataflow,ESTAT:ROAD_EQR_CARPDA(1.0),New passenger cars by type of motor energy,A,Annual,NR,Number,HYD_FCELL,Hydrogen and fuel cells ,EE,Estonia,2013,,0,,i,value imputed by Eurostat or other receiving agencies,,
dataflow,ESTAT:ROAD_EQR_CARPDA(1.0),New passenger cars by type of motor energy,A,Annual,NR,Number,HYD_FCELL,Hydrogen and fuel cells ,EE,Estonia,2014,,0,,i,value imputed by Eurostat or other receiving agencies,,
dataflow,ESTAT:ROAD_EQR_CARPDA(1.0),New passenger cars by type of motor energy,A,Annual,NR,Number,HYD_FCELL,Hydrogen and fuel cells ,EE,Estonia,2015,,0,,i,value imputed by Eurostat or other receiving agencies,,
dataflow,ESTAT:ROAD_EQR_CARPDA(1.0),New passenger cars by type of motor energy,A,Annual,NR,Number,HYD_FCELL,Hydrogen and fuel cells ,EE,Estonia,2016,,0,,,,,
dataflow,ESTAT:ROAD_EQR_CARPDA(1.0),New passenger cars by type of motor energy,A,Annual,NR,Number,HYD_FCELL,Hydrogen and fuel cells ,EE,Estonia,2017,,0,,i,value imputed by Eurostat or other receiving agencies,,
dataflow,ESTAT:ROAD_EQR_CARPDA(1.0),New passenger cars by type of motor energy,A,Annual,NR,Number,HYD_FCELL,Hydrogen and fuel cells ,EE,Estonia,2018,,0,,i,value imputed by Eurostat or other receiving agencies,,
dataflow,ESTAT:ROAD_EQR_CARPDA(1.0),New passenger cars by type of motor energy,A,Annual,NR,Number,HYD_FCELL,Hydrogen and fuel cells ,EE,Estonia,2019,,0,,i,value imputed by Eurostat or other receiving agencies,,
dataflow,ESTAT:ROAD_EQR_CARPDA(1.0),New passenger cars by type of motor energy,A,Annual,NR,Number,HYD_FCELL,Hydrogen and fuel cells ,EE,Estonia,2020,,0,,i,value imputed by Eurostat or other receiving agencies,,
dataflow,ESTAT:ROAD_EQR_CARPDA(1.0),New passenger cars by type of motor energy,A,Annual,NR,Number,HYD_FCELL,Hydrogen and fuel cells ,EE,Estonia,2021,,1,,i,value imputed by Eurostat or other receiving agencies,,
dataflow,ESTAT:ROAD_EQR_CARPDA(1.0),New passenger cars by type of motor energy,A,Annual,NR,Number,HYD_FCELL,Hydrogen and fuel cells ,EE,Estonia,2022,,1,,i,value imputed by Eurostat or other receiving agencies,,
dataflow,ESTAT:ROAD_EQR_CARPDA(1.0),New passenger cars by type of motor energy,A,Annual,NR,Number,HYD_FCELL,Hydrogen and fuel cells ,EE,Estonia,2023,,1,,i,value imputed by Eurostat or other receiving agencies,,
dataflow,ESTAT:ROAD_EQR_CARPDA(1.0),New passenger cars by type of motor energy,A,Annual,NR,Number,HYD_FCELL,Hydrogen and fuel cells ,EE,Estonia,2024,,0,,,,,
dataflow,ESTAT:ROAD_EQR_CARPDA(1.0),New passenger cars by type of motor energy,A,Annual,NR,Number,HYD_FCELL,Hydrogen and fuel cells ,EL,Greece,2013,,0,,i,value imputed by Eurostat or other receiving agencies,,
dataflow,ESTAT:ROAD_EQR_CARPDA(1.0),New passenger cars by type of motor energy,A,Annual,NR,Number,HYD_FCELL,Hydrogen and fuel cells ,EL,Greece,2014,,0,,i,value imputed by Eurostat or other receiving agencies,,
dataflow,ESTAT:ROAD_EQR_CARPDA(1.0),New passenger cars by type of motor energy,A,Annual,NR,Number,HYD_FCELL,Hydrogen and fuel cells ,EL,Greece,2015,,0,,i,value imputed by Eurostat or other receiving agencies,,
dataflow,ESTAT:ROAD_EQR_CARPDA(1.0),New passenger cars by type of motor energy,A,Annual,NR,Number,HYD_FCELL,Hydrogen and fuel cells ,EL,Greece,2016,,0,,i,value imputed by Eurostat or other receiving agencies,,
dataflow,ESTAT:ROAD_EQR_CARPDA(1.0),New passenger cars by type of motor energy,A,Annual,NR,Number,HYD_FCELL,Hydrogen and fuel cells ,EL,Greece,2017,,0,,i,value imputed by Eurostat or other receiving agencies,,
dataflow,ESTAT:ROAD_EQR_CARPDA(1.0),New passenger cars by type of motor energy,A,Annual,NR,Number,HYD_FCELL,Hydrogen and fuel cells ,EL,Greece,2018,,0,,i,value imputed by Eurostat or other receiving agencies,,
dataflow,ESTAT:ROAD_EQR_CARPDA(1.0),New passenger cars by type of motor energy,A,Annual,NR,Number,HYD_FCELL,Hydrogen and fuel cells ,EL,Greece,2019,,0,,i,value imputed by Eurostat or other receiving agencies,,
dataflow,ESTAT:ROAD_EQR_CARPDA(1.0),New passenger cars by type of motor energy,A,Annual,NR,Number,HYD_FCELL,Hydrogen and fuel cells ,EL,Greece,2020,,0,,i,value imputed by Eurostat or other receiving agencies,,
dataflow,ESTAT:ROAD_EQR_CARPDA(1.0),New passenger cars by type of motor energy,A,Annual,NR,Number,HYD_FCELL,Hydrogen and fuel cells ,EL,Greece,2021,,0,,i,value imputed by Eurostat or other receiving agencies,,
dataflow,ESTAT:ROAD_EQR_CARPDA(1.0),New passenger cars by type of motor energy,A,Annual,NR,Number,HYD_FCELL,Hydrogen and fuel cells ,EL,Greece,2022,,0,,i,value imputed by Eurostat or other receiving agencies,,
dataflow,ESTAT:ROAD_EQR_CARPDA(1.0),New passenger cars by type of motor energy,A,Annual,NR,Number,HYD_FCELL,Hydrogen and fuel cells ,EL,Greece,2023,,0,,,,,
dataflow,ESTAT:ROAD_EQR_CARPDA(1.0),New passenger cars by type of motor energy,A,Annual,NR,Number,HYD_FCELL,Hydrogen and fuel cells ,EL,Greece,2024,,0,,i,value imputed by Eurostat or other receiving agencies,,
dataflow,ESTAT:ROAD_EQR_CARPDA(1.0),New passenger cars by type of motor energy,A,Annual,NR,Number,HYD_FCELL,Hydrogen and fuel cells ,ES,Spain,2013,,0,,i,value imputed by Eurostat or other receiving agencies,,
dataflow,ESTAT:ROAD_EQR_CARPDA(1.0),New passenger cars by type of motor energy,A,Annual,NR,Number,HYD_FCELL,Hydrogen and fuel cells ,ES,Spain,2014,,0,,,,,
dataflow,ESTAT:ROAD_EQR_CARPDA(1.0),New passenger cars by type of motor energy,A,Annual,NR,Number,HYD_FCELL,Hydrogen and fuel cells ,ES,Spain,2015,,0,,,,,
dataflow,ESTAT:ROAD_EQR_CARPDA(1.0),New passenger cars by type of motor energy,A,Annual,NR,Number,HYD_FCELL,Hydrogen and fuel cells ,ES,Spain,2016,,0,,,,,
dataflow,ESTAT:ROAD_EQR_CARPDA(1.0),New passenger cars by type of motor energy,A,Annual,NR,Number,HYD_FCELL,Hydrogen and fuel cells ,ES,Spain,2017,,0,,i,value imputed by Eurostat or other receiving agencies,,
dataflow,ESTAT:ROAD_EQR_CARPDA(1.0),New passenger cars by type of motor energy,A,Annual,NR,Number,HYD_FCELL,Hydrogen and fuel cells ,ES,Spain,2018,,1,,,,,
dataflow,ESTAT:ROAD_EQR_CARPDA(1.0),New passenger cars by type of motor energy,A,Annual,NR,Number,HYD_FCELL,Hydrogen and fuel cells ,ES,Spain,2019,,1,,,,,
dataflow,ESTAT:ROAD_EQR_CARPDA(1.0),New passenger cars by type of motor energy,A,Annual,NR,Number,HYD_FCELL,Hydrogen and fuel cells ,ES,Spain,2020,,7,,,,,
dataflow,ESTAT:ROAD_EQR_CARPDA(1.0),New passenger cars by type of motor energy,A,Annual,NR,Number,HYD_FCELL,Hydrogen and fuel cells ,ES,Spain,2021,,9,,,,,
dataflow,ESTAT:ROAD_EQR_CARPDA(1.0),New passenger cars by type of motor energy,A,Annual,NR,Number,HYD_FCELL,Hydrogen and fuel cells ,ES,Spain,2022,,4,,,,,
dataflow,ESTAT:ROAD_EQR_CARPDA(1.0),New passenger cars by type of motor energy,A,Annual,NR,Number,HYD_FCELL,Hydrogen and fuel cells ,ES,Spain,2023,,8,,,,,
dataflow,ESTAT:ROAD_EQR_CARPDA(1.0),New passenger cars by type of motor energy,A,Annual,NR,Number,HYD_FCELL,Hydrogen and fuel cells ,ES,Spain,2024,,7,,,,,
dataflow,ESTAT:ROAD_EQR_CARPDA(1.0),New passenger cars by type of motor energy,A,Annual,NR,Number,HYD_FCELL,Hydrogen and fuel cells ,EU27_2020,European Union - 27 countries (from 2020),2013,,7,,,,,
dataflow,ESTAT:ROAD_EQR_CARPDA(1.0),New passenger cars by type of motor energy,A,Annual,NR,Number,HYD_FCELL,Hydrogen and fuel cells ,EU27_2020,European Union - 27 countries (from 2020),2014,,21,,,,,
dataflow,ESTAT:ROAD_EQR_CARPDA(1.0),New passenger cars by type of motor energy,A,Annual,NR,Number,HYD_FCELL,Hydrogen and fuel cells ,EU27_2020,European Union - 27 countries (from 2020),2015,,126,,,,,
dataflow,ESTAT:ROAD_EQR_CARPDA(1.0),New passenger cars by type of motor energy,A,Annual,NR,Number,HYD_FCELL,Hydrogen and fuel cells ,EU27_2020,European Union - 27 countries (from 2020),2016,,104,,,,,
dataflow,ESTAT:ROAD_EQR_CARPDA(1.0),New passenger cars by type of motor energy,A,Annual,NR,Number,HYD_FCELL,Hydrogen and fuel cells ,EU27_2020,European Union - 27 countries (from 2020),2017,,214,,,,,
dataflow,ESTAT:ROAD_EQR_CARPDA(1.0),New passenger cars by type of motor energy,A,Annual,NR,Number,HYD_FCELL,Hydrogen and fuel cells ,EU27_2020,European Union - 27 countries (from 2020),2018,,223,,,,,
dataflow,ESTAT:ROAD_EQR_CARPDA(1.0),New passenger cars by type of motor energy,A,Annual,NR,Number,HYD_FCELL,Hydrogen and fuel cells ,EU27_2020,European Union - 27 countries (from 2020),2019,,480,,,,,
dataflow,ESTAT:ROAD_EQR_CARPDA(1.0),New passenger cars by type of motor energy,A,Annual,NR,Number,HYD_FCELL,Hydrogen and fuel cells ,EU27_2020,European Union - 27 countries (from 2020),2020,,751,,,,,
dataflow,ESTAT:ROAD_EQR_CARPDA(1.0),New passenger cars by type of motor energy,A,Annual,NR,Number,HYD_FCELL,Hydrogen and fuel cells ,EU27_2020,European Union - 27 countries (from 2020),2021,,866,,,,,
dataflow,ESTAT:ROAD_EQR_CARPDA(1.0),New passenger cars by type of motor energy,A,Annual,NR,Number,HYD_FCELL,Hydrogen and fuel cells ,EU27_2020,European Union - 27 countries (from 2020),2022,,1206,,,,,
dataflow,ESTAT:ROAD_EQR_CARPDA(1.0),New passenger cars by type of motor energy,A,Annual,NR,Number,HYD_FCELL,Hydrogen and fuel cells ,EU27_2020,European Union - 27 countries (from 2020),2023,,738,,,,,
dataflow,ESTAT:ROAD_EQR_CARPDA(1.0),New passenger cars by type of motor energy,A,Annual,NR,Number,HYD_FCELL,Hydrogen and fuel cells ,EU27_2020,European Union - 27 countries (from 2020),2024,,750,,,,,
dataflow,ESTAT:ROAD_EQR_CARPDA(1.0),New passenger cars by type of motor energy,A,Annual,NR,Number,HYD_FCELL,Hydrogen and fuel cells ,FI,Finland,2013,,1,,,,,
dataflow,ESTAT:ROAD_EQR_CARPDA(1.0),New passenger cars by type of motor energy,A,Annual,NR,Number,HYD_FCELL,Hydrogen and fuel cells ,FI,Finland,2014,,0,,,,,
dataflow,ESTAT:ROAD_EQR_CARPDA(1.0),New passenger cars by type of motor energy,A,Annual,NR,Number,HYD_FCELL,Hydrogen and fuel cells ,FI,Finland,2015,,0,,,,,
dataflow,ESTAT:ROAD_EQR_CARPDA(1.0),New passenger cars by type of motor energy,A,Annual,NR,Number,HYD_FCELL,Hydrogen and fuel cells ,FI,Finland,2016,,0,,,,,
dataflow,ESTAT:ROAD_EQR_CARPDA(1.0),New passenger cars by type of motor energy,A,Annual,NR,Number,HYD_FCELL,Hydrogen and fuel cells ,FI,Finland,2017,,0,,,,,
dataflow,ESTAT:ROAD_EQR_CARPDA(1.0),New passenger cars by type of motor energy,A,Annual,NR,Number,HYD_FCELL,Hydrogen and fuel cells ,FI,Finland,2018,,0,,,,,
dataflow,ESTAT:ROAD_EQR_CARPDA(1.0),New passenger cars by type of motor energy,A,Annual,NR,Number,HYD_FCELL,Hydrogen and fuel cells ,FI,Finland,2019,,0,,,,,
dataflow,ESTAT:ROAD_EQR_CARPDA(1.0),New passenger cars by type of motor energy,A,Annual,NR,Number,HYD_FCELL,Hydrogen and fuel cells ,FI,Finland,2020,,0,,,,,
dataflow,ESTAT:ROAD_EQR_CARPDA(1.0),New passenger cars by type of motor energy,A,Annual,NR,Number,HYD_FCELL,Hydrogen and fuel cells ,FI,Finland,2021,,1,,,,,
dataflow,ESTAT:ROAD_EQR_CARPDA(1.0),New passenger cars by type of motor energy,A,Annual,NR,Number,HYD_FCELL,Hydrogen and fuel cells ,FI,Finland,2022,,0,,,,,
dataflow,ESTAT:ROAD_EQR_CARPDA(1.0),New passenger cars by type of motor energy,A,Annual,NR,Number,HYD_FCELL,Hydrogen and fuel cells ,FI,Finland,2023,,0,,,,,
dataflow,ESTAT:ROAD_EQR_CARPDA(1.0),New passenger cars by type of motor energy,A,Annual,NR,Number,HYD_FCELL,Hydrogen and fuel cells ,FI,Finland,2024,,0,,,,,
dataflow,ESTAT:ROAD_EQR_CARPDA(1.0),New passenger cars by type of motor energy,A,Annual,NR,Number,HYD_FCELL,Hydrogen and fuel cells ,FR,France,2013,,1,,,,,
dataflow,ESTAT:ROAD_EQR_CARPDA(1.0),New passenger cars by type of motor energy,A,Annual,NR,Number,HYD_FCELL,Hydrogen and fuel cells ,FR,France,2014,,1,,,,,
dataflow,ESTAT:ROAD_EQR_CARPDA(1.0),New passenger cars by type of motor energy,A,Annual,NR,Number,HYD_FCELL,Hydrogen and fuel cells ,FR,France,2015,,10,,,,,
dataflow,ESTAT:ROAD_EQR_CARPDA(1.0),New passenger cars by type of motor energy,A,Annual,NR,Number,HYD_FCELL,Hydrogen and fuel cells ,FR,France,2016,,9,,,,,
dataflow,ESTAT:ROAD_EQR_CARPDA(1.0),New passenger cars by type of motor energy,A,Annual,NR,Number,HYD_FCELL,Hydrogen and fuel cells ,FR,France,2017,,57,,,,,
dataflow,ESTAT:ROAD_EQR_CARPDA(1.0),New passenger cars by type of motor energy,A,Annual,NR,Number,HYD_FCELL,Hydrogen and fuel cells ,FR,France,2018,,36,,,,,
dataflow,ESTAT:ROAD_EQR_CARPDA(1.0),New passenger cars by type of motor energy,A,Annual,NR,Number,HYD_FCELL,Hydrogen and fuel cells ,FR,France,2019,,63,,,,,
dataflow,ESTAT:ROAD_EQR_CARPDA(1.0),New passenger cars by type of motor energy,A,Annual,NR,Number,HYD_FCELL,Hydrogen and fuel cells ,FR,France,2020,,211,,,,,
dataflow,ESTAT:ROAD_EQR_CARPDA(1.0),New passenger cars by type of motor energy,A,Annual,NR,Number,HYD_FCELL,Hydrogen and fuel cells ,FR,France,2021,,61,,,,,
dataflow,ESTAT:ROAD_EQR_CARPDA(1.0),New passenger cars by type of motor energy,A,Annual,NR,Number,HYD_FCELL,Hydrogen and fuel cells ,FR,France,2022,,193,,,,,
dataflow,ESTAT:ROAD_EQR_CARPDA(1.0),New passenger cars by type of motor energy,A,Annual,NR,Number,HYD_FCELL,Hydrogen and fuel cells ,FR,France,2023,,306,,,,,
dataflow,ESTAT:ROAD_EQR_CARPDA(1.0),New passenger cars by type of motor energy,A,Annual,NR,Number,HYD_FCELL,Hydrogen and fuel cells ,FR,France,2024,,529,,i,value imputed by Eurostat or other receiving agencies,,
dataflow,ESTAT:ROAD_EQR_CARPDA(1.0),New passenger cars by type of motor energy,A,Annual,NR,Number,HYD_FCELL,Hydrogen and fuel cells ,GE,Georgia,2023,,0,,,,,
dataflow,ESTAT:ROAD_EQR_CARPDA(1.0),New passenger cars by type of motor energy,A,Annual,NR,Number,HYD_FCELL,Hydrogen and fuel cells ,GE,Georgia,2024,,0,,,,,
dataflow,ESTAT:ROAD_EQR_CARPDA(1.0),New passenger cars by type of motor energy,A,Annual,NR,Number,HYD_FCELL,Hydrogen and fuel cells ,HR,Croatia,2013,,0,,i,value imputed by Eurostat or other receiving agencies,,
dataflow,ESTAT:ROAD_EQR_CARPDA(1.0),New passenger cars by type of motor energy,A,Annual,NR,Number,HYD_FCELL,Hydrogen and fuel cells ,HR,Croatia,2014,,0,,i,value imputed by Eurostat or other receiving agencies,,
dataflow,ESTAT:ROAD_EQR_CARPDA(1.0),New passenger cars by type of motor energy,A,Annual,NR,Number,HYD_FCELL,Hydrogen and fuel cells ,HR,Croatia,2015,,0,,i,value imputed by Eurostat or other receiving agencies,,
dataflow,ESTAT:ROAD_EQR_CARPDA(1.0),New passenger cars by type of motor energy,A,Annual,NR,Number,HYD_FCELL,Hydrogen and fuel cells ,HR,Croatia,2016,,0,,i,value imputed by Eurostat or other receiving agencies,,
dataflow,ESTAT:ROAD_EQR_CARPDA(1.0),New passenger cars by type of motor energy,A,Annual,NR,Number,HYD_FCELL,Hydrogen and fuel cells ,HR,Croatia,2017,,0,,i,value imputed by Eurostat or other receiving agencies,,
dataflow,ESTAT:ROAD_EQR_CARPDA(1.0),New passenger cars by type of motor energy,A,Annual,NR,Number,HYD_FCELL,Hydrogen and fuel cells ,HR,Croatia,2018,,0,,i,value imputed by Eurostat or other receiving agencies,,
dataflow,ESTAT:ROAD_EQR_CARPDA(1.0),New passenger cars by type of motor energy,A,Annual,NR,Number,HYD_FCELL,Hydrogen and fuel cells ,HR,Croatia,2019,,0,,i,value imputed by Eurostat or other receiving agencies,,
dataflow,ESTAT:ROAD_EQR_CARPDA(1.0),New passenger cars by type of motor energy,A,Annual,NR,Number,HYD_FCELL,Hydrogen and fuel cells ,HR,Croatia,2020,,0,,i,value imputed by Eurostat or other receiving agencies,,
dataflow,ESTAT:ROAD_EQR_CARPDA(1.0),New passenger cars by type of motor energy,A,Annual,NR,Number,HYD_FCELL,Hydrogen and fuel cells ,HR,Croatia,2021,,0,,i,value imputed by Eurostat or other receiving agencies,,
dataflow,ESTAT:ROAD_EQR_CARPDA(1.0),New passenger cars by type of motor energy,A,Annual,NR,Number,HYD_FCELL,Hydrogen and fuel cells ,HR,Croatia,2022,,0,,i,value imputed by Eurostat or other receiving agencies,,
dataflow,ESTAT:ROAD_EQR_CARPDA(1.0),New passenger cars by type of motor energy,A,Annual,NR,Number,HYD_FCELL,Hydrogen and fuel cells ,HR,Croatia,2023,,0,,i,value imputed by Eurostat or other receiving agencies,,
dataflow,ESTAT:ROAD_EQR_CARPDA(1.0),New passenger cars by type of motor energy,A,Annual,NR,Number,HYD_FCELL,Hydrogen and fuel cells ,HR,Croatia,2024,,0,,,,,
dataflow,ESTAT:ROAD_EQR_CARPDA(1.0),New passenger cars by type of motor energy,A,Annual,NR,Number,HYD_FCELL,Hydrogen and fuel cells ,HU,Hungary,2013,,0,,,,,
dataflow,ESTAT:ROAD_EQR_CARPDA(1.0),New passenger cars by type of motor energy,A,Annual,NR,Number,HYD_FCELL,Hydrogen and fuel cells ,HU,Hungary,2014,,0,,,,,
dataflow,ESTAT:ROAD_EQR_CARPDA(1.0),New passenger cars by type of motor energy,A,Annual,NR,Number,HYD_FCELL,Hydrogen and fuel cells ,HU,Hungary,2015,,0,,,,,
dataflow,ESTAT:ROAD_EQR_CARPDA(1.0),New passenger cars by type of motor energy,A,Annual,NR,Number,HYD_FCELL,Hydrogen and fuel cells ,HU,Hungary,2016,,0,,,,,
dataflow,ESTAT:ROAD_EQR_CARPDA(1.0),New passenger cars by type of motor energy,A,Annual,NR,Number,HYD_FCELL,Hydrogen and fuel cells ,HU,Hungary,2017,,0,,,,,
dataflow,ESTAT:ROAD_EQR_CARPDA(1.0),New passenger cars by type of motor energy,A,Annual,NR,Number,HYD_FCELL,Hydrogen and fuel cells ,HU,Hungary,2018,,0,,,,,
dataflow,ESTAT:ROAD_EQR_CARPDA(1.0),New passenger cars by type of motor energy,A,Annual,NR,Number,HYD_FCELL,Hydrogen and fuel cells ,HU,Hungary,2019,,0,,,,,
dataflow,ESTAT:ROAD_EQR_CARPDA(1.0),New passenger cars by type of motor energy,A,Annual,NR,Number,HYD_FCELL,Hydrogen and fuel cells ,HU,Hungary,2020,,0,,,,,
dataflow,ESTAT:ROAD_EQR_CARPDA(1.0),New passenger cars by type of motor energy,A,Annual,NR,Number,HYD_FCELL,Hydrogen and fuel cells ,HU,Hungary,2021,,1,,,,,
dataflow,ESTAT:ROAD_EQR_CARPDA(1.0),New passenger cars by type of motor energy,A,Annual,NR,Number,HYD_FCELL,Hydrogen and fuel cells ,HU,Hungary,2022,,1,,,,,
dataflow,ESTAT:ROAD_EQR_CARPDA(1.0),New passenger cars by type of motor energy,A,Annual,NR,Number,HYD_FCELL,Hydrogen and fuel cells ,HU,Hungary,2023,,0,,,,,
dataflow,ESTAT:ROAD_EQR_CARPDA(1.0),New passenger cars by type of motor energy,A,Annual,NR,Number,HYD_FCELL,Hydrogen and fuel cells ,HU,Hungary,2024,,0,,i,value imputed by Eurostat or other receiving agencies,,
dataflow,ESTAT:ROAD_EQR_CARPDA(1.0),New passenger cars by type of motor energy,A,Annual,NR,Number,HYD_FCELL,Hydrogen and fuel cells ,IE,Ireland,2013,,0,,i,value imputed by Eurostat or other receiving agencies,,
dataflow,ESTAT:ROAD_EQR_CARPDA(1.0),New passenger cars by type of motor energy,A,Annual,NR,Number,HYD_FCELL,Hydrogen and fuel cells ,IE,Ireland,2014,,0,,i,value imputed by Eurostat or other receiving agencies,,
dataflow,ESTAT:ROAD_EQR_CARPDA(1.0),New passenger cars by type of motor energy,A,Annual,NR,Number,HYD_FCELL,Hydrogen and fuel cells ,IE,Ireland,2015,,0,,i,value imputed by Eurostat or other receiving agencies,,
dataflow,ESTAT:ROAD_EQR_CARPDA(1.0),New passenger cars by type of motor energy,A,Annual,NR,Number,HYD_FCELL,Hydrogen and fuel cells ,IE,Ireland,2016,,1,,i,value imputed by Eurostat or other receiving agencies,,
dataflow,ESTAT:ROAD_EQR_CARPDA(1.0),New passenger cars by type of motor energy,A,Annual,NR,Number,HYD_FCELL,Hydrogen and fuel cells ,IE,Ireland,2017,,0,,i,value imputed by Eurostat or other receiving agencies,,
dataflow,ESTAT:ROAD_EQR_CARPDA(1.0),New passenger cars by type of motor energy,A,Annual,NR,Number,HYD_FCELL,Hydrogen and fuel cells ,IE,Ireland,2018,,0,,i,value imputed by Eurostat or other receiving agencies,,
dataflow,ESTAT:ROAD_EQR_CARPDA(1.0),New passenger cars by type of motor energy,A,Annual,NR,Number,HYD_FCELL,Hydrogen and fuel cells ,IE,Ireland,2019,,0,,i,value imputed by Eurostat or other receiving agencies,,
dataflow,ESTAT:ROAD_EQR_CARPDA(1.0),New passenger cars by type of motor energy,A,Annual,NR,Number,HYD_FCELL,Hydrogen and fuel cells ,IE,Ireland,2020,,0,,i,value imputed by Eurostat or other receiving agencies,,
dataflow,ESTAT:ROAD_EQR_CARPDA(1.0),New passenger cars by type of motor energy,A,Annual,NR,Number,HYD_FCELL,Hydrogen and fuel cells ,IE,Ireland,2021,,0,,i,value imputed by Eurostat or other receiving agencies,,
dataflow,ESTAT:ROAD_EQR_CARPDA(1.0),New passenger cars by type of motor energy,A,Annual,NR,Number,HYD_FCELL,Hydrogen and fuel cells ,IE,Ireland,2022,,0,,i,value imputed by Eurostat or other receiving agencies,,
dataflow,ESTAT:ROAD_EQR_CARPDA(1.0),New passenger cars by type of motor energy,A,Annual,NR,Number,HYD_FCELL,Hydrogen and fuel cells ,IE,Ireland,2023,,0,,i,value imputed by Eurostat or other receiving agencies,,
dataflow,ESTAT:ROAD_EQR_CARPDA(1.0),New passenger cars by type of motor energy,A,Annual,NR,Number,HYD_FCELL,Hydrogen and fuel cells ,IE,Ireland,2024,,0,,i,value imputed by Eurostat or other receiving agencies,,
dataflow,ESTAT:ROAD_EQR_CARPDA(1.0),New passenger cars by type of motor energy,A,Annual,NR,Number,HYD_FCELL,Hydrogen and fuel cells ,IS,Iceland,2018,,16,,,,,
dataflow,ESTAT:ROAD_EQR_CARPDA(1.0),New passenger cars by type of motor energy,A,Annual,NR,Number,HYD_FCELL,Hydrogen and fuel cells ,IS,Iceland,2019,,7,,,,,
dataflow,ESTAT:ROAD_EQR_CARPDA(1.0),New passenger cars by type of motor energy,A,Annual,NR,Number,HYD_FCELL,Hydrogen and fuel cells ,IS,Iceland,2021,,3,,,,,
dataflow,ESTAT:ROAD_EQR_CARPDA(1.0),New passenger cars by type of motor energy,A,Annual,NR,Number,HYD_FCELL,Hydrogen and fuel cells ,IS,Iceland,2022,,0,,i,value imputed by Eurostat or other receiving agencies,,
dataflow,ESTAT:ROAD_EQR_CARPDA(1.0),New passenger cars by type of motor energy,A,Annual,NR,Number,HYD_FCELL,Hydrogen and fuel cells ,IS,Iceland,2023,,1,,i,value imputed by Eurostat or other receiving agencies,,
dataflow,ESTAT:ROAD_EQR_CARPDA(1.0),New passenger cars by type of motor energy,A,Annual,NR,Number,HYD_FCELL,Hydrogen and fuel cells ,IS,Iceland,2024,,0,,i,value imputed by Eurostat or other receiving agencies,,
dataflow,ESTAT:ROAD_EQR_CARPDA(1.0),New passenger cars by type of motor energy,A,Annual,NR,Number,HYD_FCELL,Hydrogen and fuel cells ,IT,Italy,2013,,0,,i,value imputed by Eurostat or other receiving agencies,,
dataflow,ESTAT:ROAD_EQR_CARPDA(1.0),New passenger cars by type of motor energy,A,Annual,NR,Number,HYD_FCELL,Hydrogen and fuel cells ,IT,Italy,2014,,10,,i,value imputed by Eurostat or other receiving agencies,,
dataflow,ESTAT:ROAD_EQR_CARPDA(1.0),New passenger cars by type of motor energy,A,Annual,NR,Number,HYD_FCELL,Hydrogen and fuel cells ,IT,Italy,2015,,1,,i,value imputed by Eurostat or other receiving agencies,,
dataflow,ESTAT:ROAD_EQR_CARPDA(1.0),New passenger cars by type of motor energy,A,Annual,NR,Number,HYD_FCELL,Hydrogen and fuel cells ,IT,Italy,2016,,0,,i,value imputed by Eurostat or other receiving agencies,,
dataflow,ESTAT:ROAD_EQR_CARPDA(1.0),New passenger cars by type of motor energy,A,Annual,NR,Number,HYD_FCELL,Hydrogen and fuel cells ,IT,Italy,2017,,0,,i,value imputed by Eurostat or other receiving agencies,,
dataflow,ESTAT:ROAD_EQR_CARPDA(1.0),New passenger cars by type of motor energy,A,Annual,NR,Number,HYD_FCELL,Hydrogen and fuel cells ,IT,Italy,2018,,1,,i,value imputed by Eurostat or other receiving agencies,,
dataflow,ESTAT:ROAD_EQR_CARPDA(1.0),New passenger cars by type of motor energy,A,Annual,NR,Number,HYD_FCELL,Hydrogen and fuel cells ,IT,Italy,2019,,17,,i,value imputed by Eurostat or other receiving agencies,,
dataflow,ESTAT:ROAD_EQR_CARPDA(1.0),New passenger cars by type of motor energy,A,Annual,NR,Number,HYD_FCELL,Hydrogen and fuel cells ,IT,Italy,2020,,7,,i,value imputed by Eurostat or other receiving agencies,,
dataflow,ESTAT:ROAD_EQR_CARPDA(1.0),New passenger cars by type of motor energy,A,Annual,NR,Number,HYD_FCELL,Hydrogen and fuel cells ,IT,Italy,2021,,10,,i,value imputed by Eurostat or other receiving agencies,,
dataflow,ESTAT:ROAD_EQR_CARPDA(1.0),New passenger cars by type of motor energy,A,Annual,NR,Number,HYD_FCELL,Hydrogen and fuel cells ,IT,Italy,2022,,11,,i,value imputed by Eurostat or other receiving agencies,,
dataflow,ESTAT:ROAD_EQR_CARPDA(1.0),New passenger cars by type of motor energy,A,Annual,NR,Number,HYD_FCELL,Hydrogen and fuel cells ,IT,Italy,2023,,2,,i,value imputed by Eurostat or other receiving agencies,,
dataflow,ESTAT:ROAD_EQR_CARPDA(1.0),New passenger cars by type of motor energy,A,Annual,NR,Number,HYD_FCELL,Hydrogen and fuel cells ,IT,Italy,2024,,1,,i,value imputed by Eurostat or other receiving agencies,,
dataflow,ESTAT:ROAD_EQR_CARPDA(1.0),New passenger cars by type of motor energy,A,Annual,NR,Number,HYD_FCELL,Hydrogen and fuel cells ,LI,Liechtenstein,2013,,0,,,,,
dataflow,ESTAT:ROAD_EQR_CARPDA(1.0),New passenger cars by type of motor energy,A,Annual,NR,Number,HYD_FCELL,Hydrogen and fuel cells ,LI,Liechtenstein,2014,,0,,,,,
dataflow,ESTAT:ROAD_EQR_CARPDA(1.0),New passenger cars by type of motor energy,A,Annual,NR,Number,HYD_FCELL,Hydrogen and fuel cells ,LI,Liechtenstein,2015,,0,,,,,
dataflow,ESTAT:ROAD_EQR_CARPDA(1.0),New passenger cars by type of motor energy,A,Annual,NR,Number,HYD_FCELL,Hydrogen and fuel cells ,LI,Liechtenstein,2016,,0,,,,,
dataflow,ESTAT:ROAD_EQR_CARPDA(1.0),New passenger cars by type of motor energy,A,Annual,NR,Number,HYD_FCELL,Hydrogen and fuel cells ,LI,Liechtenstein,2017,,0,,,,,
dataflow,ESTAT:ROAD_EQR_CARPDA(1.0),New passenger cars by type of motor energy,A,Annual,NR,Number,HYD_FCELL,Hydrogen and fuel cells ,LI,Liechtenstein,2018,,0,,,,,
dataflow,ESTAT:ROAD_EQR_CARPDA(1.0),New passenger cars by type of motor energy,A,Annual,NR,Number,HYD_FCELL,Hydrogen and fuel cells ,LI,Liechtenstein,2019,,0,,,,,
dataflow,ESTAT:ROAD_EQR_CARPDA(1.0),New passenger cars by type of motor energy,A,Annual,NR,Number,HYD_FCELL,Hydrogen and fuel cells ,LI,Liechtenstein,2020,,0,,,,,
dataflow,ESTAT:ROAD_EQR_CARPDA(1.0),New passenger cars by type of motor energy,A,Annual,NR,Number,HYD_FCELL,Hydrogen and fuel cells ,LI,Liechtenstein,2021,,0,,,,,
dataflow,ESTAT:ROAD_EQR_CARPDA(1.0),New passenger cars by type of motor energy,A,Annual,NR,Number,HYD_FCELL,Hydrogen and fuel cells ,LI,Liechtenstein,2022,,0,,,,,
dataflow,ESTAT:ROAD_EQR_CARPDA(1.0),New passenger cars by type of motor energy,A,Annual,NR,Number,HYD_FCELL,Hydrogen and fuel cells ,LI,Liechtenstein,2023,,0,,,,,
dataflow,ESTAT:ROAD_EQR_CARPDA(1.0),New passenger cars by type of motor energy,A,Annual,NR,Number,HYD_FCELL,Hydrogen and fuel cells ,LI,Liechtenstein,2024,,0,,,,,
dataflow,ESTAT:ROAD_EQR_CARPDA(1.0),New passenger cars by type of motor energy,A,Annual,NR,Number,HYD_FCELL,Hydrogen and fuel cells ,LT,Lithuania,2013,,0,,,,,
dataflow,ESTAT:ROAD_EQR_CARPDA(1.0),New passenger cars by type of motor energy,A,Annual,NR,Number,HYD_FCELL,Hydrogen and fuel cells ,LT,Lithuania,2014,,0,,,,,
dataflow,ESTAT:ROAD_EQR_CARPDA(1.0),New passenger cars by type of motor energy,A,Annual,NR,Number,HYD_FCELL,Hydrogen and fuel cells ,LT,Lithuania,2015,,0,,,,,
dataflow,ESTAT:ROAD_EQR_CARPDA(1.0),New passenger cars by type of motor energy,A,Annual,NR,Number,HYD_FCELL,Hydrogen and fuel cells ,LT,Lithuania,2016,,0,,,,,
dataflow,ESTAT:ROAD_EQR_CARPDA(1.0),New passenger cars by type of motor energy,A,Annual,NR,Number,HYD_FCELL,Hydrogen and fuel cells ,LT,Lithuania,2017,,0,,,,,
dataflow,ESTAT:ROAD_EQR_CARPDA(1.0),New passenger cars by type of motor energy,A,Annual,NR,Number,HYD_FCELL,Hydrogen and fuel cells ,LT,Lithuania,2018,,0,,,,,
dataflow,ESTAT:ROAD_EQR_CARPDA(1.0),New passenger cars by type of motor energy,A,Annual,NR,Number,HYD_FCELL,Hydrogen and fuel cells ,LT,Lithuania,2019,,0,,,,,
dataflow,ESTAT:ROAD_EQR_CARPDA(1.0),New passenger cars by type of motor energy,A,Annual,NR,Number,HYD_FCELL,Hydrogen and fuel cells ,LT,Lithuania,2020,,0,,,,,
dataflow,ESTAT:ROAD_EQR_CARPDA(1.0),New passenger cars by type of motor energy,A,Annual,NR,Number,HYD_FCELL,Hydrogen and fuel cells ,LT,Lithuania,2021,,0,,,,,
dataflow,ESTAT:ROAD_EQR_CARPDA(1.0),New passenger cars by type of motor energy,A,Annual,NR,Number,HYD_FCELL,Hydrogen and fuel cells ,LT,Lithuania,2022,,0,,,,,
dataflow,ESTAT:ROAD_EQR_CARPDA(1.0),New passenger cars by type of motor energy,A,Annual,NR,Number,HYD_FCELL,Hydrogen and fuel cells ,LT,Lithuania,2023,,0,,,,,
dataflow,ESTAT:ROAD_EQR_CARPDA(1.0),New passenger cars by type of motor energy,A,Annual,NR,Number,HYD_FCELL,Hydrogen and fuel cells ,LT,Lithuania,2024,,0,,,,,
dataflow,ESTAT:ROAD_EQR_CARPDA(1.0),New passenger cars by type of motor energy,A,Annual,NR,Number,HYD_FCELL,Hydrogen and fuel cells ,LU,Luxembourg,2013,,0,,i,value imputed by Eurostat or other receiving agencies,,
dataflow,ESTAT:ROAD_EQR_CARPDA(1.0),New passenger cars by type of motor energy,A,Annual,NR,Number,HYD_FCELL,Hydrogen and fuel cells ,LU,Luxembourg,2014,,0,,i,value imputed by Eurostat or other receiving agencies,,
dataflow,ESTAT:ROAD_EQR_CARPDA(1.0),New passenger cars by type of motor energy,A,Annual,NR,Number,HYD_FCELL,Hydrogen and fuel cells ,LU,Luxembourg,2015,,0,,i,value imputed by Eurostat or other receiving agencies,,
dataflow,ESTAT:ROAD_EQR_CARPDA(1.0),New passenger cars by type of motor energy,A,Annual,NR,Number,HYD_FCELL,Hydrogen and fuel cells ,LU,Luxembourg,2016,,0,,i,value imputed by Eurostat or other receiving agencies,,
dataflow,ESTAT:ROAD_EQR_CARPDA(1.0),New passenger cars by type of motor energy,A,Annual,NR,Number,HYD_FCELL,Hydrogen and fuel cells ,LU,Luxembourg,2017,,0,,i,value imputed by Eurostat or other receiving agencies,,
dataflow,ESTAT:ROAD_EQR_CARPDA(1.0),New passenger cars by type of motor energy,A,Annual,NR,Number,HYD_FCELL,Hydrogen and fuel cells ,LU,Luxembourg,2018,,0,,i,value imputed by Eurostat or other receiving agencies,,
dataflow,ESTAT:ROAD_EQR_CARPDA(1.0),New passenger cars by type of motor energy,A,Annual,NR,Number,HYD_FCELL,Hydrogen and fuel cells ,LU,Luxembourg,2019,,0,,i,value imputed by Eurostat or other receiving agencies,,
dataflow,ESTAT:ROAD_EQR_CARPDA(1.0),New passenger cars by type of motor energy,A,Annual,NR,Number,HYD_FCELL,Hydrogen and fuel cells ,LU,Luxembourg,2020,,0,,i,value imputed by Eurostat or other receiving agencies,,
dataflow,ESTAT:ROAD_EQR_CARPDA(1.0),New passenger cars by type of motor energy,A,Annual,NR,Number,HYD_FCELL,Hydrogen and fuel cells ,LU,Luxembourg,2021,,1,,,,,
dataflow,ESTAT:ROAD_EQR_CARPDA(1.0),New passenger cars by type of motor energy,A,Annual,NR,Number,HYD_FCELL,Hydrogen and fuel cells ,LU,Luxembourg,2022,,2,,i,value imputed by Eurostat or other receiving agencies,,
dataflow,ESTAT:ROAD_EQR_CARPDA(1.0),New passenger cars by type of motor energy,A,Annual,NR,Number,HYD_FCELL,Hydrogen and fuel cells ,LU,Luxembourg,2023,,0,,,,,
dataflow,ESTAT:ROAD_EQR_CARPDA(1.0),New passenger cars by type of motor energy,A,Annual,NR,Number,HYD_FCELL,Hydrogen and fuel cells ,LU,Luxembourg,2024,,10,,,,,
dataflow,ESTAT:ROAD_EQR_CARPDA(1.0),New passenger cars by type of motor energy,A,Annual,NR,Number,HYD_FCELL,Hydrogen and fuel cells ,LV,Latvia,2013,,0,,i,value imputed by Eurostat or other receiving agencies,,
dataflow,ESTAT:ROAD_EQR_CARPDA(1.0),New passenger cars by type of motor energy,A,Annual,NR,Number,HYD_FCELL,Hydrogen and fuel cells ,LV,Latvia,2014,,0,,,,,
dataflow,ESTAT:ROAD_EQR_CARPDA(1.0),New passenger cars by type of motor energy,A,Annual,NR,Number,HYD_FCELL,Hydrogen and fuel cells ,LV,Latvia,2015,,0,,i,value imputed by Eurostat or other receiving agencies,,
dataflow,ESTAT:ROAD_EQR_CARPDA(1.0),New passenger cars by type of motor energy,A,Annual,NR,Number,HYD_FCELL,Hydrogen and fuel cells ,LV,Latvia,2016,,0,,,,,
dataflow,ESTAT:ROAD_EQR_CARPDA(1.0),New passenger cars by type of motor energy,A,Annual,NR,Number,HYD_FCELL,Hydrogen and fuel cells ,LV,Latvia,2017,,0,,,,,
dataflow,ESTAT:ROAD_EQR_CARPDA(1.0),New passenger cars by type of motor energy,A,Annual,NR,Number,HYD_FCELL,Hydrogen and fuel cells ,LV,Latvia,2018,,0,,,,,
dataflow,ESTAT:ROAD_EQR_CARPDA(1.0),New passenger cars by type of motor energy,A,Annual,NR,Number,HYD_FCELL,Hydrogen and fuel cells ,LV,Latvia,2019,,0,,,,,
dataflow,ESTAT:ROAD_EQR_CARPDA(1.0),New passenger cars by type of motor energy,A,Annual,NR,Number,HYD_FCELL,Hydrogen and fuel cells ,LV,Latvia,2020,,0,,,,,
dataflow,ESTAT:ROAD_EQR_CARPDA(1.0),New passenger cars by type of motor energy,A,Annual,NR,Number,HYD_FCELL,Hydrogen and fuel cells ,LV,Latvia,2021,,0,,,,,
dataflow,ESTAT:ROAD_EQR_CARPDA(1.0),New passenger cars by type of motor energy,A,Annual,NR,Number,HYD_FCELL,Hydrogen and fuel cells ,LV,Latvia,2022,,0,,,,,
dataflow,ESTAT:ROAD_EQR_CARPDA(1.0),New passenger cars by type of motor energy,A,Annual,NR,Number,HYD_FCELL,Hydrogen and fuel cells ,LV,Latvia,2023,,0,,,,,
dataflow,ESTAT:ROAD_EQR_CARPDA(1.0),New passenger cars by type of motor energy,A,Annual,NR,Number,HYD_FCELL,Hydrogen and fuel cells ,LV,Latvia,2024,,0,,,,,
dataflow,ESTAT:ROAD_EQR_CARPDA(1.0),New passenger cars by type of motor energy,A,Annual,NR,Number,HYD_FCELL,Hydrogen and fuel cells ,MT,Malta,2013,,0,,,,,
dataflow,ESTAT:ROAD_EQR_CARPDA(1.0),New passenger cars by type of motor energy,A,Annual,NR,Number,HYD_FCELL,Hydrogen and fuel cells ,MT,Malta,2014,,0,,,,,
dataflow,ESTAT:ROAD_EQR_CARPDA(1.0),New passenger cars by type of motor energy,A,Annual,NR,Number,HYD_FCELL,Hydrogen and fuel cells ,MT,Malta,2015,,0,,,,,
dataflow,ESTAT:ROAD_EQR_CARPDA(1.0),New passenger cars by type of motor energy,A,Annual,NR,Number,HYD_FCELL,Hydrogen and fuel cells ,MT,Malta,2016,,0,,,,,
dataflow,ESTAT:ROAD_EQR_CARPDA(1.0),New passenger cars by type of motor energy,A,Annual,NR,Number,HYD_FCELL,Hydrogen and fuel cells ,MT,Malta,2017,,0,,,,,
dataflow,ESTAT:ROAD_EQR_CARPDA(1.0),New passenger cars by type of motor energy,A,Annual,NR,Number,HYD_FCELL,Hydrogen and fuel cells ,MT,Malta,2018,,0,,,,,
dataflow,ESTAT:ROAD_EQR_CARPDA(1.0),New passenger cars by type of motor energy,A,Annual,NR,Number,HYD_FCELL,Hydrogen and fuel cells ,MT,Malta,2019,,0,,,,,
dataflow,ESTAT:ROAD_EQR_CARPDA(1.0),New passenger cars by type of motor energy,A,Annual,NR,Number,HYD_FCELL,Hydrogen and fuel cells ,MT,Malta,2020,,0,,,,,
dataflow,ESTAT:ROAD_EQR_CARPDA(1.0),New passenger cars by type of motor energy,A,Annual,NR,Number,HYD_FCELL,Hydrogen and fuel cells ,MT,Malta,2021,,0,,,,,
dataflow,ESTAT:ROAD_EQR_CARPDA(1.0),New passenger cars by type of motor energy,A,Annual,NR,Number,HYD_FCELL,Hydrogen and fuel cells ,MT,Malta,2022,,0,,,,,
dataflow,ESTAT:ROAD_EQR_CARPDA(1.0),New passenger cars by type of motor energy,A,Annual,NR,Number,HYD_FCELL,Hydrogen and fuel cells ,MT,Malta,2023,,0,,,,,
dataflow,ESTAT:ROAD_EQR_CARPDA(1.0),New passenger cars by type of motor energy,A,Annual,NR,Number,HYD_FCELL,Hydrogen and fuel cells ,MT,Malta,2024,,0,,,,,
dataflow,ESTAT:ROAD_EQR_CARPDA(1.0),New passenger cars by type of motor energy,A,Annual,NR,Number,HYD_FCELL,Hydrogen and fuel cells ,NL,Netherlands,2013,,1,,,,,
dataflow,ESTAT:ROAD_EQR_CARPDA(1.0),New passenger cars by type of motor energy,A,Annual,NR,Number,HYD_FCELL,Hydrogen and fuel cells ,NL,Netherlands,2014,,2,,,,,
dataflow,ESTAT:ROAD_EQR_CARPDA(1.0),New passenger cars by type of motor energy,A,Annual,NR,Number,HYD_FCELL,Hydrogen and fuel cells ,NL,Netherlands,2015,,19,,,,,
dataflow,ESTAT:ROAD_EQR_CARPDA(1.0),New passenger cars by type of motor energy,A,Annual,NR,Number,HYD_FCELL,Hydrogen and fuel cells ,NL,Netherlands,2016,,7,,,,,
dataflow,ESTAT:ROAD_EQR_CARPDA(1.0),New passenger cars by type of motor energy,A,Annual,NR,Number,HYD_FCELL,Hydrogen and fuel cells ,NL,Netherlands,2017,,6,,,,,
dataflow,ESTAT:ROAD_EQR_CARPDA(1.0),New passenger cars by type of motor energy,A,Annual,NR,Number,HYD_FCELL,Hydrogen and fuel cells ,NL,Netherlands,2018,,13,,,,,
dataflow,ESTAT:ROAD_EQR_CARPDA(1.0),New passenger cars by type of motor energy,A,Annual,NR,Number,HYD_FCELL,Hydrogen and fuel cells ,NL,Netherlands,2019,,156,,,,,
dataflow,ESTAT:ROAD_EQR_CARPDA(1.0),New passenger cars by type of motor energy,A,Annual,NR,Number,HYD_FCELL,Hydrogen and fuel cells ,NL,Netherlands,2020,,147,,,,,
dataflow,ESTAT:ROAD_EQR_CARPDA(1.0),New passenger cars by type of motor energy,A,Annual,NR,Number,HYD_FCELL,Hydrogen and fuel cells ,NL,Netherlands,2021,,122,,,,,
dataflow,ESTAT:ROAD_EQR_CARPDA(1.0),New passenger cars by type of motor energy,A,Annual,NR,Number,HYD_FCELL,Hydrogen and fuel cells ,NL,Netherlands,2022,,89,,,,,
dataflow,ESTAT:ROAD_EQR_CARPDA(1.0),New passenger cars by type of motor energy,A,Annual,NR,Number,HYD_FCELL,Hydrogen and fuel cells ,NL,Netherlands,2023,,39,,i,value imputed by Eurostat or other receiving agencies,,
dataflow,ESTAT:ROAD_EQR_CARPDA(1.0),New passenger cars by type of motor energy,A,Annual,NR,Number,HYD_FCELL,Hydrogen and fuel cells ,NL,Netherlands,2024,,0,,,,,
dataflow,ESTAT:ROAD_EQR_CARPDA(1.0),New passenger cars by type of motor energy,A,Annual,NR,Number,HYD_FCELL,Hydrogen and fuel cells ,NO,Norway,2013,,3,,,,,
dataflow,ESTAT:ROAD_EQR_CARPDA(1.0),New passenger cars by type of motor energy,A,Annual,NR,Number,HYD_FCELL,Hydrogen and fuel cells ,NO,Norway,2014,,4,,,,,
dataflow,ESTAT:ROAD_EQR_CARPDA(1.0),New passenger cars by type of motor energy,A,Annual,NR,Number,HYD_FCELL,Hydrogen and fuel cells ,NO,Norway,2015,,9,,,,,
dataflow,ESTAT:ROAD_EQR_CARPDA(1.0),New passenger cars by type of motor energy,A,Annual,NR,Number,HYD_FCELL,Hydrogen and fuel cells ,NO,Norway,2016,,23,,,,,
dataflow,ESTAT:ROAD_EQR_CARPDA(1.0),New passenger cars by type of motor energy,A,Annual,NR,Number,HYD_FCELL,Hydrogen and fuel cells ,NO,Norway,2017,,55,,,,,
dataflow,ESTAT:ROAD_EQR_CARPDA(1.0),New passenger cars by type of motor energy,A,Annual,NR,Number,HYD_FCELL,Hydrogen and fuel cells ,NO,Norway,2018,,50,,,,,
dataflow,ESTAT:ROAD_EQR_CARPDA(1.0),New passenger cars by type of motor energy,A,Annual,NR,Number,HYD_FCELL,Hydrogen and fuel cells ,NO,Norway,2019,,29,,,,,
dataflow,ESTAT:ROAD_EQR_CARPDA(1.0),New passenger cars by type of motor energy,A,Annual,NR,Number,HYD_FCELL,Hydrogen and fuel cells ,NO,Norway,2020,,16,,,,,
dataflow,ESTAT:ROAD_EQR_CARPDA(1.0),New passenger cars by type of motor energy,A,Annual,NR,Number,HYD_FCELL,Hydrogen and fuel cells ,NO,Norway,2021,,36,,,,,
dataflow,ESTAT:ROAD_EQR_CARPDA(1.0),New passenger cars by type of motor energy,A,Annual,NR,Number,HYD_FCELL,Hydrogen and fuel cells ,NO,Norway,2022,,27,,,,,
dataflow,ESTAT:ROAD_EQR_CARPDA(1.0),New passenger cars by type of motor energy,A,Annual,NR,Number,HYD_FCELL,Hydrogen and fuel cells ,NO,Norway,2023,,2,,,,,
dataflow,ESTAT:ROAD_EQR_CARPDA(1.0),New passenger cars by type of motor energy,A,Annual,NR,Number,HYD_FCELL,Hydrogen and fuel cells ,NO,Norway,2024,,9,,,,,
dataflow,ESTAT:ROAD_EQR_CARPDA(1.0),New passenger cars by type of motor energy,A,Annual,NR,Number,HYD_FCELL,Hydrogen and fuel cells ,PL,Poland,2013,,0,,i,value imputed by Eurostat or other receiving agencies,,
dataflow,ESTAT:ROAD_EQR_CARPDA(1.0),New passenger cars by type of motor energy,A,Annual,NR,Number,HYD_FCELL,Hydrogen and fuel cells ,PL,Poland,2014,,0,,i,value imputed by Eurostat or other receiving agencies,,
dataflow,ESTAT:ROAD_EQR_CARPDA(1.0),New passenger cars by type of motor energy,A,Annual,NR,Number,HYD_FCELL,Hydrogen and fuel cells ,PL,Poland,2015,,0,,i,value imputed by Eurostat or other receiving agencies,,
dataflow,ESTAT:ROAD_EQR_CARPDA(1.0),New passenger cars by type of motor energy,A,Annual,NR,Number,HYD_FCELL,Hydrogen and fuel cells ,PL,Poland,2016,,0,,i,value imputed by Eurostat or other receiving agencies,,
dataflow,ESTAT:ROAD_EQR_CARPDA(1.0),New passenger cars by type of motor energy,A,Annual,NR,Number,HYD_FCELL,Hydrogen and fuel cells ,PL,Poland,2017,,0,,i,value imputed by Eurostat or other receiving agencies,,
dataflow,ESTAT:ROAD_EQR_CARPDA(1.0),New passenger cars by type of motor energy,A,Annual,NR,Number,HYD_FCELL,Hydrogen and fuel cells ,PL,Poland,2018,,0,,i,value imputed by Eurostat or other receiving agencies,,
dataflow,ESTAT:ROAD_EQR_CARPDA(1.0),New passenger cars by type of motor energy,A,Annual,NR,Number,HYD_FCELL,Hydrogen and fuel cells ,PL,Poland,2019,,0,,,,,
dataflow,ESTAT:ROAD_EQR_CARPDA(1.0),New passenger cars by type of motor energy,A,Annual,NR,Number,HYD_FCELL,Hydrogen and fuel cells ,PL,Poland,2020,,0,,,,,
dataflow,ESTAT:ROAD_EQR_CARPDA(1.0),New passenger cars by type of motor energy,A,Annual,NR,Number,HYD_FCELL,Hydrogen and fuel cells ,PL,Poland,2021,,74,,i,value imputed by Eurostat or other receiving agencies,,
dataflow,ESTAT:ROAD_EQR_CARPDA(1.0),New passenger cars by type of motor energy,A,Annual,NR,Number,HYD_FCELL,Hydrogen and fuel cells ,PL,Poland,2022,,41,,i,value imputed by Eurostat or other receiving agencies,,
dataflow,ESTAT:ROAD_EQR_CARPDA(1.0),New passenger cars by type of motor energy,A,Annual,NR,Number,HYD_FCELL,Hydrogen and fuel cells ,PL,Poland,2023,,83,,i,value imputed by Eurostat or other receiving agencies,,
dataflow,ESTAT:ROAD_EQR_CARPDA(1.0),New passenger cars by type of motor energy,A,Annual,NR,Number,HYD_FCELL,Hydrogen and fuel cells ,PL,Poland,2024,,12,,i,value imputed by Eurostat or other receiving agencies,,
dataflow,ESTAT:ROAD_EQR_CARPDA(1.0),New passenger cars by type of motor energy,A,Annual,NR,Number,HYD_FCELL,Hydrogen and fuel cells ,PT,Portugal,2013,,0,,i,value imputed by Eurostat or other receiving agencies,,
dataflow,ESTAT:ROAD_EQR_CARPDA(1.0),New passenger cars by type of motor energy,A,Annual,NR,Number,HYD_FCELL,Hydrogen and fuel cells ,PT,Portugal,2014,,0,,i,value imputed by Eurostat or other receiving agencies,,
dataflow,ESTAT:ROAD_EQR_CARPDA(1.0),New passenger cars by type of motor energy,A,Annual,NR,Number,HYD_FCELL,Hydrogen and fuel cells ,PT,Portugal,2015,,0,,i,value imputed by Eurostat or other receiving agencies,,
dataflow,ESTAT:ROAD_EQR_CARPDA(1.0),New passenger cars by type of motor energy,A,Annual,NR,Number,HYD_FCELL,Hydrogen and fuel cells ,PT,Portugal,2016,,0,,i,value imputed by Eurostat or other receiving agencies,,
dataflow,ESTAT:ROAD_EQR_CARPDA(1.0),New passenger cars by type of motor energy,A,Annual,NR,Number,HYD_FCELL,Hydrogen and fuel cells ,PT,Portugal,2017,,0,,,,,
dataflow,ESTAT:ROAD_EQR_CARPDA(1.0),New passenger cars by type of motor energy,A,Annual,NR,Number,HYD_FCELL,Hydrogen and fuel cells ,PT,Portugal,2018,,0,,,,,
dataflow,ESTAT:ROAD_EQR_CARPDA(1.0),New passenger cars by type of motor energy,A,Annual,NR,Number,HYD_FCELL,Hydrogen and fuel cells ,PT,Portugal,2019,,0,,,,,
dataflow,ESTAT:ROAD_EQR_CARPDA(1.0),New passenger cars by type of motor energy,A,Annual,NR,Number,HYD_FCELL,Hydrogen and fuel cells ,PT,Portugal,2020,,0,,,,,
dataflow,ESTAT:ROAD_EQR_CARPDA(1.0),New passenger cars by type of motor energy,A,Annual,NR,Number,HYD_FCELL,Hydrogen and fuel cells ,PT,Portugal,2021,,3,,i,value imputed by Eurostat or other receiving agencies,,
dataflow,ESTAT:ROAD_EQR_CARPDA(1.0),New passenger cars by type of motor energy,A,Annual,NR,Number,HYD_FCELL,Hydrogen and fuel cells ,PT,Portugal,2022,,0,,,,,
dataflow,ESTAT:ROAD_EQR_CARPDA(1.0),New passenger cars by type of motor energy,A,Annual,NR,Number,HYD_FCELL,Hydrogen and fuel cells ,PT,Portugal,2023,,0,,,,,
dataflow,ESTAT:ROAD_EQR_CARPDA(1.0),New passenger cars by type of motor energy,A,Annual,NR,Number,HYD_FCELL,Hydrogen and fuel cells ,PT,Portugal,2024,,0,,p,provisional,,
dataflow,ESTAT:ROAD_EQR_CARPDA(1.0),New passenger cars by type of motor energy,A,Annual,NR,Number,HYD_FCELL,Hydrogen and fuel cells ,RO,Romania,2013,,0,,i,value imputed by Eurostat or other receiving agencies,,
dataflow,ESTAT:ROAD_EQR_CARPDA(1.0),New passenger cars by type of motor energy,A,Annual,NR,Number,HYD_FCELL,Hydrogen and fuel cells ,RO,Romania,2014,,0,,i,value imputed by Eurostat or other receiving agencies,,
dataflow,ESTAT:ROAD_EQR_CARPDA(1.0),New passenger cars by type of motor energy,A,Annual,NR,Number,HYD_FCELL,Hydrogen and fuel cells ,RO,Romania,2015,,0,,i,value imputed by Eurostat or other receiving agencies,,
dataflow,ESTAT:ROAD_EQR_CARPDA(1.0),New passenger cars by type of motor energy,A,Annual,NR,Number,HYD_FCELL,Hydrogen and fuel cells ,RO,Romania,2016,,0,,i,value imputed by Eurostat or other receiving agencies,,
dataflow,ESTAT:ROAD_EQR_CARPDA(1.0),New passenger cars by type of motor energy,A,Annual,NR,Number,HYD_FCELL,Hydrogen and fuel cells ,RO,Romania,2017,,0,,i,value imputed by Eurostat or other receiving agencies,,
dataflow,ESTAT:ROAD_EQR_CARPDA(1.0),New passenger cars by type of motor energy,A,Annual,NR,Number,HYD_FCELL,Hydrogen and fuel cells ,RO,Romania,2018,,0,,i,value imputed by Eurostat or other receiving agencies,,
dataflow,ESTAT:ROAD_EQR_CARPDA(1.0),New passenger cars by type of motor energy,A,Annual,NR,Number,HYD_FCELL,Hydrogen and fuel cells ,RO,Romania,2019,,0,,i,value imputed by Eurostat or other receiving agencies,,
dataflow,ESTAT:ROAD_EQR_CARPDA(1.0),New passenger cars by type of motor energy,A,Annual,NR,Number,HYD_FCELL,Hydrogen and fuel cells ,RO,Romania,2020,,0,,i,value imputed by Eurostat or other receiving agencies,,
dataflow,ESTAT:ROAD_EQR_CARPDA(1.0),New passenger cars by type of motor energy,A,Annual,NR,Number,HYD_FCELL,Hydrogen and fuel cells ,RO,Romania,2021,,0,,i,value imputed by Eurostat or other receiving agencies,,
dataflow,ESTAT:ROAD_EQR_CARPDA(1.0),New passenger cars by type of motor energy,A,Annual,NR,Number,HYD_FCELL,Hydrogen and fuel cells ,RO,Romania,2022,,0,,i,value imputed by Eurostat or other receiving agencies,,
dataflow,ESTAT:ROAD_EQR_CARPDA(1.0),New passenger cars by type of motor energy,A,Annual,NR,Number,HYD_FCELL,Hydrogen and fuel cells ,RO,Romania,2023,,0,,i,value imputed by Eurostat or other receiving agencies,,
dataflow,ESTAT:ROAD_EQR_CARPDA(1.0),New passenger cars by type of motor energy,A,Annual,NR,Number,HYD_FCELL,Hydrogen and fuel cells ,RO,Romania,2024,,0,,,,,
dataflow,ESTAT:ROAD_EQR_CARPDA(1.0),New passenger cars by type of motor energy,A,Annual,NR,Number,HYD_FCELL,Hydrogen and fuel cells ,RS,Serbia,2019,,0,,,,,
dataflow,ESTAT:ROAD_EQR_CARPDA(1.0),New passenger cars by type of motor energy,A,Annual,NR,Number,HYD_FCELL,Hydrogen and fuel cells ,RS,Serbia,2020,,0,,,,,
dataflow,ESTAT:ROAD_EQR_CARPDA(1.0),New passenger cars by type of motor energy,A,Annual,NR,Number,HYD_FCELL,Hydrogen and fuel cells ,RS,Serbia,2021,,0,,,,,
dataflow,ESTAT:ROAD_EQR_CARPDA(1.0),New passenger cars by type of motor energy,A,Annual,NR,Number,HYD_FCELL,Hydrogen and fuel cells ,RS,Serbia,2022,,0,,,,,
dataflow,ESTAT:ROAD_EQR_CARPDA(1.0),New passenger cars by type of motor energy,A,Annual,NR,Number,HYD_FCELL,Hydrogen and fuel cells ,RS,Serbia,2023,,0,,,,,
dataflow,ESTAT:ROAD_EQR_CARPDA(1.0),New passenger cars by type of motor energy,A,Annual,NR,Number,HYD_FCELL,Hydrogen and fuel cells ,RS,Serbia,2024,,0,,,,,
dataflow,ESTAT:ROAD_EQR_CARPDA(1.0),New passenger cars by type of motor energy,A,Annual,NR,Number,HYD_FCELL,Hydrogen and fuel cells ,SE,Sweden,2013,,3,,,,,
dataflow,ESTAT:ROAD_EQR_CARPDA(1.0),New passenger cars by type of motor energy,A,Annual,NR,Number,HYD_FCELL,Hydrogen and fuel cells ,SE,Sweden,2014,,0,,,,,
dataflow,ESTAT:ROAD_EQR_CARPDA(1.0),New passenger cars by type of motor energy,A,Annual,NR,Number,HYD_FCELL,Hydrogen and fuel cells ,SE,Sweden,2015,,1,,,,,
dataflow,ESTAT:ROAD_EQR_CARPDA(1.0),New passenger cars by type of motor energy,A,Annual,NR,Number,HYD_FCELL,Hydrogen and fuel cells ,SE,Sweden,2016,,19,,,,,
dataflow,ESTAT:ROAD_EQR_CARPDA(1.0),New passenger cars by type of motor energy,A,Annual,NR,Number,HYD_FCELL,Hydrogen and fuel cells ,SE,Sweden,2017,,14,,,,,
dataflow,ESTAT:ROAD_EQR_CARPDA(1.0),New passenger cars by type of motor energy,A,Annual,NR,Number,HYD_FCELL,Hydrogen and fuel cells ,SE,Sweden,2018,,5,,,,,
dataflow,ESTAT:ROAD_EQR_CARPDA(1.0),New passenger cars by type of motor energy,A,Annual,NR,Number,HYD_FCELL,Hydrogen and fuel cells ,SE,Sweden,2019,,2,,,,,
dataflow,ESTAT:ROAD_EQR_CARPDA(1.0),New passenger cars by type of motor energy,A,Annual,NR,Number,HYD_FCELL,Hydrogen and fuel cells ,SE,Sweden,2020,,5,,,,,
dataflow,ESTAT:ROAD_EQR_CARPDA(1.0),New passenger cars by type of motor energy,A,Annual,NR,Number,HYD_FCELL,Hydrogen and fuel cells ,SE,Sweden,2021,,16,,,,,
dataflow,ESTAT:ROAD_EQR_CARPDA(1.0),New passenger cars by type of motor energy,A,Annual,NR,Number,HYD_FCELL,Hydrogen and fuel cells ,SE,Sweden,2022,,2,,,,,
dataflow,ESTAT:ROAD_EQR_CARPDA(1.0),New passenger cars by type of motor energy,A,Annual,NR,Number,HYD_FCELL,Hydrogen and fuel cells ,SE,Sweden,2023,,2,,,,,
dataflow,ESTAT:ROAD_EQR_CARPDA(1.0),New passenger cars by type of motor energy,A,Annual,NR,Number,HYD_FCELL,Hydrogen and fuel cells ,SE,Sweden,2024,,7,,,,,
dataflow,ESTAT:ROAD_EQR_CARPDA(1.0),New passenger cars by type of motor energy,A,Annual,NR,Number,HYD_FCELL,Hydrogen and fuel cells ,SI,Slovenia,2013,,0,,i,value imputed by Eurostat or other receiving agencies,,
dataflow,ESTAT:ROAD_EQR_CARPDA(1.0),New passenger cars by type of motor energy,A,Annual,NR,Number,HYD_FCELL,Hydrogen and fuel cells ,SI,Slovenia,2014,,0,,i,value imputed by Eurostat or other receiving agencies,,
dataflow,ESTAT:ROAD_EQR_CARPDA(1.0),New passenger cars by type of motor energy,A,Annual,NR,Number,HYD_FCELL,Hydrogen and fuel cells ,SI,Slovenia,2015,,0,,i,value imputed by Eurostat or other receiving agencies,,
dataflow,ESTAT:ROAD_EQR_CARPDA(1.0),New passenger cars by type of motor energy,A,Annual,NR,Number,HYD_FCELL,Hydrogen and fuel cells ,SI,Slovenia,2016,,0,,i,value imputed by Eurostat or other receiving agencies,,
dataflow,ESTAT:ROAD_EQR_CARPDA(1.0),New passenger cars by type of motor energy,A,Annual,NR,Number,HYD_FCELL,Hydrogen and fuel cells ,SI,Slovenia,2017,,0,,i,value imputed by Eurostat or other receiving agencies,,
dataflow,ESTAT:ROAD_EQR_CARPDA(1.0),New passenger cars by type of motor energy,A,Annual,NR,Number,HYD_FCELL,Hydrogen and fuel cells ,SI,Slovenia,2018,,0,,i,value imputed by Eurostat or other receiving agencies,,
dataflow,ESTAT:ROAD_EQR_CARPDA(1.0),New passenger cars by type of motor energy,A,Annual,NR,Number,HYD_FCELL,Hydrogen and fuel cells ,SI,Slovenia,2019,,0,,i,value imputed by Eurostat or other receiving agencies,,
dataflow,ESTAT:ROAD_EQR_CARPDA(1.0),New passenger cars by type of motor energy,A,Annual,NR,Number,HYD_FCELL,Hydrogen and fuel cells ,SI,Slovenia,2020,,0,,i,value imputed by Eurostat or other receiving agencies,,
dataflow,ESTAT:ROAD_EQR_CARPDA(1.0),New passenger cars by type of motor energy,A,Annual,NR,Number,HYD_FCELL,Hydrogen and fuel cells ,SI,Slovenia,2021,,0,,i,value imputed by Eurostat or other receiving agencies,,
dataflow,ESTAT:ROAD_EQR_CARPDA(1.0),New passenger cars by type of motor energy,A,Annual,NR,Number,HYD_FCELL,Hydrogen and fuel cells ,SI,Slovenia,2022,,0,,i,value imputed by Eurostat or other receiving agencies,,
dataflow,ESTAT:ROAD_EQR_CARPDA(1.0),New passenger cars by type of motor energy,A,Annual,NR,Number,HYD_FCELL,Hydrogen and fuel cells ,SI,Slovenia,2023,,0,,i,value imputed by Eurostat or other receiving agencies,,
dataflow,ESTAT:ROAD_EQR_CARPDA(1.0),New passenger cars by type of motor energy,A,Annual,NR,Number,HYD_FCELL,Hydrogen and fuel cells ,SI,Slovenia,2024,,0,,,,,
dataflow,ESTAT:ROAD_EQR_CARPDA(1.0),New passenger cars by type of motor energy,A,Annual,NR,Number,HYD_FCELL,Hydrogen and fuel cells ,SK,Slovakia,2013,,0,,i,value imputed by Eurostat or other receiving agencies,,
dataflow,ESTAT:ROAD_EQR_CARPDA(1.0),New passenger cars by type of motor energy,A,Annual,NR,Number,HYD_FCELL,Hydrogen and fuel cells ,SK,Slovakia,2014,,0,,i,value imputed by Eurostat or other receiving agencies,,
dataflow,ESTAT:ROAD_EQR_CARPDA(1.0),New passenger cars by type of motor energy,A,Annual,NR,Number,HYD_FCELL,Hydrogen and fuel cells ,SK,Slovakia,2015,,0,,i,value imputed by Eurostat or other receiving agencies,,
dataflow,ESTAT:ROAD_EQR_CARPDA(1.0),New passenger cars by type of motor energy,A,Annual,NR,Number,HYD_FCELL,Hydrogen and fuel cells ,SK,Slovakia,2016,,0,,i,value imputed by Eurostat or other receiving agencies,,
dataflow,ESTAT:ROAD_EQR_CARPDA(1.0),New passenger cars by type of motor energy,A,Annual,NR,Number,HYD_FCELL,Hydrogen and fuel cells ,SK,Slovakia,2017,,0,,i,value imputed by Eurostat or other receiving agencies,,
dataflow,ESTAT:ROAD_EQR_CARPDA(1.0),New passenger cars by type of motor energy,A,Annual,NR,Number,HYD_FCELL,Hydrogen and fuel cells ,SK,Slovakia,2018,,0,,i,value imputed by Eurostat or other receiving agencies,,
dataflow,ESTAT:ROAD_EQR_CARPDA(1.0),New passenger cars by type of motor energy,A,Annual,NR,Number,HYD_FCELL,Hydrogen and fuel cells ,SK,Slovakia,2019,,0,,i,value imputed by Eurostat or other receiving agencies,,
dataflow,ESTAT:ROAD_EQR_CARPDA(1.0),New passenger cars by type of motor energy,A,Annual,NR,Number,HYD_FCELL,Hydrogen and fuel cells ,SK,Slovakia,2020,,0,,i,value imputed by Eurostat or other receiving agencies,,
dataflow,ESTAT:ROAD_EQR_CARPDA(1.0),New passenger cars by type of motor energy,A,Annual,NR,Number,HYD_FCELL,Hydrogen and fuel cells ,SK,Slovakia,2021,,2,,i,value imputed by Eurostat or other receiving agencies,,
dataflow,ESTAT:ROAD_EQR_CARPDA(1.0),New passenger cars by type of motor energy,A,Annual,NR,Number,HYD_FCELL,Hydrogen and fuel cells ,SK,Slovakia,2022,,1,,i,value imputed by Eurostat or other receiving agencies,,
dataflow,ESTAT:ROAD_EQR_CARPDA(1.0),New passenger cars by type of motor energy,A,Annual,NR,Number,HYD_FCELL,Hydrogen and fuel cells ,SK,Slovakia,2023,,1,,i,value imputed by Eurostat or other receiving agencies,,
dataflow,ESTAT:ROAD_EQR_CARPDA(1.0),New passenger cars by type of motor energy,A,Annual,NR,Number,HYD_FCELL,Hydrogen and fuel cells ,SK,Slovakia,2024,,0,,i,value imputed by Eurostat or other receiving agencies,,
dataflow,ESTAT:ROAD_EQR_CARPDA(1.0),New passenger cars by type of motor energy,A,Annual,NR,Number,HYD_FCELL,Hydrogen and fuel cells ,TR,Türkiye,2017,,0,,,,,
dataflow,ESTAT:ROAD_EQR_CARPDA(1.0),New passenger cars by type of motor energy,A,Annual,NR,Number,HYD_FCELL,Hydrogen and fuel cells ,TR,Türkiye,2018,,0,,,,,
dataflow,ESTAT:ROAD_EQR_CARPDA(1.0),New passenger cars by type of motor energy,A,Annual,NR,Number,HYD_FCELL,Hydrogen and fuel cells ,TR,Türkiye,2019,,0,,,,,
dataflow,ESTAT:ROAD_EQR_CARPDA(1.0),New passenger cars by type of motor energy,A,Annual,NR,Number,HYD_FCELL,Hydrogen and fuel cells ,TR,Türkiye,2020,,0,,,,,
dataflow,ESTAT:ROAD_EQR_CARPDA(1.0),New passenger cars by type of motor energy,A,Annual,NR,Number,HYD_FCELL,Hydrogen and fuel cells ,TR,Türkiye,2021,,0,,,,,
dataflow,ESTAT:ROAD_EQR_CARPDA(1.0),New passenger cars by type of motor energy,A,Annual,NR,Number,HYD_FCELL,Hydrogen and fuel cells ,TR,Türkiye,2022,,0,,,,,
dataflow,ESTAT:ROAD_EQR_CARPDA(1.0),New passenger cars by type of motor energy,A,Annual,NR,Number,HYD_FCELL,Hydrogen and fuel cells ,TR,Türkiye,2023,,0,,,,,
dataflow,ESTAT:ROAD_EQR_CARPDA(1.0),New passenger cars by type of motor energy,A,Annual,NR,Number,HYD_FCELL,Hydrogen and fuel cells ,TR,Türkiye,2024,,0,,,,,
dataflow,ESTAT:ROAD_EQR_CARPDA(1.0),New passenger cars by type of motor energy,A,Annual,NR,Number,HYD_FCELL,Hydrogen and fuel cells ,UA,Ukraine,2024,,0,,i,value imputed by Eurostat or other receiving agencies,,
dataflow,ESTAT:ROAD_EQR_CARPDA(1.0),New passenger cars by type of motor energy,A,Annual,NR,Number,HYD_FCELL,Hydrogen and fuel cells ,UK,United Kingdom,2016,,7,,,,,
dataflow,ESTAT:ROAD_EQR_CARPDA(1.0),New passenger cars by type of motor energy,A,Annual,NR,Number,HYD_FCELL,Hydrogen and fuel cells ,UK,United Kingdom,2017,,35,,,,,
dataflow,ESTAT:ROAD_EQR_CARPDA(1.0),New passenger cars by type of motor energy,A,Annual,NR,Number,HYD_FCELL,Hydrogen and fuel cells ,UK,United Kingdom,2018,,37,,,,,
dataflow,ESTAT:ROAD_EQR_CARPDA(1.0),New passenger cars by type of motor energy,A,Annual,NR,Number,HYD_FCELL,Hydrogen and fuel cells ,UK,United Kingdom,2021,,12,,,,,
dataflow,ESTAT:ROAD_EQR_CARPDA(1.0),New passenger cars by type of motor energy,A,Annual,NR,Number,HYD_FCELL,Hydrogen and fuel cells ,UK,United Kingdom,2022,,8,,,,,
dataflow,ESTAT:ROAD_EQR_CARPDA(1.0),New passenger cars by type of motor energy,A,Annual,NR,Number,HYD_FCELL,Hydrogen and fuel cells ,XK,Kosovo*,2017,,0,,,,,
dataflow,ESTAT:ROAD_EQR_CARPDA(1.0),New passenger cars by type of motor energy,A,Annual,NR,Number,HYD_FCELL,Hydrogen and fuel cells ,XK,Kosovo*,2018,,0,,,,,
dataflow,ESTAT:ROAD_EQR_CARPDA(1.0),New passenger cars by type of motor energy,A,Annual,NR,Number,HYD_FCELL,Hydrogen and fuel cells ,XK,Kosovo*,2019,,0,,,,,
dataflow,ESTAT:ROAD_EQR_CARPDA(1.0),New passenger cars by type of motor energy,A,Annual,NR,Number,HYD_FCELL,Hydrogen and fuel cells ,XK,Kosovo*,2021,,0,,,,,
dataflow,ESTAT:ROAD_EQR_CARPDA(1.0),New passenger cars by type of motor energy,A,Annual,NR,Number,LPG,Liquefied petroleum gases (LPG),AL,Albania,2019,,49,,,,,
dataflow,ESTAT:ROAD_EQR_CARPDA(1.0),New passenger cars by type of motor energy,A,Annual,NR,Number,LPG,Liquefied petroleum gases (LPG),AL,Albania,2020,,133,,,,,
dataflow,ESTAT:ROAD_EQR_CARPDA(1.0),New passenger cars by type of motor energy,A,Annual,NR,Number,LPG,Liquefied petroleum gases (LPG),AL,Albania,2021,,130,,,,,
dataflow,ESTAT:ROAD_EQR_CARPDA(1.0),New passenger cars by type of motor energy,A,Annual,NR,Number,LPG,Liquefied petroleum gases (LPG),AL,Albania,2022,,58,,,,,
dataflow,ESTAT:ROAD_EQR_CARPDA(1.0),New passenger cars by type of motor energy,A,Annual,NR,Number,LPG,Liquefied petroleum gases (LPG),AL,Albania,2023,,171,,,,,
dataflow,ESTAT:ROAD_EQR_CARPDA(1.0),New passenger cars by type of motor energy,A,Annual,NR,Number,LPG,Liquefied petroleum gases (LPG),AL,Albania,2024,,429,,,,,
dataflow,ESTAT:ROAD_EQR_CARPDA(1.0),New passenger cars by type of motor energy,A,Annual,NR,Number,LPG,Liquefied petroleum gases (LPG),AT,Austria,2013,,0,,,,,
dataflow,ESTAT:ROAD_EQR_CARPDA(1.0),New passenger cars by type of motor energy,A,Annual,NR,Number,LPG,Liquefied petroleum gases (LPG),AT,Austria,2014,,0,,,,,
dataflow,ESTAT:ROAD_EQR_CARPDA(1.0),New passenger cars by type of motor energy,A,Annual,NR,Number,LPG,Liquefied petroleum gases (LPG),AT,Austria,2015,,0,,,,,
dataflow,ESTAT:ROAD_EQR_CARPDA(1.0),New passenger cars by type of motor energy,A,Annual,NR,Number,LPG,Liquefied petroleum gases (LPG),AT,Austria,2016,,0,,,,,
dataflow,ESTAT:ROAD_EQR_CARPDA(1.0),New passenger cars by type of motor energy,A,Annual,NR,Number,LPG,Liquefied petroleum gases (LPG),AT,Austria,2018,,0,,,,,
dataflow,ESTAT:ROAD_EQR_CARPDA(1.0),New passenger cars by type of motor energy,A,Annual,NR,Number,LPG,Liquefied petroleum gases (LPG),AT,Austria,2019,,0,,,,,
dataflow,ESTAT:ROAD_EQR_CARPDA(1.0),New passenger cars by type of motor energy,A,Annual,NR,Number,LPG,Liquefied petroleum gases (LPG),AT,Austria,2020,,0,,,,,
dataflow,ESTAT:ROAD_EQR_CARPDA(1.0),New passenger cars by type of motor energy,A,Annual,NR,Number,LPG,Liquefied petroleum gases (LPG),AT,Austria,2021,,0,,,,,
dataflow,ESTAT:ROAD_EQR_CARPDA(1.0),New passenger cars by type of motor energy,A,Annual,NR,Number,LPG,Liquefied petroleum gases (LPG),AT,Austria,2022,,0,,,,,
dataflow,ESTAT:ROAD_EQR_CARPDA(1.0),New passenger cars by type of motor energy,A,Annual,NR,Number,LPG,Liquefied petroleum gases (LPG),AT,Austria,2023,,0,,,,,
dataflow,ESTAT:ROAD_EQR_CARPDA(1.0),New passenger cars by type of motor energy,A,Annual,NR,Number,LPG,Liquefied petroleum gases (LPG),AT,Austria,2024,,0,,,,,
dataflow,ESTAT:ROAD_EQR_CARPDA(1.0),New passenger cars by type of motor energy,A,Annual,NR,Number,LPG,Liquefied petroleum gases (LPG),BA,Bosnia and Herzegovina,2013,,0,,,,,
dataflow,ESTAT:ROAD_EQR_CARPDA(1.0),New passenger cars by type of motor energy,A,Annual,NR,Number,LPG,Liquefied petroleum gases (LPG),BA,Bosnia and Herzegovina,2014,,0,,,,,
dataflow,ESTAT:ROAD_EQR_CARPDA(1.0),New passenger cars by type of motor energy,A,Annual,NR,Number,LPG,Liquefied petroleum gases (LPG),BA,Bosnia and Herzegovina,2015,,0,,,,,
dataflow,ESTAT:ROAD_EQR_CARPDA(1.0),New passenger cars by type of motor energy,A,Annual,NR,Number,LPG,Liquefied petroleum gases (LPG),BA,Bosnia and Herzegovina,2016,,0,,,,,
dataflow,ESTAT:ROAD_EQR_CARPDA(1.0),New passenger cars by type of motor energy,A,Annual,NR,Number,LPG,Liquefied petroleum gases (LPG),BA,Bosnia and Herzegovina,2017,,0,,,,,
dataflow,ESTAT:ROAD_EQR_CARPDA(1.0),New passenger cars by type of motor energy,A,Annual,NR,Number,LPG,Liquefied petroleum gases (LPG),BA,Bosnia and Herzegovina,2018,,0,,,,,
dataflow,ESTAT:ROAD_EQR_CARPDA(1.0),New passenger cars by type of motor energy,A,Annual,NR,Number,LPG,Liquefied petroleum gases (LPG),BA,Bosnia and Herzegovina,2019,,0,,,,,
dataflow,ESTAT:ROAD_EQR_CARPDA(1.0),New passenger cars by type of motor energy,A,Annual,NR,Number,LPG,Liquefied petroleum gases (LPG),BA,Bosnia and Herzegovina,2020,,0,,,,,
dataflow,ESTAT:ROAD_EQR_CARPDA(1.0),New passenger cars by type of motor energy,A,Annual,NR,Number,LPG,Liquefied petroleum gases (LPG),BA,Bosnia and Herzegovina,2021,,1,,,,,
dataflow,ESTAT:ROAD_EQR_CARPDA(1.0),New passenger cars by type of motor energy,A,Annual,NR,Number,LPG,Liquefied petroleum gases (LPG),BA,Bosnia and Herzegovina,2022,,0,,,,,
dataflow,ESTAT:ROAD_EQR_CARPDA(1.0),New passenger cars by type of motor energy,A,Annual,NR,Number,LPG,Liquefied petroleum gases (LPG),BA,Bosnia and Herzegovina,2023,,1,,,,,
dataflow,ESTAT:ROAD_EQR_CARPDA(1.0),New passenger cars by type of motor energy,A,Annual,NR,Number,LPG,Liquefied petroleum gases (LPG),BA,Bosnia and Herzegovina,2024,,1,,,,,
dataflow,ESTAT:ROAD_EQR_CARPDA(1.0),New passenger cars by type of motor energy,A,Annual,NR,Number,LPG,Liquefied petroleum gases (LPG),BE,Belgium,2013,,21,,,,,
dataflow,ESTAT:ROAD_EQR_CARPDA(1.0),New passenger cars by type of motor energy,A,Annual,NR,Number,LPG,Liquefied petroleum gases (LPG),BE,Belgium,2014,,7,,,,,
dataflow,ESTAT:ROAD_EQR_CARPDA(1.0),New passenger cars by type of motor energy,A,Annual,NR,Number,LPG,Liquefied petroleum gases (LPG),BE,Belgium,2015,,5,,,,,
dataflow,ESTAT:ROAD_EQR_CARPDA(1.0),New passenger cars by type of motor energy,A,Annual,NR,Number,LPG,Liquefied petroleum gases (LPG),BE,Belgium,2016,,4,,,,,
dataflow,ESTAT:ROAD_EQR_CARPDA(1.0),New passenger cars by type of motor energy,A,Annual,NR,Number,LPG,Liquefied petroleum gases (LPG),BE,Belgium,2017,,2,,,,,
dataflow,ESTAT:ROAD_EQR_CARPDA(1.0),New passenger cars by type of motor energy,A,Annual,NR,Number,LPG,Liquefied petroleum gases (LPG),BE,Belgium,2018,,1,,,,,
dataflow,ESTAT:ROAD_EQR_CARPDA(1.0),New passenger cars by type of motor energy,A,Annual,NR,Number,LPG,Liquefied petroleum gases (LPG),BE,Belgium,2019,,0,,,,,
dataflow,ESTAT:ROAD_EQR_CARPDA(1.0),New passenger cars by type of motor energy,A,Annual,NR,Number,LPG,Liquefied petroleum gases (LPG),BE,Belgium,2020,,0,,,,,
dataflow,ESTAT:ROAD_EQR_CARPDA(1.0),New passenger cars by type of motor energy,A,Annual,NR,Number,LPG,Liquefied petroleum gases (LPG),BE,Belgium,2021,,1,,,,,
dataflow,ESTAT:ROAD_EQR_CARPDA(1.0),New passenger cars by type of motor energy,A,Annual,NR,Number,LPG,Liquefied petroleum gases (LPG),BE,Belgium,2022,,0,,,,,
dataflow,ESTAT:ROAD_EQR_CARPDA(1.0),New passenger cars by type of motor energy,A,Annual,NR,Number,LPG,Liquefied petroleum gases (LPG),BE,Belgium,2023,,0,,i,value imputed by Eurostat or other receiving agencies,,
dataflow,ESTAT:ROAD_EQR_CARPDA(1.0),New passenger cars by type of motor energy,A,Annual,NR,Number,LPG,Liquefied petroleum gases (LPG),BE,Belgium,2024,,0,,i,value imputed by Eurostat or other receiving agencies,,
dataflow,ESTAT:ROAD_EQR_CARPDA(1.0),New passenger cars by type of motor energy,A,Annual,NR,Number,LPG,Liquefied petroleum gases (LPG),BG,Bulgaria,2013,,40,,i,value imputed by Eurostat or other receiving agencies,,
dataflow,ESTAT:ROAD_EQR_CARPDA(1.0),New passenger cars by type of motor energy,A,Annual,NR,Number,LPG,Liquefied petroleum gases (LPG),BG,Bulgaria,2015,,116,,i,value imputed by Eurostat or other receiving agencies,,
dataflow,ESTAT:ROAD_EQR_CARPDA(1.0),New passenger cars by type of motor energy,A,Annual,NR,Number,LPG,Liquefied petroleum gases (LPG),BG,Bulgaria,2016,,502,,i,value imputed by Eurostat or other receiving agencies,,
dataflow,ESTAT:ROAD_EQR_CARPDA(1.0),New passenger cars by type of motor energy,A,Annual,NR,Number,LPG,Liquefied petroleum gases (LPG),BG,Bulgaria,2017,,465,,i,value imputed by Eurostat or other receiving agencies,,
dataflow,ESTAT:ROAD_EQR_CARPDA(1.0),New passenger cars by type of motor energy,A,Annual,NR,Number,LPG,Liquefied petroleum gases (LPG),BG,Bulgaria,2019,,1769,,i,value imputed by Eurostat or other receiving agencies,,
dataflow,ESTAT:ROAD_EQR_CARPDA(1.0),New passenger cars by type of motor energy,A,Annual,NR,Number,LPG,Liquefied petroleum gases (LPG),BG,Bulgaria,2022,,4,,i,value imputed by Eurostat or other receiving agencies,,
dataflow,ESTAT:ROAD_EQR_CARPDA(1.0),New passenger cars by type of motor energy,A,Annual,NR,Number,LPG,Liquefied petroleum gases (LPG),BG,Bulgaria,2023,,28,,i,value imputed by Eurostat or other receiving agencies,,
dataflow,ESTAT:ROAD_EQR_CARPDA(1.0),New passenger cars by type of motor energy,A,Annual,NR,Number,LPG,Liquefied petroleum gases (LPG),BG,Bulgaria,2024,,121,,i,value imputed by Eurostat or other receiving agencies,,
dataflow,ESTAT:ROAD_EQR_CARPDA(1.0),New passenger cars by type of motor energy,A,Annual,NR,Number,LPG,Liquefied petroleum gases (LPG),CH,Switzerland,2013,,3,,,,,
dataflow,ESTAT:ROAD_EQR_CARPDA(1.0),New passenger cars by type of motor energy,A,Annual,NR,Number,LPG,Liquefied petroleum gases (LPG),CH,Switzerland,2014,,7,,,,,
dataflow,ESTAT:ROAD_EQR_CARPDA(1.0),New passenger cars by type of motor energy,A,Annual,NR,Number,LPG,Liquefied petroleum gases (LPG),CH,Switzerland,2015,,34,,,,,
dataflow,ESTAT:ROAD_EQR_CARPDA(1.0),New passenger cars by type of motor energy,A,Annual,NR,Number,LPG,Liquefied petroleum gases (LPG),CH,Switzerland,2016,,6,,,,,
dataflow,ESTAT:ROAD_EQR_CARPDA(1.0),New passenger cars by type of motor energy,A,Annual,NR,Number,LPG,Liquefied petroleum gases (LPG),CH,Switzerland,2017,,7,,,,,
dataflow,ESTAT:ROAD_EQR_CARPDA(1.0),New passenger cars by type of motor energy,A,Annual,NR,Number,LPG,Liquefied petroleum gases (LPG),CH,Switzerland,2018,,4,,,,,
dataflow,ESTAT:ROAD_EQR_CARPDA(1.0),New passenger cars by type of motor energy,A,Annual,NR,Number,LPG,Liquefied petroleum gases (LPG),CH,Switzerland,2019,,7,,,,,
dataflow,ESTAT:ROAD_EQR_CARPDA(1.0),New passenger cars by type of motor energy,A,Annual,NR,Number,LPG,Liquefied petroleum gases (LPG),CH,Switzerland,2020,,3,,,,,
dataflow,ESTAT:ROAD_EQR_CARPDA(1.0),New passenger cars by type of motor energy,A,Annual,NR,Number,LPG,Liquefied petroleum gases (LPG),CH,Switzerland,2021,,7,,,,,
dataflow,ESTAT:ROAD_EQR_CARPDA(1.0),New passenger cars by type of motor energy,A,Annual,NR,Number,LPG,Liquefied petroleum gases (LPG),CH,Switzerland,2022,,3,,,,,
dataflow,ESTAT:ROAD_EQR_CARPDA(1.0),New passenger cars by type of motor energy,A,Annual,NR,Number,LPG,Liquefied petroleum gases (LPG),CH,Switzerland,2023,,3,,,,,
dataflow,ESTAT:ROAD_EQR_CARPDA(1.0),New passenger cars by type of motor energy,A,Annual,NR,Number,LPG,Liquefied petroleum gases (LPG),CY,Cyprus,2013,,0,,,,,
dataflow,ESTAT:ROAD_EQR_CARPDA(1.0),New passenger cars by type of motor energy,A,Annual,NR,Number,LPG,Liquefied petroleum gases (LPG),CY,Cyprus,2014,,0,,,,,
dataflow,ESTAT:ROAD_EQR_CARPDA(1.0),New passenger cars by type of motor energy,A,Annual,NR,Number,LPG,Liquefied petroleum gases (LPG),CY,Cyprus,2015,,0,,,,,
dataflow,ESTAT:ROAD_EQR_CARPDA(1.0),New passenger cars by type of motor energy,A,Annual,NR,Number,LPG,Liquefied petroleum gases (LPG),CY,Cyprus,2016,,0,,,,,
dataflow,ESTAT:ROAD_EQR_CARPDA(1.0),New passenger cars by type of motor energy,A,Annual,NR,Number,LPG,Liquefied petroleum gases (LPG),CY,Cyprus,2017,,0,,,,,
dataflow,ESTAT:ROAD_EQR_CARPDA(1.0),New passenger cars by type of motor energy,A,Annual,NR,Number,LPG,Liquefied petroleum gases (LPG),CY,Cyprus,2018,,0,,,,,
dataflow,ESTAT:ROAD_EQR_CARPDA(1.0),New passenger cars by type of motor energy,A,Annual,NR,Number,LPG,Liquefied petroleum gases (LPG),CY,Cyprus,2019,,0,,,,,
dataflow,ESTAT:ROAD_EQR_CARPDA(1.0),New passenger cars by type of motor energy,A,Annual,NR,Number,LPG,Liquefied petroleum gases (LPG),CY,Cyprus,2020,,0,,,,,
dataflow,ESTAT:ROAD_EQR_CARPDA(1.0),New passenger cars by type of motor energy,A,Annual,NR,Number,LPG,Liquefied petroleum gases (LPG),CY,Cyprus,2021,,0,,,,,
dataflow,ESTAT:ROAD_EQR_CARPDA(1.0),New passenger cars by type of motor energy,A,Annual,NR,Number,LPG,Liquefied petroleum gases (LPG),CY,Cyprus,2022,,0,,,,,
dataflow,ESTAT:ROAD_EQR_CARPDA(1.0),New passenger cars by type of motor energy,A,Annual,NR,Number,LPG,Liquefied petroleum gases (LPG),CY,Cyprus,2023,,0,,,,,
dataflow,ESTAT:ROAD_EQR_CARPDA(1.0),New passenger cars by type of motor energy,A,Annual,NR,Number,LPG,Liquefied petroleum gases (LPG),CY,Cyprus,2024,,0,,,,,
dataflow,ESTAT:ROAD_EQR_CARPDA(1.0),New passenger cars by type of motor energy,A,Annual,NR,Number,LPG,Liquefied petroleum gases (LPG),CZ,Czechia,2021,,0,,,,,
dataflow,ESTAT:ROAD_EQR_CARPDA(1.0),New passenger cars by type of motor energy,A,Annual,NR,Number,LPG,Liquefied petroleum gases (LPG),CZ,Czechia,2022,,3991,,,,,
dataflow,ESTAT:ROAD_EQR_CARPDA(1.0),New passenger cars by type of motor energy,A,Annual,NR,Number,LPG,Liquefied petroleum gases (LPG),CZ,Czechia,2023,,3622,,,,,
dataflow,ESTAT:ROAD_EQR_CARPDA(1.0),New passenger cars by type of motor energy,A,Annual,NR,Number,LPG,Liquefied petroleum gases (LPG),CZ,Czechia,2024,,4451,,,,,
dataflow,ESTAT:ROAD_EQR_CARPDA(1.0),New passenger cars by type of motor energy,A,Annual,NR,Number,LPG,Liquefied petroleum gases (LPG),DE,Germany,2013,,6257,,,,,
dataflow,ESTAT:ROAD_EQR_CARPDA(1.0),New passenger cars by type of motor energy,A,Annual,NR,Number,LPG,Liquefied petroleum gases (LPG),DE,Germany,2014,,6234,,,,,
dataflow,ESTAT:ROAD_EQR_CARPDA(1.0),New passenger cars by type of motor energy,A,Annual,NR,Number,LPG,Liquefied petroleum gases (LPG),DE,Germany,2015,,4716,,,,,
dataflow,ESTAT:ROAD_EQR_CARPDA(1.0),New passenger cars by type of motor energy,A,Annual,NR,Number,LPG,Liquefied petroleum gases (LPG),DE,Germany,2016,,2990,,,,,
dataflow,ESTAT:ROAD_EQR_CARPDA(1.0),New passenger cars by type of motor energy,A,Annual,NR,Number,LPG,Liquefied petroleum gases (LPG),DE,Germany,2017,,4400,,,,,
dataflow,ESTAT:ROAD_EQR_CARPDA(1.0),New passenger cars by type of motor energy,A,Annual,NR,Number,LPG,Liquefied petroleum gases (LPG),DE,Germany,2018,,4663,,,,,
dataflow,ESTAT:ROAD_EQR_CARPDA(1.0),New passenger cars by type of motor energy,A,Annual,NR,Number,LPG,Liquefied petroleum gases (LPG),DE,Germany,2019,,7256,,,,,
dataflow,ESTAT:ROAD_EQR_CARPDA(1.0),New passenger cars by type of motor energy,A,Annual,NR,Number,LPG,Liquefied petroleum gases (LPG),DE,Germany,2020,,6543,,,,,
dataflow,ESTAT:ROAD_EQR_CARPDA(1.0),New passenger cars by type of motor energy,A,Annual,NR,Number,LPG,Liquefied petroleum gases (LPG),DE,Germany,2021,,10118,,,,,
dataflow,ESTAT:ROAD_EQR_CARPDA(1.0),New passenger cars by type of motor energy,A,Annual,NR,Number,LPG,Liquefied petroleum gases (LPG),DE,Germany,2022,,15006,,,,,
dataflow,ESTAT:ROAD_EQR_CARPDA(1.0),New passenger cars by type of motor energy,A,Annual,NR,Number,LPG,Liquefied petroleum gases (LPG),DE,Germany,2023,,13147,,,,,
dataflow,ESTAT:ROAD_EQR_CARPDA(1.0),New passenger cars by type of motor energy,A,Annual,NR,Number,LPG,Liquefied petroleum gases (LPG),DE,Germany,2024,,13711,,,,,
dataflow,ESTAT:ROAD_EQR_CARPDA(1.0),New passenger cars by type of motor energy,A,Annual,NR,Number,LPG,Liquefied petroleum gases (LPG),DK,Denmark,2013,,0,,,,,
dataflow,ESTAT:ROAD_EQR_CARPDA(1.0),New passenger cars by type of motor energy,A,Annual,NR,Number,LPG,Liquefied petroleum gases (LPG),DK,Denmark,2014,,0,,,,,
dataflow,ESTAT:ROAD_EQR_CARPDA(1.0),New passenger cars by type of motor energy,A,Annual,NR,Number,LPG,Liquefied petroleum gases (LPG),DK,Denmark,2015,,0,,,,,
dataflow,ESTAT:ROAD_EQR_CARPDA(1.0),New passenger cars by type of motor energy,A,Annual,NR,Number,LPG,Liquefied petroleum gases (LPG),DK,Denmark,2016,,0,,,,,
dataflow,ESTAT:ROAD_EQR_CARPDA(1.0),New passenger cars by type of motor energy,A,Annual,NR,Number,LPG,Liquefied petroleum gases (LPG),DK,Denmark,2017,,0,,,,,
dataflow,ESTAT:ROAD_EQR_CARPDA(1.0),New passenger cars by type of motor energy,A,Annual,NR,Number,LPG,Liquefied petroleum gases (LPG),DK,Denmark,2018,,0,,,,,
dataflow,ESTAT:ROAD_EQR_CARPDA(1.0),New passenger cars by type of motor energy,A,Annual,NR,Number,LPG,Liquefied petroleum gases (LPG),DK,Denmark,2019,,0,,,,,
dataflow,ESTAT:ROAD_EQR_CARPDA(1.0),New passenger cars by type of motor energy,A,Annual,NR,Number,LPG,Liquefied petroleum gases (LPG),DK,Denmark,2020,,0,,,,,
dataflow,ESTAT:ROAD_EQR_CARPDA(1.0),New passenger cars by type of motor energy,A,Annual,NR,Number,LPG,Liquefied petroleum gases (LPG),DK,Denmark,2021,,0,,,,,
dataflow,ESTAT:ROAD_EQR_CARPDA(1.0),New passenger cars by type of motor energy,A,Annual,NR,Number,LPG,Liquefied petroleum gases (LPG),DK,Denmark,2022,,0,,,,,
dataflow,ESTAT:ROAD_EQR_CARPDA(1.0),New passenger cars by type of motor energy,A,Annual,NR,Number,LPG,Liquefied petroleum gases (LPG),DK,Denmark,2023,,0,,,,,
dataflow,ESTAT:ROAD_EQR_CARPDA(1.0),New passenger cars by type of motor energy,A,Annual,NR,Number,LPG,Liquefied petroleum gases (LPG),DK,Denmark,2024,,0,,,,,
dataflow,ESTAT:ROAD_EQR_CARPDA(1.0),New passenger cars by type of motor energy,A,Annual,NR,Number,LPG,Liquefied petroleum gases (LPG),EE,Estonia,2013,,1,,,,,
dataflow,ESTAT:ROAD_EQR_CARPDA(1.0),New passenger cars by type of motor energy,A,Annual,NR,Number,LPG,Liquefied petroleum gases (LPG),EE,Estonia,2014,,0,,,,,
dataflow,ESTAT:ROAD_EQR_CARPDA(1.0),New passenger cars by type of motor energy,A,Annual,NR,Number,LPG,Liquefied petroleum gases (LPG),EE,Estonia,2015,,0,,,,,
dataflow,ESTAT:ROAD_EQR_CARPDA(1.0),New passenger cars by type of motor energy,A,Annual,NR,Number,LPG,Liquefied petroleum gases (LPG),EE,Estonia,2016,,0,,,,,
dataflow,ESTAT:ROAD_EQR_CARPDA(1.0),New passenger cars by type of motor energy,A,Annual,NR,Number,LPG,Liquefied petroleum gases (LPG),EE,Estonia,2017,,0,,,,,
dataflow,ESTAT:ROAD_EQR_CARPDA(1.0),New passenger cars by type of motor energy,A,Annual,NR,Number,LPG,Liquefied petroleum gases (LPG),EE,Estonia,2018,,0,,,,,
dataflow,ESTAT:ROAD_EQR_CARPDA(1.0),New passenger cars by type of motor energy,A,Annual,NR,Number,LPG,Liquefied petroleum gases (LPG),EE,Estonia,2019,,0,,,,,
dataflow,ESTAT:ROAD_EQR_CARPDA(1.0),New passenger cars by type of motor energy,A,Annual,NR,Number,LPG,Liquefied petroleum gases (LPG),EE,Estonia,2020,,0,,,,,
dataflow,ESTAT:ROAD_EQR_CARPDA(1.0),New passenger cars by type of motor energy,A,Annual,NR,Number,LPG,Liquefied petroleum gases (LPG),EE,Estonia,2021,,0,,,,,
dataflow,ESTAT:ROAD_EQR_CARPDA(1.0),New passenger cars by type of motor energy,A,Annual,NR,Number,LPG,Liquefied petroleum gases (LPG),EE,Estonia,2022,,0,,,,,
dataflow,ESTAT:ROAD_EQR_CARPDA(1.0),New passenger cars by type of motor energy,A,Annual,NR,Number,LPG,Liquefied petroleum gases (LPG),EE,Estonia,2023,,0,,,,,
dataflow,ESTAT:ROAD_EQR_CARPDA(1.0),New passenger cars by type of motor energy,A,Annual,NR,Number,LPG,Liquefied petroleum gases (LPG),EE,Estonia,2024,,0,,,,,
dataflow,ESTAT:ROAD_EQR_CARPDA(1.0),New passenger cars by type of motor energy,A,Annual,NR,Number,LPG,Liquefied petroleum gases (LPG),EL,Greece,2023,,0,,,,,
dataflow,ESTAT:ROAD_EQR_CARPDA(1.0),New passenger cars by type of motor energy,A,Annual,NR,Number,LPG,Liquefied petroleum gases (LPG),ES,Spain,2014,,1108,,,,,
dataflow,ESTAT:ROAD_EQR_CARPDA(1.0),New passenger cars by type of motor energy,A,Annual,NR,Number,LPG,Liquefied petroleum gases (LPG),ES,Spain,2015,,2317,,,,,
dataflow,ESTAT:ROAD_EQR_CARPDA(1.0),New passenger cars by type of motor energy,A,Annual,NR,Number,LPG,Liquefied petroleum gases (LPG),ES,Spain,2016,,133,,,,,
dataflow,ESTAT:ROAD_EQR_CARPDA(1.0),New passenger cars by type of motor energy,A,Annual,NR,Number,LPG,Liquefied petroleum gases (LPG),ES,Spain,2017,,136,,,,,
dataflow,ESTAT:ROAD_EQR_CARPDA(1.0),New passenger cars by type of motor energy,A,Annual,NR,Number,LPG,Liquefied petroleum gases (LPG),ES,Spain,2018,,269,,,,,
dataflow,ESTAT:ROAD_EQR_CARPDA(1.0),New passenger cars by type of motor energy,A,Annual,NR,Number,LPG,Liquefied petroleum gases (LPG),ES,Spain,2019,,717,,,,,
dataflow,ESTAT:ROAD_EQR_CARPDA(1.0),New passenger cars by type of motor energy,A,Annual,NR,Number,LPG,Liquefied petroleum gases (LPG),ES,Spain,2020,,232,,,,,
dataflow,ESTAT:ROAD_EQR_CARPDA(1.0),New passenger cars by type of motor energy,A,Annual,NR,Number,LPG,Liquefied petroleum gases (LPG),ES,Spain,2021,,139,,,,,
dataflow,ESTAT:ROAD_EQR_CARPDA(1.0),New passenger cars by type of motor energy,A,Annual,NR,Number,LPG,Liquefied petroleum gases (LPG),ES,Spain,2022,,271,,,,,
dataflow,ESTAT:ROAD_EQR_CARPDA(1.0),New passenger cars by type of motor energy,A,Annual,NR,Number,LPG,Liquefied petroleum gases (LPG),ES,Spain,2023,,452,,,,,
dataflow,ESTAT:ROAD_EQR_CARPDA(1.0),New passenger cars by type of motor energy,A,Annual,NR,Number,LPG,Liquefied petroleum gases (LPG),ES,Spain,2024,,616,,,,,
dataflow,ESTAT:ROAD_EQR_CARPDA(1.0),New passenger cars by type of motor energy,A,Annual,NR,Number,LPG,Liquefied petroleum gases (LPG),FI,Finland,2013,,0,,,,,
dataflow,ESTAT:ROAD_EQR_CARPDA(1.0),New passenger cars by type of motor energy,A,Annual,NR,Number,LPG,Liquefied petroleum gases (LPG),FI,Finland,2014,,0,,,,,
dataflow,ESTAT:ROAD_EQR_CARPDA(1.0),New passenger cars by type of motor energy,A,Annual,NR,Number,LPG,Liquefied petroleum gases (LPG),FI,Finland,2015,,0,,,,,
dataflow,ESTAT:ROAD_EQR_CARPDA(1.0),New passenger cars by type of motor energy,A,Annual,NR,Number,LPG,Liquefied petroleum gases (LPG),FI,Finland,2016,,0,,,,,
dataflow,ESTAT:ROAD_EQR_CARPDA(1.0),New passenger cars by type of motor energy,A,Annual,NR,Number,LPG,Liquefied petroleum gases (LPG),FI,Finland,2017,,0,,,,,
dataflow,ESTAT:ROAD_EQR_CARPDA(1.0),New passenger cars by type of motor energy,A,Annual,NR,Number,LPG,Liquefied petroleum gases (LPG),FI,Finland,2018,,0,,,,,
dataflow,ESTAT:ROAD_EQR_CARPDA(1.0),New passenger cars by type of motor energy,A,Annual,NR,Number,LPG,Liquefied petroleum gases (LPG),FI,Finland,2019,,0,,,,,
dataflow,ESTAT:ROAD_EQR_CARPDA(1.0),New passenger cars by type of motor energy,A,Annual,NR,Number,LPG,Liquefied petroleum gases (LPG),FI,Finland,2020,,0,,,,,
dataflow,ESTAT:ROAD_EQR_CARPDA(1.0),New passenger cars by type of motor energy,A,Annual,NR,Number,LPG,Liquefied petroleum gases (LPG),FI,Finland,2021,,0,,,,,
dataflow,ESTAT:ROAD_EQR_CARPDA(1.0),New passenger cars by type of motor energy,A,Annual,NR,Number,LPG,Liquefied petroleum gases (LPG),FI,Finland,2022,,0,,,,,
dataflow,ESTAT:ROAD_EQR_CARPDA(1.0),New passenger cars by type of motor energy,A,Annual,NR,Number,LPG,Liquefied petroleum gases (LPG),FI,Finland,2023,,0,,,,,
dataflow,ESTAT:ROAD_EQR_CARPDA(1.0),New passenger cars by type of motor energy,A,Annual,NR,Number,LPG,Liquefied petroleum gases (LPG),FI,Finland,2024,,0,,,,,
dataflow,ESTAT:ROAD_EQR_CARPDA(1.0),New passenger cars by type of motor energy,A,Annual,NR,Number,LPG,Liquefied petroleum gases (LPG),FR,France,2013,,0,,,,,
dataflow,ESTAT:ROAD_EQR_CARPDA(1.0),New passenger cars by type of motor energy,A,Annual,NR,Number,LPG,Liquefied petroleum gases (LPG),FR,France,2014,,0,,,,,
dataflow,ESTAT:ROAD_EQR_CARPDA(1.0),New passenger cars by type of motor energy,A,Annual,NR,Number,LPG,Liquefied petroleum gases (LPG),FR,France,2015,,0,,,,,
dataflow,ESTAT:ROAD_EQR_CARPDA(1.0),New passenger cars by type of motor energy,A,Annual,NR,Number,LPG,Liquefied petroleum gases (LPG),FR,France,2016,,47,,,,,
dataflow,ESTAT:ROAD_EQR_CARPDA(1.0),New passenger cars by type of motor energy,A,Annual,NR,Number,LPG,Liquefied petroleum gases (LPG),FR,France,2017,,0,,,,,
dataflow,ESTAT:ROAD_EQR_CARPDA(1.0),New passenger cars by type of motor energy,A,Annual,NR,Number,LPG,Liquefied petroleum gases (LPG),FR,France,2018,,1,,,,,
dataflow,ESTAT:ROAD_EQR_CARPDA(1.0),New passenger cars by type of motor energy,A,Annual,NR,Number,LPG,Liquefied petroleum gases (LPG),FR,France,2019,,1,,,,,
dataflow,ESTAT:ROAD_EQR_CARPDA(1.0),New passenger cars by type of motor energy,A,Annual,NR,Number,LPG,Liquefied petroleum gases (LPG),FR,France,2020,,0,,,,,
dataflow,ESTAT:ROAD_EQR_CARPDA(1.0),New passenger cars by type of motor energy,A,Annual,NR,Number,LPG,Liquefied petroleum gases (LPG),FR,France,2021,,0,,,,,
dataflow,ESTAT:ROAD_EQR_CARPDA(1.0),New passenger cars by type of motor energy,A,Annual,NR,Number,LPG,Liquefied petroleum gases (LPG),FR,France,2022,,0,,,,,
dataflow,ESTAT:ROAD_EQR_CARPDA(1.0),New passenger cars by type of motor energy,A,Annual,NR,Number,LPG,Liquefied petroleum gases (LPG),FR,France,2023,,0,,,,,
dataflow,ESTAT:ROAD_EQR_CARPDA(1.0),New passenger cars by type of motor energy,A,Annual,NR,Number,LPG,Liquefied petroleum gases (LPG),GE,Georgia,2023,,0,,,,,
dataflow,ESTAT:ROAD_EQR_CARPDA(1.0),New passenger cars by type of motor energy,A,Annual,NR,Number,LPG,Liquefied petroleum gases (LPG),GE,Georgia,2024,,0,,,,,
dataflow,ESTAT:ROAD_EQR_CARPDA(1.0),New passenger cars by type of motor energy,A,Annual,NR,Number,LPG,Liquefied petroleum gases (LPG),HR,Croatia,2016,,2,,,,,
dataflow,ESTAT:ROAD_EQR_CARPDA(1.0),New passenger cars by type of motor energy,A,Annual,NR,Number,LPG,Liquefied petroleum gases (LPG),HR,Croatia,2020,,1,,,,,
dataflow,ESTAT:ROAD_EQR_CARPDA(1.0),New passenger cars by type of motor energy,A,Annual,NR,Number,LPG,Liquefied petroleum gases (LPG),HR,Croatia,2021,,1,,,,,
dataflow,ESTAT:ROAD_EQR_CARPDA(1.0),New passenger cars by type of motor energy,A,Annual,NR,Number,LPG,Liquefied petroleum gases (LPG),HR,Croatia,2022,,1,,,,,
dataflow,ESTAT:ROAD_EQR_CARPDA(1.0),New passenger cars by type of motor energy,A,Annual,NR,Number,LPG,Liquefied petroleum gases (LPG),HR,Croatia,2023,,1,,,,,
dataflow,ESTAT:ROAD_EQR_CARPDA(1.0),New passenger cars by type of motor energy,A,Annual,NR,Number,LPG,Liquefied petroleum gases (LPG),HR,Croatia,2024,,0,,,,,
dataflow,ESTAT:ROAD_EQR_CARPDA(1.0),New passenger cars by type of motor energy,A,Annual,NR,Number,LPG,Liquefied petroleum gases (LPG),HU,Hungary,2013,,1,,,,,
dataflow,ESTAT:ROAD_EQR_CARPDA(1.0),New passenger cars by type of motor energy,A,Annual,NR,Number,LPG,Liquefied petroleum gases (LPG),HU,Hungary,2014,,0,,,,,
dataflow,ESTAT:ROAD_EQR_CARPDA(1.0),New passenger cars by type of motor energy,A,Annual,NR,Number,LPG,Liquefied petroleum gases (LPG),HU,Hungary,2015,,0,,,,,
dataflow,ESTAT:ROAD_EQR_CARPDA(1.0),New passenger cars by type of motor energy,A,Annual,NR,Number,LPG,Liquefied petroleum gases (LPG),HU,Hungary,2016,,0,,,,,
dataflow,ESTAT:ROAD_EQR_CARPDA(1.0),New passenger cars by type of motor energy,A,Annual,NR,Number,LPG,Liquefied petroleum gases (LPG),HU,Hungary,2017,,0,,,,,
dataflow,ESTAT:ROAD_EQR_CARPDA(1.0),New passenger cars by type of motor energy,A,Annual,NR,Number,LPG,Liquefied petroleum gases (LPG),HU,Hungary,2018,,0,,,,,
dataflow,ESTAT:ROAD_EQR_CARPDA(1.0),New passenger cars by type of motor energy,A,Annual,NR,Number,LPG,Liquefied petroleum gases (LPG),HU,Hungary,2019,,0,,,,,
dataflow,ESTAT:ROAD_EQR_CARPDA(1.0),New passenger cars by type of motor energy,A,Annual,NR,Number,LPG,Liquefied petroleum gases (LPG),HU,Hungary,2020,,0,,,,,
dataflow,ESTAT:ROAD_EQR_CARPDA(1.0),New passenger cars by type of motor energy,A,Annual,NR,Number,LPG,Liquefied petroleum gases (LPG),HU,Hungary,2021,,0,,,,,
dataflow,ESTAT:ROAD_EQR_CARPDA(1.0),New passenger cars by type of motor energy,A,Annual,NR,Number,LPG,Liquefied petroleum gases (LPG),HU,Hungary,2022,,0,,,,,
dataflow,ESTAT:ROAD_EQR_CARPDA(1.0),New passenger cars by type of motor energy,A,Annual,NR,Number,LPG,Liquefied petroleum gases (LPG),HU,Hungary,2023,,0,,,,,
dataflow,ESTAT:ROAD_EQR_CARPDA(1.0),New passenger cars by type of motor energy,A,Annual,NR,Number,LPG,Liquefied petroleum gases (LPG),HU,Hungary,2024,,0,,i,value imputed by Eurostat or other receiving agencies,,
dataflow,ESTAT:ROAD_EQR_CARPDA(1.0),New passenger cars by type of motor energy,A,Annual,NR,Number,LPG,Liquefied petroleum gases (LPG),IE,Ireland,2022,,140,,,,,
dataflow,ESTAT:ROAD_EQR_CARPDA(1.0),New passenger cars by type of motor energy,A,Annual,NR,Number,LPG,Liquefied petroleum gases (LPG),IT,Italy,2013,,115838,,,,,
dataflow,ESTAT:ROAD_EQR_CARPDA(1.0),New passenger cars by type of motor energy,A,Annual,NR,Number,LPG,Liquefied petroleum gases (LPG),IT,Italy,2014,,124092,,,,,
dataflow,ESTAT:ROAD_EQR_CARPDA(1.0),New passenger cars by type of motor energy,A,Annual,NR,Number,LPG,Liquefied petroleum gases (LPG),IT,Italy,2015,,120728,,,,,
dataflow,ESTAT:ROAD_EQR_CARPDA(1.0),New passenger cars by type of motor energy,A,Annual,NR,Number,LPG,Liquefied petroleum gases (LPG),IT,Italy,2016,,101619,,,,,
dataflow,ESTAT:ROAD_EQR_CARPDA(1.0),New passenger cars by type of motor energy,A,Annual,NR,Number,LPG,Liquefied petroleum gases (LPG),IT,Italy,2017,,128765,,,,,
dataflow,ESTAT:ROAD_EQR_CARPDA(1.0),New passenger cars by type of motor energy,A,Annual,NR,Number,LPG,Liquefied petroleum gases (LPG),IT,Italy,2018,,126778,,,,,
dataflow,ESTAT:ROAD_EQR_CARPDA(1.0),New passenger cars by type of motor energy,A,Annual,NR,Number,LPG,Liquefied petroleum gases (LPG),IT,Italy,2019,,137096,,,,,
dataflow,ESTAT:ROAD_EQR_CARPDA(1.0),New passenger cars by type of motor energy,A,Annual,NR,Number,LPG,Liquefied petroleum gases (LPG),IT,Italy,2020,,94989,,,,,
dataflow,ESTAT:ROAD_EQR_CARPDA(1.0),New passenger cars by type of motor energy,A,Annual,NR,Number,LPG,Liquefied petroleum gases (LPG),IT,Italy,2021,,108090,,,,,
dataflow,ESTAT:ROAD_EQR_CARPDA(1.0),New passenger cars by type of motor energy,A,Annual,NR,Number,LPG,Liquefied petroleum gases (LPG),IT,Italy,2022,,118415,,,,,
dataflow,ESTAT:ROAD_EQR_CARPDA(1.0),New passenger cars by type of motor energy,A,Annual,NR,Number,LPG,Liquefied petroleum gases (LPG),IT,Italy,2023,,141624,,,,,
dataflow,ESTAT:ROAD_EQR_CARPDA(1.0),New passenger cars by type of motor energy,A,Annual,NR,Number,LPG,Liquefied petroleum gases (LPG),IT,Italy,2024,,145397,,i,value imputed by Eurostat or other receiving agencies,,
dataflow,ESTAT:ROAD_EQR_CARPDA(1.0),New passenger cars by type of motor energy,A,Annual,NR,Number,LPG,Liquefied petroleum gases (LPG),LI,Liechtenstein,2013,,0,,,,,
dataflow,ESTAT:ROAD_EQR_CARPDA(1.0),New passenger cars by type of motor energy,A,Annual,NR,Number,LPG,Liquefied petroleum gases (LPG),LI,Liechtenstein,2014,,0,,,,,
dataflow,ESTAT:ROAD_EQR_CARPDA(1.0),New passenger cars by type of motor energy,A,Annual,NR,Number,LPG,Liquefied petroleum gases (LPG),LI,Liechtenstein,2015,,0,,,,,
dataflow,ESTAT:ROAD_EQR_CARPDA(1.0),New passenger cars by type of motor energy,A,Annual,NR,Number,LPG,Liquefied petroleum gases (LPG),LI,Liechtenstein,2016,,1,,,,,
dataflow,ESTAT:ROAD_EQR_CARPDA(1.0),New passenger cars by type of motor energy,A,Annual,NR,Number,LPG,Liquefied petroleum gases (LPG),LI,Liechtenstein,2017,,0,,,,,
dataflow,ESTAT:ROAD_EQR_CARPDA(1.0),New passenger cars by type of motor energy,A,Annual,NR,Number,LPG,Liquefied petroleum gases (LPG),LI,Liechtenstein,2018,,0,,,,,
dataflow,ESTAT:ROAD_EQR_CARPDA(1.0),New passenger cars by type of motor energy,A,Annual,NR,Number,LPG,Liquefied petroleum gases (LPG),LI,Liechtenstein,2019,,0,,,,,
dataflow,ESTAT:ROAD_EQR_CARPDA(1.0),New passenger cars by type of motor energy,A,Annual,NR,Number,LPG,Liquefied petroleum gases (LPG),LI,Liechtenstein,2020,,0,,,,,
dataflow,ESTAT:ROAD_EQR_CARPDA(1.0),New passenger cars by type of motor energy,A,Annual,NR,Number,LPG,Liquefied petroleum gases (LPG),LI,Liechtenstein,2021,,0,,,,,
dataflow,ESTAT:ROAD_EQR_CARPDA(1.0),New passenger cars by type of motor energy,A,Annual,NR,Number,LPG,Liquefied petroleum gases (LPG),LI,Liechtenstein,2022,,0,,,,,
dataflow,ESTAT:ROAD_EQR_CARPDA(1.0),New passenger cars by type of motor energy,A,Annual,NR,Number,LPG,Liquefied petroleum gases (LPG),LI,Liechtenstein,2023,,0,,,,,
dataflow,ESTAT:ROAD_EQR_CARPDA(1.0),New passenger cars by type of motor energy,A,Annual,NR,Number,LPG,Liquefied petroleum gases (LPG),LI,Liechtenstein,2024,,0,,,,,
dataflow,ESTAT:ROAD_EQR_CARPDA(1.0),New passenger cars by type of motor energy,A,Annual,NR,Number,LPG,Liquefied petroleum gases (LPG),LT,Lithuania,2013,,0,,,,,
dataflow,ESTAT:ROAD_EQR_CARPDA(1.0),New passenger cars by type of motor energy,A,Annual,NR,Number,LPG,Liquefied petroleum gases (LPG),LT,Lithuania,2014,,14,,,,,
dataflow,ESTAT:ROAD_EQR_CARPDA(1.0),New passenger cars by type of motor energy,A,Annual,NR,Number,LPG,Liquefied petroleum gases (LPG),LT,Lithuania,2015,,0,,,,,
dataflow,ESTAT:ROAD_EQR_CARPDA(1.0),New passenger cars by type of motor energy,A,Annual,NR,Number,LPG,Liquefied petroleum gases (LPG),LT,Lithuania,2016,,0,,,,,
dataflow,ESTAT:ROAD_EQR_CARPDA(1.0),New passenger cars by type of motor energy,A,Annual,NR,Number,LPG,Liquefied petroleum gases (LPG),LT,Lithuania,2017,,0,,,,,
dataflow,ESTAT:ROAD_EQR_CARPDA(1.0),New passenger cars by type of motor energy,A,Annual,NR,Number,LPG,Liquefied petroleum gases (LPG),LT,Lithuania,2018,,1,,,,,
dataflow,ESTAT:ROAD_EQR_CARPDA(1.0),New passenger cars by type of motor energy,A,Annual,NR,Number,LPG,Liquefied petroleum gases (LPG),LT,Lithuania,2019,,1,,,,,
dataflow,ESTAT:ROAD_EQR_CARPDA(1.0),New passenger cars by type of motor energy,A,Annual,NR,Number,LPG,Liquefied petroleum gases (LPG),LT,Lithuania,2020,,1,,,,,
dataflow,ESTAT:ROAD_EQR_CARPDA(1.0),New passenger cars by type of motor energy,A,Annual,NR,Number,LPG,Liquefied petroleum gases (LPG),LT,Lithuania,2021,,0,,,,,
dataflow,ESTAT:ROAD_EQR_CARPDA(1.0),New passenger cars by type of motor energy,A,Annual,NR,Number,LPG,Liquefied petroleum gases (LPG),LT,Lithuania,2022,,1,,,,,
dataflow,ESTAT:ROAD_EQR_CARPDA(1.0),New passenger cars by type of motor energy,A,Annual,NR,Number,LPG,Liquefied petroleum gases (LPG),LT,Lithuania,2023,,1,,,,,
dataflow,ESTAT:ROAD_EQR_CARPDA(1.0),New passenger cars by type of motor energy,A,Annual,NR,Number,LPG,Liquefied petroleum gases (LPG),LT,Lithuania,2024,,1,,,,,
dataflow,ESTAT:ROAD_EQR_CARPDA(1.0),New passenger cars by type of motor energy,A,Annual,NR,Number,LPG,Liquefied petroleum gases (LPG),LU,Luxembourg,2021,,0,,,,,
dataflow,ESTAT:ROAD_EQR_CARPDA(1.0),New passenger cars by type of motor energy,A,Annual,NR,Number,LPG,Liquefied petroleum gases (LPG),LU,Luxembourg,2022,,0,,i,value imputed by Eurostat or other receiving agencies,,
dataflow,ESTAT:ROAD_EQR_CARPDA(1.0),New passenger cars by type of motor energy,A,Annual,NR,Number,LPG,Liquefied petroleum gases (LPG),LU,Luxembourg,2023,,0,,,,,
dataflow,ESTAT:ROAD_EQR_CARPDA(1.0),New passenger cars by type of motor energy,A,Annual,NR,Number,LPG,Liquefied petroleum gases (LPG),LU,Luxembourg,2024,,1,,,,,
dataflow,ESTAT:ROAD_EQR_CARPDA(1.0),New passenger cars by type of motor energy,A,Annual,NR,Number,LPG,Liquefied petroleum gases (LPG),LV,Latvia,2016,,77,,,,,
dataflow,ESTAT:ROAD_EQR_CARPDA(1.0),New passenger cars by type of motor energy,A,Annual,NR,Number,LPG,Liquefied petroleum gases (LPG),LV,Latvia,2017,,78,,,,,
dataflow,ESTAT:ROAD_EQR_CARPDA(1.0),New passenger cars by type of motor energy,A,Annual,NR,Number,LPG,Liquefied petroleum gases (LPG),LV,Latvia,2018,,56,,,,,
dataflow,ESTAT:ROAD_EQR_CARPDA(1.0),New passenger cars by type of motor energy,A,Annual,NR,Number,LPG,Liquefied petroleum gases (LPG),LV,Latvia,2019,,120,,,,,
dataflow,ESTAT:ROAD_EQR_CARPDA(1.0),New passenger cars by type of motor energy,A,Annual,NR,Number,LPG,Liquefied petroleum gases (LPG),LV,Latvia,2020,,106,,,,,
dataflow,ESTAT:ROAD_EQR_CARPDA(1.0),New passenger cars by type of motor energy,A,Annual,NR,Number,LPG,Liquefied petroleum gases (LPG),LV,Latvia,2021,,264,,,,,
dataflow,ESTAT:ROAD_EQR_CARPDA(1.0),New passenger cars by type of motor energy,A,Annual,NR,Number,LPG,Liquefied petroleum gases (LPG),LV,Latvia,2022,,320,,,,,
dataflow,ESTAT:ROAD_EQR_CARPDA(1.0),New passenger cars by type of motor energy,A,Annual,NR,Number,LPG,Liquefied petroleum gases (LPG),LV,Latvia,2023,,388,,,,,
dataflow,ESTAT:ROAD_EQR_CARPDA(1.0),New passenger cars by type of motor energy,A,Annual,NR,Number,LPG,Liquefied petroleum gases (LPG),LV,Latvia,2024,,378,,,,,
dataflow,ESTAT:ROAD_EQR_CARPDA(1.0),New passenger cars by type of motor energy,A,Annual,NR,Number,LPG,Liquefied petroleum gases (LPG),MD,Moldova,2013,,1555,,,,,
dataflow,ESTAT:ROAD_EQR_CARPDA(1.0),New passenger cars by type of motor energy,A,Annual,NR,Number,LPG,Liquefied petroleum gases (LPG),MD,Moldova,2014,,1204,,,,,
dataflow,ESTAT:ROAD_EQR_CARPDA(1.0),New passenger cars by type of motor energy,A,Annual,NR,Number,LPG,Liquefied petroleum gases (LPG),MD,Moldova,2015,,712,,,,,
dataflow,ESTAT:ROAD_EQR_CARPDA(1.0),New passenger cars by type of motor energy,A,Annual,NR,Number,LPG,Liquefied petroleum gases (LPG),MD,Moldova,2016,,605,,,,,
dataflow,ESTAT:ROAD_EQR_CARPDA(1.0),New passenger cars by type of motor energy,A,Annual,NR,Number,LPG,Liquefied petroleum gases (LPG),MD,Moldova,2017,,1440,,,,,
dataflow,ESTAT:ROAD_EQR_CARPDA(1.0),New passenger cars by type of motor energy,A,Annual,NR,Number,LPG,Liquefied petroleum gases (LPG),MD,Moldova,2018,,467,,,,,
dataflow,ESTAT:ROAD_EQR_CARPDA(1.0),New passenger cars by type of motor energy,A,Annual,NR,Number,LPG,Liquefied petroleum gases (LPG),MD,Moldova,2019,,431,,,,,
dataflow,ESTAT:ROAD_EQR_CARPDA(1.0),New passenger cars by type of motor energy,A,Annual,NR,Number,LPG,Liquefied petroleum gases (LPG),MD,Moldova,2020,,276,,,,,
dataflow,ESTAT:ROAD_EQR_CARPDA(1.0),New passenger cars by type of motor energy,A,Annual,NR,Number,LPG,Liquefied petroleum gases (LPG),MD,Moldova,2021,,524,,,,,
dataflow,ESTAT:ROAD_EQR_CARPDA(1.0),New passenger cars by type of motor energy,A,Annual,NR,Number,LPG,Liquefied petroleum gases (LPG),MD,Moldova,2022,,401,,,,,
dataflow,ESTAT:ROAD_EQR_CARPDA(1.0),New passenger cars by type of motor energy,A,Annual,NR,Number,LPG,Liquefied petroleum gases (LPG),MD,Moldova,2023,,389,,,,,
dataflow,ESTAT:ROAD_EQR_CARPDA(1.0),New passenger cars by type of motor energy,A,Annual,NR,Number,LPG,Liquefied petroleum gases (LPG),MD,Moldova,2024,,549,,,,,
dataflow,ESTAT:ROAD_EQR_CARPDA(1.0),New passenger cars by type of motor energy,A,Annual,NR,Number,LPG,Liquefied petroleum gases (LPG),ME,Montenegro,2016,,12,,,,,
dataflow,ESTAT:ROAD_EQR_CARPDA(1.0),New passenger cars by type of motor energy,A,Annual,NR,Number,LPG,Liquefied petroleum gases (LPG),ME,Montenegro,2019,,6,,,,,
dataflow,ESTAT:ROAD_EQR_CARPDA(1.0),New passenger cars by type of motor energy,A,Annual,NR,Number,LPG,Liquefied petroleum gases (LPG),ME,Montenegro,2021,,22,,,,,
dataflow,ESTAT:ROAD_EQR_CARPDA(1.0),New passenger cars by type of motor energy,A,Annual,NR,Number,LPG,Liquefied petroleum gases (LPG),ME,Montenegro,2022,,15,,,,,
dataflow,ESTAT:ROAD_EQR_CARPDA(1.0),New passenger cars by type of motor energy,A,Annual,NR,Number,LPG,Liquefied petroleum gases (LPG),MT,Malta,2013,,0,,,,,
dataflow,ESTAT:ROAD_EQR_CARPDA(1.0),New passenger cars by type of motor energy,A,Annual,NR,Number,LPG,Liquefied petroleum gases (LPG),MT,Malta,2014,,1,,,,,
dataflow,ESTAT:ROAD_EQR_CARPDA(1.0),New passenger cars by type of motor energy,A,Annual,NR,Number,LPG,Liquefied petroleum gases (LPG),MT,Malta,2015,,0,,,,,
dataflow,ESTAT:ROAD_EQR_CARPDA(1.0),New passenger cars by type of motor energy,A,Annual,NR,Number,LPG,Liquefied petroleum gases (LPG),MT,Malta,2016,,0,,,,,
dataflow,ESTAT:ROAD_EQR_CARPDA(1.0),New passenger cars by type of motor energy,A,Annual,NR,Number,LPG,Liquefied petroleum gases (LPG),MT,Malta,2017,,0,,,,,
dataflow,ESTAT:ROAD_EQR_CARPDA(1.0),New passenger cars by type of motor energy,A,Annual,NR,Number,LPG,Liquefied petroleum gases (LPG),MT,Malta,2018,,0,,,,,
dataflow,ESTAT:ROAD_EQR_CARPDA(1.0),New passenger cars by type of motor energy,A,Annual,NR,Number,LPG,Liquefied petroleum gases (LPG),MT,Malta,2019,,0,,,,,
dataflow,ESTAT:ROAD_EQR_CARPDA(1.0),New passenger cars by type of motor energy,A,Annual,NR,Number,LPG,Liquefied petroleum gases (LPG),MT,Malta,2020,,0,,,,,
dataflow,ESTAT:ROAD_EQR_CARPDA(1.0),New passenger cars by type of motor energy,A,Annual,NR,Number,LPG,Liquefied petroleum gases (LPG),MT,Malta,2021,,0,,,,,
dataflow,ESTAT:ROAD_EQR_CARPDA(1.0),New passenger cars by type of motor energy,A,Annual,NR,Number,LPG,Liquefied petroleum gases (LPG),MT,Malta,2022,,0,,,,,
dataflow,ESTAT:ROAD_EQR_CARPDA(1.0),New passenger cars by type of motor energy,A,Annual,NR,Number,LPG,Liquefied petroleum gases (LPG),MT,Malta,2023,,0,,,,,
dataflow,ESTAT:ROAD_EQR_CARPDA(1.0),New passenger cars by type of motor energy,A,Annual,NR,Number,LPG,Liquefied petroleum gases (LPG),MT,Malta,2024,,0,,,,,
dataflow,ESTAT:ROAD_EQR_CARPDA(1.0),New passenger cars by type of motor energy,A,Annual,NR,Number,LPG,Liquefied petroleum gases (LPG),NL,Netherlands,2013,,2081,,,,,
dataflow,ESTAT:ROAD_EQR_CARPDA(1.0),New passenger cars by type of motor energy,A,Annual,NR,Number,LPG,Liquefied petroleum gases (LPG),NL,Netherlands,2014,,998,,,,,
dataflow,ESTAT:ROAD_EQR_CARPDA(1.0),New passenger cars by type of motor energy,A,Annual,NR,Number,LPG,Liquefied petroleum gases (LPG),NL,Netherlands,2015,,362,,,,,
dataflow,ESTAT:ROAD_EQR_CARPDA(1.0),New passenger cars by type of motor energy,A,Annual,NR,Number,LPG,Liquefied petroleum gases (LPG),NL,Netherlands,2016,,860,,,,,
dataflow,ESTAT:ROAD_EQR_CARPDA(1.0),New passenger cars by type of motor energy,A,Annual,NR,Number,LPG,Liquefied petroleum gases (LPG),NL,Netherlands,2017,,1200,,,,,
dataflow,ESTAT:ROAD_EQR_CARPDA(1.0),New passenger cars by type of motor energy,A,Annual,NR,Number,LPG,Liquefied petroleum gases (LPG),NL,Netherlands,2018,,969,,,,,
dataflow,ESTAT:ROAD_EQR_CARPDA(1.0),New passenger cars by type of motor energy,A,Annual,NR,Number,LPG,Liquefied petroleum gases (LPG),NL,Netherlands,2019,,520,,,,,
dataflow,ESTAT:ROAD_EQR_CARPDA(1.0),New passenger cars by type of motor energy,A,Annual,NR,Number,LPG,Liquefied petroleum gases (LPG),NL,Netherlands,2020,,1921,,,,,
dataflow,ESTAT:ROAD_EQR_CARPDA(1.0),New passenger cars by type of motor energy,A,Annual,NR,Number,LPG,Liquefied petroleum gases (LPG),NL,Netherlands,2021,,2229,,,,,
dataflow,ESTAT:ROAD_EQR_CARPDA(1.0),New passenger cars by type of motor energy,A,Annual,NR,Number,LPG,Liquefied petroleum gases (LPG),NL,Netherlands,2022,,2285,,,,,
dataflow,ESTAT:ROAD_EQR_CARPDA(1.0),New passenger cars by type of motor energy,A,Annual,NR,Number,LPG,Liquefied petroleum gases (LPG),NL,Netherlands,2023,,2362,,,,,
dataflow,ESTAT:ROAD_EQR_CARPDA(1.0),New passenger cars by type of motor energy,A,Annual,NR,Number,LPG,Liquefied petroleum gases (LPG),NL,Netherlands,2024,,2189,,,,,
dataflow,ESTAT:ROAD_EQR_CARPDA(1.0),New passenger cars by type of motor energy,A,Annual,NR,Number,LPG,Liquefied petroleum gases (LPG),NO,Norway,2018,,0,,,,,
dataflow,ESTAT:ROAD_EQR_CARPDA(1.0),New passenger cars by type of motor energy,A,Annual,NR,Number,LPG,Liquefied petroleum gases (LPG),NO,Norway,2019,,0,,,,,
dataflow,ESTAT:ROAD_EQR_CARPDA(1.0),New passenger cars by type of motor energy,A,Annual,NR,Number,LPG,Liquefied petroleum gases (LPG),NO,Norway,2020,,2,,,,,
dataflow,ESTAT:ROAD_EQR_CARPDA(1.0),New passenger cars by type of motor energy,A,Annual,NR,Number,LPG,Liquefied petroleum gases (LPG),NO,Norway,2021,,0,,,,,
dataflow,ESTAT:ROAD_EQR_CARPDA(1.0),New passenger cars by type of motor energy,A,Annual,NR,Number,LPG,Liquefied petroleum gases (LPG),NO,Norway,2022,,0,,,,,
dataflow,ESTAT:ROAD_EQR_CARPDA(1.0),New passenger cars by type of motor energy,A,Annual,NR,Number,LPG,Liquefied petroleum gases (LPG),NO,Norway,2023,,0,,,,,
dataflow,ESTAT:ROAD_EQR_CARPDA(1.0),New passenger cars by type of motor energy,A,Annual,NR,Number,LPG,Liquefied petroleum gases (LPG),NO,Norway,2024,,0,,,,,
dataflow,ESTAT:ROAD_EQR_CARPDA(1.0),New passenger cars by type of motor energy,A,Annual,NR,Number,LPG,Liquefied petroleum gases (LPG),PL,Poland,2013,,3472,,b,break in time series,,
dataflow,ESTAT:ROAD_EQR_CARPDA(1.0),New passenger cars by type of motor energy,A,Annual,NR,Number,LPG,Liquefied petroleum gases (LPG),PL,Poland,2014,,4777,,i,value imputed by Eurostat or other receiving agencies,,
dataflow,ESTAT:ROAD_EQR_CARPDA(1.0),New passenger cars by type of motor energy,A,Annual,NR,Number,LPG,Liquefied petroleum gases (LPG),PL,Poland,2015,,5500,,i,value imputed by Eurostat or other receiving agencies,,
dataflow,ESTAT:ROAD_EQR_CARPDA(1.0),New passenger cars by type of motor energy,A,Annual,NR,Number,LPG,Liquefied petroleum gases (LPG),PL,Poland,2016,,6500,,i,value imputed by Eurostat or other receiving agencies,,
dataflow,ESTAT:ROAD_EQR_CARPDA(1.0),New passenger cars by type of motor energy,A,Annual,NR,Number,LPG,Liquefied petroleum gases (LPG),PL,Poland,2017,,10100,,i,value imputed by Eurostat or other receiving agencies,,
dataflow,ESTAT:ROAD_EQR_CARPDA(1.0),New passenger cars by type of motor energy,A,Annual,NR,Number,LPG,Liquefied petroleum gases (LPG),PL,Poland,2018,,7500,,i,value imputed by Eurostat or other receiving agencies,,
dataflow,ESTAT:ROAD_EQR_CARPDA(1.0),New passenger cars by type of motor energy,A,Annual,NR,Number,LPG,Liquefied petroleum gases (LPG),PL,Poland,2019,,8100,,i,value imputed by Eurostat or other receiving agencies,,
dataflow,ESTAT:ROAD_EQR_CARPDA(1.0),New passenger cars by type of motor energy,A,Annual,NR,Number,LPG,Liquefied petroleum gases (LPG),PL,Poland,2020,,9100,,i,value imputed by Eurostat or other receiving agencies,,
dataflow,ESTAT:ROAD_EQR_CARPDA(1.0),New passenger cars by type of motor energy,A,Annual,NR,Number,LPG,Liquefied petroleum gases (LPG),PL,Poland,2021,,13500,,i,value imputed by Eurostat or other receiving agencies,,
dataflow,ESTAT:ROAD_EQR_CARPDA(1.0),New passenger cars by type of motor energy,A,Annual,NR,Number,LPG,Liquefied petroleum gases (LPG),PL,Poland,2022,,12200,,i,value imputed by Eurostat or other receiving agencies,,
dataflow,ESTAT:ROAD_EQR_CARPDA(1.0),New passenger cars by type of motor energy,A,Annual,NR,Number,LPG,Liquefied petroleum gases (LPG),PL,Poland,2023,,12513,,i,value imputed by Eurostat or other receiving agencies,,
dataflow,ESTAT:ROAD_EQR_CARPDA(1.0),New passenger cars by type of motor energy,A,Annual,NR,Number,LPG,Liquefied petroleum gases (LPG),PL,Poland,2024,,16550,,i,value imputed by Eurostat or other receiving agencies,,
dataflow,ESTAT:ROAD_EQR_CARPDA(1.0),New passenger cars by type of motor energy,A,Annual,NR,Number,LPG,Liquefied petroleum gases (LPG),PT,Portugal,2017,,1795,,,,,
dataflow,ESTAT:ROAD_EQR_CARPDA(1.0),New passenger cars by type of motor energy,A,Annual,NR,Number,LPG,Liquefied petroleum gases (LPG),PT,Portugal,2018,,1894,,,,,
dataflow,ESTAT:ROAD_EQR_CARPDA(1.0),New passenger cars by type of motor energy,A,Annual,NR,Number,LPG,Liquefied petroleum gases (LPG),PT,Portugal,2019,,2239,,,,,
dataflow,ESTAT:ROAD_EQR_CARPDA(1.0),New passenger cars by type of motor energy,A,Annual,NR,Number,LPG,Liquefied petroleum gases (LPG),PT,Portugal,2020,,1878,,,,,
dataflow,ESTAT:ROAD_EQR_CARPDA(1.0),New passenger cars by type of motor energy,A,Annual,NR,Number,LPG,Liquefied petroleum gases (LPG),PT,Portugal,2021,,3614,,,,,
dataflow,ESTAT:ROAD_EQR_CARPDA(1.0),New passenger cars by type of motor energy,A,Annual,NR,Number,LPG,Liquefied petroleum gases (LPG),PT,Portugal,2022,,5521,,,,,
dataflow,ESTAT:ROAD_EQR_CARPDA(1.0),New passenger cars by type of motor energy,A,Annual,NR,Number,LPG,Liquefied petroleum gases (LPG),PT,Portugal,2023,,11321,,,,,
dataflow,ESTAT:ROAD_EQR_CARPDA(1.0),New passenger cars by type of motor energy,A,Annual,NR,Number,LPG,Liquefied petroleum gases (LPG),PT,Portugal,2024,,15115,,p,provisional,,
dataflow,ESTAT:ROAD_EQR_CARPDA(1.0),New passenger cars by type of motor energy,A,Annual,NR,Number,LPG,Liquefied petroleum gases (LPG),RS,Serbia,2019,,0,,,,,
dataflow,ESTAT:ROAD_EQR_CARPDA(1.0),New passenger cars by type of motor energy,A,Annual,NR,Number,LPG,Liquefied petroleum gases (LPG),RS,Serbia,2020,,0,,,,,
dataflow,ESTAT:ROAD_EQR_CARPDA(1.0),New passenger cars by type of motor energy,A,Annual,NR,Number,LPG,Liquefied petroleum gases (LPG),RS,Serbia,2021,,0,,,,,
dataflow,ESTAT:ROAD_EQR_CARPDA(1.0),New passenger cars by type of motor energy,A,Annual,NR,Number,LPG,Liquefied petroleum gases (LPG),RS,Serbia,2022,,3,,,,,
dataflow,ESTAT:ROAD_EQR_CARPDA(1.0),New passenger cars by type of motor energy,A,Annual,NR,Number,LPG,Liquefied petroleum gases (LPG),RS,Serbia,2023,,10,,,,,
dataflow,ESTAT:ROAD_EQR_CARPDA(1.0),New passenger cars by type of motor energy,A,Annual,NR,Number,LPG,Liquefied petroleum gases (LPG),RS,Serbia,2024,,2,,,,,
dataflow,ESTAT:ROAD_EQR_CARPDA(1.0),New passenger cars by type of motor energy,A,Annual,NR,Number,LPG,Liquefied petroleum gases (LPG),SE,Sweden,2013,,1,,,,,
dataflow,ESTAT:ROAD_EQR_CARPDA(1.0),New passenger cars by type of motor energy,A,Annual,NR,Number,LPG,Liquefied petroleum gases (LPG),SE,Sweden,2014,,0,,,,,
dataflow,ESTAT:ROAD_EQR_CARPDA(1.0),New passenger cars by type of motor energy,A,Annual,NR,Number,LPG,Liquefied petroleum gases (LPG),SE,Sweden,2015,,0,,,,,
dataflow,ESTAT:ROAD_EQR_CARPDA(1.0),New passenger cars by type of motor energy,A,Annual,NR,Number,LPG,Liquefied petroleum gases (LPG),SE,Sweden,2016,,0,,,,,
dataflow,ESTAT:ROAD_EQR_CARPDA(1.0),New passenger cars by type of motor energy,A,Annual,NR,Number,LPG,Liquefied petroleum gases (LPG),SE,Sweden,2017,,0,,,,,
dataflow,ESTAT:ROAD_EQR_CARPDA(1.0),New passenger cars by type of motor energy,A,Annual,NR,Number,LPG,Liquefied petroleum gases (LPG),SE,Sweden,2018,,0,,,,,
dataflow,ESTAT:ROAD_EQR_CARPDA(1.0),New passenger cars by type of motor energy,A,Annual,NR,Number,LPG,Liquefied petroleum gases (LPG),SE,Sweden,2019,,0,,,,,
dataflow,ESTAT:ROAD_EQR_CARPDA(1.0),New passenger cars by type of motor energy,A,Annual,NR,Number,LPG,Liquefied petroleum gases (LPG),SE,Sweden,2020,,0,,,,,
dataflow,ESTAT:ROAD_EQR_CARPDA(1.0),New passenger cars by type of motor energy,A,Annual,NR,Number,LPG,Liquefied petroleum gases (LPG),SE,Sweden,2021,,0,,,,,
dataflow,ESTAT:ROAD_EQR_CARPDA(1.0),New passenger cars by type of motor energy,A,Annual,NR,Number,LPG,Liquefied petroleum gases (LPG),SE,Sweden,2022,,0,,,,,
dataflow,ESTAT:ROAD_EQR_CARPDA(1.0),New passenger cars by type of motor energy,A,Annual,NR,Number,LPG,Liquefied petroleum gases (LPG),SE,Sweden,2023,,0,,,,,
dataflow,ESTAT:ROAD_EQR_CARPDA(1.0),New passenger cars by type of motor energy,A,Annual,NR,Number,LPG,Liquefied petroleum gases (LPG),SE,Sweden,2024,,0,,,,,
dataflow,ESTAT:ROAD_EQR_CARPDA(1.0),New passenger cars by type of motor energy,A,Annual,NR,Number,LPG,Liquefied petroleum gases (LPG),SI,Slovenia,2014,,232,,,,,
dataflow,ESTAT:ROAD_EQR_CARPDA(1.0),New passenger cars by type of motor energy,A,Annual,NR,Number,LPG,Liquefied petroleum gases (LPG),SI,Slovenia,2015,,199,,,,,
dataflow,ESTAT:ROAD_EQR_CARPDA(1.0),New passenger cars by type of motor energy,A,Annual,NR,Number,LPG,Liquefied petroleum gases (LPG),SI,Slovenia,2016,,290,,,,,
dataflow,ESTAT:ROAD_EQR_CARPDA(1.0),New passenger cars by type of motor energy,A,Annual,NR,Number,LPG,Liquefied petroleum gases (LPG),SI,Slovenia,2017,,335,,,,,
dataflow,ESTAT:ROAD_EQR_CARPDA(1.0),New passenger cars by type of motor energy,A,Annual,NR,Number,LPG,Liquefied petroleum gases (LPG),SI,Slovenia,2018,,148,,,,,
dataflow,ESTAT:ROAD_EQR_CARPDA(1.0),New passenger cars by type of motor energy,A,Annual,NR,Number,LPG,Liquefied petroleum gases (LPG),SI,Slovenia,2019,,90,,,,,
dataflow,ESTAT:ROAD_EQR_CARPDA(1.0),New passenger cars by type of motor energy,A,Annual,NR,Number,LPG,Liquefied petroleum gases (LPG),SI,Slovenia,2020,,137,,,,,
dataflow,ESTAT:ROAD_EQR_CARPDA(1.0),New passenger cars by type of motor energy,A,Annual,NR,Number,LPG,Liquefied petroleum gases (LPG),SI,Slovenia,2021,,557,,,,,
dataflow,ESTAT:ROAD_EQR_CARPDA(1.0),New passenger cars by type of motor energy,A,Annual,NR,Number,LPG,Liquefied petroleum gases (LPG),SI,Slovenia,2022,,689,,,,,
dataflow,ESTAT:ROAD_EQR_CARPDA(1.0),New passenger cars by type of motor energy,A,Annual,NR,Number,LPG,Liquefied petroleum gases (LPG),SI,Slovenia,2023,,504,,,,,
dataflow,ESTAT:ROAD_EQR_CARPDA(1.0),New passenger cars by type of motor energy,A,Annual,NR,Number,LPG,Liquefied petroleum gases (LPG),SI,Slovenia,2024,,833,,,,,
dataflow,ESTAT:ROAD_EQR_CARPDA(1.0),New passenger cars by type of motor energy,A,Annual,NR,Number,LPG,Liquefied petroleum gases (LPG),SK,Slovakia,2015,,0,,i,value imputed by Eurostat or other receiving agencies,,
dataflow,ESTAT:ROAD_EQR_CARPDA(1.0),New passenger cars by type of motor energy,A,Annual,NR,Number,LPG,Liquefied petroleum gases (LPG),SK,Slovakia,2016,,293,,i,value imputed by Eurostat or other receiving agencies,,
dataflow,ESTAT:ROAD_EQR_CARPDA(1.0),New passenger cars by type of motor energy,A,Annual,NR,Number,LPG,Liquefied petroleum gases (LPG),SK,Slovakia,2017,,646,,i,value imputed by Eurostat or other receiving agencies,,
dataflow,ESTAT:ROAD_EQR_CARPDA(1.0),New passenger cars by type of motor energy,A,Annual,NR,Number,LPG,Liquefied petroleum gases (LPG),SK,Slovakia,2018,,561,,i,value imputed by Eurostat or other receiving agencies,,
dataflow,ESTAT:ROAD_EQR_CARPDA(1.0),New passenger cars by type of motor energy,A,Annual,NR,Number,LPG,Liquefied petroleum gases (LPG),SK,Slovakia,2019,,239,,i,value imputed by Eurostat or other receiving agencies,,
dataflow,ESTAT:ROAD_EQR_CARPDA(1.0),New passenger cars by type of motor energy,A,Annual,NR,Number,LPG,Liquefied petroleum gases (LPG),SK,Slovakia,2020,,540,,i,value imputed by Eurostat or other receiving agencies,,
dataflow,ESTAT:ROAD_EQR_CARPDA(1.0),New passenger cars by type of motor energy,A,Annual,NR,Number,LPG,Liquefied petroleum gases (LPG),SK,Slovakia,2021,,651,,i,value imputed by Eurostat or other receiving agencies,,
dataflow,ESTAT:ROAD_EQR_CARPDA(1.0),New passenger cars by type of motor energy,A,Annual,NR,Number,LPG,Liquefied petroleum gases (LPG),SK,Slovakia,2022,,1407,,i,value imputed by Eurostat or other receiving agencies,,
dataflow,ESTAT:ROAD_EQR_CARPDA(1.0),New passenger cars by type of motor energy,A,Annual,NR,Number,LPG,Liquefied petroleum gases (LPG),SK,Slovakia,2023,,1568,,i,value imputed by Eurostat or other receiving agencies,,
dataflow,ESTAT:ROAD_EQR_CARPDA(1.0),New passenger cars by type of motor energy,A,Annual,NR,Number,LPG,Liquefied petroleum gases (LPG),SK,Slovakia,2024,,1810,,i,value imputed by Eurostat or other receiving agencies,,
dataflow,ESTAT:ROAD_EQR_CARPDA(1.0),New passenger cars by type of motor energy,A,Annual,NR,Number,LPG,Liquefied petroleum gases (LPG),TR,Türkiye,2013,,14312,,,,,
dataflow,ESTAT:ROAD_EQR_CARPDA(1.0),New passenger cars by type of motor energy,A,Annual,NR,Number,LPG,Liquefied petroleum gases (LPG),TR,Türkiye,2014,,11339,,,,,
dataflow,ESTAT:ROAD_EQR_CARPDA(1.0),New passenger cars by type of motor energy,A,Annual,NR,Number,LPG,Liquefied petroleum gases (LPG),TR,Türkiye,2015,,13288,,,,,
dataflow,ESTAT:ROAD_EQR_CARPDA(1.0),New passenger cars by type of motor energy,A,Annual,NR,Number,LPG,Liquefied petroleum gases (LPG),TR,Türkiye,2016,,13715,,,,,
dataflow,ESTAT:ROAD_EQR_CARPDA(1.0),New passenger cars by type of motor energy,A,Annual,NR,Number,LPG,Liquefied petroleum gases (LPG),TR,Türkiye,2017,,25391,,,,,
dataflow,ESTAT:ROAD_EQR_CARPDA(1.0),New passenger cars by type of motor energy,A,Annual,NR,Number,LPG,Liquefied petroleum gases (LPG),TR,Türkiye,2018,,26443,,,,,
dataflow,ESTAT:ROAD_EQR_CARPDA(1.0),New passenger cars by type of motor energy,A,Annual,NR,Number,LPG,Liquefied petroleum gases (LPG),TR,Türkiye,2019,,22545,,,,,
dataflow,ESTAT:ROAD_EQR_CARPDA(1.0),New passenger cars by type of motor energy,A,Annual,NR,Number,LPG,Liquefied petroleum gases (LPG),TR,Türkiye,2020,,33256,,,,,
dataflow,ESTAT:ROAD_EQR_CARPDA(1.0),New passenger cars by type of motor energy,A,Annual,NR,Number,LPG,Liquefied petroleum gases (LPG),TR,Türkiye,2021,,31640,,,,,
dataflow,ESTAT:ROAD_EQR_CARPDA(1.0),New passenger cars by type of motor energy,A,Annual,NR,Number,LPG,Liquefied petroleum gases (LPG),TR,Türkiye,2022,,11168,,,,,
dataflow,ESTAT:ROAD_EQR_CARPDA(1.0),New passenger cars by type of motor energy,A,Annual,NR,Number,LPG,Liquefied petroleum gases (LPG),TR,Türkiye,2023,,13099,,,,,
dataflow,ESTAT:ROAD_EQR_CARPDA(1.0),New passenger cars by type of motor energy,A,Annual,NR,Number,LPG,Liquefied petroleum gases (LPG),TR,Türkiye,2024,,10580,,,,,
dataflow,ESTAT:ROAD_EQR_CARPDA(1.0),New passenger cars by type of motor energy,A,Annual,NR,Number,LPG,Liquefied petroleum gases (LPG),XK,Kosovo*,2017,,0,,,,,
dataflow,ESTAT:ROAD_EQR_CARPDA(1.0),New passenger cars by type of motor energy,A,Annual,NR,Number,LPG,Liquefied petroleum gases (LPG),XK,Kosovo*,2018,,0,,,,,
dataflow,ESTAT:ROAD_EQR_CARPDA(1.0),New passenger cars by type of motor energy,A,Annual,NR,Number,LPG,Liquefied petroleum gases (LPG),XK,Kosovo*,2019,,0,,,,,
dataflow,ESTAT:ROAD_EQR_CARPDA(1.0),New passenger cars by type of motor energy,A,Annual,NR,Number,LPG,Liquefied petroleum gases (LPG),XK,Kosovo*,2021,,0,,,,,
dataflow,ESTAT:ROAD_EQR_CARPDA(1.0),New passenger cars by type of motor energy,A,Annual,NR,Number,OTH,Other,AL,Albania,2019,,3684,,,,,
dataflow,ESTAT:ROAD_EQR_CARPDA(1.0),New passenger cars by type of motor energy,A,Annual,NR,Number,OTH,Other,AL,Albania,2020,,0,,,,,
dataflow,ESTAT:ROAD_EQR_CARPDA(1.0),New passenger cars by type of motor energy,A,Annual,NR,Number,OTH,Other,AL,Albania,2021,,1,,,,,
dataflow,ESTAT:ROAD_EQR_CARPDA(1.0),New passenger cars by type of motor energy,A,Annual,NR,Number,OTH,Other,AL,Albania,2022,,0,,,,,
dataflow,ESTAT:ROAD_EQR_CARPDA(1.0),New passenger cars by type of motor energy,A,Annual,NR,Number,OTH,Other,AL,Albania,2023,,0,,,,,
dataflow,ESTAT:ROAD_EQR_CARPDA(1.0),New passenger cars by type of motor energy,A,Annual,NR,Number,OTH,Other,AT,Austria,2013,,0,,,,,
dataflow,ESTAT:ROAD_EQR_CARPDA(1.0),New passenger cars by type of motor energy,A,Annual,NR,Number,OTH,Other,AT,Austria,2014,,0,,,,,
dataflow,ESTAT:ROAD_EQR_CARPDA(1.0),New passenger cars by type of motor energy,A,Annual,NR,Number,OTH,Other,AT,Austria,2015,,0,,,,,
dataflow,ESTAT:ROAD_EQR_CARPDA(1.0),New passenger cars by type of motor energy,A,Annual,NR,Number,OTH,Other,AT,Austria,2016,,0,,,,,
dataflow,ESTAT:ROAD_EQR_CARPDA(1.0),New passenger cars by type of motor energy,A,Annual,NR,Number,OTH,Other,AT,Austria,2017,,0,,,,,
dataflow,ESTAT:ROAD_EQR_CARPDA(1.0),New passenger cars by type of motor energy,A,Annual,NR,Number,OTH,Other,AT,Austria,2018,,0,,,,,
dataflow,ESTAT:ROAD_EQR_CARPDA(1.0),New passenger cars by type of motor energy,A,Annual,NR,Number,OTH,Other,AT,Austria,2019,,0,,,,,
dataflow,ESTAT:ROAD_EQR_CARPDA(1.0),New passenger cars by type of motor energy,A,Annual,NR,Number,OTH,Other,AT,Austria,2020,,0,,,,,
dataflow,ESTAT:ROAD_EQR_CARPDA(1.0),New passenger cars by type of motor energy,A,Annual,NR,Number,OTH,Other,AT,Austria,2021,,0,,,,,
dataflow,ESTAT:ROAD_EQR_CARPDA(1.0),New passenger cars by type of motor energy,A,Annual,NR,Number,OTH,Other,AT,Austria,2022,,0,,,,,
dataflow,ESTAT:ROAD_EQR_CARPDA(1.0),New passenger cars by type of motor energy,A,Annual,NR,Number,OTH,Other,AT,Austria,2023,,0,,,,,
dataflow,ESTAT:ROAD_EQR_CARPDA(1.0),New passenger cars by type of motor energy,A,Annual,NR,Number,OTH,Other,AT,Austria,2024,,0,,,,,
dataflow,ESTAT:ROAD_EQR_CARPDA(1.0),New passenger cars by type of motor energy,A,Annual,NR,Number,OTH,Other,BA,Bosnia and Herzegovina,2013,,0,,,,,
dataflow,ESTAT:ROAD_EQR_CARPDA(1.0),New passenger cars by type of motor energy,A,Annual,NR,Number,OTH,Other,BA,Bosnia and Herzegovina,2014,,0,,,,,
dataflow,ESTAT:ROAD_EQR_CARPDA(1.0),New passenger cars by type of motor energy,A,Annual,NR,Number,OTH,Other,BA,Bosnia and Herzegovina,2015,,0,,,,,
dataflow,ESTAT:ROAD_EQR_CARPDA(1.0),New passenger cars by type of motor energy,A,Annual,NR,Number,OTH,Other,BA,Bosnia and Herzegovina,2016,,1,,,,,
dataflow,ESTAT:ROAD_EQR_CARPDA(1.0),New passenger cars by type of motor energy,A,Annual,NR,Number,OTH,Other,BA,Bosnia and Herzegovina,2017,,0,,,,,
dataflow,ESTAT:ROAD_EQR_CARPDA(1.0),New passenger cars by type of motor energy,A,Annual,NR,Number,OTH,Other,BA,Bosnia and Herzegovina,2018,,1,,,,,
dataflow,ESTAT:ROAD_EQR_CARPDA(1.0),New passenger cars by type of motor energy,A,Annual,NR,Number,OTH,Other,BA,Bosnia and Herzegovina,2019,,1,,,,,
dataflow,ESTAT:ROAD_EQR_CARPDA(1.0),New passenger cars by type of motor energy,A,Annual,NR,Number,OTH,Other,BA,Bosnia and Herzegovina,2020,,3,,,,,
dataflow,ESTAT:ROAD_EQR_CARPDA(1.0),New passenger cars by type of motor energy,A,Annual,NR,Number,OTH,Other,BA,Bosnia and Herzegovina,2021,,0,,,,,
dataflow,ESTAT:ROAD_EQR_CARPDA(1.0),New passenger cars by type of motor energy,A,Annual,NR,Number,OTH,Other,BA,Bosnia and Herzegovina,2022,,1,,,,,
dataflow,ESTAT:ROAD_EQR_CARPDA(1.0),New passenger cars by type of motor energy,A,Annual,NR,Number,OTH,Other,BA,Bosnia and Herzegovina,2023,,0,,,,,
dataflow,ESTAT:ROAD_EQR_CARPDA(1.0),New passenger cars by type of motor energy,A,Annual,NR,Number,OTH,Other,BA,Bosnia and Herzegovina,2024,,1,,,,,
dataflow,ESTAT:ROAD_EQR_CARPDA(1.0),New passenger cars by type of motor energy,A,Annual,NR,Number,OTH,Other,BE,Belgium,2013,,0,,,,,
dataflow,ESTAT:ROAD_EQR_CARPDA(1.0),New passenger cars by type of motor energy,A,Annual,NR,Number,OTH,Other,BE,Belgium,2014,,0,,,,,
dataflow,ESTAT:ROAD_EQR_CARPDA(1.0),New passenger cars by type of motor energy,A,Annual,NR,Number,OTH,Other,BE,Belgium,2015,,0,,,,,
dataflow,ESTAT:ROAD_EQR_CARPDA(1.0),New passenger cars by type of motor energy,A,Annual,NR,Number,OTH,Other,BE,Belgium,2016,,0,,,,,
dataflow,ESTAT:ROAD_EQR_CARPDA(1.0),New passenger cars by type of motor energy,A,Annual,NR,Number,OTH,Other,BE,Belgium,2017,,0,,,,,
dataflow,ESTAT:ROAD_EQR_CARPDA(1.0),New passenger cars by type of motor energy,A,Annual,NR,Number,OTH,Other,BE,Belgium,2018,,0,,,,,
dataflow,ESTAT:ROAD_EQR_CARPDA(1.0),New passenger cars by type of motor energy,A,Annual,NR,Number,OTH,Other,BE,Belgium,2019,,4,,,,,
dataflow,ESTAT:ROAD_EQR_CARPDA(1.0),New passenger cars by type of motor energy,A,Annual,NR,Number,OTH,Other,BE,Belgium,2020,,3,,,,,
dataflow,ESTAT:ROAD_EQR_CARPDA(1.0),New passenger cars by type of motor energy,A,Annual,NR,Number,OTH,Other,BE,Belgium,2021,,0,,,,,
dataflow,ESTAT:ROAD_EQR_CARPDA(1.0),New passenger cars by type of motor energy,A,Annual,NR,Number,OTH,Other,BE,Belgium,2022,,0,,,,,
dataflow,ESTAT:ROAD_EQR_CARPDA(1.0),New passenger cars by type of motor energy,A,Annual,NR,Number,OTH,Other,BE,Belgium,2023,,1,,i,value imputed by Eurostat or other receiving agencies,,
dataflow,ESTAT:ROAD_EQR_CARPDA(1.0),New passenger cars by type of motor energy,A,Annual,NR,Number,OTH,Other,BE,Belgium,2024,,0,,i,value imputed by Eurostat or other receiving agencies,,
dataflow,ESTAT:ROAD_EQR_CARPDA(1.0),New passenger cars by type of motor energy,A,Annual,NR,Number,OTH,Other,BG,Bulgaria,2022,,17,,i,value imputed by Eurostat or other receiving agencies,,
dataflow,ESTAT:ROAD_EQR_CARPDA(1.0),New passenger cars by type of motor energy,A,Annual,NR,Number,OTH,Other,BG,Bulgaria,2024,,0,,i,value imputed by Eurostat or other receiving agencies,,
dataflow,ESTAT:ROAD_EQR_CARPDA(1.0),New passenger cars by type of motor energy,A,Annual,NR,Number,OTH,Other,CH,Switzerland,2013,,0,,,,,
dataflow,ESTAT:ROAD_EQR_CARPDA(1.0),New passenger cars by type of motor energy,A,Annual,NR,Number,OTH,Other,CH,Switzerland,2014,,0,,,,,
dataflow,ESTAT:ROAD_EQR_CARPDA(1.0),New passenger cars by type of motor energy,A,Annual,NR,Number,OTH,Other,CH,Switzerland,2015,,2,,,,,
dataflow,ESTAT:ROAD_EQR_CARPDA(1.0),New passenger cars by type of motor energy,A,Annual,NR,Number,OTH,Other,CH,Switzerland,2016,,1,,,,,
dataflow,ESTAT:ROAD_EQR_CARPDA(1.0),New passenger cars by type of motor energy,A,Annual,NR,Number,OTH,Other,CH,Switzerland,2017,,0,,,,,
dataflow,ESTAT:ROAD_EQR_CARPDA(1.0),New passenger cars by type of motor energy,A,Annual,NR,Number,OTH,Other,CH,Switzerland,2018,,0,,,,,
dataflow,ESTAT:ROAD_EQR_CARPDA(1.0),New passenger cars by type of motor energy,A,Annual,NR,Number,OTH,Other,CH,Switzerland,2019,,0,,,,,
dataflow,ESTAT:ROAD_EQR_CARPDA(1.0),New passenger cars by type of motor energy,A,Annual,NR,Number,OTH,Other,CH,Switzerland,2020,,0,,,,,
dataflow,ESTAT:ROAD_EQR_CARPDA(1.0),New passenger cars by type of motor energy,A,Annual,NR,Number,OTH,Other,CH,Switzerland,2021,,1,,,,,
dataflow,ESTAT:ROAD_EQR_CARPDA(1.0),New passenger cars by type of motor energy,A,Annual,NR,Number,OTH,Other,CH,Switzerland,2022,,1,,,,,
dataflow,ESTAT:ROAD_EQR_CARPDA(1.0),New passenger cars by type of motor energy,A,Annual,NR,Number,OTH,Other,CH,Switzerland,2023,,0,,,,,
dataflow,ESTAT:ROAD_EQR_CARPDA(1.0),New passenger cars by type of motor energy,A,Annual,NR,Number,OTH,Other,CH,Switzerland,2024,,3,,,,,
dataflow,ESTAT:ROAD_EQR_CARPDA(1.0),New passenger cars by type of motor energy,A,Annual,NR,Number,OTH,Other,CY,Cyprus,2013,,0,,,,,
dataflow,ESTAT:ROAD_EQR_CARPDA(1.0),New passenger cars by type of motor energy,A,Annual,NR,Number,OTH,Other,CY,Cyprus,2014,,0,,,,,
dataflow,ESTAT:ROAD_EQR_CARPDA(1.0),New passenger cars by type of motor energy,A,Annual,NR,Number,OTH,Other,CY,Cyprus,2015,,0,,,,,
dataflow,ESTAT:ROAD_EQR_CARPDA(1.0),New passenger cars by type of motor energy,A,Annual,NR,Number,OTH,Other,CY,Cyprus,2016,,0,,,,,
dataflow,ESTAT:ROAD_EQR_CARPDA(1.0),New passenger cars by type of motor energy,A,Annual,NR,Number,OTH,Other,CY,Cyprus,2017,,0,,,,,
dataflow,ESTAT:ROAD_EQR_CARPDA(1.0),New passenger cars by type of motor energy,A,Annual,NR,Number,OTH,Other,CY,Cyprus,2018,,0,,,,,
dataflow,ESTAT:ROAD_EQR_CARPDA(1.0),New passenger cars by type of motor energy,A,Annual,NR,Number,OTH,Other,CY,Cyprus,2019,,0,,,,,
dataflow,ESTAT:ROAD_EQR_CARPDA(1.0),New passenger cars by type of motor energy,A,Annual,NR,Number,OTH,Other,CY,Cyprus,2020,,0,,,,,
dataflow,ESTAT:ROAD_EQR_CARPDA(1.0),New passenger cars by type of motor energy,A,Annual,NR,Number,OTH,Other,CY,Cyprus,2021,,2,,,,,
dataflow,ESTAT:ROAD_EQR_CARPDA(1.0),New passenger cars by type of motor energy,A,Annual,NR,Number,OTH,Other,CY,Cyprus,2022,,2,,,,,
dataflow,ESTAT:ROAD_EQR_CARPDA(1.0),New passenger cars by type of motor energy,A,Annual,NR,Number,OTH,Other,CY,Cyprus,2023,,0,,,,,
dataflow,ESTAT:ROAD_EQR_CARPDA(1.0),New passenger cars by type of motor energy,A,Annual,NR,Number,OTH,Other,CY,Cyprus,2024,,0,,,,,
dataflow,ESTAT:ROAD_EQR_CARPDA(1.0),New passenger cars by type of motor energy,A,Annual,NR,Number,OTH,Other,CZ,Czechia,2021,,0,,,,,
dataflow,ESTAT:ROAD_EQR_CARPDA(1.0),New passenger cars by type of motor energy,A,Annual,NR,Number,OTH,Other,DE,Germany,2013,,26391,,,,,
dataflow,ESTAT:ROAD_EQR_CARPDA(1.0),New passenger cars by type of motor energy,A,Annual,NR,Number,OTH,Other,DE,Germany,2014,,27529,,,,,
dataflow,ESTAT:ROAD_EQR_CARPDA(1.0),New passenger cars by type of motor energy,A,Annual,NR,Number,OTH,Other,DE,Germany,2015,,33838,,,,,
dataflow,ESTAT:ROAD_EQR_CARPDA(1.0),New passenger cars by type of motor energy,A,Annual,NR,Number,OTH,Other,DE,Germany,2016,,48063,,,,,
dataflow,ESTAT:ROAD_EQR_CARPDA(1.0),New passenger cars by type of motor energy,A,Annual,NR,Number,OTH,Other,DE,Germany,2017,,25,,,,,
dataflow,ESTAT:ROAD_EQR_CARPDA(1.0),New passenger cars by type of motor energy,A,Annual,NR,Number,OTH,Other,DE,Germany,2018,,28,,,,,
dataflow,ESTAT:ROAD_EQR_CARPDA(1.0),New passenger cars by type of motor energy,A,Annual,NR,Number,OTH,Other,DE,Germany,2019,,117,,,,,
dataflow,ESTAT:ROAD_EQR_CARPDA(1.0),New passenger cars by type of motor energy,A,Annual,NR,Number,OTH,Other,DE,Germany,2020,,95,,,,,
dataflow,ESTAT:ROAD_EQR_CARPDA(1.0),New passenger cars by type of motor energy,A,Annual,NR,Number,OTH,Other,DE,Germany,2021,,68,,,,,
dataflow,ESTAT:ROAD_EQR_CARPDA(1.0),New passenger cars by type of motor energy,A,Annual,NR,Number,OTH,Other,DE,Germany,2022,,74,,,,,
dataflow,ESTAT:ROAD_EQR_CARPDA(1.0),New passenger cars by type of motor energy,A,Annual,NR,Number,OTH,Other,DE,Germany,2023,,110,,,,,
dataflow,ESTAT:ROAD_EQR_CARPDA(1.0),New passenger cars by type of motor energy,A,Annual,NR,Number,OTH,Other,DE,Germany,2024,,97,,,,,
dataflow,ESTAT:ROAD_EQR_CARPDA(1.0),New passenger cars by type of motor energy,A,Annual,NR,Number,OTH,Other,DK,Denmark,2019,,0,,,,,
dataflow,ESTAT:ROAD_EQR_CARPDA(1.0),New passenger cars by type of motor energy,A,Annual,NR,Number,OTH,Other,DK,Denmark,2020,,0,,,,,
dataflow,ESTAT:ROAD_EQR_CARPDA(1.0),New passenger cars by type of motor energy,A,Annual,NR,Number,OTH,Other,DK,Denmark,2021,,0,,,,,
dataflow,ESTAT:ROAD_EQR_CARPDA(1.0),New passenger cars by type of motor energy,A,Annual,NR,Number,OTH,Other,DK,Denmark,2022,,0,,,,,
dataflow,ESTAT:ROAD_EQR_CARPDA(1.0),New passenger cars by type of motor energy,A,Annual,NR,Number,OTH,Other,DK,Denmark,2023,,0,,,,,
dataflow,ESTAT:ROAD_EQR_CARPDA(1.0),New passenger cars by type of motor energy,A,Annual,NR,Number,OTH,Other,DK,Denmark,2024,,0,,,,,
dataflow,ESTAT:ROAD_EQR_CARPDA(1.0),New passenger cars by type of motor energy,A,Annual,NR,Number,OTH,Other,EE,Estonia,2013,,0,,,,,
dataflow,ESTAT:ROAD_EQR_CARPDA(1.0),New passenger cars by type of motor energy,A,Annual,NR,Number,OTH,Other,EL,Greece,2023,,0,,,,,
dataflow,ESTAT:ROAD_EQR_CARPDA(1.0),New passenger cars by type of motor energy,A,Annual,NR,Number,OTH,Other,ES,Spain,2014,,344,,,,,
dataflow,ESTAT:ROAD_EQR_CARPDA(1.0),New passenger cars by type of motor energy,A,Annual,NR,Number,OTH,Other,ES,Spain,2015,,19,,,,,
dataflow,ESTAT:ROAD_EQR_CARPDA(1.0),New passenger cars by type of motor energy,A,Annual,NR,Number,OTH,Other,ES,Spain,2016,,771,,,,,
dataflow,ESTAT:ROAD_EQR_CARPDA(1.0),New passenger cars by type of motor energy,A,Annual,NR,Number,OTH,Other,ES,Spain,2017,,1635,,,,,
dataflow,ESTAT:ROAD_EQR_CARPDA(1.0),New passenger cars by type of motor energy,A,Annual,NR,Number,OTH,Other,ES,Spain,2018,,2631,,,,,
dataflow,ESTAT:ROAD_EQR_CARPDA(1.0),New passenger cars by type of motor energy,A,Annual,NR,Number,OTH,Other,ES,Spain,2019,,1570,,,,,
dataflow,ESTAT:ROAD_EQR_CARPDA(1.0),New passenger cars by type of motor energy,A,Annual,NR,Number,OTH,Other,ES,Spain,2020,,250,,,,,
dataflow,ESTAT:ROAD_EQR_CARPDA(1.0),New passenger cars by type of motor energy,A,Annual,NR,Number,OTH,Other,ES,Spain,2021,,121,,,,,
dataflow,ESTAT:ROAD_EQR_CARPDA(1.0),New passenger cars by type of motor energy,A,Annual,NR,Number,OTH,Other,ES,Spain,2022,,13,,,,,
dataflow,ESTAT:ROAD_EQR_CARPDA(1.0),New passenger cars by type of motor energy,A,Annual,NR,Number,OTH,Other,ES,Spain,2023,,7,,,,,
dataflow,ESTAT:ROAD_EQR_CARPDA(1.0),New passenger cars by type of motor energy,A,Annual,NR,Number,OTH,Other,ES,Spain,2024,,5,,,,,
dataflow,ESTAT:ROAD_EQR_CARPDA(1.0),New passenger cars by type of motor energy,A,Annual,NR,Number,OTH,Other,FI,Finland,2013,,2,,,,,
dataflow,ESTAT:ROAD_EQR_CARPDA(1.0),New passenger cars by type of motor energy,A,Annual,NR,Number,OTH,Other,FI,Finland,2014,,0,,,,,
dataflow,ESTAT:ROAD_EQR_CARPDA(1.0),New passenger cars by type of motor energy,A,Annual,NR,Number,OTH,Other,FI,Finland,2015,,0,,,,,
dataflow,ESTAT:ROAD_EQR_CARPDA(1.0),New passenger cars by type of motor energy,A,Annual,NR,Number,OTH,Other,FI,Finland,2016,,0,,,,,
dataflow,ESTAT:ROAD_EQR_CARPDA(1.0),New passenger cars by type of motor energy,A,Annual,NR,Number,OTH,Other,FI,Finland,2017,,0,,,,,
dataflow,ESTAT:ROAD_EQR_CARPDA(1.0),New passenger cars by type of motor energy,A,Annual,NR,Number,OTH,Other,FI,Finland,2018,,0,,,,,
dataflow,ESTAT:ROAD_EQR_CARPDA(1.0),New passenger cars by type of motor energy,A,Annual,NR,Number,OTH,Other,FI,Finland,2019,,0,,,,,
dataflow,ESTAT:ROAD_EQR_CARPDA(1.0),New passenger cars by type of motor energy,A,Annual,NR,Number,OTH,Other,FI,Finland,2021,,0,,,,,
dataflow,ESTAT:ROAD_EQR_CARPDA(1.0),New passenger cars by type of motor energy,A,Annual,NR,Number,OTH,Other,FI,Finland,2022,,0,,,,,
dataflow,ESTAT:ROAD_EQR_CARPDA(1.0),New passenger cars by type of motor energy,A,Annual,NR,Number,OTH,Other,FI,Finland,2023,,0,,,,,
dataflow,ESTAT:ROAD_EQR_CARPDA(1.0),New passenger cars by type of motor energy,A,Annual,NR,Number,OTH,Other,FI,Finland,2024,,0,,,,,
dataflow,ESTAT:ROAD_EQR_CARPDA(1.0),New passenger cars by type of motor energy,A,Annual,NR,Number,OTH,Other,FR,France,2013,,86,,,,,
dataflow,ESTAT:ROAD_EQR_CARPDA(1.0),New passenger cars by type of motor energy,A,Annual,NR,Number,OTH,Other,FR,France,2014,,38,,,,,
dataflow,ESTAT:ROAD_EQR_CARPDA(1.0),New passenger cars by type of motor energy,A,Annual,NR,Number,OTH,Other,FR,France,2015,,46,,,,,
dataflow,ESTAT:ROAD_EQR_CARPDA(1.0),New passenger cars by type of motor energy,A,Annual,NR,Number,OTH,Other,FR,France,2016,,83,,,,,
dataflow,ESTAT:ROAD_EQR_CARPDA(1.0),New passenger cars by type of motor energy,A,Annual,NR,Number,OTH,Other,FR,France,2017,,113,,,,,
dataflow,ESTAT:ROAD_EQR_CARPDA(1.0),New passenger cars by type of motor energy,A,Annual,NR,Number,OTH,Other,FR,France,2018,,11,,,,,
dataflow,ESTAT:ROAD_EQR_CARPDA(1.0),New passenger cars by type of motor energy,A,Annual,NR,Number,OTH,Other,FR,France,2019,,3,,,,,
dataflow,ESTAT:ROAD_EQR_CARPDA(1.0),New passenger cars by type of motor energy,A,Annual,NR,Number,OTH,Other,FR,France,2020,,2,,,,,
dataflow,ESTAT:ROAD_EQR_CARPDA(1.0),New passenger cars by type of motor energy,A,Annual,NR,Number,OTH,Other,FR,France,2021,,1,,,,,
dataflow,ESTAT:ROAD_EQR_CARPDA(1.0),New passenger cars by type of motor energy,A,Annual,NR,Number,OTH,Other,FR,France,2022,,1,,,,,
dataflow,ESTAT:ROAD_EQR_CARPDA(1.0),New passenger cars by type of motor energy,A,Annual,NR,Number,OTH,Other,FR,France,2023,,4,,,,,
dataflow,ESTAT:ROAD_EQR_CARPDA(1.0),New passenger cars by type of motor energy,A,Annual,NR,Number,OTH,Other,GE,Georgia,2018,,1,,,,,
dataflow,ESTAT:ROAD_EQR_CARPDA(1.0),New passenger cars by type of motor energy,A,Annual,NR,Number,OTH,Other,GE,Georgia,2019,,1,,,,,
dataflow,ESTAT:ROAD_EQR_CARPDA(1.0),New passenger cars by type of motor energy,A,Annual,NR,Number,OTH,Other,GE,Georgia,2020,,1,,,,,
dataflow,ESTAT:ROAD_EQR_CARPDA(1.0),New passenger cars by type of motor energy,A,Annual,NR,Number,OTH,Other,GE,Georgia,2021,,1,,,,,
dataflow,ESTAT:ROAD_EQR_CARPDA(1.0),New passenger cars by type of motor energy,A,Annual,NR,Number,OTH,Other,GE,Georgia,2023,,0,,,,,
dataflow,ESTAT:ROAD_EQR_CARPDA(1.0),New passenger cars by type of motor energy,A,Annual,NR,Number,OTH,Other,GE,Georgia,2024,,0,,,,,
dataflow,ESTAT:ROAD_EQR_CARPDA(1.0),New passenger cars by type of motor energy,A,Annual,NR,Number,OTH,Other,HR,Croatia,2013,,98,,b,break in time series,,
dataflow,ESTAT:ROAD_EQR_CARPDA(1.0),New passenger cars by type of motor energy,A,Annual,NR,Number,OTH,Other,HR,Croatia,2014,,420,,,,,
dataflow,ESTAT:ROAD_EQR_CARPDA(1.0),New passenger cars by type of motor energy,A,Annual,NR,Number,OTH,Other,HR,Croatia,2015,,466,,,,,
dataflow,ESTAT:ROAD_EQR_CARPDA(1.0),New passenger cars by type of motor energy,A,Annual,NR,Number,OTH,Other,HR,Croatia,2016,,501,,,,,
dataflow,ESTAT:ROAD_EQR_CARPDA(1.0),New passenger cars by type of motor energy,A,Annual,NR,Number,OTH,Other,HR,Croatia,2017,,664,,,,,
dataflow,ESTAT:ROAD_EQR_CARPDA(1.0),New passenger cars by type of motor energy,A,Annual,NR,Number,OTH,Other,HR,Croatia,2018,,1085,,,,,
dataflow,ESTAT:ROAD_EQR_CARPDA(1.0),New passenger cars by type of motor energy,A,Annual,NR,Number,OTH,Other,HR,Croatia,2019,,1922,,,,,
dataflow,ESTAT:ROAD_EQR_CARPDA(1.0),New passenger cars by type of motor energy,A,Annual,NR,Number,OTH,Other,HR,Croatia,2023,,0,,,,,
dataflow,ESTAT:ROAD_EQR_CARPDA(1.0),New passenger cars by type of motor energy,A,Annual,NR,Number,OTH,Other,HR,Croatia,2024,,0,,,,,
dataflow,ESTAT:ROAD_EQR_CARPDA(1.0),New passenger cars by type of motor energy,A,Annual,NR,Number,OTH,Other,HU,Hungary,2013,,5,,,,,
dataflow,ESTAT:ROAD_EQR_CARPDA(1.0),New passenger cars by type of motor energy,A,Annual,NR,Number,OTH,Other,HU,Hungary,2014,,14,,,,,
dataflow,ESTAT:ROAD_EQR_CARPDA(1.0),New passenger cars by type of motor energy,A,Annual,NR,Number,OTH,Other,HU,Hungary,2015,,10,,,,,
dataflow,ESTAT:ROAD_EQR_CARPDA(1.0),New passenger cars by type of motor energy,A,Annual,NR,Number,OTH,Other,HU,Hungary,2016,,11,,,,,
dataflow,ESTAT:ROAD_EQR_CARPDA(1.0),New passenger cars by type of motor energy,A,Annual,NR,Number,OTH,Other,HU,Hungary,2017,,9,,,,,
dataflow,ESTAT:ROAD_EQR_CARPDA(1.0),New passenger cars by type of motor energy,A,Annual,NR,Number,OTH,Other,HU,Hungary,2018,,0,,,,,
dataflow,ESTAT:ROAD_EQR_CARPDA(1.0),New passenger cars by type of motor energy,A,Annual,NR,Number,OTH,Other,HU,Hungary,2019,,1,,,,,
dataflow,ESTAT:ROAD_EQR_CARPDA(1.0),New passenger cars by type of motor energy,A,Annual,NR,Number,OTH,Other,HU,Hungary,2020,,1,,,,,
dataflow,ESTAT:ROAD_EQR_CARPDA(1.0),New passenger cars by type of motor energy,A,Annual,NR,Number,OTH,Other,HU,Hungary,2021,,0,,,,,
dataflow,ESTAT:ROAD_EQR_CARPDA(1.0),New passenger cars by type of motor energy,A,Annual,NR,Number,OTH,Other,HU,Hungary,2022,,2,,,,,
dataflow,ESTAT:ROAD_EQR_CARPDA(1.0),New passenger cars by type of motor energy,A,Annual,NR,Number,OTH,Other,HU,Hungary,2023,,40,,,,,
dataflow,ESTAT:ROAD_EQR_CARPDA(1.0),New passenger cars by type of motor energy,A,Annual,NR,Number,OTH,Other,HU,Hungary,2024,,0,,i,value imputed by Eurostat or other receiving agencies,,
dataflow,ESTAT:ROAD_EQR_CARPDA(1.0),New passenger cars by type of motor energy,A,Annual,NR,Number,OTH,Other,IE,Ireland,2013,,591,,,,,
dataflow,ESTAT:ROAD_EQR_CARPDA(1.0),New passenger cars by type of motor energy,A,Annual,NR,Number,OTH,Other,IE,Ireland,2014,,958,,,,,
dataflow,ESTAT:ROAD_EQR_CARPDA(1.0),New passenger cars by type of motor energy,A,Annual,NR,Number,OTH,Other,IE,Ireland,2015,,1718,,,,,
dataflow,ESTAT:ROAD_EQR_CARPDA(1.0),New passenger cars by type of motor energy,A,Annual,NR,Number,OTH,Other,IE,Ireland,2016,,2943,,,,,
dataflow,ESTAT:ROAD_EQR_CARPDA(1.0),New passenger cars by type of motor energy,A,Annual,NR,Number,OTH,Other,IE,Ireland,2018,,0,,,,,
dataflow,ESTAT:ROAD_EQR_CARPDA(1.0),New passenger cars by type of motor energy,A,Annual,NR,Number,OTH,Other,IE,Ireland,2019,,1,,,,,
dataflow,ESTAT:ROAD_EQR_CARPDA(1.0),New passenger cars by type of motor energy,A,Annual,NR,Number,OTH,Other,IE,Ireland,2021,,316,,,,,
dataflow,ESTAT:ROAD_EQR_CARPDA(1.0),New passenger cars by type of motor energy,A,Annual,NR,Number,OTH,Other,IE,Ireland,2022,,585,,,,,
dataflow,ESTAT:ROAD_EQR_CARPDA(1.0),New passenger cars by type of motor energy,A,Annual,NR,Number,OTH,Other,IE,Ireland,2023,,0,,,,,
dataflow,ESTAT:ROAD_EQR_CARPDA(1.0),New passenger cars by type of motor energy,A,Annual,NR,Number,OTH,Other,IE,Ireland,2024,,2,,i,value imputed by Eurostat or other receiving agencies,,
dataflow,ESTAT:ROAD_EQR_CARPDA(1.0),New passenger cars by type of motor energy,A,Annual,NR,Number,OTH,Other,IS,Iceland,2018,,1,,,,,
dataflow,ESTAT:ROAD_EQR_CARPDA(1.0),New passenger cars by type of motor energy,A,Annual,NR,Number,OTH,Other,IS,Iceland,2024,,0,,i,value imputed by Eurostat or other receiving agencies,,
dataflow,ESTAT:ROAD_EQR_CARPDA(1.0),New passenger cars by type of motor energy,A,Annual,NR,Number,OTH,Other,IT,Italy,2015,,89,,,,,
dataflow,ESTAT:ROAD_EQR_CARPDA(1.0),New passenger cars by type of motor energy,A,Annual,NR,Number,OTH,Other,IT,Italy,2017,,1896,,,,,
dataflow,ESTAT:ROAD_EQR_CARPDA(1.0),New passenger cars by type of motor energy,A,Annual,NR,Number,OTH,Other,IT,Italy,2023,,52,,,,,
dataflow,ESTAT:ROAD_EQR_CARPDA(1.0),New passenger cars by type of motor energy,A,Annual,NR,Number,OTH,Other,LI,Liechtenstein,2013,,0,,,,,
dataflow,ESTAT:ROAD_EQR_CARPDA(1.0),New passenger cars by type of motor energy,A,Annual,NR,Number,OTH,Other,LI,Liechtenstein,2014,,0,,,,,
dataflow,ESTAT:ROAD_EQR_CARPDA(1.0),New passenger cars by type of motor energy,A,Annual,NR,Number,OTH,Other,LI,Liechtenstein,2015,,0,,,,,
dataflow,ESTAT:ROAD_EQR_CARPDA(1.0),New passenger cars by type of motor energy,A,Annual,NR,Number,OTH,Other,LI,Liechtenstein,2016,,0,,,,,
dataflow,ESTAT:ROAD_EQR_CARPDA(1.0),New passenger cars by type of motor energy,A,Annual,NR,Number,OTH,Other,LI,Liechtenstein,2017,,0,,,,,
dataflow,ESTAT:ROAD_EQR_CARPDA(1.0),New passenger cars by type of motor energy,A,Annual,NR,Number,OTH,Other,LI,Liechtenstein,2018,,0,,,,,
dataflow,ESTAT:ROAD_EQR_CARPDA(1.0),New passenger cars by type of motor energy,A,Annual,NR,Number,OTH,Other,LI,Liechtenstein,2019,,0,,,,,
dataflow,ESTAT:ROAD_EQR_CARPDA(1.0),New passenger cars by type of motor energy,A,Annual,NR,Number,OTH,Other,LI,Liechtenstein,2020,,0,,,,,
dataflow,ESTAT:ROAD_EQR_CARPDA(1.0),New passenger cars by type of motor energy,A,Annual,NR,Number,OTH,Other,LI,Liechtenstein,2021,,0,,,,,
dataflow,ESTAT:ROAD_EQR_CARPDA(1.0),New passenger cars by type of motor energy,A,Annual,NR,Number,OTH,Other,LI,Liechtenstein,2022,,0,,,,,
dataflow,ESTAT:ROAD_EQR_CARPDA(1.0),New passenger cars by type of motor energy,A,Annual,NR,Number,OTH,Other,LI,Liechtenstein,2023,,0,,,,,
dataflow,ESTAT:ROAD_EQR_CARPDA(1.0),New passenger cars by type of motor energy,A,Annual,NR,Number,OTH,Other,LI,Liechtenstein,2024,,3,,,,,
dataflow,ESTAT:ROAD_EQR_CARPDA(1.0),New passenger cars by type of motor energy,A,Annual,NR,Number,OTH,Other,LT,Lithuania,2013,,0,,,,,
dataflow,ESTAT:ROAD_EQR_CARPDA(1.0),New passenger cars by type of motor energy,A,Annual,NR,Number,OTH,Other,LT,Lithuania,2014,,38,,,,,
dataflow,ESTAT:ROAD_EQR_CARPDA(1.0),New passenger cars by type of motor energy,A,Annual,NR,Number,OTH,Other,LT,Lithuania,2015,,39,,,,,
dataflow,ESTAT:ROAD_EQR_CARPDA(1.0),New passenger cars by type of motor energy,A,Annual,NR,Number,OTH,Other,LT,Lithuania,2016,,19,,,,,
dataflow,ESTAT:ROAD_EQR_CARPDA(1.0),New passenger cars by type of motor energy,A,Annual,NR,Number,OTH,Other,LT,Lithuania,2017,,13,,,,,
dataflow,ESTAT:ROAD_EQR_CARPDA(1.0),New passenger cars by type of motor energy,A,Annual,NR,Number,OTH,Other,LT,Lithuania,2018,,102,,,,,
dataflow,ESTAT:ROAD_EQR_CARPDA(1.0),New passenger cars by type of motor energy,A,Annual,NR,Number,OTH,Other,LT,Lithuania,2019,,254,,,,,
dataflow,ESTAT:ROAD_EQR_CARPDA(1.0),New passenger cars by type of motor energy,A,Annual,NR,Number,OTH,Other,LT,Lithuania,2020,,433,,,,,
dataflow,ESTAT:ROAD_EQR_CARPDA(1.0),New passenger cars by type of motor energy,A,Annual,NR,Number,OTH,Other,LT,Lithuania,2021,,334,,,,,
dataflow,ESTAT:ROAD_EQR_CARPDA(1.0),New passenger cars by type of motor energy,A,Annual,NR,Number,OTH,Other,LT,Lithuania,2022,,369,,,,,
dataflow,ESTAT:ROAD_EQR_CARPDA(1.0),New passenger cars by type of motor energy,A,Annual,NR,Number,OTH,Other,LT,Lithuania,2023,,4,,,,,
dataflow,ESTAT:ROAD_EQR_CARPDA(1.0),New passenger cars by type of motor energy,A,Annual,NR,Number,OTH,Other,LT,Lithuania,2024,,575,,,,,
dataflow,ESTAT:ROAD_EQR_CARPDA(1.0),New passenger cars by type of motor energy,A,Annual,NR,Number,OTH,Other,LU,Luxembourg,2019,,5,,,,,
dataflow,ESTAT:ROAD_EQR_CARPDA(1.0),New passenger cars by type of motor energy,A,Annual,NR,Number,OTH,Other,LU,Luxembourg,2020,,17,,,,,
dataflow,ESTAT:ROAD_EQR_CARPDA(1.0),New passenger cars by type of motor energy,A,Annual,NR,Number,OTH,Other,LU,Luxembourg,2021,,0,,,,,
dataflow,ESTAT:ROAD_EQR_CARPDA(1.0),New passenger cars by type of motor energy,A,Annual,NR,Number,OTH,Other,LU,Luxembourg,2022,,0,,i,value imputed by Eurostat or other receiving agencies,,
dataflow,ESTAT:ROAD_EQR_CARPDA(1.0),New passenger cars by type of motor energy,A,Annual,NR,Number,OTH,Other,LU,Luxembourg,2023,,1,,,,,
dataflow,ESTAT:ROAD_EQR_CARPDA(1.0),New passenger cars by type of motor energy,A,Annual,NR,Number,OTH,Other,LU,Luxembourg,2024,,37,,,,,
dataflow,ESTAT:ROAD_EQR_CARPDA(1.0),New passenger cars by type of motor energy,A,Annual,NR,Number,OTH,Other,LV,Latvia,2014,,211,,,,,
dataflow,ESTAT:ROAD_EQR_CARPDA(1.0),New passenger cars by type of motor energy,A,Annual,NR,Number,OTH,Other,LV,Latvia,2015,,140,,,,,
dataflow,ESTAT:ROAD_EQR_CARPDA(1.0),New passenger cars by type of motor energy,A,Annual,NR,Number,OTH,Other,LV,Latvia,2016,,0,,,,,
dataflow,ESTAT:ROAD_EQR_CARPDA(1.0),New passenger cars by type of motor energy,A,Annual,NR,Number,OTH,Other,LV,Latvia,2017,,0,,,,,
dataflow,ESTAT:ROAD_EQR_CARPDA(1.0),New passenger cars by type of motor energy,A,Annual,NR,Number,OTH,Other,LV,Latvia,2018,,0,,,,,
dataflow,ESTAT:ROAD_EQR_CARPDA(1.0),New passenger cars by type of motor energy,A,Annual,NR,Number,OTH,Other,LV,Latvia,2019,,0,,,,,
dataflow,ESTAT:ROAD_EQR_CARPDA(1.0),New passenger cars by type of motor energy,A,Annual,NR,Number,OTH,Other,LV,Latvia,2020,,0,,,,,
dataflow,ESTAT:ROAD_EQR_CARPDA(1.0),New passenger cars by type of motor energy,A,Annual,NR,Number,OTH,Other,LV,Latvia,2021,,0,,,,,
dataflow,ESTAT:ROAD_EQR_CARPDA(1.0),New passenger cars by type of motor energy,A,Annual,NR,Number,OTH,Other,LV,Latvia,2022,,0,,,,,
dataflow,ESTAT:ROAD_EQR_CARPDA(1.0),New passenger cars by type of motor energy,A,Annual,NR,Number,OTH,Other,LV,Latvia,2023,,0,,,,,
dataflow,ESTAT:ROAD_EQR_CARPDA(1.0),New passenger cars by type of motor energy,A,Annual,NR,Number,OTH,Other,LV,Latvia,2024,,0,,,,,
dataflow,ESTAT:ROAD_EQR_CARPDA(1.0),New passenger cars by type of motor energy,A,Annual,NR,Number,OTH,Other,MD,Moldova,2013,,149,,,,,
dataflow,ESTAT:ROAD_EQR_CARPDA(1.0),New passenger cars by type of motor energy,A,Annual,NR,Number,OTH,Other,MD,Moldova,2014,,473,,,,,
dataflow,ESTAT:ROAD_EQR_CARPDA(1.0),New passenger cars by type of motor energy,A,Annual,NR,Number,OTH,Other,MD,Moldova,2015,,793,,,,,
dataflow,ESTAT:ROAD_EQR_CARPDA(1.0),New passenger cars by type of motor energy,A,Annual,NR,Number,OTH,Other,MD,Moldova,2016,,1275,,,,,
dataflow,ESTAT:ROAD_EQR_CARPDA(1.0),New passenger cars by type of motor energy,A,Annual,NR,Number,OTH,Other,MD,Moldova,2017,,2840,,,,,
dataflow,ESTAT:ROAD_EQR_CARPDA(1.0),New passenger cars by type of motor energy,A,Annual,NR,Number,OTH,Other,MD,Moldova,2018,,3427,,,,,
dataflow,ESTAT:ROAD_EQR_CARPDA(1.0),New passenger cars by type of motor energy,A,Annual,NR,Number,OTH,Other,MD,Moldova,2019,,4946,,,,,
dataflow,ESTAT:ROAD_EQR_CARPDA(1.0),New passenger cars by type of motor energy,A,Annual,NR,Number,OTH,Other,MD,Moldova,2020,,4385,,,,,
dataflow,ESTAT:ROAD_EQR_CARPDA(1.0),New passenger cars by type of motor energy,A,Annual,NR,Number,OTH,Other,MD,Moldova,2021,,6637,,,,,
dataflow,ESTAT:ROAD_EQR_CARPDA(1.0),New passenger cars by type of motor energy,A,Annual,NR,Number,OTH,Other,MD,Moldova,2022,,5097,,,,,
dataflow,ESTAT:ROAD_EQR_CARPDA(1.0),New passenger cars by type of motor energy,A,Annual,NR,Number,OTH,Other,MD,Moldova,2023,,7404,,,,,
dataflow,ESTAT:ROAD_EQR_CARPDA(1.0),New passenger cars by type of motor energy,A,Annual,NR,Number,OTH,Other,MD,Moldova,2024,,11149,,,,,
dataflow,ESTAT:ROAD_EQR_CARPDA(1.0),New passenger cars by type of motor energy,A,Annual,NR,Number,OTH,Other,ME,Montenegro,2016,,1,,,,,
dataflow,ESTAT:ROAD_EQR_CARPDA(1.0),New passenger cars by type of motor energy,A,Annual,NR,Number,OTH,Other,MT,Malta,2013,,4,,,,,
dataflow,ESTAT:ROAD_EQR_CARPDA(1.0),New passenger cars by type of motor energy,A,Annual,NR,Number,OTH,Other,MT,Malta,2014,,39,,,,,
dataflow,ESTAT:ROAD_EQR_CARPDA(1.0),New passenger cars by type of motor energy,A,Annual,NR,Number,OTH,Other,MT,Malta,2015,,4,,,,,
dataflow,ESTAT:ROAD_EQR_CARPDA(1.0),New passenger cars by type of motor energy,A,Annual,NR,Number,OTH,Other,MT,Malta,2016,,0,,,,,
dataflow,ESTAT:ROAD_EQR_CARPDA(1.0),New passenger cars by type of motor energy,A,Annual,NR,Number,OTH,Other,MT,Malta,2017,,0,,,,,
dataflow,ESTAT:ROAD_EQR_CARPDA(1.0),New passenger cars by type of motor energy,A,Annual,NR,Number,OTH,Other,MT,Malta,2018,,0,,,,,
dataflow,ESTAT:ROAD_EQR_CARPDA(1.0),New passenger cars by type of motor energy,A,Annual,NR,Number,OTH,Other,MT,Malta,2019,,0,,,,,
dataflow,ESTAT:ROAD_EQR_CARPDA(1.0),New passenger cars by type of motor energy,A,Annual,NR,Number,OTH,Other,MT,Malta,2020,,0,,,,,
dataflow,ESTAT:ROAD_EQR_CARPDA(1.0),New passenger cars by type of motor energy,A,Annual,NR,Number,OTH,Other,MT,Malta,2021,,0,,,,,
dataflow,ESTAT:ROAD_EQR_CARPDA(1.0),New passenger cars by type of motor energy,A,Annual,NR,Number,OTH,Other,MT,Malta,2022,,0,,,,,
dataflow,ESTAT:ROAD_EQR_CARPDA(1.0),New passenger cars by type of motor energy,A,Annual,NR,Number,OTH,Other,MT,Malta,2023,,0,,,,,
dataflow,ESTAT:ROAD_EQR_CARPDA(1.0),New passenger cars by type of motor energy,A,Annual,NR,Number,OTH,Other,MT,Malta,2024,,0,,,,,
dataflow,ESTAT:ROAD_EQR_CARPDA(1.0),New passenger cars by type of motor energy,A,Annual,NR,Number,OTH,Other,NL,Netherlands,2013,,17,,,,,
dataflow,ESTAT:ROAD_EQR_CARPDA(1.0),New passenger cars by type of motor energy,A,Annual,NR,Number,OTH,Other,NL,Netherlands,2014,,1,,,,,
dataflow,ESTAT:ROAD_EQR_CARPDA(1.0),New passenger cars by type of motor energy,A,Annual,NR,Number,OTH,Other,NL,Netherlands,2015,,4,,,,,
dataflow,ESTAT:ROAD_EQR_CARPDA(1.0),New passenger cars by type of motor energy,A,Annual,NR,Number,OTH,Other,NL,Netherlands,2016,,1,,,,,
dataflow,ESTAT:ROAD_EQR_CARPDA(1.0),New passenger cars by type of motor energy,A,Annual,NR,Number,OTH,Other,NL,Netherlands,2017,,0,,,,,
dataflow,ESTAT:ROAD_EQR_CARPDA(1.0),New passenger cars by type of motor energy,A,Annual,NR,Number,OTH,Other,NL,Netherlands,2018,,2,,,,,
dataflow,ESTAT:ROAD_EQR_CARPDA(1.0),New passenger cars by type of motor energy,A,Annual,NR,Number,OTH,Other,NL,Netherlands,2019,,0,,,,,
dataflow,ESTAT:ROAD_EQR_CARPDA(1.0),New passenger cars by type of motor energy,A,Annual,NR,Number,OTH,Other,NL,Netherlands,2020,,0,,,,,
dataflow,ESTAT:ROAD_EQR_CARPDA(1.0),New passenger cars by type of motor energy,A,Annual,NR,Number,OTH,Other,NL,Netherlands,2021,,0,,,,,
dataflow,ESTAT:ROAD_EQR_CARPDA(1.0),New passenger cars by type of motor energy,A,Annual,NR,Number,OTH,Other,NL,Netherlands,2022,,1,,,,,
dataflow,ESTAT:ROAD_EQR_CARPDA(1.0),New passenger cars by type of motor energy,A,Annual,NR,Number,OTH,Other,NL,Netherlands,2023,,0,,,,,
dataflow,ESTAT:ROAD_EQR_CARPDA(1.0),New passenger cars by type of motor energy,A,Annual,NR,Number,OTH,Other,NL,Netherlands,2024,,0,,,,,
dataflow,ESTAT:ROAD_EQR_CARPDA(1.0),New passenger cars by type of motor energy,A,Annual,NR,Number,OTH,Other,NO,Norway,2013,,1133,,,,,
dataflow,ESTAT:ROAD_EQR_CARPDA(1.0),New passenger cars by type of motor energy,A,Annual,NR,Number,OTH,Other,NO,Norway,2014,,478,,,,,
dataflow,ESTAT:ROAD_EQR_CARPDA(1.0),New passenger cars by type of motor energy,A,Annual,NR,Number,OTH,Other,NO,Norway,2015,,154,,,,,
dataflow,ESTAT:ROAD_EQR_CARPDA(1.0),New passenger cars by type of motor energy,A,Annual,NR,Number,OTH,Other,NO,Norway,2016,,7,,,,,
dataflow,ESTAT:ROAD_EQR_CARPDA(1.0),New passenger cars by type of motor energy,A,Annual,NR,Number,OTH,Other,NO,Norway,2017,,5,,,,,
dataflow,ESTAT:ROAD_EQR_CARPDA(1.0),New passenger cars by type of motor energy,A,Annual,NR,Number,OTH,Other,NO,Norway,2018,,8,,,,,
dataflow,ESTAT:ROAD_EQR_CARPDA(1.0),New passenger cars by type of motor energy,A,Annual,NR,Number,OTH,Other,NO,Norway,2019,,3,,,,,
dataflow,ESTAT:ROAD_EQR_CARPDA(1.0),New passenger cars by type of motor energy,A,Annual,NR,Number,OTH,Other,NO,Norway,2020,,0,,,,,
dataflow,ESTAT:ROAD_EQR_CARPDA(1.0),New passenger cars by type of motor energy,A,Annual,NR,Number,OTH,Other,NO,Norway,2021,,1,,,,,
dataflow,ESTAT:ROAD_EQR_CARPDA(1.0),New passenger cars by type of motor energy,A,Annual,NR,Number,OTH,Other,NO,Norway,2022,,0,,,,,
dataflow,ESTAT:ROAD_EQR_CARPDA(1.0),New passenger cars by type of motor energy,A,Annual,NR,Number,OTH,Other,NO,Norway,2023,,0,,,,,
dataflow,ESTAT:ROAD_EQR_CARPDA(1.0),New passenger cars by type of motor energy,A,Annual,NR,Number,OTH,Other,NO,Norway,2024,,0,,,,,
dataflow,ESTAT:ROAD_EQR_CARPDA(1.0),New passenger cars by type of motor energy,A,Annual,NR,Number,OTH,Other,PL,Poland,2018,,0,,,,,
dataflow,ESTAT:ROAD_EQR_CARPDA(1.0),New passenger cars by type of motor energy,A,Annual,NR,Number,OTH,Other,PL,Poland,2019,,324,,i,value imputed by Eurostat or other receiving agencies,,
dataflow,ESTAT:ROAD_EQR_CARPDA(1.0),New passenger cars by type of motor energy,A,Annual,NR,Number,OTH,Other,PL,Poland,2020,,146,,i,value imputed by Eurostat or other receiving agencies,,
dataflow,ESTAT:ROAD_EQR_CARPDA(1.0),New passenger cars by type of motor energy,A,Annual,NR,Number,OTH,Other,PL,Poland,2021,,0,,i,value imputed by Eurostat or other receiving agencies,,
dataflow,ESTAT:ROAD_EQR_CARPDA(1.0),New passenger cars by type of motor energy,A,Annual,NR,Number,OTH,Other,PL,Poland,2022,,0,,i,value imputed by Eurostat or other receiving agencies,,
dataflow,ESTAT:ROAD_EQR_CARPDA(1.0),New passenger cars by type of motor energy,A,Annual,NR,Number,OTH,Other,PL,Poland,2023,,0,,,,,
dataflow,ESTAT:ROAD_EQR_CARPDA(1.0),New passenger cars by type of motor energy,A,Annual,NR,Number,OTH,Other,PL,Poland,2024,,0,,i,value imputed by Eurostat or other receiving agencies,,
dataflow,ESTAT:ROAD_EQR_CARPDA(1.0),New passenger cars by type of motor energy,A,Annual,NR,Number,OTH,Other,PT,Portugal,2017,,0,,,,,
dataflow,ESTAT:ROAD_EQR_CARPDA(1.0),New passenger cars by type of motor energy,A,Annual,NR,Number,OTH,Other,PT,Portugal,2018,,0,,,,,
dataflow,ESTAT:ROAD_EQR_CARPDA(1.0),New passenger cars by type of motor energy,A,Annual,NR,Number,OTH,Other,PT,Portugal,2019,,0,,,,,
dataflow,ESTAT:ROAD_EQR_CARPDA(1.0),New passenger cars by type of motor energy,A,Annual,NR,Number,OTH,Other,PT,Portugal,2020,,0,,,,,
dataflow,ESTAT:ROAD_EQR_CARPDA(1.0),New passenger cars by type of motor energy,A,Annual,NR,Number,OTH,Other,PT,Portugal,2021,,0,,,,,
dataflow,ESTAT:ROAD_EQR_CARPDA(1.0),New passenger cars by type of motor energy,A,Annual,NR,Number,OTH,Other,PT,Portugal,2022,,0,,,,,
dataflow,ESTAT:ROAD_EQR_CARPDA(1.0),New passenger cars by type of motor energy,A,Annual,NR,Number,OTH,Other,PT,Portugal,2023,,0,,,,,
dataflow,ESTAT:ROAD_EQR_CARPDA(1.0),New passenger cars by type of motor energy,A,Annual,NR,Number,OTH,Other,PT,Portugal,2024,,3,,p,provisional,,
dataflow,ESTAT:ROAD_EQR_CARPDA(1.0),New passenger cars by type of motor energy,A,Annual,NR,Number,OTH,Other,RO,Romania,2013,,1,,,,,
dataflow,ESTAT:ROAD_EQR_CARPDA(1.0),New passenger cars by type of motor energy,A,Annual,NR,Number,OTH,Other,RO,Romania,2017,,1,,,,,
dataflow,ESTAT:ROAD_EQR_CARPDA(1.0),New passenger cars by type of motor energy,A,Annual,NR,Number,OTH,Other,RO,Romania,2024,,9,,,,,
dataflow,ESTAT:ROAD_EQR_CARPDA(1.0),New passenger cars by type of motor energy,A,Annual,NR,Number,OTH,Other,RS,Serbia,2019,,0,,,,,
dataflow,ESTAT:ROAD_EQR_CARPDA(1.0),New passenger cars by type of motor energy,A,Annual,NR,Number,OTH,Other,RS,Serbia,2020,,0,,,,,
dataflow,ESTAT:ROAD_EQR_CARPDA(1.0),New passenger cars by type of motor energy,A,Annual,NR,Number,OTH,Other,RS,Serbia,2021,,0,,,,,
dataflow,ESTAT:ROAD_EQR_CARPDA(1.0),New passenger cars by type of motor energy,A,Annual,NR,Number,OTH,Other,RS,Serbia,2022,,0,,,,,
dataflow,ESTAT:ROAD_EQR_CARPDA(1.0),New passenger cars by type of motor energy,A,Annual,NR,Number,OTH,Other,RS,Serbia,2023,,0,,,,,
dataflow,ESTAT:ROAD_EQR_CARPDA(1.0),New passenger cars by type of motor energy,A,Annual,NR,Number,OTH,Other,RS,Serbia,2024,,0,,,,,
dataflow,ESTAT:ROAD_EQR_CARPDA(1.0),New passenger cars by type of motor energy,A,Annual,NR,Number,OTH,Other,SE,Sweden,2013,,3281,,,,,
dataflow,ESTAT:ROAD_EQR_CARPDA(1.0),New passenger cars by type of motor energy,A,Annual,NR,Number,OTH,Other,SE,Sweden,2014,,2722,,,,,
dataflow,ESTAT:ROAD_EQR_CARPDA(1.0),New passenger cars by type of motor energy,A,Annual,NR,Number,OTH,Other,SE,Sweden,2015,,1396,,,,,
dataflow,ESTAT:ROAD_EQR_CARPDA(1.0),New passenger cars by type of motor energy,A,Annual,NR,Number,OTH,Other,SE,Sweden,2016,,888,,,,,
dataflow,ESTAT:ROAD_EQR_CARPDA(1.0),New passenger cars by type of motor energy,A,Annual,NR,Number,OTH,Other,SE,Sweden,2017,,1133,,,,,
dataflow,ESTAT:ROAD_EQR_CARPDA(1.0),New passenger cars by type of motor energy,A,Annual,NR,Number,OTH,Other,SE,Sweden,2018,,1043,,,,,
dataflow,ESTAT:ROAD_EQR_CARPDA(1.0),New passenger cars by type of motor energy,A,Annual,NR,Number,OTH,Other,SE,Sweden,2019,,1187,,,,,
dataflow,ESTAT:ROAD_EQR_CARPDA(1.0),New passenger cars by type of motor energy,A,Annual,NR,Number,OTH,Other,SE,Sweden,2020,,28,,,,,
dataflow,ESTAT:ROAD_EQR_CARPDA(1.0),New passenger cars by type of motor energy,A,Annual,NR,Number,OTH,Other,SE,Sweden,2021,,1265,,,,,
dataflow,ESTAT:ROAD_EQR_CARPDA(1.0),New passenger cars by type of motor energy,A,Annual,NR,Number,OTH,Other,SE,Sweden,2022,,2679,,,,,
dataflow,ESTAT:ROAD_EQR_CARPDA(1.0),New passenger cars by type of motor energy,A,Annual,NR,Number,OTH,Other,SE,Sweden,2023,,0,,b,break in time series,,
dataflow,ESTAT:ROAD_EQR_CARPDA(1.0),New passenger cars by type of motor energy,A,Annual,NR,Number,OTH,Other,SE,Sweden,2024,,0,,,,,
dataflow,ESTAT:ROAD_EQR_CARPDA(1.0),New passenger cars by type of motor energy,A,Annual,NR,Number,OTH,Other,SI,Slovenia,2014,,114,,,,,
dataflow,ESTAT:ROAD_EQR_CARPDA(1.0),New passenger cars by type of motor energy,A,Annual,NR,Number,OTH,Other,SI,Slovenia,2015,,237,,,,,
dataflow,ESTAT:ROAD_EQR_CARPDA(1.0),New passenger cars by type of motor energy,A,Annual,NR,Number,OTH,Other,SI,Slovenia,2016,,431,,,,,
dataflow,ESTAT:ROAD_EQR_CARPDA(1.0),New passenger cars by type of motor energy,A,Annual,NR,Number,OTH,Other,SI,Slovenia,2017,,1163,,,,,
dataflow,ESTAT:ROAD_EQR_CARPDA(1.0),New passenger cars by type of motor energy,A,Annual,NR,Number,OTH,Other,SI,Slovenia,2018,,1719,,,,,
dataflow,ESTAT:ROAD_EQR_CARPDA(1.0),New passenger cars by type of motor energy,A,Annual,NR,Number,OTH,Other,SI,Slovenia,2019,,2462,,,,,
dataflow,ESTAT:ROAD_EQR_CARPDA(1.0),New passenger cars by type of motor energy,A,Annual,NR,Number,OTH,Other,SI,Slovenia,2020,,1259,,i,value imputed by Eurostat or other receiving agencies,,
dataflow,ESTAT:ROAD_EQR_CARPDA(1.0),New passenger cars by type of motor energy,A,Annual,NR,Number,OTH,Other,SI,Slovenia,2021,,2151,,i,value imputed by Eurostat or other receiving agencies,,
dataflow,ESTAT:ROAD_EQR_CARPDA(1.0),New passenger cars by type of motor energy,A,Annual,NR,Number,OTH,Other,SI,Slovenia,2022,,2086,,i,value imputed by Eurostat or other receiving agencies,,
dataflow,ESTAT:ROAD_EQR_CARPDA(1.0),New passenger cars by type of motor energy,A,Annual,NR,Number,OTH,Other,SI,Slovenia,2023,,0,,,,,
dataflow,ESTAT:ROAD_EQR_CARPDA(1.0),New passenger cars by type of motor energy,A,Annual,NR,Number,OTH,Other,SI,Slovenia,2024,,0,,,,,
dataflow,ESTAT:ROAD_EQR_CARPDA(1.0),New passenger cars by type of motor energy,A,Annual,NR,Number,OTH,Other,SK,Slovakia,2023,,121,,i,value imputed by Eurostat or other receiving agencies,,
dataflow,ESTAT:ROAD_EQR_CARPDA(1.0),New passenger cars by type of motor energy,A,Annual,NR,Number,OTH,Other,SK,Slovakia,2024,,0,,i,value imputed by Eurostat or other receiving agencies,,
dataflow,ESTAT:ROAD_EQR_CARPDA(1.0),New passenger cars by type of motor energy,A,Annual,NR,Number,OTH,Other,TR,Türkiye,2017,,0,,,,,
dataflow,ESTAT:ROAD_EQR_CARPDA(1.0),New passenger cars by type of motor energy,A,Annual,NR,Number,OTH,Other,TR,Türkiye,2018,,0,,,,,
dataflow,ESTAT:ROAD_EQR_CARPDA(1.0),New passenger cars by type of motor energy,A,Annual,NR,Number,OTH,Other,TR,Türkiye,2019,,0,,,,,
dataflow,ESTAT:ROAD_EQR_CARPDA(1.0),New passenger cars by type of motor energy,A,Annual,NR,Number,OTH,Other,TR,Türkiye,2020,,0,,,,,
dataflow,ESTAT:ROAD_EQR_CARPDA(1.0),New passenger cars by type of motor energy,A,Annual,NR,Number,OTH,Other,TR,Türkiye,2021,,0,,,,,
dataflow,ESTAT:ROAD_EQR_CARPDA(1.0),New passenger cars by type of motor energy,A,Annual,NR,Number,OTH,Other,TR,Türkiye,2022,,0,,,,,
dataflow,ESTAT:ROAD_EQR_CARPDA(1.0),New passenger cars by type of motor energy,A,Annual,NR,Number,OTH,Other,TR,Türkiye,2023,,0,,,,,
dataflow,ESTAT:ROAD_EQR_CARPDA(1.0),New passenger cars by type of motor energy,A,Annual,NR,Number,OTH,Other,TR,Türkiye,2024,,0,,,,,
dataflow,ESTAT:ROAD_EQR_CARPDA(1.0),New passenger cars by type of motor energy,A,Annual,NR,Number,OTH,Other,UA,Ukraine,2019,,4,,,,,
dataflow,ESTAT:ROAD_EQR_CARPDA(1.0),New passenger cars by type of motor energy,A,Annual,NR,Number,OTH,Other,UA,Ukraine,2020,,5,,,,,
dataflow,ESTAT:ROAD_EQR_CARPDA(1.0),New passenger cars by type of motor energy,A,Annual,NR,Number,OTH,Other,UA,Ukraine,2021,,2,,,,,
dataflow,ESTAT:ROAD_EQR_CARPDA(1.0),New passenger cars by type of motor energy,A,Annual,NR,Number,OTH,Other,UA,Ukraine,2022,,1,,,,,
dataflow,ESTAT:ROAD_EQR_CARPDA(1.0),New passenger cars by type of motor energy,A,Annual,NR,Number,OTH,Other,UA,Ukraine,2023,,4,,,,,
dataflow,ESTAT:ROAD_EQR_CARPDA(1.0),New passenger cars by type of motor energy,A,Annual,NR,Number,OTH,Other,UA,Ukraine,2024,,1,,,,,
dataflow,ESTAT:ROAD_EQR_CARPDA(1.0),New passenger cars by type of motor energy,A,Annual,NR,Number,OTH,Other,UK,United Kingdom,2015,,10,,,,,
dataflow,ESTAT:ROAD_EQR_CARPDA(1.0),New passenger cars by type of motor energy,A,Annual,NR,Number,OTH,Other,UK,United Kingdom,2016,,2,,,,,
dataflow,ESTAT:ROAD_EQR_CARPDA(1.0),New passenger cars by type of motor energy,A,Annual,NR,Number,OTH,Other,UK,United Kingdom,2017,,3,,,,,
dataflow,ESTAT:ROAD_EQR_CARPDA(1.0),New passenger cars by type of motor energy,A,Annual,NR,Number,OTH,Other,UK,United Kingdom,2018,,3,,,,,
dataflow,ESTAT:ROAD_EQR_CARPDA(1.0),New passenger cars by type of motor energy,A,Annual,NR,Number,OTH,Other,UK,United Kingdom,2021,,3,,,,,
dataflow,ESTAT:ROAD_EQR_CARPDA(1.0),New passenger cars by type of motor energy,A,Annual,NR,Number,OTH,Other,UK,United Kingdom,2022,,3,,,,,
dataflow,ESTAT:ROAD_EQR_CARPDA(1.0),New passenger cars by type of motor energy,A,Annual,NR,Number,OTH,Other,XK,Kosovo*,2017,,2,,,,,
dataflow,ESTAT:ROAD_EQR_CARPDA(1.0),New passenger cars by type of motor energy,A,Annual,NR,Number,OTH,Other,XK,Kosovo*,2018,,0,,,,,
dataflow,ESTAT:ROAD_EQR_CARPDA(1.0),New passenger cars by type of motor energy,A,Annual,NR,Number,OTH,Other,XK,Kosovo*,2019,,0,,,,,
dataflow,ESTAT:ROAD_EQR_CARPDA(1.0),New passenger cars by type of motor energy,A,Annual,NR,Number,OTH,Other,XK,Kosovo*,2021,,0,,,,,
dataflow,ESTAT:ROAD_EQR_CARPDA(1.0),New passenger cars by type of motor energy,A,Annual,NR,Number,PET,Petroleum products,AL,Albania,2019,,5860,,,,,
dataflow,ESTAT:ROAD_EQR_CARPDA(1.0),New passenger cars by type of motor energy,A,Annual,NR,Number,PET,Petroleum products,AL,Albania,2020,,10336,,,,,
dataflow,ESTAT:ROAD_EQR_CARPDA(1.0),New passenger cars by type of motor energy,A,Annual,NR,Number,PET,Petroleum products,AL,Albania,2021,,9591,,,,,
dataflow,ESTAT:ROAD_EQR_CARPDA(1.0),New passenger cars by type of motor energy,A,Annual,NR,Number,PET,Petroleum products,AL,Albania,2022,,8822,,,,,
dataflow,ESTAT:ROAD_EQR_CARPDA(1.0),New passenger cars by type of motor energy,A,Annual,NR,Number,PET,Petroleum products,AL,Albania,2023,,12476,,,,,
dataflow,ESTAT:ROAD_EQR_CARPDA(1.0),New passenger cars by type of motor energy,A,Annual,NR,Number,PET,Petroleum products,AL,Albania,2024,,15111,,,,,
dataflow,ESTAT:ROAD_EQR_CARPDA(1.0),New passenger cars by type of motor energy,A,Annual,NR,Number,PET,Petroleum products,AT,Austria,2013,,136689,,,,,
dataflow,ESTAT:ROAD_EQR_CARPDA(1.0),New passenger cars by type of motor energy,A,Annual,NR,Number,PET,Petroleum products,AT,Austria,2014,,128670,,,,,
dataflow,ESTAT:ROAD_EQR_CARPDA(1.0),New passenger cars by type of motor energy,A,Annual,NR,Number,PET,Petroleum products,AT,Austria,2015,,125656,,,,,
dataflow,ESTAT:ROAD_EQR_CARPDA(1.0),New passenger cars by type of motor energy,A,Annual,NR,Number,PET,Petroleum products,AT,Austria,2016,,136148,,,,,
dataflow,ESTAT:ROAD_EQR_CARPDA(1.0),New passenger cars by type of motor energy,A,Annual,NR,Number,PET,Petroleum products,AT,Austria,2017,,171862,,,,,
dataflow,ESTAT:ROAD_EQR_CARPDA(1.0),New passenger cars by type of motor energy,A,Annual,NR,Number,PET,Petroleum products,AT,Austria,2018,,192503,,,,,
dataflow,ESTAT:ROAD_EQR_CARPDA(1.0),New passenger cars by type of motor energy,A,Annual,NR,Number,PET,Petroleum products,AT,Austria,2019,,189054,,,,,
dataflow,ESTAT:ROAD_EQR_CARPDA(1.0),New passenger cars by type of motor energy,A,Annual,NR,Number,PET,Petroleum products,AT,Austria,2020,,133151,,,,,
dataflow,ESTAT:ROAD_EQR_CARPDA(1.0),New passenger cars by type of motor energy,A,Annual,NR,Number,PET,Petroleum products,AT,Austria,2021,,134529,,,,,
dataflow,ESTAT:ROAD_EQR_CARPDA(1.0),New passenger cars by type of motor energy,A,Annual,NR,Number,PET,Petroleum products,AT,Austria,2022,,119271,,,,,
dataflow,ESTAT:ROAD_EQR_CARPDA(1.0),New passenger cars by type of motor energy,A,Annual,NR,Number,PET,Petroleum products,AT,Austria,2023,,130321,,,,,
dataflow,ESTAT:ROAD_EQR_CARPDA(1.0),New passenger cars by type of motor energy,A,Annual,NR,Number,PET,Petroleum products,AT,Austria,2024,,150676,,,,,
dataflow,ESTAT:ROAD_EQR_CARPDA(1.0),New passenger cars by type of motor energy,A,Annual,NR,Number,PET,Petroleum products,BA,Bosnia and Herzegovina,2013,,1967,,,,,
dataflow,ESTAT:ROAD_EQR_CARPDA(1.0),New passenger cars by type of motor energy,A,Annual,NR,Number,PET,Petroleum products,BA,Bosnia and Herzegovina,2014,,1833,,,,,
dataflow,ESTAT:ROAD_EQR_CARPDA(1.0),New passenger cars by type of motor energy,A,Annual,NR,Number,PET,Petroleum products,BA,Bosnia and Herzegovina,2015,,1825,,,,,
dataflow,ESTAT:ROAD_EQR_CARPDA(1.0),New passenger cars by type of motor energy,A,Annual,NR,Number,PET,Petroleum products,BA,Bosnia and Herzegovina,2016,,2377,,,,,
dataflow,ESTAT:ROAD_EQR_CARPDA(1.0),New passenger cars by type of motor energy,A,Annual,NR,Number,PET,Petroleum products,BA,Bosnia and Herzegovina,2017,,2905,,,,,
dataflow,ESTAT:ROAD_EQR_CARPDA(1.0),New passenger cars by type of motor energy,A,Annual,NR,Number,PET,Petroleum products,BA,Bosnia and Herzegovina,2018,,3347,,,,,
dataflow,ESTAT:ROAD_EQR_CARPDA(1.0),New passenger cars by type of motor energy,A,Annual,NR,Number,PET,Petroleum products,BA,Bosnia and Herzegovina,2019,,3858,,,,,
dataflow,ESTAT:ROAD_EQR_CARPDA(1.0),New passenger cars by type of motor energy,A,Annual,NR,Number,PET,Petroleum products,BA,Bosnia and Herzegovina,2020,,2951,,,,,
dataflow,ESTAT:ROAD_EQR_CARPDA(1.0),New passenger cars by type of motor energy,A,Annual,NR,Number,PET,Petroleum products,BA,Bosnia and Herzegovina,2021,,3723,,,,,
dataflow,ESTAT:ROAD_EQR_CARPDA(1.0),New passenger cars by type of motor energy,A,Annual,NR,Number,PET,Petroleum products,BA,Bosnia and Herzegovina,2022,,4609,,,,,
dataflow,ESTAT:ROAD_EQR_CARPDA(1.0),New passenger cars by type of motor energy,A,Annual,NR,Number,PET,Petroleum products,BA,Bosnia and Herzegovina,2023,,5558,,,,,
dataflow,ESTAT:ROAD_EQR_CARPDA(1.0),New passenger cars by type of motor energy,A,Annual,NR,Number,PET,Petroleum products,BA,Bosnia and Herzegovina,2024,,5658,,,,,
dataflow,ESTAT:ROAD_EQR_CARPDA(1.0),New passenger cars by type of motor energy,A,Annual,NR,Number,PET,Petroleum products,BE,Belgium,2013,,169665,,,,,
dataflow,ESTAT:ROAD_EQR_CARPDA(1.0),New passenger cars by type of motor energy,A,Annual,NR,Number,PET,Petroleum products,BE,Belgium,2014,,181524,,,,,
dataflow,ESTAT:ROAD_EQR_CARPDA(1.0),New passenger cars by type of motor energy,A,Annual,NR,Number,PET,Petroleum products,BE,Belgium,2015,,198299,,,,,
dataflow,ESTAT:ROAD_EQR_CARPDA(1.0),New passenger cars by type of motor energy,A,Annual,NR,Number,PET,Petroleum products,BE,Belgium,2016,,256076,,,,,
dataflow,ESTAT:ROAD_EQR_CARPDA(1.0),New passenger cars by type of motor energy,A,Annual,NR,Number,PET,Petroleum products,BE,Belgium,2017,,288484,,,,,
dataflow,ESTAT:ROAD_EQR_CARPDA(1.0),New passenger cars by type of motor energy,A,Annual,NR,Number,PET,Petroleum products,BE,Belgium,2018,,347284,,,,,
dataflow,ESTAT:ROAD_EQR_CARPDA(1.0),New passenger cars by type of motor energy,A,Annual,NR,Number,PET,Petroleum products,BE,Belgium,2019,,365729,,,,,
dataflow,ESTAT:ROAD_EQR_CARPDA(1.0),New passenger cars by type of motor energy,A,Annual,NR,Number,PET,Petroleum products,BE,Belgium,2020,,268148,,,,,
dataflow,ESTAT:ROAD_EQR_CARPDA(1.0),New passenger cars by type of motor energy,A,Annual,NR,Number,PET,Petroleum products,BE,Belgium,2021,,262988,,,,,
dataflow,ESTAT:ROAD_EQR_CARPDA(1.0),New passenger cars by type of motor energy,A,Annual,NR,Number,PET,Petroleum products,BE,Belgium,2022,,263382,,,,,
dataflow,ESTAT:ROAD_EQR_CARPDA(1.0),New passenger cars by type of motor energy,A,Annual,NR,Number,PET,Petroleum products,BE,Belgium,2023,,336741,,i,value imputed by Eurostat or other receiving agencies,,
dataflow,ESTAT:ROAD_EQR_CARPDA(1.0),New passenger cars by type of motor energy,A,Annual,NR,Number,PET,Petroleum products,BE,Belgium,2024,,294584,,i,value imputed by Eurostat or other receiving agencies,,
dataflow,ESTAT:ROAD_EQR_CARPDA(1.0),New passenger cars by type of motor energy,A,Annual,NR,Number,PET,Petroleum products,BG,Bulgaria,2022,,22196,,i,value imputed by Eurostat or other receiving agencies,,
dataflow,ESTAT:ROAD_EQR_CARPDA(1.0),New passenger cars by type of motor energy,A,Annual,NR,Number,PET,Petroleum products,BG,Bulgaria,2023,,29661,,i,value imputed by Eurostat or other receiving agencies,,
dataflow,ESTAT:ROAD_EQR_CARPDA(1.0),New passenger cars by type of motor energy,A,Annual,NR,Number,PET,Petroleum products,BG,Bulgaria,2024,,34027,,,,,
dataflow,ESTAT:ROAD_EQR_CARPDA(1.0),New passenger cars by type of motor energy,A,Annual,NR,Number,PET,Petroleum products,CH,Switzerland,2013,,191314,,,,,
dataflow,ESTAT:ROAD_EQR_CARPDA(1.0),New passenger cars by type of motor energy,A,Annual,NR,Number,PET,Petroleum products,CH,Switzerland,2014,,187073,,,,,
dataflow,ESTAT:ROAD_EQR_CARPDA(1.0),New passenger cars by type of motor energy,A,Annual,NR,Number,PET,Petroleum products,CH,Switzerland,2015,,193203,,,,,
dataflow,ESTAT:ROAD_EQR_CARPDA(1.0),New passenger cars by type of motor energy,A,Annual,NR,Number,PET,Petroleum products,CH,Switzerland,2016,,188679,,,,,
dataflow,ESTAT:ROAD_EQR_CARPDA(1.0),New passenger cars by type of motor energy,A,Annual,NR,Number,PET,Petroleum products,CH,Switzerland,2017,,195261,,,,,
dataflow,ESTAT:ROAD_EQR_CARPDA(1.0),New passenger cars by type of motor energy,A,Annual,NR,Number,PET,Petroleum products,CH,Switzerland,2018,,202879,,,,,
dataflow,ESTAT:ROAD_EQR_CARPDA(1.0),New passenger cars by type of motor energy,A,Annual,NR,Number,PET,Petroleum products,CH,Switzerland,2019,,214640,,,,,
dataflow,ESTAT:ROAD_EQR_CARPDA(1.0),New passenger cars by type of motor energy,A,Annual,NR,Number,PET,Petroleum products,CH,Switzerland,2020,,160657,,,,,
dataflow,ESTAT:ROAD_EQR_CARPDA(1.0),New passenger cars by type of motor energy,A,Annual,NR,Number,PET,Petroleum products,CH,Switzerland,2021,,166837,,,,,
dataflow,ESTAT:ROAD_EQR_CARPDA(1.0),New passenger cars by type of motor energy,A,Annual,NR,Number,PET,Petroleum products,CH,Switzerland,2022,,150952,,,,,
dataflow,ESTAT:ROAD_EQR_CARPDA(1.0),New passenger cars by type of motor energy,A,Annual,NR,Number,PET,Petroleum products,CH,Switzerland,2023,,165982,,,,,
dataflow,ESTAT:ROAD_EQR_CARPDA(1.0),New passenger cars by type of motor energy,A,Annual,NR,Number,PET,Petroleum products,CH,Switzerland,2024,,162693,,,,,
dataflow,ESTAT:ROAD_EQR_CARPDA(1.0),New passenger cars by type of motor energy,A,Annual,NR,Number,PET,Petroleum products,CY,Cyprus,2013,,5784,,,,,
dataflow,ESTAT:ROAD_EQR_CARPDA(1.0),New passenger cars by type of motor energy,A,Annual,NR,Number,PET,Petroleum products,CY,Cyprus,2014,,5086,,,,,
dataflow,ESTAT:ROAD_EQR_CARPDA(1.0),New passenger cars by type of motor energy,A,Annual,NR,Number,PET,Petroleum products,CY,Cyprus,2015,,5917,,,,,
dataflow,ESTAT:ROAD_EQR_CARPDA(1.0),New passenger cars by type of motor energy,A,Annual,NR,Number,PET,Petroleum products,CY,Cyprus,2016,,7134,,,,,
dataflow,ESTAT:ROAD_EQR_CARPDA(1.0),New passenger cars by type of motor energy,A,Annual,NR,Number,PET,Petroleum products,CY,Cyprus,2017,,7650,,,,,
dataflow,ESTAT:ROAD_EQR_CARPDA(1.0),New passenger cars by type of motor energy,A,Annual,NR,Number,PET,Petroleum products,CY,Cyprus,2018,,7857,,,,,
dataflow,ESTAT:ROAD_EQR_CARPDA(1.0),New passenger cars by type of motor energy,A,Annual,NR,Number,PET,Petroleum products,CY,Cyprus,2019,,8011,,,,,
dataflow,ESTAT:ROAD_EQR_CARPDA(1.0),New passenger cars by type of motor energy,A,Annual,NR,Number,PET,Petroleum products,CY,Cyprus,2020,,7130,,,,,
dataflow,ESTAT:ROAD_EQR_CARPDA(1.0),New passenger cars by type of motor energy,A,Annual,NR,Number,PET,Petroleum products,CY,Cyprus,2021,,9071,,,,,
dataflow,ESTAT:ROAD_EQR_CARPDA(1.0),New passenger cars by type of motor energy,A,Annual,NR,Number,PET,Petroleum products,CY,Cyprus,2022,,10633,,,,,
dataflow,ESTAT:ROAD_EQR_CARPDA(1.0),New passenger cars by type of motor energy,A,Annual,NR,Number,PET,Petroleum products,CY,Cyprus,2023,,13406,,,,,
dataflow,ESTAT:ROAD_EQR_CARPDA(1.0),New passenger cars by type of motor energy,A,Annual,NR,Number,PET,Petroleum products,CY,Cyprus,2024,,13495,,,,,
dataflow,ESTAT:ROAD_EQR_CARPDA(1.0),New passenger cars by type of motor energy,A,Annual,NR,Number,PET,Petroleum products,CZ,Czechia,2021,,141738,,,,,
dataflow,ESTAT:ROAD_EQR_CARPDA(1.0),New passenger cars by type of motor energy,A,Annual,NR,Number,PET,Petroleum products,CZ,Czechia,2022,,122954,,,,,
dataflow,ESTAT:ROAD_EQR_CARPDA(1.0),New passenger cars by type of motor energy,A,Annual,NR,Number,PET,Petroleum products,CZ,Czechia,2023,,147244,,,,,
dataflow,ESTAT:ROAD_EQR_CARPDA(1.0),New passenger cars by type of motor energy,A,Annual,NR,Number,PET,Petroleum products,CZ,Czechia,2024,,146875,,,,,
dataflow,ESTAT:ROAD_EQR_CARPDA(1.0),New passenger cars by type of motor energy,A,Annual,NR,Number,PET,Petroleum products,DE,Germany,2013,,1502784,,,,,
dataflow,ESTAT:ROAD_EQR_CARPDA(1.0),New passenger cars by type of motor energy,A,Annual,NR,Number,PET,Petroleum products,DE,Germany,2014,,1533726,,,,,
dataflow,ESTAT:ROAD_EQR_CARPDA(1.0),New passenger cars by type of motor energy,A,Annual,NR,Number,PET,Petroleum products,DE,Germany,2015,,1611389,,,,,
dataflow,ESTAT:ROAD_EQR_CARPDA(1.0),New passenger cars by type of motor energy,A,Annual,NR,Number,PET,Petroleum products,DE,Germany,2016,,1746291,,,,,
dataflow,ESTAT:ROAD_EQR_CARPDA(1.0),New passenger cars by type of motor energy,A,Annual,NR,Number,PET,Petroleum products,DE,Germany,2017,,2068741,,,,,
dataflow,ESTAT:ROAD_EQR_CARPDA(1.0),New passenger cars by type of motor energy,A,Annual,NR,Number,PET,Petroleum products,DE,Germany,2018,,2255042,,,,,
dataflow,ESTAT:ROAD_EQR_CARPDA(1.0),New passenger cars by type of motor energy,A,Annual,NR,Number,PET,Petroleum products,DE,Germany,2019,,2298504,,,,,
dataflow,ESTAT:ROAD_EQR_CARPDA(1.0),New passenger cars by type of motor energy,A,Annual,NR,Number,PET,Petroleum products,DE,Germany,2020,,1760071,,,,,
dataflow,ESTAT:ROAD_EQR_CARPDA(1.0),New passenger cars by type of motor energy,A,Annual,NR,Number,PET,Petroleum products,DE,Germany,2021,,1560342,,,,,
dataflow,ESTAT:ROAD_EQR_CARPDA(1.0),New passenger cars by type of motor energy,A,Annual,NR,Number,PET,Petroleum products,DE,Germany,2022,,1520618,,,,,
dataflow,ESTAT:ROAD_EQR_CARPDA(1.0),New passenger cars by type of motor energy,A,Annual,NR,Number,PET,Petroleum products,DE,Germany,2023,,1601700,,,,,
dataflow,ESTAT:ROAD_EQR_CARPDA(1.0),New passenger cars by type of motor energy,A,Annual,NR,Number,PET,Petroleum products,DE,Germany,2024,,1738089,,,,,
dataflow,ESTAT:ROAD_EQR_CARPDA(1.0),New passenger cars by type of motor energy,A,Annual,NR,Number,PET,Petroleum products,DK,Denmark,2013,,122644,,,,,
dataflow,ESTAT:ROAD_EQR_CARPDA(1.0),New passenger cars by type of motor energy,A,Annual,NR,Number,PET,Petroleum products,DK,Denmark,2014,,127253,,,,,
dataflow,ESTAT:ROAD_EQR_CARPDA(1.0),New passenger cars by type of motor energy,A,Annual,NR,Number,PET,Petroleum products,DK,Denmark,2015,,138104,,,,,
dataflow,ESTAT:ROAD_EQR_CARPDA(1.0),New passenger cars by type of motor energy,A,Annual,NR,Number,PET,Petroleum products,DK,Denmark,2016,,140938,,,,,
dataflow,ESTAT:ROAD_EQR_CARPDA(1.0),New passenger cars by type of motor energy,A,Annual,NR,Number,PET,Petroleum products,DK,Denmark,2017,,143227,,,,,
dataflow,ESTAT:ROAD_EQR_CARPDA(1.0),New passenger cars by type of motor energy,A,Annual,NR,Number,PET,Petroleum products,DK,Denmark,2018,,144443,,,,,
dataflow,ESTAT:ROAD_EQR_CARPDA(1.0),New passenger cars by type of motor energy,A,Annual,NR,Number,PET,Petroleum products,DK,Denmark,2019,,159630,,,,,
dataflow,ESTAT:ROAD_EQR_CARPDA(1.0),New passenger cars by type of motor energy,A,Annual,NR,Number,PET,Petroleum products,DK,Denmark,2020,,138421,,b,break in time series,,
dataflow,ESTAT:ROAD_EQR_CARPDA(1.0),New passenger cars by type of motor energy,A,Annual,NR,Number,PET,Petroleum products,DK,Denmark,2021,,134993,,,,,
dataflow,ESTAT:ROAD_EQR_CARPDA(1.0),New passenger cars by type of motor energy,A,Annual,NR,Number,PET,Petroleum products,DK,Denmark,2022,,101039,,,,,
dataflow,ESTAT:ROAD_EQR_CARPDA(1.0),New passenger cars by type of motor energy,A,Annual,NR,Number,PET,Petroleum products,DK,Denmark,2023,,95539,,,,,
dataflow,ESTAT:ROAD_EQR_CARPDA(1.0),New passenger cars by type of motor energy,A,Annual,NR,Number,PET,Petroleum products,DK,Denmark,2024,,72095,,,,,
dataflow,ESTAT:ROAD_EQR_CARPDA(1.0),New passenger cars by type of motor energy,A,Annual,NR,Number,PET,Petroleum products,EE,Estonia,2013,,12208,,,,,
dataflow,ESTAT:ROAD_EQR_CARPDA(1.0),New passenger cars by type of motor energy,A,Annual,NR,Number,PET,Petroleum products,EE,Estonia,2014,,13054,,,,,
dataflow,ESTAT:ROAD_EQR_CARPDA(1.0),New passenger cars by type of motor energy,A,Annual,NR,Number,PET,Petroleum products,EE,Estonia,2015,,14069,,,,,
dataflow,ESTAT:ROAD_EQR_CARPDA(1.0),New passenger cars by type of motor energy,A,Annual,NR,Number,PET,Petroleum products,EE,Estonia,2016,,16592,,,,,
dataflow,ESTAT:ROAD_EQR_CARPDA(1.0),New passenger cars by type of motor energy,A,Annual,NR,Number,PET,Petroleum products,EE,Estonia,2017,,19177,,,,,
dataflow,ESTAT:ROAD_EQR_CARPDA(1.0),New passenger cars by type of motor energy,A,Annual,NR,Number,PET,Petroleum products,EE,Estonia,2018,,19686,,,,,
dataflow,ESTAT:ROAD_EQR_CARPDA(1.0),New passenger cars by type of motor energy,A,Annual,NR,Number,PET,Petroleum products,EE,Estonia,2019,,20510,,,,,
dataflow,ESTAT:ROAD_EQR_CARPDA(1.0),New passenger cars by type of motor energy,A,Annual,NR,Number,PET,Petroleum products,EE,Estonia,2020,,13164,,,,,
dataflow,ESTAT:ROAD_EQR_CARPDA(1.0),New passenger cars by type of motor energy,A,Annual,NR,Number,PET,Petroleum products,EE,Estonia,2021,,16415,,,,,
dataflow,ESTAT:ROAD_EQR_CARPDA(1.0),New passenger cars by type of motor energy,A,Annual,NR,Number,PET,Petroleum products,EE,Estonia,2022,,15324,,,,,
dataflow,ESTAT:ROAD_EQR_CARPDA(1.0),New passenger cars by type of motor energy,A,Annual,NR,Number,PET,Petroleum products,EE,Estonia,2023,,17357,,,,,
dataflow,ESTAT:ROAD_EQR_CARPDA(1.0),New passenger cars by type of motor energy,A,Annual,NR,Number,PET,Petroleum products,EE,Estonia,2024,,18397,,,,,
dataflow,ESTAT:ROAD_EQR_CARPDA(1.0),New passenger cars by type of motor energy,A,Annual,NR,Number,PET,Petroleum products,EL,Greece,2021,,75989,,e,estimated,,
dataflow,ESTAT:ROAD_EQR_CARPDA(1.0),New passenger cars by type of motor energy,A,Annual,NR,Number,PET,Petroleum products,EL,Greece,2022,,80081,,,,,
dataflow,ESTAT:ROAD_EQR_CARPDA(1.0),New passenger cars by type of motor energy,A,Annual,NR,Number,PET,Petroleum products,EL,Greece,2023,,104526,,,,,
dataflow,ESTAT:ROAD_EQR_CARPDA(1.0),New passenger cars by type of motor energy,A,Annual,NR,Number,PET,Petroleum products,EL,Greece,2024,,112350,,i,value imputed by Eurostat or other receiving agencies,,
dataflow,ESTAT:ROAD_EQR_CARPDA(1.0),New passenger cars by type of motor energy,A,Annual,NR,Number,PET,Petroleum products,ES,Spain,2014,,297176,,,,,
dataflow,ESTAT:ROAD_EQR_CARPDA(1.0),New passenger cars by type of motor energy,A,Annual,NR,Number,PET,Petroleum products,ES,Spain,2015,,383904,,,,,
dataflow,ESTAT:ROAD_EQR_CARPDA(1.0),New passenger cars by type of motor energy,A,Annual,NR,Number,PET,Petroleum products,ES,Spain,2016,,496893,,,,,
dataflow,ESTAT:ROAD_EQR_CARPDA(1.0),New passenger cars by type of motor energy,A,Annual,NR,Number,PET,Petroleum products,ES,Spain,2017,,636041,,,,,
dataflow,ESTAT:ROAD_EQR_CARPDA(1.0),New passenger cars by type of motor energy,A,Annual,NR,Number,PET,Petroleum products,ES,Spain,2018,,831810,,,,,
dataflow,ESTAT:ROAD_EQR_CARPDA(1.0),New passenger cars by type of motor energy,A,Annual,NR,Number,PET,Petroleum products,ES,Spain,2019,,874489,,,,,
dataflow,ESTAT:ROAD_EQR_CARPDA(1.0),New passenger cars by type of motor energy,A,Annual,NR,Number,PET,Petroleum products,ES,Spain,2020,,561541,,,,,
dataflow,ESTAT:ROAD_EQR_CARPDA(1.0),New passenger cars by type of motor energy,A,Annual,NR,Number,PET,Petroleum products,ES,Spain,2021,,613097,,,,,
dataflow,ESTAT:ROAD_EQR_CARPDA(1.0),New passenger cars by type of motor energy,A,Annual,NR,Number,PET,Petroleum products,ES,Spain,2022,,598239,,,,,
dataflow,ESTAT:ROAD_EQR_CARPDA(1.0),New passenger cars by type of motor energy,A,Annual,NR,Number,PET,Petroleum products,ES,Spain,2023,,714633,,,,,
dataflow,ESTAT:ROAD_EQR_CARPDA(1.0),New passenger cars by type of motor energy,A,Annual,NR,Number,PET,Petroleum products,ES,Spain,2024,,788727,,,,,
dataflow,ESTAT:ROAD_EQR_CARPDA(1.0),New passenger cars by type of motor energy,A,Annual,NR,Number,PET,Petroleum products,EU27_2020,European Union - 27 countries (from 2020),2022,,6014361,,,,,
dataflow,ESTAT:ROAD_EQR_CARPDA(1.0),New passenger cars by type of motor energy,A,Annual,NR,Number,PET,Petroleum products,EU27_2020,European Union - 27 countries (from 2020),2023,,6835056,,,,,
dataflow,ESTAT:ROAD_EQR_CARPDA(1.0),New passenger cars by type of motor energy,A,Annual,NR,Number,PET,Petroleum products,EU27_2020,European Union - 27 countries (from 2020),2024,,7132654,,,,,
dataflow,ESTAT:ROAD_EQR_CARPDA(1.0),New passenger cars by type of motor energy,A,Annual,NR,Number,PET,Petroleum products,FI,Finland,2013,,64194,,,,,
dataflow,ESTAT:ROAD_EQR_CARPDA(1.0),New passenger cars by type of motor energy,A,Annual,NR,Number,PET,Petroleum products,FI,Finland,2014,,64181,,,,,
dataflow,ESTAT:ROAD_EQR_CARPDA(1.0),New passenger cars by type of motor energy,A,Annual,NR,Number,PET,Petroleum products,FI,Finland,2015,,69469,,,,,
dataflow,ESTAT:ROAD_EQR_CARPDA(1.0),New passenger cars by type of motor energy,A,Annual,NR,Number,PET,Petroleum products,FI,Finland,2016,,79042,,,,,
dataflow,ESTAT:ROAD_EQR_CARPDA(1.0),New passenger cars by type of motor energy,A,Annual,NR,Number,PET,Petroleum products,FI,Finland,2017,,81435,,,,,
dataflow,ESTAT:ROAD_EQR_CARPDA(1.0),New passenger cars by type of motor energy,A,Annual,NR,Number,PET,Petroleum products,FI,Finland,2018,,89497,,,,,
dataflow,ESTAT:ROAD_EQR_CARPDA(1.0),New passenger cars by type of motor energy,A,Annual,NR,Number,PET,Petroleum products,FI,Finland,2019,,88141,,,,,
dataflow,ESTAT:ROAD_EQR_CARPDA(1.0),New passenger cars by type of motor energy,A,Annual,NR,Number,PET,Petroleum products,FI,Finland,2020,,75765,,,,,
dataflow,ESTAT:ROAD_EQR_CARPDA(1.0),New passenger cars by type of motor energy,A,Annual,NR,Number,PET,Petroleum products,FI,Finland,2021,,76158,,,,,
dataflow,ESTAT:ROAD_EQR_CARPDA(1.0),New passenger cars by type of motor energy,A,Annual,NR,Number,PET,Petroleum products,FI,Finland,2022,,59099,,,,,
dataflow,ESTAT:ROAD_EQR_CARPDA(1.0),New passenger cars by type of motor energy,A,Annual,NR,Number,PET,Petroleum products,FI,Finland,2023,,52225,,,,,
dataflow,ESTAT:ROAD_EQR_CARPDA(1.0),New passenger cars by type of motor energy,A,Annual,NR,Number,PET,Petroleum products,FI,Finland,2024,,48039,,,,,
dataflow,ESTAT:ROAD_EQR_CARPDA(1.0),New passenger cars by type of motor energy,A,Annual,NR,Number,PET,Petroleum products,FR,France,2013,,562849,,,,,
dataflow,ESTAT:ROAD_EQR_CARPDA(1.0),New passenger cars by type of motor energy,A,Annual,NR,Number,PET,Petroleum products,FR,France,2014,,623201,,,,,
dataflow,ESTAT:ROAD_EQR_CARPDA(1.0),New passenger cars by type of motor energy,A,Annual,NR,Number,PET,Petroleum products,FR,France,2015,,777645,,,,,
dataflow,ESTAT:ROAD_EQR_CARPDA(1.0),New passenger cars by type of motor energy,A,Annual,NR,Number,PET,Petroleum products,FR,France,2016,,928357,,,,,
dataflow,ESTAT:ROAD_EQR_CARPDA(1.0),New passenger cars by type of motor energy,A,Annual,NR,Number,PET,Petroleum products,FR,France,2017,,1116655,,,,,
dataflow,ESTAT:ROAD_EQR_CARPDA(1.0),New passenger cars by type of motor energy,A,Annual,NR,Number,PET,Petroleum products,FR,France,2018,,1329928,,,,,
dataflow,ESTAT:ROAD_EQR_CARPDA(1.0),New passenger cars by type of motor energy,A,Annual,NR,Number,PET,Petroleum products,FR,France,2019,,1438898,,,,,
dataflow,ESTAT:ROAD_EQR_CARPDA(1.0),New passenger cars by type of motor energy,A,Annual,NR,Number,PET,Petroleum products,FR,France,2020,,1025021,,,,,
dataflow,ESTAT:ROAD_EQR_CARPDA(1.0),New passenger cars by type of motor energy,A,Annual,NR,Number,PET,Petroleum products,FR,France,2021,,1097422,,,,,
dataflow,ESTAT:ROAD_EQR_CARPDA(1.0),New passenger cars by type of motor energy,A,Annual,NR,Number,PET,Petroleum products,FR,France,2022,,1049065,,,,,
dataflow,ESTAT:ROAD_EQR_CARPDA(1.0),New passenger cars by type of motor energy,A,Annual,NR,Number,PET,Petroleum products,FR,France,2023,,1251289,,i,value imputed by Eurostat or other receiving agencies,,
dataflow,ESTAT:ROAD_EQR_CARPDA(1.0),New passenger cars by type of motor energy,A,Annual,NR,Number,PET,Petroleum products,FR,France,2024,,1259145,,,,,
dataflow,ESTAT:ROAD_EQR_CARPDA(1.0),New passenger cars by type of motor energy,A,Annual,NR,Number,PET,Petroleum products,GE,Georgia,2017,,1968,,,,,
dataflow,ESTAT:ROAD_EQR_CARPDA(1.0),New passenger cars by type of motor energy,A,Annual,NR,Number,PET,Petroleum products,GE,Georgia,2018,,2168,,,,,
dataflow,ESTAT:ROAD_EQR_CARPDA(1.0),New passenger cars by type of motor energy,A,Annual,NR,Number,PET,Petroleum products,GE,Georgia,2019,,1379,,,,,
dataflow,ESTAT:ROAD_EQR_CARPDA(1.0),New passenger cars by type of motor energy,A,Annual,NR,Number,PET,Petroleum products,GE,Georgia,2020,,1379,,,,,
dataflow,ESTAT:ROAD_EQR_CARPDA(1.0),New passenger cars by type of motor energy,A,Annual,NR,Number,PET,Petroleum products,GE,Georgia,2021,,2149,,,,,
dataflow,ESTAT:ROAD_EQR_CARPDA(1.0),New passenger cars by type of motor energy,A,Annual,NR,Number,PET,Petroleum products,GE,Georgia,2022,,3453,,,,,
dataflow,ESTAT:ROAD_EQR_CARPDA(1.0),New passenger cars by type of motor energy,A,Annual,NR,Number,PET,Petroleum products,GE,Georgia,2023,,4663,,,,,
dataflow,ESTAT:ROAD_EQR_CARPDA(1.0),New passenger cars by type of motor energy,A,Annual,NR,Number,PET,Petroleum products,GE,Georgia,2024,,5440,,,,,
dataflow,ESTAT:ROAD_EQR_CARPDA(1.0),New passenger cars by type of motor energy,A,Annual,NR,Number,PET,Petroleum products,HR,Croatia,2021,,23426,,,,,
dataflow,ESTAT:ROAD_EQR_CARPDA(1.0),New passenger cars by type of motor energy,A,Annual,NR,Number,PET,Petroleum products,HR,Croatia,2022,,26618,,,,,
dataflow,ESTAT:ROAD_EQR_CARPDA(1.0),New passenger cars by type of motor energy,A,Annual,NR,Number,PET,Petroleum products,HR,Croatia,2023,,32234,,,,,
dataflow,ESTAT:ROAD_EQR_CARPDA(1.0),New passenger cars by type of motor energy,A,Annual,NR,Number,PET,Petroleum products,HR,Croatia,2024,,35439,,,,,
dataflow,ESTAT:ROAD_EQR_CARPDA(1.0),New passenger cars by type of motor energy,A,Annual,NR,Number,PET,Petroleum products,HU,Hungary,2013,,30458,,,,,
dataflow,ESTAT:ROAD_EQR_CARPDA(1.0),New passenger cars by type of motor energy,A,Annual,NR,Number,PET,Petroleum products,HU,Hungary,2014,,37621,,,,,
dataflow,ESTAT:ROAD_EQR_CARPDA(1.0),New passenger cars by type of motor energy,A,Annual,NR,Number,PET,Petroleum products,HU,Hungary,2015,,44873,,,,,
dataflow,ESTAT:ROAD_EQR_CARPDA(1.0),New passenger cars by type of motor energy,A,Annual,NR,Number,PET,Petroleum products,HU,Hungary,2016,,61753,,,,,
dataflow,ESTAT:ROAD_EQR_CARPDA(1.0),New passenger cars by type of motor energy,A,Annual,NR,Number,PET,Petroleum products,HU,Hungary,2017,,78458,,,,,
dataflow,ESTAT:ROAD_EQR_CARPDA(1.0),New passenger cars by type of motor energy,A,Annual,NR,Number,PET,Petroleum products,HU,Hungary,2018,,102718,,,,,
dataflow,ESTAT:ROAD_EQR_CARPDA(1.0),New passenger cars by type of motor energy,A,Annual,NR,Number,PET,Petroleum products,HU,Hungary,2019,,123906,,,,,
dataflow,ESTAT:ROAD_EQR_CARPDA(1.0),New passenger cars by type of motor energy,A,Annual,NR,Number,PET,Petroleum products,HU,Hungary,2020,,93177,,,,,
dataflow,ESTAT:ROAD_EQR_CARPDA(1.0),New passenger cars by type of motor energy,A,Annual,NR,Number,PET,Petroleum products,HU,Hungary,2021,,89975,,,,,
dataflow,ESTAT:ROAD_EQR_CARPDA(1.0),New passenger cars by type of motor energy,A,Annual,NR,Number,PET,Petroleum products,HU,Hungary,2022,,85461,,,,,
dataflow,ESTAT:ROAD_EQR_CARPDA(1.0),New passenger cars by type of motor energy,A,Annual,NR,Number,PET,Petroleum products,HU,Hungary,2023,,81654,,,,,
dataflow,ESTAT:ROAD_EQR_CARPDA(1.0),New passenger cars by type of motor energy,A,Annual,NR,Number,PET,Petroleum products,HU,Hungary,2024,,89794,,i,value imputed by Eurostat or other receiving agencies,,
dataflow,ESTAT:ROAD_EQR_CARPDA(1.0),New passenger cars by type of motor energy,A,Annual,NR,Number,PET,Petroleum products,IE,Ireland,2013,,19892,,,,,
dataflow,ESTAT:ROAD_EQR_CARPDA(1.0),New passenger cars by type of motor energy,A,Annual,NR,Number,PET,Petroleum products,IE,Ireland,2014,,21067,,,,,
dataflow,ESTAT:ROAD_EQR_CARPDA(1.0),New passenger cars by type of motor energy,A,Annual,NR,Number,PET,Petroleum products,IE,Ireland,2015,,35311,,,,,
dataflow,ESTAT:ROAD_EQR_CARPDA(1.0),New passenger cars by type of motor energy,A,Annual,NR,Number,PET,Petroleum products,IE,Ireland,2016,,41160,,,,,
dataflow,ESTAT:ROAD_EQR_CARPDA(1.0),New passenger cars by type of motor energy,A,Annual,NR,Number,PET,Petroleum products,IE,Ireland,2017,,45304,,,,,
dataflow,ESTAT:ROAD_EQR_CARPDA(1.0),New passenger cars by type of motor energy,A,Annual,NR,Number,PET,Petroleum products,IE,Ireland,2018,,56554,,,,,
dataflow,ESTAT:ROAD_EQR_CARPDA(1.0),New passenger cars by type of motor energy,A,Annual,NR,Number,PET,Petroleum products,IE,Ireland,2019,,62554,,,,,
dataflow,ESTAT:ROAD_EQR_CARPDA(1.0),New passenger cars by type of motor energy,A,Annual,NR,Number,PET,Petroleum products,IE,Ireland,2020,,46630,,,,,
dataflow,ESTAT:ROAD_EQR_CARPDA(1.0),New passenger cars by type of motor energy,A,Annual,NR,Number,PET,Petroleum products,IE,Ireland,2021,,58808,,,,,
dataflow,ESTAT:ROAD_EQR_CARPDA(1.0),New passenger cars by type of motor energy,A,Annual,NR,Number,PET,Petroleum products,IE,Ireland,2022,,59687,,,,,
dataflow,ESTAT:ROAD_EQR_CARPDA(1.0),New passenger cars by type of motor energy,A,Annual,NR,Number,PET,Petroleum products,IE,Ireland,2023,,70094,,,,,
dataflow,ESTAT:ROAD_EQR_CARPDA(1.0),New passenger cars by type of motor energy,A,Annual,NR,Number,PET,Petroleum products,IE,Ireland,2024,,74274,,i,value imputed by Eurostat or other receiving agencies,,
dataflow,ESTAT:ROAD_EQR_CARPDA(1.0),New passenger cars by type of motor energy,A,Annual,NR,Number,PET,Petroleum products,IS,Iceland,2017,,13645,,,,,
dataflow,ESTAT:ROAD_EQR_CARPDA(1.0),New passenger cars by type of motor energy,A,Annual,NR,Number,PET,Petroleum products,IS,Iceland,2018,,12061,,,,,
dataflow,ESTAT:ROAD_EQR_CARPDA(1.0),New passenger cars by type of motor energy,A,Annual,NR,Number,PET,Petroleum products,IS,Iceland,2019,,8233,,,,,
dataflow,ESTAT:ROAD_EQR_CARPDA(1.0),New passenger cars by type of motor energy,A,Annual,NR,Number,PET,Petroleum products,IS,Iceland,2020,,5706,,,,,
dataflow,ESTAT:ROAD_EQR_CARPDA(1.0),New passenger cars by type of motor energy,A,Annual,NR,Number,PET,Petroleum products,IS,Iceland,2021,,8949,,,,,
dataflow,ESTAT:ROAD_EQR_CARPDA(1.0),New passenger cars by type of motor energy,A,Annual,NR,Number,PET,Petroleum products,IS,Iceland,2022,,8002,,i,value imputed by Eurostat or other receiving agencies,,
dataflow,ESTAT:ROAD_EQR_CARPDA(1.0),New passenger cars by type of motor energy,A,Annual,NR,Number,PET,Petroleum products,IS,Iceland,2023,,5727,,i,value imputed by Eurostat or other receiving agencies,,
dataflow,ESTAT:ROAD_EQR_CARPDA(1.0),New passenger cars by type of motor energy,A,Annual,NR,Number,PET,Petroleum products,IS,Iceland,2024,,4819,,i,value imputed by Eurostat or other receiving agencies,,
dataflow,ESTAT:ROAD_EQR_CARPDA(1.0),New passenger cars by type of motor energy,A,Annual,NR,Number,PET,Petroleum products,IT,Italy,2013,,419045,,,,,
dataflow,ESTAT:ROAD_EQR_CARPDA(1.0),New passenger cars by type of motor energy,A,Annual,NR,Number,PET,Petroleum products,IT,Italy,2014,,420708,,,,,
dataflow,ESTAT:ROAD_EQR_CARPDA(1.0),New passenger cars by type of motor energy,A,Annual,NR,Number,PET,Petroleum products,IT,Italy,2015,,521450,,,,,
dataflow,ESTAT:ROAD_EQR_CARPDA(1.0),New passenger cars by type of motor energy,A,Annual,NR,Number,PET,Petroleum products,IT,Italy,2016,,643165,,,,,
dataflow,ESTAT:ROAD_EQR_CARPDA(1.0),New passenger cars by type of motor energy,A,Annual,NR,Number,PET,Petroleum products,IT,Italy,2017,,700072,,,,,
dataflow,ESTAT:ROAD_EQR_CARPDA(1.0),New passenger cars by type of motor energy,A,Annual,NR,Number,PET,Petroleum products,IT,Italy,2018,,774685,,,,,
dataflow,ESTAT:ROAD_EQR_CARPDA(1.0),New passenger cars by type of motor energy,A,Annual,NR,Number,PET,Petroleum products,IT,Italy,2019,,969245,,,,,
dataflow,ESTAT:ROAD_EQR_CARPDA(1.0),New passenger cars by type of motor energy,A,Annual,NR,Number,PET,Petroleum products,IT,Italy,2020,,773479,,,,,
dataflow,ESTAT:ROAD_EQR_CARPDA(1.0),New passenger cars by type of motor energy,A,Annual,NR,Number,PET,Petroleum products,IT,Italy,2021,,906634,,,,,
dataflow,ESTAT:ROAD_EQR_CARPDA(1.0),New passenger cars by type of motor energy,A,Annual,NR,Number,PET,Petroleum products,IT,Italy,2022,,833735,,,,,
dataflow,ESTAT:ROAD_EQR_CARPDA(1.0),New passenger cars by type of motor energy,A,Annual,NR,Number,PET,Petroleum products,IT,Italy,2023,,1014551,,,,,
dataflow,ESTAT:ROAD_EQR_CARPDA(1.0),New passenger cars by type of motor energy,A,Annual,NR,Number,PET,Petroleum products,IT,Italy,2024,,1040953,,i,value imputed by Eurostat or other receiving agencies,,
dataflow,ESTAT:ROAD_EQR_CARPDA(1.0),New passenger cars by type of motor energy,A,Annual,NR,Number,PET,Petroleum products,LI,Liechtenstein,2013,,1041,,,,,
dataflow,ESTAT:ROAD_EQR_CARPDA(1.0),New passenger cars by type of motor energy,A,Annual,NR,Number,PET,Petroleum products,LI,Liechtenstein,2014,,979,,,,,
dataflow,ESTAT:ROAD_EQR_CARPDA(1.0),New passenger cars by type of motor energy,A,Annual,NR,Number,PET,Petroleum products,LI,Liechtenstein,2015,,1072,,,,,
dataflow,ESTAT:ROAD_EQR_CARPDA(1.0),New passenger cars by type of motor energy,A,Annual,NR,Number,PET,Petroleum products,LI,Liechtenstein,2016,,951,,,,,
dataflow,ESTAT:ROAD_EQR_CARPDA(1.0),New passenger cars by type of motor energy,A,Annual,NR,Number,PET,Petroleum products,LI,Liechtenstein,2017,,1116,,,,,
dataflow,ESTAT:ROAD_EQR_CARPDA(1.0),New passenger cars by type of motor energy,A,Annual,NR,Number,PET,Petroleum products,LI,Liechtenstein,2018,,1152,,,,,
dataflow,ESTAT:ROAD_EQR_CARPDA(1.0),New passenger cars by type of motor energy,A,Annual,NR,Number,PET,Petroleum products,LI,Liechtenstein,2019,,1186,,,,,
dataflow,ESTAT:ROAD_EQR_CARPDA(1.0),New passenger cars by type of motor energy,A,Annual,NR,Number,PET,Petroleum products,LI,Liechtenstein,2020,,922,,,,,
dataflow,ESTAT:ROAD_EQR_CARPDA(1.0),New passenger cars by type of motor energy,A,Annual,NR,Number,PET,Petroleum products,LI,Liechtenstein,2021,,977,,,,,
dataflow,ESTAT:ROAD_EQR_CARPDA(1.0),New passenger cars by type of motor energy,A,Annual,NR,Number,PET,Petroleum products,LI,Liechtenstein,2022,,890,,,,,
dataflow,ESTAT:ROAD_EQR_CARPDA(1.0),New passenger cars by type of motor energy,A,Annual,NR,Number,PET,Petroleum products,LI,Liechtenstein,2023,,958,,,,,
dataflow,ESTAT:ROAD_EQR_CARPDA(1.0),New passenger cars by type of motor energy,A,Annual,NR,Number,PET,Petroleum products,LI,Liechtenstein,2024,,900,,,,,
dataflow,ESTAT:ROAD_EQR_CARPDA(1.0),New passenger cars by type of motor energy,A,Annual,NR,Number,PET,Petroleum products,LT,Lithuania,2013,,5236,,,,,
dataflow,ESTAT:ROAD_EQR_CARPDA(1.0),New passenger cars by type of motor energy,A,Annual,NR,Number,PET,Petroleum products,LT,Lithuania,2014,,4760,,,,,
dataflow,ESTAT:ROAD_EQR_CARPDA(1.0),New passenger cars by type of motor energy,A,Annual,NR,Number,PET,Petroleum products,LT,Lithuania,2015,,6002,,,,,
dataflow,ESTAT:ROAD_EQR_CARPDA(1.0),New passenger cars by type of motor energy,A,Annual,NR,Number,PET,Petroleum products,LT,Lithuania,2016,,8734,,,,,
dataflow,ESTAT:ROAD_EQR_CARPDA(1.0),New passenger cars by type of motor energy,A,Annual,NR,Number,PET,Petroleum products,LT,Lithuania,2017,,11162,,,,,
dataflow,ESTAT:ROAD_EQR_CARPDA(1.0),New passenger cars by type of motor energy,A,Annual,NR,Number,PET,Petroleum products,LT,Lithuania,2018,,14224,,,,,
dataflow,ESTAT:ROAD_EQR_CARPDA(1.0),New passenger cars by type of motor energy,A,Annual,NR,Number,PET,Petroleum products,LT,Lithuania,2019,,17917,,,,,
dataflow,ESTAT:ROAD_EQR_CARPDA(1.0),New passenger cars by type of motor energy,A,Annual,NR,Number,PET,Petroleum products,LT,Lithuania,2020,,32922,,,,,
dataflow,ESTAT:ROAD_EQR_CARPDA(1.0),New passenger cars by type of motor energy,A,Annual,NR,Number,PET,Petroleum products,LT,Lithuania,2021,,21892,,,,,
dataflow,ESTAT:ROAD_EQR_CARPDA(1.0),New passenger cars by type of motor energy,A,Annual,NR,Number,PET,Petroleum products,LT,Lithuania,2022,,19072,,,,,
dataflow,ESTAT:ROAD_EQR_CARPDA(1.0),New passenger cars by type of motor energy,A,Annual,NR,Number,PET,Petroleum products,LT,Lithuania,2023,,20520,,,,,
dataflow,ESTAT:ROAD_EQR_CARPDA(1.0),New passenger cars by type of motor energy,A,Annual,NR,Number,PET,Petroleum products,LT,Lithuania,2024,,19931,,,,,
dataflow,ESTAT:ROAD_EQR_CARPDA(1.0),New passenger cars by type of motor energy,A,Annual,NR,Number,PET,Petroleum products,LU,Luxembourg,2013,,12148,,,,,
dataflow,ESTAT:ROAD_EQR_CARPDA(1.0),New passenger cars by type of motor energy,A,Annual,NR,Number,PET,Petroleum products,LU,Luxembourg,2014,,13554,,,,,
dataflow,ESTAT:ROAD_EQR_CARPDA(1.0),New passenger cars by type of motor energy,A,Annual,NR,Number,PET,Petroleum products,LU,Luxembourg,2015,,13447,,,,,
dataflow,ESTAT:ROAD_EQR_CARPDA(1.0),New passenger cars by type of motor energy,A,Annual,NR,Number,PET,Petroleum products,LU,Luxembourg,2016,,17623,,,,,
dataflow,ESTAT:ROAD_EQR_CARPDA(1.0),New passenger cars by type of motor energy,A,Annual,NR,Number,PET,Petroleum products,LU,Luxembourg,2017,,23891,,,,,
dataflow,ESTAT:ROAD_EQR_CARPDA(1.0),New passenger cars by type of motor energy,A,Annual,NR,Number,PET,Petroleum products,LU,Luxembourg,2018,,27455,,,,,
dataflow,ESTAT:ROAD_EQR_CARPDA(1.0),New passenger cars by type of motor energy,A,Annual,NR,Number,PET,Petroleum products,LU,Luxembourg,2019,,30120,,,,,
dataflow,ESTAT:ROAD_EQR_CARPDA(1.0),New passenger cars by type of motor energy,A,Annual,NR,Number,PET,Petroleum products,LU,Luxembourg,2020,,24548,,,,,
dataflow,ESTAT:ROAD_EQR_CARPDA(1.0),New passenger cars by type of motor energy,A,Annual,NR,Number,PET,Petroleum products,LU,Luxembourg,2021,,25132,,,,,
dataflow,ESTAT:ROAD_EQR_CARPDA(1.0),New passenger cars by type of motor energy,A,Annual,NR,Number,PET,Petroleum products,LU,Luxembourg,2022,,23339,,,,,
dataflow,ESTAT:ROAD_EQR_CARPDA(1.0),New passenger cars by type of motor energy,A,Annual,NR,Number,PET,Petroleum products,LU,Luxembourg,2023,,27804,,,,,
dataflow,ESTAT:ROAD_EQR_CARPDA(1.0),New passenger cars by type of motor energy,A,Annual,NR,Number,PET,Petroleum products,LU,Luxembourg,2024,,25683,,,,,
dataflow,ESTAT:ROAD_EQR_CARPDA(1.0),New passenger cars by type of motor energy,A,Annual,NR,Number,PET,Petroleum products,LV,Latvia,2014,,5759,,,,,
dataflow,ESTAT:ROAD_EQR_CARPDA(1.0),New passenger cars by type of motor energy,A,Annual,NR,Number,PET,Petroleum products,LV,Latvia,2015,,7211,,,,,
dataflow,ESTAT:ROAD_EQR_CARPDA(1.0),New passenger cars by type of motor energy,A,Annual,NR,Number,PET,Petroleum products,LV,Latvia,2016,,9381,,,,,
dataflow,ESTAT:ROAD_EQR_CARPDA(1.0),New passenger cars by type of motor energy,A,Annual,NR,Number,PET,Petroleum products,LV,Latvia,2017,,9488,,,,,
dataflow,ESTAT:ROAD_EQR_CARPDA(1.0),New passenger cars by type of motor energy,A,Annual,NR,Number,PET,Petroleum products,LV,Latvia,2018,,10240,,,,,
dataflow,ESTAT:ROAD_EQR_CARPDA(1.0),New passenger cars by type of motor energy,A,Annual,NR,Number,PET,Petroleum products,LV,Latvia,2019,,11393,,,,,
dataflow,ESTAT:ROAD_EQR_CARPDA(1.0),New passenger cars by type of motor energy,A,Annual,NR,Number,PET,Petroleum products,LV,Latvia,2020,,8363,,,,,
dataflow,ESTAT:ROAD_EQR_CARPDA(1.0),New passenger cars by type of motor energy,A,Annual,NR,Number,PET,Petroleum products,LV,Latvia,2021,,9935,,,,,
dataflow,ESTAT:ROAD_EQR_CARPDA(1.0),New passenger cars by type of motor energy,A,Annual,NR,Number,PET,Petroleum products,LV,Latvia,2022,,11857,,,,,
dataflow,ESTAT:ROAD_EQR_CARPDA(1.0),New passenger cars by type of motor energy,A,Annual,NR,Number,PET,Petroleum products,LV,Latvia,2023,,12702,,,,,
dataflow,ESTAT:ROAD_EQR_CARPDA(1.0),New passenger cars by type of motor energy,A,Annual,NR,Number,PET,Petroleum products,LV,Latvia,2024,,11777,,,,,
dataflow,ESTAT:ROAD_EQR_CARPDA(1.0),New passenger cars by type of motor energy,A,Annual,NR,Number,PET,Petroleum products,MD,Moldova,2013,,15126,,,,,
dataflow,ESTAT:ROAD_EQR_CARPDA(1.0),New passenger cars by type of motor energy,A,Annual,NR,Number,PET,Petroleum products,MD,Moldova,2014,,9874,,,,,
dataflow,ESTAT:ROAD_EQR_CARPDA(1.0),New passenger cars by type of motor energy,A,Annual,NR,Number,PET,Petroleum products,MD,Moldova,2015,,6530,,,,,
dataflow,ESTAT:ROAD_EQR_CARPDA(1.0),New passenger cars by type of motor energy,A,Annual,NR,Number,PET,Petroleum products,MD,Moldova,2016,,6770,,,,,
dataflow,ESTAT:ROAD_EQR_CARPDA(1.0),New passenger cars by type of motor energy,A,Annual,NR,Number,PET,Petroleum products,MD,Moldova,2017,,12395,,,,,
dataflow,ESTAT:ROAD_EQR_CARPDA(1.0),New passenger cars by type of motor energy,A,Annual,NR,Number,PET,Petroleum products,MD,Moldova,2018,,8608,,,,,
dataflow,ESTAT:ROAD_EQR_CARPDA(1.0),New passenger cars by type of motor energy,A,Annual,NR,Number,PET,Petroleum products,MD,Moldova,2019,,8884,,,,,
dataflow,ESTAT:ROAD_EQR_CARPDA(1.0),New passenger cars by type of motor energy,A,Annual,NR,Number,PET,Petroleum products,MD,Moldova,2020,,7749,,,,,
dataflow,ESTAT:ROAD_EQR_CARPDA(1.0),New passenger cars by type of motor energy,A,Annual,NR,Number,PET,Petroleum products,MD,Moldova,2021,,10409,,,,,
dataflow,ESTAT:ROAD_EQR_CARPDA(1.0),New passenger cars by type of motor energy,A,Annual,NR,Number,PET,Petroleum products,MD,Moldova,2022,,8090,,,,,
dataflow,ESTAT:ROAD_EQR_CARPDA(1.0),New passenger cars by type of motor energy,A,Annual,NR,Number,PET,Petroleum products,MD,Moldova,2023,,10793,,,,,
dataflow,ESTAT:ROAD_EQR_CARPDA(1.0),New passenger cars by type of motor energy,A,Annual,NR,Number,PET,Petroleum products,MD,Moldova,2024,,13406,,,,,
dataflow,ESTAT:ROAD_EQR_CARPDA(1.0),New passenger cars by type of motor energy,A,Annual,NR,Number,PET,Petroleum products,ME,Montenegro,2016,,999,,,,,
dataflow,ESTAT:ROAD_EQR_CARPDA(1.0),New passenger cars by type of motor energy,A,Annual,NR,Number,PET,Petroleum products,ME,Montenegro,2017,,1313,,,,,
dataflow,ESTAT:ROAD_EQR_CARPDA(1.0),New passenger cars by type of motor energy,A,Annual,NR,Number,PET,Petroleum products,ME,Montenegro,2018,,1625,,,,,
dataflow,ESTAT:ROAD_EQR_CARPDA(1.0),New passenger cars by type of motor energy,A,Annual,NR,Number,PET,Petroleum products,ME,Montenegro,2019,,2026,,,,,
dataflow,ESTAT:ROAD_EQR_CARPDA(1.0),New passenger cars by type of motor energy,A,Annual,NR,Number,PET,Petroleum products,ME,Montenegro,2020,,596,,,,,
dataflow,ESTAT:ROAD_EQR_CARPDA(1.0),New passenger cars by type of motor energy,A,Annual,NR,Number,PET,Petroleum products,ME,Montenegro,2021,,1787,,,,,
dataflow,ESTAT:ROAD_EQR_CARPDA(1.0),New passenger cars by type of motor energy,A,Annual,NR,Number,PET,Petroleum products,ME,Montenegro,2022,,2456,,,,,
dataflow,ESTAT:ROAD_EQR_CARPDA(1.0),New passenger cars by type of motor energy,A,Annual,NR,Number,PET,Petroleum products,MT,Malta,2015,,4418,,,,,
dataflow,ESTAT:ROAD_EQR_CARPDA(1.0),New passenger cars by type of motor energy,A,Annual,NR,Number,PET,Petroleum products,MT,Malta,2016,,4679,,,,,
dataflow,ESTAT:ROAD_EQR_CARPDA(1.0),New passenger cars by type of motor energy,A,Annual,NR,Number,PET,Petroleum products,MT,Malta,2017,,5133,,,,,
dataflow,ESTAT:ROAD_EQR_CARPDA(1.0),New passenger cars by type of motor energy,A,Annual,NR,Number,PET,Petroleum products,MT,Malta,2018,,5477,,,,,
dataflow,ESTAT:ROAD_EQR_CARPDA(1.0),New passenger cars by type of motor energy,A,Annual,NR,Number,PET,Petroleum products,MT,Malta,2019,,5327,,,,,
dataflow,ESTAT:ROAD_EQR_CARPDA(1.0),New passenger cars by type of motor energy,A,Annual,NR,Number,PET,Petroleum products,MT,Malta,2020,,3342,,,,,
dataflow,ESTAT:ROAD_EQR_CARPDA(1.0),New passenger cars by type of motor energy,A,Annual,NR,Number,PET,Petroleum products,MT,Malta,2021,,4226,,,,,
dataflow,ESTAT:ROAD_EQR_CARPDA(1.0),New passenger cars by type of motor energy,A,Annual,NR,Number,PET,Petroleum products,MT,Malta,2022,,4933,,,,,
dataflow,ESTAT:ROAD_EQR_CARPDA(1.0),New passenger cars by type of motor energy,A,Annual,NR,Number,PET,Petroleum products,MT,Malta,2023,,5218,,,,,
dataflow,ESTAT:ROAD_EQR_CARPDA(1.0),New passenger cars by type of motor energy,A,Annual,NR,Number,PET,Petroleum products,MT,Malta,2024,,4403,,,,,
dataflow,ESTAT:ROAD_EQR_CARPDA(1.0),New passenger cars by type of motor energy,A,Annual,NR,Number,PET,Petroleum products,NL,Netherlands,2013,,307912,,,,,
dataflow,ESTAT:ROAD_EQR_CARPDA(1.0),New passenger cars by type of motor energy,A,Annual,NR,Number,PET,Petroleum products,NL,Netherlands,2014,,275419,,,,,
dataflow,ESTAT:ROAD_EQR_CARPDA(1.0),New passenger cars by type of motor energy,A,Annual,NR,Number,PET,Petroleum products,NL,Netherlands,2015,,314882,,,,,
dataflow,ESTAT:ROAD_EQR_CARPDA(1.0),New passenger cars by type of motor energy,A,Annual,NR,Number,PET,Petroleum products,NL,Netherlands,2016,,304643,,,,,
dataflow,ESTAT:ROAD_EQR_CARPDA(1.0),New passenger cars by type of motor energy,A,Annual,NR,Number,PET,Petroleum products,NL,Netherlands,2017,,331608,,,,,
dataflow,ESTAT:ROAD_EQR_CARPDA(1.0),New passenger cars by type of motor energy,A,Annual,NR,Number,PET,Petroleum products,NL,Netherlands,2018,,360573,,,,,
dataflow,ESTAT:ROAD_EQR_CARPDA(1.0),New passenger cars by type of motor energy,A,Annual,NR,Number,PET,Petroleum products,NL,Netherlands,2019,,350015,,,,,
dataflow,ESTAT:ROAD_EQR_CARPDA(1.0),New passenger cars by type of motor energy,A,Annual,NR,Number,PET,Petroleum products,NL,Netherlands,2020,,267482,,,,,
dataflow,ESTAT:ROAD_EQR_CARPDA(1.0),New passenger cars by type of motor energy,A,Annual,NR,Number,PET,Petroleum products,NL,Netherlands,2021,,249350,,,,,
dataflow,ESTAT:ROAD_EQR_CARPDA(1.0),New passenger cars by type of motor energy,A,Annual,NR,Number,PET,Petroleum products,NL,Netherlands,2022,,231791,,,,,
dataflow,ESTAT:ROAD_EQR_CARPDA(1.0),New passenger cars by type of motor energy,A,Annual,NR,Number,PET,Petroleum products,NL,Netherlands,2023,,249274,,,,,
dataflow,ESTAT:ROAD_EQR_CARPDA(1.0),New passenger cars by type of motor energy,A,Annual,NR,Number,PET,Petroleum products,NL,Netherlands,2024,,243408,,,,,
dataflow,ESTAT:ROAD_EQR_CARPDA(1.0),New passenger cars by type of motor energy,A,Annual,NR,Number,PET,Petroleum products,NO,Norway,2013,,57700,,,,,
dataflow,ESTAT:ROAD_EQR_CARPDA(1.0),New passenger cars by type of motor energy,A,Annual,NR,Number,PET,Petroleum products,NO,Norway,2014,,54912,,,,,
dataflow,ESTAT:ROAD_EQR_CARPDA(1.0),New passenger cars by type of motor energy,A,Annual,NR,Number,PET,Petroleum products,NO,Norway,2015,,55671,,,,,
dataflow,ESTAT:ROAD_EQR_CARPDA(1.0),New passenger cars by type of motor energy,A,Annual,NR,Number,PET,Petroleum products,NO,Norway,2016,,82910,,,,,
dataflow,ESTAT:ROAD_EQR_CARPDA(1.0),New passenger cars by type of motor energy,A,Annual,NR,Number,PET,Petroleum products,NO,Norway,2017,,90074,,,,,
dataflow,ESTAT:ROAD_EQR_CARPDA(1.0),New passenger cars by type of motor energy,A,Annual,NR,Number,PET,Petroleum products,NO,Norway,2018,,78323,,,,,
dataflow,ESTAT:ROAD_EQR_CARPDA(1.0),New passenger cars by type of motor energy,A,Annual,NR,Number,PET,Petroleum products,NO,Norway,2019,,59964,,,,,
dataflow,ESTAT:ROAD_EQR_CARPDA(1.0),New passenger cars by type of motor energy,A,Annual,NR,Number,PET,Petroleum products,NO,Norway,2020,,52595,,,,,
dataflow,ESTAT:ROAD_EQR_CARPDA(1.0),New passenger cars by type of motor energy,A,Annual,NR,Number,PET,Petroleum products,NO,Norway,2021,,54209,,,,,
dataflow,ESTAT:ROAD_EQR_CARPDA(1.0),New passenger cars by type of motor energy,A,Annual,NR,Number,PET,Petroleum products,NO,Norway,2022,,30186,,,,,
dataflow,ESTAT:ROAD_EQR_CARPDA(1.0),New passenger cars by type of motor energy,A,Annual,NR,Number,PET,Petroleum products,NO,Norway,2023,,19066,,,,,
dataflow,ESTAT:ROAD_EQR_CARPDA(1.0),New passenger cars by type of motor energy,A,Annual,NR,Number,PET,Petroleum products,NO,Norway,2024,,11353,,,,,
dataflow,ESTAT:ROAD_EQR_CARPDA(1.0),New passenger cars by type of motor energy,A,Annual,NR,Number,PET,Petroleum products,PL,Poland,2013,,183889,,b,break in time series,,
dataflow,ESTAT:ROAD_EQR_CARPDA(1.0),New passenger cars by type of motor energy,A,Annual,NR,Number,PET,Petroleum products,PL,Poland,2014,,201246,,i,value imputed by Eurostat or other receiving agencies,,
dataflow,ESTAT:ROAD_EQR_CARPDA(1.0),New passenger cars by type of motor energy,A,Annual,NR,Number,PET,Petroleum products,PL,Poland,2015,,228917,,i,value imputed by Eurostat or other receiving agencies,,
dataflow,ESTAT:ROAD_EQR_CARPDA(1.0),New passenger cars by type of motor energy,A,Annual,NR,Number,PET,Petroleum products,PL,Poland,2016,,275508,,i,value imputed by Eurostat or other receiving agencies,,
dataflow,ESTAT:ROAD_EQR_CARPDA(1.0),New passenger cars by type of motor energy,A,Annual,NR,Number,PET,Petroleum products,PL,Poland,2017,,336320,,i,value imputed by Eurostat or other receiving agencies,,
dataflow,ESTAT:ROAD_EQR_CARPDA(1.0),New passenger cars by type of motor energy,A,Annual,NR,Number,PET,Petroleum products,PL,Poland,2018,,386756,,i,value imputed by Eurostat or other receiving agencies,,
dataflow,ESTAT:ROAD_EQR_CARPDA(1.0),New passenger cars by type of motor energy,A,Annual,NR,Number,PET,Petroleum products,PL,Poland,2019,,424253,,i,value imputed by Eurostat or other receiving agencies,,
dataflow,ESTAT:ROAD_EQR_CARPDA(1.0),New passenger cars by type of motor energy,A,Annual,NR,Number,PET,Petroleum products,PL,Poland,2020,,324792,,i,value imputed by Eurostat or other receiving agencies,,
dataflow,ESTAT:ROAD_EQR_CARPDA(1.0),New passenger cars by type of motor energy,A,Annual,NR,Number,PET,Petroleum products,PL,Poland,2021,,343705,,i,value imputed by Eurostat or other receiving agencies,,
dataflow,ESTAT:ROAD_EQR_CARPDA(1.0),New passenger cars by type of motor energy,A,Annual,NR,Number,PET,Petroleum products,PL,Poland,2022,,324041,,i,value imputed by Eurostat or other receiving agencies,,
dataflow,ESTAT:ROAD_EQR_CARPDA(1.0),New passenger cars by type of motor energy,A,Annual,NR,Number,PET,Petroleum products,PL,Poland,2023,,364350,,i,value imputed by Eurostat or other receiving agencies,,
dataflow,ESTAT:ROAD_EQR_CARPDA(1.0),New passenger cars by type of motor energy,A,Annual,NR,Number,PET,Petroleum products,PL,Poland,2024,,421864,,i,value imputed by Eurostat or other receiving agencies,,
dataflow,ESTAT:ROAD_EQR_CARPDA(1.0),New passenger cars by type of motor energy,A,Annual,NR,Number,PET,Petroleum products,PT,Portugal,2017,,81073,,,,,
dataflow,ESTAT:ROAD_EQR_CARPDA(1.0),New passenger cars by type of motor energy,A,Annual,NR,Number,PET,Petroleum products,PT,Portugal,2018,,97697,,,,,
dataflow,ESTAT:ROAD_EQR_CARPDA(1.0),New passenger cars by type of motor energy,A,Annual,NR,Number,PET,Petroleum products,PT,Portugal,2019,,123064,,,,,
dataflow,ESTAT:ROAD_EQR_CARPDA(1.0),New passenger cars by type of motor energy,A,Annual,NR,Number,PET,Petroleum products,PT,Portugal,2020,,83561,,,,,
dataflow,ESTAT:ROAD_EQR_CARPDA(1.0),New passenger cars by type of motor energy,A,Annual,NR,Number,PET,Petroleum products,PT,Portugal,2021,,91395,,,,,
dataflow,ESTAT:ROAD_EQR_CARPDA(1.0),New passenger cars by type of motor energy,A,Annual,NR,Number,PET,Petroleum products,PT,Portugal,2022,,100758,,,,,
dataflow,ESTAT:ROAD_EQR_CARPDA(1.0),New passenger cars by type of motor energy,A,Annual,NR,Number,PET,Petroleum products,PT,Portugal,2023,,123422,,,,,
dataflow,ESTAT:ROAD_EQR_CARPDA(1.0),New passenger cars by type of motor energy,A,Annual,NR,Number,PET,Petroleum products,PT,Portugal,2024,,129267,,p,provisional,,
dataflow,ESTAT:ROAD_EQR_CARPDA(1.0),New passenger cars by type of motor energy,A,Annual,NR,Number,PET,Petroleum products,RO,Romania,2013,,25807,,,,,
dataflow,ESTAT:ROAD_EQR_CARPDA(1.0),New passenger cars by type of motor energy,A,Annual,NR,Number,PET,Petroleum products,RO,Romania,2014,,29576,,,,,
dataflow,ESTAT:ROAD_EQR_CARPDA(1.0),New passenger cars by type of motor energy,A,Annual,NR,Number,PET,Petroleum products,RO,Romania,2015,,35509,,,,,
dataflow,ESTAT:ROAD_EQR_CARPDA(1.0),New passenger cars by type of motor energy,A,Annual,NR,Number,PET,Petroleum products,RO,Romania,2016,,45417,,,,,
dataflow,ESTAT:ROAD_EQR_CARPDA(1.0),New passenger cars by type of motor energy,A,Annual,NR,Number,PET,Petroleum products,RO,Romania,2017,,51554,,,,,
dataflow,ESTAT:ROAD_EQR_CARPDA(1.0),New passenger cars by type of motor energy,A,Annual,NR,Number,PET,Petroleum products,RO,Romania,2018,,75586,,,,,
dataflow,ESTAT:ROAD_EQR_CARPDA(1.0),New passenger cars by type of motor energy,A,Annual,NR,Number,PET,Petroleum products,RO,Romania,2019,,114564,,,,,
dataflow,ESTAT:ROAD_EQR_CARPDA(1.0),New passenger cars by type of motor energy,A,Annual,NR,Number,PET,Petroleum products,RO,Romania,2020,,79244,,,,,
dataflow,ESTAT:ROAD_EQR_CARPDA(1.0),New passenger cars by type of motor energy,A,Annual,NR,Number,PET,Petroleum products,RO,Romania,2021,,74857,,,,,
dataflow,ESTAT:ROAD_EQR_CARPDA(1.0),New passenger cars by type of motor energy,A,Annual,NR,Number,PET,Petroleum products,RO,Romania,2022,,84943,,,,,
dataflow,ESTAT:ROAD_EQR_CARPDA(1.0),New passenger cars by type of motor energy,A,Annual,NR,Number,PET,Petroleum products,RO,Romania,2023,,91118,,,,,
dataflow,ESTAT:ROAD_EQR_CARPDA(1.0),New passenger cars by type of motor energy,A,Annual,NR,Number,PET,Petroleum products,RO,Romania,2024,,103113,,,,,
dataflow,ESTAT:ROAD_EQR_CARPDA(1.0),New passenger cars by type of motor energy,A,Annual,NR,Number,PET,Petroleum products,RS,Serbia,2019,,28285,,,,,
dataflow,ESTAT:ROAD_EQR_CARPDA(1.0),New passenger cars by type of motor energy,A,Annual,NR,Number,PET,Petroleum products,RS,Serbia,2020,,27431,,,,,
dataflow,ESTAT:ROAD_EQR_CARPDA(1.0),New passenger cars by type of motor energy,A,Annual,NR,Number,PET,Petroleum products,RS,Serbia,2021,,27768,,,,,
dataflow,ESTAT:ROAD_EQR_CARPDA(1.0),New passenger cars by type of motor energy,A,Annual,NR,Number,PET,Petroleum products,RS,Serbia,2022,,29005,,,,,
dataflow,ESTAT:ROAD_EQR_CARPDA(1.0),New passenger cars by type of motor energy,A,Annual,NR,Number,PET,Petroleum products,RS,Serbia,2023,,30952,,,,,
dataflow,ESTAT:ROAD_EQR_CARPDA(1.0),New passenger cars by type of motor energy,A,Annual,NR,Number,PET,Petroleum products,RS,Serbia,2024,,33180,,,,,
dataflow,ESTAT:ROAD_EQR_CARPDA(1.0),New passenger cars by type of motor energy,A,Annual,NR,Number,PET,Petroleum products,SE,Sweden,2013,,108067,,,,,
dataflow,ESTAT:ROAD_EQR_CARPDA(1.0),New passenger cars by type of motor energy,A,Annual,NR,Number,PET,Petroleum products,SE,Sweden,2014,,126019,,,,,
dataflow,ESTAT:ROAD_EQR_CARPDA(1.0),New passenger cars by type of motor energy,A,Annual,NR,Number,PET,Petroleum products,SE,Sweden,2015,,145383,,,,,
dataflow,ESTAT:ROAD_EQR_CARPDA(1.0),New passenger cars by type of motor energy,A,Annual,NR,Number,PET,Petroleum products,SE,Sweden,2016,,177903,,,,,
dataflow,ESTAT:ROAD_EQR_CARPDA(1.0),New passenger cars by type of motor energy,A,Annual,NR,Number,PET,Petroleum products,SE,Sweden,2017,,191048,,,,,
dataflow,ESTAT:ROAD_EQR_CARPDA(1.0),New passenger cars by type of motor energy,A,Annual,NR,Number,PET,Petroleum products,SE,Sweden,2018,,215360,,,,,
dataflow,ESTAT:ROAD_EQR_CARPDA(1.0),New passenger cars by type of motor energy,A,Annual,NR,Number,PET,Petroleum products,SE,Sweden,2019,,221280,,,,,
dataflow,ESTAT:ROAD_EQR_CARPDA(1.0),New passenger cars by type of motor energy,A,Annual,NR,Number,PET,Petroleum products,SE,Sweden,2020,,194265,,,,,
dataflow,ESTAT:ROAD_EQR_CARPDA(1.0),New passenger cars by type of motor energy,A,Annual,NR,Number,PET,Petroleum products,SE,Sweden,2021,,189502,,,,,
dataflow,ESTAT:ROAD_EQR_CARPDA(1.0),New passenger cars by type of motor energy,A,Annual,NR,Number,PET,Petroleum products,SE,Sweden,2022,,153387,,,,,
dataflow,ESTAT:ROAD_EQR_CARPDA(1.0),New passenger cars by type of motor energy,A,Annual,NR,Number,PET,Petroleum products,SE,Sweden,2023,,146412,,,,,
dataflow,ESTAT:ROAD_EQR_CARPDA(1.0),New passenger cars by type of motor energy,A,Annual,NR,Number,PET,Petroleum products,SE,Sweden,2024,,147825,,,,,
dataflow,ESTAT:ROAD_EQR_CARPDA(1.0),New passenger cars by type of motor energy,A,Annual,NR,Number,PET,Petroleum products,SI,Slovenia,2013,,23942,,,,,
dataflow,ESTAT:ROAD_EQR_CARPDA(1.0),New passenger cars by type of motor energy,A,Annual,NR,Number,PET,Petroleum products,SI,Slovenia,2014,,23916,,,,,
dataflow,ESTAT:ROAD_EQR_CARPDA(1.0),New passenger cars by type of motor energy,A,Annual,NR,Number,PET,Petroleum products,SI,Slovenia,2015,,29038,,,,,
dataflow,ESTAT:ROAD_EQR_CARPDA(1.0),New passenger cars by type of motor energy,A,Annual,NR,Number,PET,Petroleum products,SI,Slovenia,2016,,31429,,,,,
dataflow,ESTAT:ROAD_EQR_CARPDA(1.0),New passenger cars by type of motor energy,A,Annual,NR,Number,PET,Petroleum products,SI,Slovenia,2017,,38229,,,,,
dataflow,ESTAT:ROAD_EQR_CARPDA(1.0),New passenger cars by type of motor energy,A,Annual,NR,Number,PET,Petroleum products,SI,Slovenia,2018,,48240,,,,,
dataflow,ESTAT:ROAD_EQR_CARPDA(1.0),New passenger cars by type of motor energy,A,Annual,NR,Number,PET,Petroleum products,SI,Slovenia,2019,,47937,,,,,
dataflow,ESTAT:ROAD_EQR_CARPDA(1.0),New passenger cars by type of motor energy,A,Annual,NR,Number,PET,Petroleum products,SI,Slovenia,2020,,33287,,i,value imputed by Eurostat or other receiving agencies,,
dataflow,ESTAT:ROAD_EQR_CARPDA(1.0),New passenger cars by type of motor energy,A,Annual,NR,Number,PET,Petroleum products,SI,Slovenia,2021,,37219,,i,value imputed by Eurostat or other receiving agencies,,
dataflow,ESTAT:ROAD_EQR_CARPDA(1.0),New passenger cars by type of motor energy,A,Annual,NR,Number,PET,Petroleum products,SI,Slovenia,2022,,32866,,i,value imputed by Eurostat or other receiving agencies,,
dataflow,ESTAT:ROAD_EQR_CARPDA(1.0),New passenger cars by type of motor energy,A,Annual,NR,Number,PET,Petroleum products,SI,Slovenia,2023,,36290,,,,,
dataflow,ESTAT:ROAD_EQR_CARPDA(1.0),New passenger cars by type of motor energy,A,Annual,NR,Number,PET,Petroleum products,SI,Slovenia,2024,,40433,,,,,
dataflow,ESTAT:ROAD_EQR_CARPDA(1.0),New passenger cars by type of motor energy,A,Annual,NR,Number,PET,Petroleum products,SK,Slovakia,2022,,59972,,i,value imputed by Eurostat or other receiving agencies,,
dataflow,ESTAT:ROAD_EQR_CARPDA(1.0),New passenger cars by type of motor energy,A,Annual,NR,Number,PET,Petroleum products,SK,Slovakia,2023,,64771,,i,value imputed by Eurostat or other receiving agencies,,
dataflow,ESTAT:ROAD_EQR_CARPDA(1.0),New passenger cars by type of motor energy,A,Annual,NR,Number,PET,Petroleum products,SK,Slovakia,2024,,67991,,i,value imputed by Eurostat or other receiving agencies,,
dataflow,ESTAT:ROAD_EQR_CARPDA(1.0),New passenger cars by type of motor energy,A,Annual,NR,Number,PET,Petroleum products,TR,Türkiye,2013,,256506,,,,,
dataflow,ESTAT:ROAD_EQR_CARPDA(1.0),New passenger cars by type of motor energy,A,Annual,NR,Number,PET,Petroleum products,TR,Türkiye,2014,,210168,,,,,
dataflow,ESTAT:ROAD_EQR_CARPDA(1.0),New passenger cars by type of motor energy,A,Annual,NR,Number,PET,Petroleum products,TR,Türkiye,2015,,270762,,,,,
dataflow,ESTAT:ROAD_EQR_CARPDA(1.0),New passenger cars by type of motor energy,A,Annual,NR,Number,PET,Petroleum products,TR,Türkiye,2016,,271453,,,,,
dataflow,ESTAT:ROAD_EQR_CARPDA(1.0),New passenger cars by type of motor energy,A,Annual,NR,Number,PET,Petroleum products,TR,Türkiye,2017,,259325,,,,,
dataflow,ESTAT:ROAD_EQR_CARPDA(1.0),New passenger cars by type of motor energy,A,Annual,NR,Number,PET,Petroleum products,TR,Türkiye,2018,,179131,,,,,
dataflow,ESTAT:ROAD_EQR_CARPDA(1.0),New passenger cars by type of motor energy,A,Annual,NR,Number,PET,Petroleum products,TR,Türkiye,2019,,152008,,,,,
dataflow,ESTAT:ROAD_EQR_CARPDA(1.0),New passenger cars by type of motor energy,A,Annual,NR,Number,PET,Petroleum products,TR,Türkiye,2020,,319023,,,,,
dataflow,ESTAT:ROAD_EQR_CARPDA(1.0),New passenger cars by type of motor energy,A,Annual,NR,Number,PET,Petroleum products,TR,Türkiye,2021,,429210,,,,,
dataflow,ESTAT:ROAD_EQR_CARPDA(1.0),New passenger cars by type of motor energy,A,Annual,NR,Number,PET,Petroleum products,TR,Türkiye,2022,,439007,,,,,
dataflow,ESTAT:ROAD_EQR_CARPDA(1.0),New passenger cars by type of motor energy,A,Annual,NR,Number,PET,Petroleum products,TR,Türkiye,2023,,704254,,,,,
dataflow,ESTAT:ROAD_EQR_CARPDA(1.0),New passenger cars by type of motor energy,A,Annual,NR,Number,PET,Petroleum products,TR,Türkiye,2024,,778382,,,,,
dataflow,ESTAT:ROAD_EQR_CARPDA(1.0),New passenger cars by type of motor energy,A,Annual,NR,Number,PET,Petroleum products,UA,Ukraine,2019,,36953,,,,,
dataflow,ESTAT:ROAD_EQR_CARPDA(1.0),New passenger cars by type of motor energy,A,Annual,NR,Number,PET,Petroleum products,UA,Ukraine,2020,,57137,,,,,
dataflow,ESTAT:ROAD_EQR_CARPDA(1.0),New passenger cars by type of motor energy,A,Annual,NR,Number,PET,Petroleum products,UA,Ukraine,2021,,73470,,,,,
dataflow,ESTAT:ROAD_EQR_CARPDA(1.0),New passenger cars by type of motor energy,A,Annual,NR,Number,PET,Petroleum products,UA,Ukraine,2022,,25663,,,,,
dataflow,ESTAT:ROAD_EQR_CARPDA(1.0),New passenger cars by type of motor energy,A,Annual,NR,Number,PET,Petroleum products,UA,Ukraine,2023,,36953,,,,,
dataflow,ESTAT:ROAD_EQR_CARPDA(1.0),New passenger cars by type of motor energy,A,Annual,NR,Number,PET,Petroleum products,UA,Ukraine,2024,,37817,,,,,
dataflow,ESTAT:ROAD_EQR_CARPDA(1.0),New passenger cars by type of motor energy,A,Annual,NR,Number,PET,Petroleum products,UK,United Kingdom,2015,,1334875,,,,,
dataflow,ESTAT:ROAD_EQR_CARPDA(1.0),New passenger cars by type of motor energy,A,Annual,NR,Number,PET,Petroleum products,UK,United Kingdom,2016,,1390355,,,,,
dataflow,ESTAT:ROAD_EQR_CARPDA(1.0),New passenger cars by type of motor energy,A,Annual,NR,Number,PET,Petroleum products,UK,United Kingdom,2017,,1446500,,,,,
dataflow,ESTAT:ROAD_EQR_CARPDA(1.0),New passenger cars by type of motor energy,A,Annual,NR,Number,PET,Petroleum products,UK,United Kingdom,2018,,1589618,,,,,
dataflow,ESTAT:ROAD_EQR_CARPDA(1.0),New passenger cars by type of motor energy,A,Annual,NR,Number,PET,Petroleum products,UK,United Kingdom,2021,,1226293,,,,,
dataflow,ESTAT:ROAD_EQR_CARPDA(1.0),New passenger cars by type of motor energy,A,Annual,NR,Number,PET,Petroleum products,UK,United Kingdom,2022,,1194409,,,,,
dataflow,ESTAT:ROAD_EQR_CARPDA(1.0),New passenger cars by type of motor energy,A,Annual,NR,Number,PET,Petroleum products,UK,United Kingdom,2023,,1446669,,,,,
dataflow,ESTAT:ROAD_EQR_CARPDA(1.0),New passenger cars by type of motor energy,A,Annual,NR,Number,PET,Petroleum products,XK,Kosovo*,2017,,2928,,,,,
dataflow,ESTAT:ROAD_EQR_CARPDA(1.0),New passenger cars by type of motor energy,A,Annual,NR,Number,PET,Petroleum products,XK,Kosovo*,2018,,2126,,,,,
dataflow,ESTAT:ROAD_EQR_CARPDA(1.0),New passenger cars by type of motor energy,A,Annual,NR,Number,PET,Petroleum products,XK,Kosovo*,2019,,0,,,,,
dataflow,ESTAT:ROAD_EQR_CARPDA(1.0),New passenger cars by type of motor energy,A,Annual,NR,Number,PET,Petroleum products,XK,Kosovo*,2021,,2840,,,,,
dataflow,ESTAT:ROAD_EQR_CARPDA(1.0),New passenger cars by type of motor energy,A,Annual,NR,Number,PET_X_HYB,Petrol (excluding hybrids)  ,AL,Albania,2019,,5726,,,,,
dataflow,ESTAT:ROAD_EQR_CARPDA(1.0),New passenger cars by type of motor energy,A,Annual,NR,Number,PET_X_HYB,Petrol (excluding hybrids)  ,AL,Albania,2020,,5580,,,,,
dataflow,ESTAT:ROAD_EQR_CARPDA(1.0),New passenger cars by type of motor energy,A,Annual,NR,Number,PET_X_HYB,Petrol (excluding hybrids)  ,AL,Albania,2021,,9168,,,,,
dataflow,ESTAT:ROAD_EQR_CARPDA(1.0),New passenger cars by type of motor energy,A,Annual,NR,Number,PET_X_HYB,Petrol (excluding hybrids)  ,AL,Albania,2022,,8294,,,,,
dataflow,ESTAT:ROAD_EQR_CARPDA(1.0),New passenger cars by type of motor energy,A,Annual,NR,Number,PET_X_HYB,Petrol (excluding hybrids)  ,AL,Albania,2023,,11605,,,,,
dataflow,ESTAT:ROAD_EQR_CARPDA(1.0),New passenger cars by type of motor energy,A,Annual,NR,Number,PET_X_HYB,Petrol (excluding hybrids)  ,AL,Albania,2024,,13569,,,,,
dataflow,ESTAT:ROAD_EQR_CARPDA(1.0),New passenger cars by type of motor energy,A,Annual,NR,Number,PET_X_HYB,Petrol (excluding hybrids)  ,AT,Austria,2013,,134276,,,,,
dataflow,ESTAT:ROAD_EQR_CARPDA(1.0),New passenger cars by type of motor energy,A,Annual,NR,Number,PET_X_HYB,Petrol (excluding hybrids)  ,AT,Austria,2014,,126503,,,,,
dataflow,ESTAT:ROAD_EQR_CARPDA(1.0),New passenger cars by type of motor energy,A,Annual,NR,Number,PET_X_HYB,Petrol (excluding hybrids)  ,AT,Austria,2015,,122832,,,,,
dataflow,ESTAT:ROAD_EQR_CARPDA(1.0),New passenger cars by type of motor energy,A,Annual,NR,Number,PET_X_HYB,Petrol (excluding hybrids)  ,AT,Austria,2016,,131756,,,,,
dataflow,ESTAT:ROAD_EQR_CARPDA(1.0),New passenger cars by type of motor energy,A,Annual,NR,Number,PET_X_HYB,Petrol (excluding hybrids)  ,AT,Austria,2017,,163701,,,,,
dataflow,ESTAT:ROAD_EQR_CARPDA(1.0),New passenger cars by type of motor energy,A,Annual,NR,Number,PET_X_HYB,Petrol (excluding hybrids)  ,AT,Austria,2018,,184150,,,,,
dataflow,ESTAT:ROAD_EQR_CARPDA(1.0),New passenger cars by type of motor energy,A,Annual,NR,Number,PET_X_HYB,Petrol (excluding hybrids)  ,AT,Austria,2019,,176706,,,,,
dataflow,ESTAT:ROAD_EQR_CARPDA(1.0),New passenger cars by type of motor energy,A,Annual,NR,Number,PET_X_HYB,Petrol (excluding hybrids)  ,AT,Austria,2020,,107771,,,,,
dataflow,ESTAT:ROAD_EQR_CARPDA(1.0),New passenger cars by type of motor energy,A,Annual,NR,Number,PET_X_HYB,Petrol (excluding hybrids)  ,AT,Austria,2021,,91478,,,,,
dataflow,ESTAT:ROAD_EQR_CARPDA(1.0),New passenger cars by type of motor energy,A,Annual,NR,Number,PET_X_HYB,Petrol (excluding hybrids)  ,AT,Austria,2022,,78567,,,,,
dataflow,ESTAT:ROAD_EQR_CARPDA(1.0),New passenger cars by type of motor energy,A,Annual,NR,Number,PET_X_HYB,Petrol (excluding hybrids)  ,AT,Austria,2023,,77354,,,,,
dataflow,ESTAT:ROAD_EQR_CARPDA(1.0),New passenger cars by type of motor energy,A,Annual,NR,Number,PET_X_HYB,Petrol (excluding hybrids)  ,AT,Austria,2024,,84004,,,,,
dataflow,ESTAT:ROAD_EQR_CARPDA(1.0),New passenger cars by type of motor energy,A,Annual,NR,Number,PET_X_HYB,Petrol (excluding hybrids)  ,BA,Bosnia and Herzegovina,2013,,1967,,,,,
dataflow,ESTAT:ROAD_EQR_CARPDA(1.0),New passenger cars by type of motor energy,A,Annual,NR,Number,PET_X_HYB,Petrol (excluding hybrids)  ,BA,Bosnia and Herzegovina,2014,,1831,,,,,
dataflow,ESTAT:ROAD_EQR_CARPDA(1.0),New passenger cars by type of motor energy,A,Annual,NR,Number,PET_X_HYB,Petrol (excluding hybrids)  ,BA,Bosnia and Herzegovina,2015,,1823,,,,,
dataflow,ESTAT:ROAD_EQR_CARPDA(1.0),New passenger cars by type of motor energy,A,Annual,NR,Number,PET_X_HYB,Petrol (excluding hybrids)  ,BA,Bosnia and Herzegovina,2016,,2321,,,,,
dataflow,ESTAT:ROAD_EQR_CARPDA(1.0),New passenger cars by type of motor energy,A,Annual,NR,Number,PET_X_HYB,Petrol (excluding hybrids)  ,BA,Bosnia and Herzegovina,2017,,2769,,,,,
dataflow,ESTAT:ROAD_EQR_CARPDA(1.0),New passenger cars by type of motor energy,A,Annual,NR,Number,PET_X_HYB,Petrol (excluding hybrids)  ,BA,Bosnia and Herzegovina,2018,,3220,,,,,
dataflow,ESTAT:ROAD_EQR_CARPDA(1.0),New passenger cars by type of motor energy,A,Annual,NR,Number,PET_X_HYB,Petrol (excluding hybrids)  ,BA,Bosnia and Herzegovina,2019,,3667,,,,,
dataflow,ESTAT:ROAD_EQR_CARPDA(1.0),New passenger cars by type of motor energy,A,Annual,NR,Number,PET_X_HYB,Petrol (excluding hybrids)  ,BA,Bosnia and Herzegovina,2020,,2800,,,,,
dataflow,ESTAT:ROAD_EQR_CARPDA(1.0),New passenger cars by type of motor energy,A,Annual,NR,Number,PET_X_HYB,Petrol (excluding hybrids)  ,BA,Bosnia and Herzegovina,2021,,3408,,,,,
dataflow,ESTAT:ROAD_EQR_CARPDA(1.0),New passenger cars by type of motor energy,A,Annual,NR,Number,PET_X_HYB,Petrol (excluding hybrids)  ,BA,Bosnia and Herzegovina,2022,,4154,,,,,
dataflow,ESTAT:ROAD_EQR_CARPDA(1.0),New passenger cars by type of motor energy,A,Annual,NR,Number,PET_X_HYB,Petrol (excluding hybrids)  ,BA,Bosnia and Herzegovina,2023,,4635,,,,,
dataflow,ESTAT:ROAD_EQR_CARPDA(1.0),New passenger cars by type of motor energy,A,Annual,NR,Number,PET_X_HYB,Petrol (excluding hybrids)  ,BA,Bosnia and Herzegovina,2024,,4388,,,,,
dataflow,ESTAT:ROAD_EQR_CARPDA(1.0),New passenger cars by type of motor energy,A,Annual,NR,Number,PET_X_HYB,Petrol (excluding hybrids)  ,BE,Belgium,2013,,164745,,,,,
dataflow,ESTAT:ROAD_EQR_CARPDA(1.0),New passenger cars by type of motor energy,A,Annual,NR,Number,PET_X_HYB,Petrol (excluding hybrids)  ,BE,Belgium,2014,,173939,,,,,
dataflow,ESTAT:ROAD_EQR_CARPDA(1.0),New passenger cars by type of motor energy,A,Annual,NR,Number,PET_X_HYB,Petrol (excluding hybrids)  ,BE,Belgium,2015,,189947,,,,,
dataflow,ESTAT:ROAD_EQR_CARPDA(1.0),New passenger cars by type of motor energy,A,Annual,NR,Number,PET_X_HYB,Petrol (excluding hybrids)  ,BE,Belgium,2016,,240384,,,,,
dataflow,ESTAT:ROAD_EQR_CARPDA(1.0),New passenger cars by type of motor energy,A,Annual,NR,Number,PET_X_HYB,Petrol (excluding hybrids)  ,BE,Belgium,2017,,265026,,,,,
dataflow,ESTAT:ROAD_EQR_CARPDA(1.0),New passenger cars by type of motor energy,A,Annual,NR,Number,PET_X_HYB,Petrol (excluding hybrids)  ,BE,Belgium,2018,,323774,,,,,
dataflow,ESTAT:ROAD_EQR_CARPDA(1.0),New passenger cars by type of motor energy,A,Annual,NR,Number,PET_X_HYB,Petrol (excluding hybrids)  ,BE,Belgium,2019,,336731,,,,,
dataflow,ESTAT:ROAD_EQR_CARPDA(1.0),New passenger cars by type of motor energy,A,Annual,NR,Number,PET_X_HYB,Petrol (excluding hybrids)  ,BE,Belgium,2020,,211646,,,,,
dataflow,ESTAT:ROAD_EQR_CARPDA(1.0),New passenger cars by type of motor energy,A,Annual,NR,Number,PET_X_HYB,Petrol (excluding hybrids)  ,BE,Belgium,2021,,169019,,,,,
dataflow,ESTAT:ROAD_EQR_CARPDA(1.0),New passenger cars by type of motor energy,A,Annual,NR,Number,PET_X_HYB,Petrol (excluding hybrids)  ,BE,Belgium,2022,,145998,,,,,
dataflow,ESTAT:ROAD_EQR_CARPDA(1.0),New passenger cars by type of motor energy,A,Annual,NR,Number,PET_X_HYB,Petrol (excluding hybrids)  ,BE,Belgium,2023,,155993,,i,value imputed by Eurostat or other receiving agencies,,
dataflow,ESTAT:ROAD_EQR_CARPDA(1.0),New passenger cars by type of motor energy,A,Annual,NR,Number,PET_X_HYB,Petrol (excluding hybrids)  ,BE,Belgium,2024,,128583,,i,value imputed by Eurostat or other receiving agencies,,
dataflow,ESTAT:ROAD_EQR_CARPDA(1.0),New passenger cars by type of motor energy,A,Annual,NR,Number,PET_X_HYB,Petrol (excluding hybrids)  ,BG,Bulgaria,2022,,21669,,i,value imputed by Eurostat or other receiving agencies,,
dataflow,ESTAT:ROAD_EQR_CARPDA(1.0),New passenger cars by type of motor energy,A,Annual,NR,Number,PET_X_HYB,Petrol (excluding hybrids)  ,BG,Bulgaria,2023,,28613,,i,value imputed by Eurostat or other receiving agencies,,
dataflow,ESTAT:ROAD_EQR_CARPDA(1.0),New passenger cars by type of motor energy,A,Annual,NR,Number,PET_X_HYB,Petrol (excluding hybrids)  ,BG,Bulgaria,2024,,32555,,i,value imputed by Eurostat or other receiving agencies,,
dataflow,ESTAT:ROAD_EQR_CARPDA(1.0),New passenger cars by type of motor energy,A,Annual,NR,Number,PET_X_HYB,Petrol (excluding hybrids)  ,CH,Switzerland,2013,,185120,,,,,
dataflow,ESTAT:ROAD_EQR_CARPDA(1.0),New passenger cars by type of motor energy,A,Annual,NR,Number,PET_X_HYB,Petrol (excluding hybrids)  ,CH,Switzerland,2014,,180908,,,,,
dataflow,ESTAT:ROAD_EQR_CARPDA(1.0),New passenger cars by type of motor energy,A,Annual,NR,Number,PET_X_HYB,Petrol (excluding hybrids)  ,CH,Switzerland,2015,,185525,,,,,
dataflow,ESTAT:ROAD_EQR_CARPDA(1.0),New passenger cars by type of motor energy,A,Annual,NR,Number,PET_X_HYB,Petrol (excluding hybrids)  ,CH,Switzerland,2016,,178730,,,,,
dataflow,ESTAT:ROAD_EQR_CARPDA(1.0),New passenger cars by type of motor energy,A,Annual,NR,Number,PET_X_HYB,Petrol (excluding hybrids)  ,CH,Switzerland,2017,,183697,,,,,
dataflow,ESTAT:ROAD_EQR_CARPDA(1.0),New passenger cars by type of motor energy,A,Annual,NR,Number,PET_X_HYB,Petrol (excluding hybrids)  ,CH,Switzerland,2018,,188357,,,,,
dataflow,ESTAT:ROAD_EQR_CARPDA(1.0),New passenger cars by type of motor energy,A,Annual,NR,Number,PET_X_HYB,Petrol (excluding hybrids)  ,CH,Switzerland,2019,,192156,,,,,
dataflow,ESTAT:ROAD_EQR_CARPDA(1.0),New passenger cars by type of motor energy,A,Annual,NR,Number,PET_X_HYB,Petrol (excluding hybrids)  ,CH,Switzerland,2020,,119012,,,,,
dataflow,ESTAT:ROAD_EQR_CARPDA(1.0),New passenger cars by type of motor energy,A,Annual,NR,Number,PET_X_HYB,Petrol (excluding hybrids)  ,CH,Switzerland,2021,,100865,,,,,
dataflow,ESTAT:ROAD_EQR_CARPDA(1.0),New passenger cars by type of motor energy,A,Annual,NR,Number,PET_X_HYB,Petrol (excluding hybrids)  ,CH,Switzerland,2022,,86309,,,,,
dataflow,ESTAT:ROAD_EQR_CARPDA(1.0),New passenger cars by type of motor energy,A,Annual,NR,Number,PET_X_HYB,Petrol (excluding hybrids)  ,CH,Switzerland,2023,,85254,,,,,
dataflow,ESTAT:ROAD_EQR_CARPDA(1.0),New passenger cars by type of motor energy,A,Annual,NR,Number,PET_X_HYB,Petrol (excluding hybrids)  ,CH,Switzerland,2024,,71519,,,,,
dataflow,ESTAT:ROAD_EQR_CARPDA(1.0),New passenger cars by type of motor energy,A,Annual,NR,Number,PET_X_HYB,Petrol (excluding hybrids)  ,CY,Cyprus,2013,,5700,,,,,
dataflow,ESTAT:ROAD_EQR_CARPDA(1.0),New passenger cars by type of motor energy,A,Annual,NR,Number,PET_X_HYB,Petrol (excluding hybrids)  ,CY,Cyprus,2014,,4978,,,,,
dataflow,ESTAT:ROAD_EQR_CARPDA(1.0),New passenger cars by type of motor energy,A,Annual,NR,Number,PET_X_HYB,Petrol (excluding hybrids)  ,CY,Cyprus,2015,,5715,,,,,
dataflow,ESTAT:ROAD_EQR_CARPDA(1.0),New passenger cars by type of motor energy,A,Annual,NR,Number,PET_X_HYB,Petrol (excluding hybrids)  ,CY,Cyprus,2016,,6753,,,,,
dataflow,ESTAT:ROAD_EQR_CARPDA(1.0),New passenger cars by type of motor energy,A,Annual,NR,Number,PET_X_HYB,Petrol (excluding hybrids)  ,CY,Cyprus,2017,,6891,,,,,
dataflow,ESTAT:ROAD_EQR_CARPDA(1.0),New passenger cars by type of motor energy,A,Annual,NR,Number,PET_X_HYB,Petrol (excluding hybrids)  ,CY,Cyprus,2018,,6874,,,,,
dataflow,ESTAT:ROAD_EQR_CARPDA(1.0),New passenger cars by type of motor energy,A,Annual,NR,Number,PET_X_HYB,Petrol (excluding hybrids)  ,CY,Cyprus,2019,,6959,,,,,
dataflow,ESTAT:ROAD_EQR_CARPDA(1.0),New passenger cars by type of motor energy,A,Annual,NR,Number,PET_X_HYB,Petrol (excluding hybrids)  ,CY,Cyprus,2020,,5706,,,,,
dataflow,ESTAT:ROAD_EQR_CARPDA(1.0),New passenger cars by type of motor energy,A,Annual,NR,Number,PET_X_HYB,Petrol (excluding hybrids)  ,CY,Cyprus,2021,,5997,,,,,
dataflow,ESTAT:ROAD_EQR_CARPDA(1.0),New passenger cars by type of motor energy,A,Annual,NR,Number,PET_X_HYB,Petrol (excluding hybrids)  ,CY,Cyprus,2022,,6380,,,,,
dataflow,ESTAT:ROAD_EQR_CARPDA(1.0),New passenger cars by type of motor energy,A,Annual,NR,Number,PET_X_HYB,Petrol (excluding hybrids)  ,CY,Cyprus,2023,,7279,,,,,
dataflow,ESTAT:ROAD_EQR_CARPDA(1.0),New passenger cars by type of motor energy,A,Annual,NR,Number,PET_X_HYB,Petrol (excluding hybrids)  ,CY,Cyprus,2024,,6394,,,,,
dataflow,ESTAT:ROAD_EQR_CARPDA(1.0),New passenger cars by type of motor energy,A,Annual,NR,Number,PET_X_HYB,Petrol (excluding hybrids)  ,CZ,Czechia,2021,,138660,,,,,
dataflow,ESTAT:ROAD_EQR_CARPDA(1.0),New passenger cars by type of motor energy,A,Annual,NR,Number,PET_X_HYB,Petrol (excluding hybrids)  ,CZ,Czechia,2022,,106597,,i,value imputed by Eurostat or other receiving agencies,,
dataflow,ESTAT:ROAD_EQR_CARPDA(1.0),New passenger cars by type of motor energy,A,Annual,NR,Number,PET_X_HYB,Petrol (excluding hybrids)  ,CZ,Czechia,2023,,115051,,i,value imputed by Eurostat or other receiving agencies,,
dataflow,ESTAT:ROAD_EQR_CARPDA(1.0),New passenger cars by type of motor energy,A,Annual,NR,Number,PET_X_HYB,Petrol (excluding hybrids)  ,CZ,Czechia,2024,,139857,,,,,
dataflow,ESTAT:ROAD_EQR_CARPDA(1.0),New passenger cars by type of motor energy,A,Annual,NR,Number,PET_X_HYB,Petrol (excluding hybrids)  ,DE,Germany,2017,,1986488,,,,,
dataflow,ESTAT:ROAD_EQR_CARPDA(1.0),New passenger cars by type of motor energy,A,Annual,NR,Number,PET_X_HYB,Petrol (excluding hybrids)  ,DE,Germany,2018,,2142700,,,,,
dataflow,ESTAT:ROAD_EQR_CARPDA(1.0),New passenger cars by type of motor energy,A,Annual,NR,Number,PET_X_HYB,Petrol (excluding hybrids)  ,DE,Germany,2019,,2136891,,,,,
dataflow,ESTAT:ROAD_EQR_CARPDA(1.0),New passenger cars by type of motor energy,A,Annual,NR,Number,PET_X_HYB,Petrol (excluding hybrids)  ,DE,Germany,2020,,1361723,,,,,
dataflow,ESTAT:ROAD_EQR_CARPDA(1.0),New passenger cars by type of motor energy,A,Annual,NR,Number,PET_X_HYB,Petrol (excluding hybrids)  ,DE,Germany,2021,,972588,,,,,
dataflow,ESTAT:ROAD_EQR_CARPDA(1.0),New passenger cars by type of motor energy,A,Annual,NR,Number,PET_X_HYB,Petrol (excluding hybrids)  ,DE,Germany,2022,,863445,,,,,
dataflow,ESTAT:ROAD_EQR_CARPDA(1.0),New passenger cars by type of motor energy,A,Annual,NR,Number,PET_X_HYB,Petrol (excluding hybrids)  ,DE,Germany,2023,,978660,,,,,
dataflow,ESTAT:ROAD_EQR_CARPDA(1.0),New passenger cars by type of motor energy,A,Annual,NR,Number,PET_X_HYB,Petrol (excluding hybrids)  ,DE,Germany,2024,,991948,,,,,
dataflow,ESTAT:ROAD_EQR_CARPDA(1.0),New passenger cars by type of motor energy,A,Annual,NR,Number,PET_X_HYB,Petrol (excluding hybrids)  ,DK,Denmark,2013,,122644,,,,,
dataflow,ESTAT:ROAD_EQR_CARPDA(1.0),New passenger cars by type of motor energy,A,Annual,NR,Number,PET_X_HYB,Petrol (excluding hybrids)  ,DK,Denmark,2014,,127172,,,,,
dataflow,ESTAT:ROAD_EQR_CARPDA(1.0),New passenger cars by type of motor energy,A,Annual,NR,Number,PET_X_HYB,Petrol (excluding hybrids)  ,DK,Denmark,2015,,137698,,,,,
dataflow,ESTAT:ROAD_EQR_CARPDA(1.0),New passenger cars by type of motor energy,A,Annual,NR,Number,PET_X_HYB,Petrol (excluding hybrids)  ,DK,Denmark,2016,,140371,,,,,
dataflow,ESTAT:ROAD_EQR_CARPDA(1.0),New passenger cars by type of motor energy,A,Annual,NR,Number,PET_X_HYB,Petrol (excluding hybrids)  ,DK,Denmark,2017,,142607,,,,,
dataflow,ESTAT:ROAD_EQR_CARPDA(1.0),New passenger cars by type of motor energy,A,Annual,NR,Number,PET_X_HYB,Petrol (excluding hybrids)  ,DK,Denmark,2018,,141318,,,,,
dataflow,ESTAT:ROAD_EQR_CARPDA(1.0),New passenger cars by type of motor energy,A,Annual,NR,Number,PET_X_HYB,Petrol (excluding hybrids)  ,DK,Denmark,2019,,155863,,,,,
dataflow,ESTAT:ROAD_EQR_CARPDA(1.0),New passenger cars by type of motor energy,A,Annual,NR,Number,PET_X_HYB,Petrol (excluding hybrids)  ,DK,Denmark,2020,,111259,,i,value imputed by Eurostat or other receiving agencies,,
dataflow,ESTAT:ROAD_EQR_CARPDA(1.0),New passenger cars by type of motor energy,A,Annual,NR,Number,PET_X_HYB,Petrol (excluding hybrids)  ,DK,Denmark,2021,,87137,,i,value imputed by Eurostat or other receiving agencies,,
dataflow,ESTAT:ROAD_EQR_CARPDA(1.0),New passenger cars by type of motor energy,A,Annual,NR,Number,PET_X_HYB,Petrol (excluding hybrids)  ,DK,Denmark,2022,,52655,,i,value imputed by Eurostat or other receiving agencies,,
dataflow,ESTAT:ROAD_EQR_CARPDA(1.0),New passenger cars by type of motor energy,A,Annual,NR,Number,PET_X_HYB,Petrol (excluding hybrids)  ,DK,Denmark,2023,,54357,,i,value imputed by Eurostat or other receiving agencies,,
dataflow,ESTAT:ROAD_EQR_CARPDA(1.0),New passenger cars by type of motor energy,A,Annual,NR,Number,PET_X_HYB,Petrol (excluding hybrids)  ,DK,Denmark,2024,,39506,,i,value imputed by Eurostat or other receiving agencies,,
dataflow,ESTAT:ROAD_EQR_CARPDA(1.0),New passenger cars by type of motor energy,A,Annual,NR,Number,PET_X_HYB,Petrol (excluding hybrids)  ,EE,Estonia,2013,,12017,,,,,
dataflow,ESTAT:ROAD_EQR_CARPDA(1.0),New passenger cars by type of motor energy,A,Annual,NR,Number,PET_X_HYB,Petrol (excluding hybrids)  ,EE,Estonia,2014,,12746,,,,,
dataflow,ESTAT:ROAD_EQR_CARPDA(1.0),New passenger cars by type of motor energy,A,Annual,NR,Number,PET_X_HYB,Petrol (excluding hybrids)  ,EE,Estonia,2015,,13718,,,,,
dataflow,ESTAT:ROAD_EQR_CARPDA(1.0),New passenger cars by type of motor energy,A,Annual,NR,Number,PET_X_HYB,Petrol (excluding hybrids)  ,EE,Estonia,2016,,15821,,,,,
dataflow,ESTAT:ROAD_EQR_CARPDA(1.0),New passenger cars by type of motor energy,A,Annual,NR,Number,PET_X_HYB,Petrol (excluding hybrids)  ,EE,Estonia,2017,,17991,,,,,
dataflow,ESTAT:ROAD_EQR_CARPDA(1.0),New passenger cars by type of motor energy,A,Annual,NR,Number,PET_X_HYB,Petrol (excluding hybrids)  ,EE,Estonia,2018,,18174,,,,,
dataflow,ESTAT:ROAD_EQR_CARPDA(1.0),New passenger cars by type of motor energy,A,Annual,NR,Number,PET_X_HYB,Petrol (excluding hybrids)  ,EE,Estonia,2019,,17928,,,,,
dataflow,ESTAT:ROAD_EQR_CARPDA(1.0),New passenger cars by type of motor energy,A,Annual,NR,Number,PET_X_HYB,Petrol (excluding hybrids)  ,EE,Estonia,2020,,10582,,,,,
dataflow,ESTAT:ROAD_EQR_CARPDA(1.0),New passenger cars by type of motor energy,A,Annual,NR,Number,PET_X_HYB,Petrol (excluding hybrids)  ,EE,Estonia,2021,,10817,,,,,
dataflow,ESTAT:ROAD_EQR_CARPDA(1.0),New passenger cars by type of motor energy,A,Annual,NR,Number,PET_X_HYB,Petrol (excluding hybrids)  ,EE,Estonia,2022,,9029,,,,,
dataflow,ESTAT:ROAD_EQR_CARPDA(1.0),New passenger cars by type of motor energy,A,Annual,NR,Number,PET_X_HYB,Petrol (excluding hybrids)  ,EE,Estonia,2023,,8914,,,,,
dataflow,ESTAT:ROAD_EQR_CARPDA(1.0),New passenger cars by type of motor energy,A,Annual,NR,Number,PET_X_HYB,Petrol (excluding hybrids)  ,EE,Estonia,2024,,6785,,,,,
dataflow,ESTAT:ROAD_EQR_CARPDA(1.0),New passenger cars by type of motor energy,A,Annual,NR,Number,PET_X_HYB,Petrol (excluding hybrids)  ,EL,Greece,2021,,49670,,e,estimated,,
dataflow,ESTAT:ROAD_EQR_CARPDA(1.0),New passenger cars by type of motor energy,A,Annual,NR,Number,PET_X_HYB,Petrol (excluding hybrids)  ,EL,Greece,2022,,47152,,,,,
dataflow,ESTAT:ROAD_EQR_CARPDA(1.0),New passenger cars by type of motor energy,A,Annual,NR,Number,PET_X_HYB,Petrol (excluding hybrids)  ,EL,Greece,2023,,56259,,,,,
dataflow,ESTAT:ROAD_EQR_CARPDA(1.0),New passenger cars by type of motor energy,A,Annual,NR,Number,PET_X_HYB,Petrol (excluding hybrids)  ,EL,Greece,2024,,48923,,i,value imputed by Eurostat or other receiving agencies,,
dataflow,ESTAT:ROAD_EQR_CARPDA(1.0),New passenger cars by type of motor energy,A,Annual,NR,Number,PET_X_HYB,Petrol (excluding hybrids)  ,ES,Spain,2014,,288860,,,,,
dataflow,ESTAT:ROAD_EQR_CARPDA(1.0),New passenger cars by type of motor energy,A,Annual,NR,Number,PET_X_HYB,Petrol (excluding hybrids)  ,ES,Spain,2015,,376691,,,,,
dataflow,ESTAT:ROAD_EQR_CARPDA(1.0),New passenger cars by type of motor energy,A,Annual,NR,Number,PET_X_HYB,Petrol (excluding hybrids)  ,ES,Spain,2016,,466320,,,,,
dataflow,ESTAT:ROAD_EQR_CARPDA(1.0),New passenger cars by type of motor energy,A,Annual,NR,Number,PET_X_HYB,Petrol (excluding hybrids)  ,ES,Spain,2017,,580296,,,,,
dataflow,ESTAT:ROAD_EQR_CARPDA(1.0),New passenger cars by type of motor energy,A,Annual,NR,Number,PET_X_HYB,Petrol (excluding hybrids)  ,ES,Spain,2018,,756357,,,,,
dataflow,ESTAT:ROAD_EQR_CARPDA(1.0),New passenger cars by type of motor energy,A,Annual,NR,Number,PET_X_HYB,Petrol (excluding hybrids)  ,ES,Spain,2019,,776373,,,,,
dataflow,ESTAT:ROAD_EQR_CARPDA(1.0),New passenger cars by type of motor energy,A,Annual,NR,Number,PET_X_HYB,Petrol (excluding hybrids)  ,ES,Spain,2020,,427645,,,,,
dataflow,ESTAT:ROAD_EQR_CARPDA(1.0),New passenger cars by type of motor energy,A,Annual,NR,Number,PET_X_HYB,Petrol (excluding hybrids)  ,ES,Spain,2021,,390081,,,,,
dataflow,ESTAT:ROAD_EQR_CARPDA(1.0),New passenger cars by type of motor energy,A,Annual,NR,Number,PET_X_HYB,Petrol (excluding hybrids)  ,ES,Spain,2022,,344341,,,,,
dataflow,ESTAT:ROAD_EQR_CARPDA(1.0),New passenger cars by type of motor energy,A,Annual,NR,Number,PET_X_HYB,Petrol (excluding hybrids)  ,ES,Spain,2023,,390295,,,,,
dataflow,ESTAT:ROAD_EQR_CARPDA(1.0),New passenger cars by type of motor energy,A,Annual,NR,Number,PET_X_HYB,Petrol (excluding hybrids)  ,ES,Spain,2024,,383652,,,,,
dataflow,ESTAT:ROAD_EQR_CARPDA(1.0),New passenger cars by type of motor energy,A,Annual,NR,Number,PET_X_HYB,Petrol (excluding hybrids)  ,EU27_2020,European Union - 27 countries (from 2020),2022,,3431120,,,,,
dataflow,ESTAT:ROAD_EQR_CARPDA(1.0),New passenger cars by type of motor energy,A,Annual,NR,Number,PET_X_HYB,Petrol (excluding hybrids)  ,EU27_2020,European Union - 27 countries (from 2020),2023,,3792523,,,,,
dataflow,ESTAT:ROAD_EQR_CARPDA(1.0),New passenger cars by type of motor energy,A,Annual,NR,Number,PET_X_HYB,Petrol (excluding hybrids)  ,EU27_2020,European Union - 27 countries (from 2020),2024,,3637801,,,,,
dataflow,ESTAT:ROAD_EQR_CARPDA(1.0),New passenger cars by type of motor energy,A,Annual,NR,Number,PET_X_HYB,Petrol (excluding hybrids)  ,FI,Finland,2014,,61733,,,,,
dataflow,ESTAT:ROAD_EQR_CARPDA(1.0),New passenger cars by type of motor energy,A,Annual,NR,Number,PET_X_HYB,Petrol (excluding hybrids)  ,FI,Finland,2015,,66252,,,,,
dataflow,ESTAT:ROAD_EQR_CARPDA(1.0),New passenger cars by type of motor energy,A,Annual,NR,Number,PET_X_HYB,Petrol (excluding hybrids)  ,FI,Finland,2016,,73258,,,,,
dataflow,ESTAT:ROAD_EQR_CARPDA(1.0),New passenger cars by type of motor energy,A,Annual,NR,Number,PET_X_HYB,Petrol (excluding hybrids)  ,FI,Finland,2017,,70522,,,,,
dataflow,ESTAT:ROAD_EQR_CARPDA(1.0),New passenger cars by type of motor energy,A,Annual,NR,Number,PET_X_HYB,Petrol (excluding hybrids)  ,FI,Finland,2018,,73069,,,,,
dataflow,ESTAT:ROAD_EQR_CARPDA(1.0),New passenger cars by type of motor energy,A,Annual,NR,Number,PET_X_HYB,Petrol (excluding hybrids)  ,FI,Finland,2019,,67751,,,,,
dataflow,ESTAT:ROAD_EQR_CARPDA(1.0),New passenger cars by type of motor energy,A,Annual,NR,Number,PET_X_HYB,Petrol (excluding hybrids)  ,FI,Finland,2020,,45596,,,,,
dataflow,ESTAT:ROAD_EQR_CARPDA(1.0),New passenger cars by type of motor energy,A,Annual,NR,Number,PET_X_HYB,Petrol (excluding hybrids)  ,FI,Finland,2021,,30760,,,,,
dataflow,ESTAT:ROAD_EQR_CARPDA(1.0),New passenger cars by type of motor energy,A,Annual,NR,Number,PET_X_HYB,Petrol (excluding hybrids)  ,FI,Finland,2022,,19246,,,,,
dataflow,ESTAT:ROAD_EQR_CARPDA(1.0),New passenger cars by type of motor energy,A,Annual,NR,Number,PET_X_HYB,Petrol (excluding hybrids)  ,FI,Finland,2023,,15261,,i,value imputed by Eurostat or other receiving agencies,,
dataflow,ESTAT:ROAD_EQR_CARPDA(1.0),New passenger cars by type of motor energy,A,Annual,NR,Number,PET_X_HYB,Petrol (excluding hybrids)  ,FI,Finland,2024,,11258,,,,,
dataflow,ESTAT:ROAD_EQR_CARPDA(1.0),New passenger cars by type of motor energy,A,Annual,NR,Number,PET_X_HYB,Petrol (excluding hybrids)  ,FR,France,2013,,530054,,,,,
dataflow,ESTAT:ROAD_EQR_CARPDA(1.0),New passenger cars by type of motor energy,A,Annual,NR,Number,PET_X_HYB,Petrol (excluding hybrids)  ,FR,France,2014,,589522,,,,,
dataflow,ESTAT:ROAD_EQR_CARPDA(1.0),New passenger cars by type of motor energy,A,Annual,NR,Number,PET_X_HYB,Petrol (excluding hybrids)  ,FR,France,2015,,736108,,,,,
dataflow,ESTAT:ROAD_EQR_CARPDA(1.0),New passenger cars by type of motor energy,A,Annual,NR,Number,PET_X_HYB,Petrol (excluding hybrids)  ,FR,France,2016,,874838,,,,,
dataflow,ESTAT:ROAD_EQR_CARPDA(1.0),New passenger cars by type of motor energy,A,Annual,NR,Number,PET_X_HYB,Petrol (excluding hybrids)  ,FR,France,2017,,1034534,,,,,
dataflow,ESTAT:ROAD_EQR_CARPDA(1.0),New passenger cars by type of motor energy,A,Annual,NR,Number,PET_X_HYB,Petrol (excluding hybrids)  ,FR,France,2018,,1224694,,,,,
dataflow,ESTAT:ROAD_EQR_CARPDA(1.0),New passenger cars by type of motor energy,A,Annual,NR,Number,PET_X_HYB,Petrol (excluding hybrids)  ,FR,France,2019,,1322937,,,,,
dataflow,ESTAT:ROAD_EQR_CARPDA(1.0),New passenger cars by type of motor energy,A,Annual,NR,Number,PET_X_HYB,Petrol (excluding hybrids)  ,FR,France,2020,,802718,,,,,
dataflow,ESTAT:ROAD_EQR_CARPDA(1.0),New passenger cars by type of motor energy,A,Annual,NR,Number,PET_X_HYB,Petrol (excluding hybrids)  ,FR,France,2021,,700919,,,,,
dataflow,ESTAT:ROAD_EQR_CARPDA(1.0),New passenger cars by type of motor energy,A,Annual,NR,Number,PET_X_HYB,Petrol (excluding hybrids)  ,FR,France,2022,,611179,,,,,
dataflow,ESTAT:ROAD_EQR_CARPDA(1.0),New passenger cars by type of motor energy,A,Annual,NR,Number,PET_X_HYB,Petrol (excluding hybrids)  ,FR,France,2023,,672770,,,,,
dataflow,ESTAT:ROAD_EQR_CARPDA(1.0),New passenger cars by type of motor energy,A,Annual,NR,Number,PET_X_HYB,Petrol (excluding hybrids)  ,FR,France,2024,,530232,,,,,
dataflow,ESTAT:ROAD_EQR_CARPDA(1.0),New passenger cars by type of motor energy,A,Annual,NR,Number,PET_X_HYB,Petrol (excluding hybrids)  ,GE,Georgia,2017,,1770,,,,,
dataflow,ESTAT:ROAD_EQR_CARPDA(1.0),New passenger cars by type of motor energy,A,Annual,NR,Number,PET_X_HYB,Petrol (excluding hybrids)  ,GE,Georgia,2018,,1964,,,,,
dataflow,ESTAT:ROAD_EQR_CARPDA(1.0),New passenger cars by type of motor energy,A,Annual,NR,Number,PET_X_HYB,Petrol (excluding hybrids)  ,GE,Georgia,2019,,961,,,,,
dataflow,ESTAT:ROAD_EQR_CARPDA(1.0),New passenger cars by type of motor energy,A,Annual,NR,Number,PET_X_HYB,Petrol (excluding hybrids)  ,GE,Georgia,2020,,961,,,,,
dataflow,ESTAT:ROAD_EQR_CARPDA(1.0),New passenger cars by type of motor energy,A,Annual,NR,Number,PET_X_HYB,Petrol (excluding hybrids)  ,GE,Georgia,2021,,1457,,,,,
dataflow,ESTAT:ROAD_EQR_CARPDA(1.0),New passenger cars by type of motor energy,A,Annual,NR,Number,PET_X_HYB,Petrol (excluding hybrids)  ,GE,Georgia,2022,,2617,,,,,
dataflow,ESTAT:ROAD_EQR_CARPDA(1.0),New passenger cars by type of motor energy,A,Annual,NR,Number,PET_X_HYB,Petrol (excluding hybrids)  ,GE,Georgia,2023,,3233,,,,,
dataflow,ESTAT:ROAD_EQR_CARPDA(1.0),New passenger cars by type of motor energy,A,Annual,NR,Number,PET_X_HYB,Petrol (excluding hybrids)  ,GE,Georgia,2024,,3442,,,,,
dataflow,ESTAT:ROAD_EQR_CARPDA(1.0),New passenger cars by type of motor energy,A,Annual,NR,Number,PET_X_HYB,Petrol (excluding hybrids)  ,HR,Croatia,2021,,23426,,,,,
dataflow,ESTAT:ROAD_EQR_CARPDA(1.0),New passenger cars by type of motor energy,A,Annual,NR,Number,PET_X_HYB,Petrol (excluding hybrids)  ,HR,Croatia,2022,,19149,,,,,
dataflow,ESTAT:ROAD_EQR_CARPDA(1.0),New passenger cars by type of motor energy,A,Annual,NR,Number,PET_X_HYB,Petrol (excluding hybrids)  ,HR,Croatia,2023,,21040,,,,,
dataflow,ESTAT:ROAD_EQR_CARPDA(1.0),New passenger cars by type of motor energy,A,Annual,NR,Number,PET_X_HYB,Petrol (excluding hybrids)  ,HR,Croatia,2024,,29841,,,,,
dataflow,ESTAT:ROAD_EQR_CARPDA(1.0),New passenger cars by type of motor energy,A,Annual,NR,Number,PET_X_HYB,Petrol (excluding hybrids)  ,HU,Hungary,2013,,29966,,,,,
dataflow,ESTAT:ROAD_EQR_CARPDA(1.0),New passenger cars by type of motor energy,A,Annual,NR,Number,PET_X_HYB,Petrol (excluding hybrids)  ,HU,Hungary,2014,,37103,,,,,
dataflow,ESTAT:ROAD_EQR_CARPDA(1.0),New passenger cars by type of motor energy,A,Annual,NR,Number,PET_X_HYB,Petrol (excluding hybrids)  ,HU,Hungary,2015,,44044,,,,,
dataflow,ESTAT:ROAD_EQR_CARPDA(1.0),New passenger cars by type of motor energy,A,Annual,NR,Number,PET_X_HYB,Petrol (excluding hybrids)  ,HU,Hungary,2016,,59943,,,,,
dataflow,ESTAT:ROAD_EQR_CARPDA(1.0),New passenger cars by type of motor energy,A,Annual,NR,Number,PET_X_HYB,Petrol (excluding hybrids)  ,HU,Hungary,2017,,74498,,,,,
dataflow,ESTAT:ROAD_EQR_CARPDA(1.0),New passenger cars by type of motor energy,A,Annual,NR,Number,PET_X_HYB,Petrol (excluding hybrids)  ,HU,Hungary,2018,,96555,,,,,
dataflow,ESTAT:ROAD_EQR_CARPDA(1.0),New passenger cars by type of motor energy,A,Annual,NR,Number,PET_X_HYB,Petrol (excluding hybrids)  ,HU,Hungary,2019,,114709,,,,,
dataflow,ESTAT:ROAD_EQR_CARPDA(1.0),New passenger cars by type of motor energy,A,Annual,NR,Number,PET_X_HYB,Petrol (excluding hybrids)  ,HU,Hungary,2020,,62301,,,,,
dataflow,ESTAT:ROAD_EQR_CARPDA(1.0),New passenger cars by type of motor energy,A,Annual,NR,Number,PET_X_HYB,Petrol (excluding hybrids)  ,HU,Hungary,2021,,45561,,,,,
dataflow,ESTAT:ROAD_EQR_CARPDA(1.0),New passenger cars by type of motor energy,A,Annual,NR,Number,PET_X_HYB,Petrol (excluding hybrids)  ,HU,Hungary,2022,,44330,,,,,
dataflow,ESTAT:ROAD_EQR_CARPDA(1.0),New passenger cars by type of motor energy,A,Annual,NR,Number,PET_X_HYB,Petrol (excluding hybrids)  ,HU,Hungary,2023,,37811,,,,,
dataflow,ESTAT:ROAD_EQR_CARPDA(1.0),New passenger cars by type of motor energy,A,Annual,NR,Number,PET_X_HYB,Petrol (excluding hybrids)  ,HU,Hungary,2024,,36280,,i,value imputed by Eurostat or other receiving agencies,,
dataflow,ESTAT:ROAD_EQR_CARPDA(1.0),New passenger cars by type of motor energy,A,Annual,NR,Number,PET_X_HYB,Petrol (excluding hybrids)  ,IE,Ireland,2017,,40495,,,,,
dataflow,ESTAT:ROAD_EQR_CARPDA(1.0),New passenger cars by type of motor energy,A,Annual,NR,Number,PET_X_HYB,Petrol (excluding hybrids)  ,IE,Ireland,2018,,48840,,,,,
dataflow,ESTAT:ROAD_EQR_CARPDA(1.0),New passenger cars by type of motor energy,A,Annual,NR,Number,PET_X_HYB,Petrol (excluding hybrids)  ,IE,Ireland,2019,,50318,,,,,
dataflow,ESTAT:ROAD_EQR_CARPDA(1.0),New passenger cars by type of motor energy,A,Annual,NR,Number,PET_X_HYB,Petrol (excluding hybrids)  ,IE,Ireland,2020,,33595,,,,,
dataflow,ESTAT:ROAD_EQR_CARPDA(1.0),New passenger cars by type of motor energy,A,Annual,NR,Number,PET_X_HYB,Petrol (excluding hybrids)  ,IE,Ireland,2021,,34000,,,,,
dataflow,ESTAT:ROAD_EQR_CARPDA(1.0),New passenger cars by type of motor energy,A,Annual,NR,Number,PET_X_HYB,Petrol (excluding hybrids)  ,IE,Ireland,2022,,32095,,,,,
dataflow,ESTAT:ROAD_EQR_CARPDA(1.0),New passenger cars by type of motor energy,A,Annual,NR,Number,PET_X_HYB,Petrol (excluding hybrids)  ,IE,Ireland,2023,,40370,,,,,
dataflow,ESTAT:ROAD_EQR_CARPDA(1.0),New passenger cars by type of motor energy,A,Annual,NR,Number,PET_X_HYB,Petrol (excluding hybrids)  ,IE,Ireland,2024,,37663,,i,value imputed by Eurostat or other receiving agencies,,
dataflow,ESTAT:ROAD_EQR_CARPDA(1.0),New passenger cars by type of motor energy,A,Annual,NR,Number,PET_X_HYB,Petrol (excluding hybrids)  ,IS,Iceland,2017,,10426,,,,,
dataflow,ESTAT:ROAD_EQR_CARPDA(1.0),New passenger cars by type of motor energy,A,Annual,NR,Number,PET_X_HYB,Petrol (excluding hybrids)  ,IS,Iceland,2018,,8411,,,,,
dataflow,ESTAT:ROAD_EQR_CARPDA(1.0),New passenger cars by type of motor energy,A,Annual,NR,Number,PET_X_HYB,Petrol (excluding hybrids)  ,IS,Iceland,2019,,5379,,,,,
dataflow,ESTAT:ROAD_EQR_CARPDA(1.0),New passenger cars by type of motor energy,A,Annual,NR,Number,PET_X_HYB,Petrol (excluding hybrids)  ,IS,Iceland,2020,,2551,,,,,
dataflow,ESTAT:ROAD_EQR_CARPDA(1.0),New passenger cars by type of motor energy,A,Annual,NR,Number,PET_X_HYB,Petrol (excluding hybrids)  ,IS,Iceland,2021,,2250,,,,,
dataflow,ESTAT:ROAD_EQR_CARPDA(1.0),New passenger cars by type of motor energy,A,Annual,NR,Number,PET_X_HYB,Petrol (excluding hybrids)  ,IS,Iceland,2022,,1985,,i,value imputed by Eurostat or other receiving agencies,,
dataflow,ESTAT:ROAD_EQR_CARPDA(1.0),New passenger cars by type of motor energy,A,Annual,NR,Number,PET_X_HYB,Petrol (excluding hybrids)  ,IS,Iceland,2023,,1711,,i,value imputed by Eurostat or other receiving agencies,,
dataflow,ESTAT:ROAD_EQR_CARPDA(1.0),New passenger cars by type of motor energy,A,Annual,NR,Number,PET_X_HYB,Petrol (excluding hybrids)  ,IS,Iceland,2024,,1551,,i,value imputed by Eurostat or other receiving agencies,,
dataflow,ESTAT:ROAD_EQR_CARPDA(1.0),New passenger cars by type of motor energy,A,Annual,NR,Number,PET_X_HYB,Petrol (excluding hybrids)  ,IT,Italy,2013,,419045,,,,,
dataflow,ESTAT:ROAD_EQR_CARPDA(1.0),New passenger cars by type of motor energy,A,Annual,NR,Number,PET_X_HYB,Petrol (excluding hybrids)  ,IT,Italy,2014,,420708,,,,,
dataflow,ESTAT:ROAD_EQR_CARPDA(1.0),New passenger cars by type of motor energy,A,Annual,NR,Number,PET_X_HYB,Petrol (excluding hybrids)  ,IT,Italy,2015,,521450,,,,,
dataflow,ESTAT:ROAD_EQR_CARPDA(1.0),New passenger cars by type of motor energy,A,Annual,NR,Number,PET_X_HYB,Petrol (excluding hybrids)  ,IT,Italy,2016,,643165,,,,,
dataflow,ESTAT:ROAD_EQR_CARPDA(1.0),New passenger cars by type of motor energy,A,Annual,NR,Number,PET_X_HYB,Petrol (excluding hybrids)  ,IT,Italy,2017,,700072,,,,,
dataflow,ESTAT:ROAD_EQR_CARPDA(1.0),New passenger cars by type of motor energy,A,Annual,NR,Number,PET_X_HYB,Petrol (excluding hybrids)  ,IT,Italy,2018,,774685,,,,,
dataflow,ESTAT:ROAD_EQR_CARPDA(1.0),New passenger cars by type of motor energy,A,Annual,NR,Number,PET_X_HYB,Petrol (excluding hybrids)  ,IT,Italy,2019,,889685,,,,,
dataflow,ESTAT:ROAD_EQR_CARPDA(1.0),New passenger cars by type of motor energy,A,Annual,NR,Number,PET_X_HYB,Petrol (excluding hybrids)  ,IT,Italy,2020,,585470,,,,,
dataflow,ESTAT:ROAD_EQR_CARPDA(1.0),New passenger cars by type of motor energy,A,Annual,NR,Number,PET_X_HYB,Petrol (excluding hybrids)  ,IT,Italy,2021,,481746,,,,,
dataflow,ESTAT:ROAD_EQR_CARPDA(1.0),New passenger cars by type of motor energy,A,Annual,NR,Number,PET_X_HYB,Petrol (excluding hybrids)  ,IT,Italy,2022,,376485,,,,,
dataflow,ESTAT:ROAD_EQR_CARPDA(1.0),New passenger cars by type of motor energy,A,Annual,NR,Number,PET_X_HYB,Petrol (excluding hybrids)  ,IT,Italy,2023,,456263,,,,,
dataflow,ESTAT:ROAD_EQR_CARPDA(1.0),New passenger cars by type of motor energy,A,Annual,NR,Number,PET_X_HYB,Petrol (excluding hybrids)  ,IT,Italy,2024,,455940,,i,value imputed by Eurostat or other receiving agencies,,
dataflow,ESTAT:ROAD_EQR_CARPDA(1.0),New passenger cars by type of motor energy,A,Annual,NR,Number,PET_X_HYB,Petrol (excluding hybrids)  ,LI,Liechtenstein,2013,,1000,,,,,
dataflow,ESTAT:ROAD_EQR_CARPDA(1.0),New passenger cars by type of motor energy,A,Annual,NR,Number,PET_X_HYB,Petrol (excluding hybrids)  ,LI,Liechtenstein,2014,,944,,,,,
dataflow,ESTAT:ROAD_EQR_CARPDA(1.0),New passenger cars by type of motor energy,A,Annual,NR,Number,PET_X_HYB,Petrol (excluding hybrids)  ,LI,Liechtenstein,2015,,1017,,,,,
dataflow,ESTAT:ROAD_EQR_CARPDA(1.0),New passenger cars by type of motor energy,A,Annual,NR,Number,PET_X_HYB,Petrol (excluding hybrids)  ,LI,Liechtenstein,2016,,889,,,,,
dataflow,ESTAT:ROAD_EQR_CARPDA(1.0),New passenger cars by type of motor energy,A,Annual,NR,Number,PET_X_HYB,Petrol (excluding hybrids)  ,LI,Liechtenstein,2017,,1032,,,,,
dataflow,ESTAT:ROAD_EQR_CARPDA(1.0),New passenger cars by type of motor energy,A,Annual,NR,Number,PET_X_HYB,Petrol (excluding hybrids)  ,LI,Liechtenstein,2018,,1046,,,,,
dataflow,ESTAT:ROAD_EQR_CARPDA(1.0),New passenger cars by type of motor energy,A,Annual,NR,Number,PET_X_HYB,Petrol (excluding hybrids)  ,LI,Liechtenstein,2019,,1047,,,,,
dataflow,ESTAT:ROAD_EQR_CARPDA(1.0),New passenger cars by type of motor energy,A,Annual,NR,Number,PET_X_HYB,Petrol (excluding hybrids)  ,LI,Liechtenstein,2020,,659,,,,,
dataflow,ESTAT:ROAD_EQR_CARPDA(1.0),New passenger cars by type of motor energy,A,Annual,NR,Number,PET_X_HYB,Petrol (excluding hybrids)  ,LI,Liechtenstein,2021,,583,,,,,
dataflow,ESTAT:ROAD_EQR_CARPDA(1.0),New passenger cars by type of motor energy,A,Annual,NR,Number,PET_X_HYB,Petrol (excluding hybrids)  ,LI,Liechtenstein,2022,,514,,,,,
dataflow,ESTAT:ROAD_EQR_CARPDA(1.0),New passenger cars by type of motor energy,A,Annual,NR,Number,PET_X_HYB,Petrol (excluding hybrids)  ,LI,Liechtenstein,2023,,531,,,,,
dataflow,ESTAT:ROAD_EQR_CARPDA(1.0),New passenger cars by type of motor energy,A,Annual,NR,Number,PET_X_HYB,Petrol (excluding hybrids)  ,LI,Liechtenstein,2024,,400,,,,,
dataflow,ESTAT:ROAD_EQR_CARPDA(1.0),New passenger cars by type of motor energy,A,Annual,NR,Number,PET_X_HYB,Petrol (excluding hybrids)  ,LT,Lithuania,2013,,5191,,,,,
dataflow,ESTAT:ROAD_EQR_CARPDA(1.0),New passenger cars by type of motor energy,A,Annual,NR,Number,PET_X_HYB,Petrol (excluding hybrids)  ,LT,Lithuania,2014,,4676,,,,,
dataflow,ESTAT:ROAD_EQR_CARPDA(1.0),New passenger cars by type of motor energy,A,Annual,NR,Number,PET_X_HYB,Petrol (excluding hybrids)  ,LT,Lithuania,2015,,5908,,,,,
dataflow,ESTAT:ROAD_EQR_CARPDA(1.0),New passenger cars by type of motor energy,A,Annual,NR,Number,PET_X_HYB,Petrol (excluding hybrids)  ,LT,Lithuania,2016,,8499,,,,,
dataflow,ESTAT:ROAD_EQR_CARPDA(1.0),New passenger cars by type of motor energy,A,Annual,NR,Number,PET_X_HYB,Petrol (excluding hybrids)  ,LT,Lithuania,2017,,10661,,,,,
dataflow,ESTAT:ROAD_EQR_CARPDA(1.0),New passenger cars by type of motor energy,A,Annual,NR,Number,PET_X_HYB,Petrol (excluding hybrids)  ,LT,Lithuania,2018,,11920,,,,,
dataflow,ESTAT:ROAD_EQR_CARPDA(1.0),New passenger cars by type of motor energy,A,Annual,NR,Number,PET_X_HYB,Petrol (excluding hybrids)  ,LT,Lithuania,2019,,14717,,,,,
dataflow,ESTAT:ROAD_EQR_CARPDA(1.0),New passenger cars by type of motor energy,A,Annual,NR,Number,PET_X_HYB,Petrol (excluding hybrids)  ,LT,Lithuania,2020,,24924,,,,,
dataflow,ESTAT:ROAD_EQR_CARPDA(1.0),New passenger cars by type of motor energy,A,Annual,NR,Number,PET_X_HYB,Petrol (excluding hybrids)  ,LT,Lithuania,2021,,12407,,,,,
dataflow,ESTAT:ROAD_EQR_CARPDA(1.0),New passenger cars by type of motor energy,A,Annual,NR,Number,PET_X_HYB,Petrol (excluding hybrids)  ,LT,Lithuania,2022,,10323,,,,,
dataflow,ESTAT:ROAD_EQR_CARPDA(1.0),New passenger cars by type of motor energy,A,Annual,NR,Number,PET_X_HYB,Petrol (excluding hybrids)  ,LT,Lithuania,2023,,9966,,,,,
dataflow,ESTAT:ROAD_EQR_CARPDA(1.0),New passenger cars by type of motor energy,A,Annual,NR,Number,PET_X_HYB,Petrol (excluding hybrids)  ,LT,Lithuania,2024,,6743,,,,,
dataflow,ESTAT:ROAD_EQR_CARPDA(1.0),New passenger cars by type of motor energy,A,Annual,NR,Number,PET_X_HYB,Petrol (excluding hybrids)  ,LU,Luxembourg,2013,,11847,,,,,
dataflow,ESTAT:ROAD_EQR_CARPDA(1.0),New passenger cars by type of motor energy,A,Annual,NR,Number,PET_X_HYB,Petrol (excluding hybrids)  ,LU,Luxembourg,2014,,13097,,,,,
dataflow,ESTAT:ROAD_EQR_CARPDA(1.0),New passenger cars by type of motor energy,A,Annual,NR,Number,PET_X_HYB,Petrol (excluding hybrids)  ,LU,Luxembourg,2015,,13021,,,,,
dataflow,ESTAT:ROAD_EQR_CARPDA(1.0),New passenger cars by type of motor energy,A,Annual,NR,Number,PET_X_HYB,Petrol (excluding hybrids)  ,LU,Luxembourg,2016,,16900,,,,,
dataflow,ESTAT:ROAD_EQR_CARPDA(1.0),New passenger cars by type of motor energy,A,Annual,NR,Number,PET_X_HYB,Petrol (excluding hybrids)  ,LU,Luxembourg,2017,,22368,,,,,
dataflow,ESTAT:ROAD_EQR_CARPDA(1.0),New passenger cars by type of motor energy,A,Annual,NR,Number,PET_X_HYB,Petrol (excluding hybrids)  ,LU,Luxembourg,2018,,25811,,,,,
dataflow,ESTAT:ROAD_EQR_CARPDA(1.0),New passenger cars by type of motor energy,A,Annual,NR,Number,PET_X_HYB,Petrol (excluding hybrids)  ,LU,Luxembourg,2019,,27837,,,,,
dataflow,ESTAT:ROAD_EQR_CARPDA(1.0),New passenger cars by type of motor energy,A,Annual,NR,Number,PET_X_HYB,Petrol (excluding hybrids)  ,LU,Luxembourg,2020,,19589,,,,,
dataflow,ESTAT:ROAD_EQR_CARPDA(1.0),New passenger cars by type of motor energy,A,Annual,NR,Number,PET_X_HYB,Petrol (excluding hybrids)  ,LU,Luxembourg,2021,,16839,,,,,
dataflow,ESTAT:ROAD_EQR_CARPDA(1.0),New passenger cars by type of motor energy,A,Annual,NR,Number,PET_X_HYB,Petrol (excluding hybrids)  ,LU,Luxembourg,2022,,14559,,,,,
dataflow,ESTAT:ROAD_EQR_CARPDA(1.0),New passenger cars by type of motor energy,A,Annual,NR,Number,PET_X_HYB,Petrol (excluding hybrids)  ,LU,Luxembourg,2023,,16307,,,,,
dataflow,ESTAT:ROAD_EQR_CARPDA(1.0),New passenger cars by type of motor energy,A,Annual,NR,Number,PET_X_HYB,Petrol (excluding hybrids)  ,LU,Luxembourg,2024,,13783,,,,,
dataflow,ESTAT:ROAD_EQR_CARPDA(1.0),New passenger cars by type of motor energy,A,Annual,NR,Number,PET_X_HYB,Petrol (excluding hybrids)  ,LV,Latvia,2014,,5758,,,,,
dataflow,ESTAT:ROAD_EQR_CARPDA(1.0),New passenger cars by type of motor energy,A,Annual,NR,Number,PET_X_HYB,Petrol (excluding hybrids)  ,LV,Latvia,2015,,7202,,,,,
dataflow,ESTAT:ROAD_EQR_CARPDA(1.0),New passenger cars by type of motor energy,A,Annual,NR,Number,PET_X_HYB,Petrol (excluding hybrids)  ,LV,Latvia,2016,,9363,,,,,
dataflow,ESTAT:ROAD_EQR_CARPDA(1.0),New passenger cars by type of motor energy,A,Annual,NR,Number,PET_X_HYB,Petrol (excluding hybrids)  ,LV,Latvia,2017,,9471,,,,,
dataflow,ESTAT:ROAD_EQR_CARPDA(1.0),New passenger cars by type of motor energy,A,Annual,NR,Number,PET_X_HYB,Petrol (excluding hybrids)  ,LV,Latvia,2018,,10222,,,,,
dataflow,ESTAT:ROAD_EQR_CARPDA(1.0),New passenger cars by type of motor energy,A,Annual,NR,Number,PET_X_HYB,Petrol (excluding hybrids)  ,LV,Latvia,2019,,11379,,,,,
dataflow,ESTAT:ROAD_EQR_CARPDA(1.0),New passenger cars by type of motor energy,A,Annual,NR,Number,PET_X_HYB,Petrol (excluding hybrids)  ,LV,Latvia,2020,,8285,,,,,
dataflow,ESTAT:ROAD_EQR_CARPDA(1.0),New passenger cars by type of motor energy,A,Annual,NR,Number,PET_X_HYB,Petrol (excluding hybrids)  ,LV,Latvia,2021,,9788,,,,,
dataflow,ESTAT:ROAD_EQR_CARPDA(1.0),New passenger cars by type of motor energy,A,Annual,NR,Number,PET_X_HYB,Petrol (excluding hybrids)  ,LV,Latvia,2022,,7024,,,,,
dataflow,ESTAT:ROAD_EQR_CARPDA(1.0),New passenger cars by type of motor energy,A,Annual,NR,Number,PET_X_HYB,Petrol (excluding hybrids)  ,LV,Latvia,2023,,6841,,,,,
dataflow,ESTAT:ROAD_EQR_CARPDA(1.0),New passenger cars by type of motor energy,A,Annual,NR,Number,PET_X_HYB,Petrol (excluding hybrids)  ,LV,Latvia,2024,,4619,,,,,
dataflow,ESTAT:ROAD_EQR_CARPDA(1.0),New passenger cars by type of motor energy,A,Annual,NR,Number,PET_X_HYB,Petrol (excluding hybrids)  ,ME,Montenegro,2016,,999,,,,,
dataflow,ESTAT:ROAD_EQR_CARPDA(1.0),New passenger cars by type of motor energy,A,Annual,NR,Number,PET_X_HYB,Petrol (excluding hybrids)  ,ME,Montenegro,2017,,1297,,,,,
dataflow,ESTAT:ROAD_EQR_CARPDA(1.0),New passenger cars by type of motor energy,A,Annual,NR,Number,PET_X_HYB,Petrol (excluding hybrids)  ,ME,Montenegro,2018,,1600,,,,,
dataflow,ESTAT:ROAD_EQR_CARPDA(1.0),New passenger cars by type of motor energy,A,Annual,NR,Number,PET_X_HYB,Petrol (excluding hybrids)  ,ME,Montenegro,2019,,1998,,,,,
dataflow,ESTAT:ROAD_EQR_CARPDA(1.0),New passenger cars by type of motor energy,A,Annual,NR,Number,PET_X_HYB,Petrol (excluding hybrids)  ,ME,Montenegro,2020,,562,,,,,
dataflow,ESTAT:ROAD_EQR_CARPDA(1.0),New passenger cars by type of motor energy,A,Annual,NR,Number,PET_X_HYB,Petrol (excluding hybrids)  ,ME,Montenegro,2021,,1650,,,,,
dataflow,ESTAT:ROAD_EQR_CARPDA(1.0),New passenger cars by type of motor energy,A,Annual,NR,Number,PET_X_HYB,Petrol (excluding hybrids)  ,ME,Montenegro,2022,,1681,,,,,
dataflow,ESTAT:ROAD_EQR_CARPDA(1.0),New passenger cars by type of motor energy,A,Annual,NR,Number,PET_X_HYB,Petrol (excluding hybrids)  ,MT,Malta,2015,,4370,,,,,
dataflow,ESTAT:ROAD_EQR_CARPDA(1.0),New passenger cars by type of motor energy,A,Annual,NR,Number,PET_X_HYB,Petrol (excluding hybrids)  ,MT,Malta,2016,,4560,,,,,
dataflow,ESTAT:ROAD_EQR_CARPDA(1.0),New passenger cars by type of motor energy,A,Annual,NR,Number,PET_X_HYB,Petrol (excluding hybrids)  ,MT,Malta,2017,,4908,,,,,
dataflow,ESTAT:ROAD_EQR_CARPDA(1.0),New passenger cars by type of motor energy,A,Annual,NR,Number,PET_X_HYB,Petrol (excluding hybrids)  ,MT,Malta,2018,,4955,,,,,
dataflow,ESTAT:ROAD_EQR_CARPDA(1.0),New passenger cars by type of motor energy,A,Annual,NR,Number,PET_X_HYB,Petrol (excluding hybrids)  ,MT,Malta,2019,,4612,,,,,
dataflow,ESTAT:ROAD_EQR_CARPDA(1.0),New passenger cars by type of motor energy,A,Annual,NR,Number,PET_X_HYB,Petrol (excluding hybrids)  ,MT,Malta,2020,,2701,,,,,
dataflow,ESTAT:ROAD_EQR_CARPDA(1.0),New passenger cars by type of motor energy,A,Annual,NR,Number,PET_X_HYB,Petrol (excluding hybrids)  ,MT,Malta,2021,,2686,,,,,
dataflow,ESTAT:ROAD_EQR_CARPDA(1.0),New passenger cars by type of motor energy,A,Annual,NR,Number,PET_X_HYB,Petrol (excluding hybrids)  ,MT,Malta,2022,,2411,,,,,
dataflow,ESTAT:ROAD_EQR_CARPDA(1.0),New passenger cars by type of motor energy,A,Annual,NR,Number,PET_X_HYB,Petrol (excluding hybrids)  ,MT,Malta,2023,,2525,,,,,
dataflow,ESTAT:ROAD_EQR_CARPDA(1.0),New passenger cars by type of motor energy,A,Annual,NR,Number,PET_X_HYB,Petrol (excluding hybrids)  ,MT,Malta,2024,,2453,,,,,
dataflow,ESTAT:ROAD_EQR_CARPDA(1.0),New passenger cars by type of motor energy,A,Annual,NR,Number,PET_X_HYB,Petrol (excluding hybrids)  ,NL,Netherlands,2019,,316274,,,,,
dataflow,ESTAT:ROAD_EQR_CARPDA(1.0),New passenger cars by type of motor energy,A,Annual,NR,Number,PET_X_HYB,Petrol (excluding hybrids)  ,NL,Netherlands,2020,,205008,,,,,
dataflow,ESTAT:ROAD_EQR_CARPDA(1.0),New passenger cars by type of motor energy,A,Annual,NR,Number,PET_X_HYB,Petrol (excluding hybrids)  ,NL,Netherlands,2021,,146821,,,,,
dataflow,ESTAT:ROAD_EQR_CARPDA(1.0),New passenger cars by type of motor energy,A,Annual,NR,Number,PET_X_HYB,Petrol (excluding hybrids)  ,NL,Netherlands,2022,,119401,,,,,
dataflow,ESTAT:ROAD_EQR_CARPDA(1.0),New passenger cars by type of motor energy,A,Annual,NR,Number,PET_X_HYB,Petrol (excluding hybrids)  ,NL,Netherlands,2023,,112211,,,,,
dataflow,ESTAT:ROAD_EQR_CARPDA(1.0),New passenger cars by type of motor energy,A,Annual,NR,Number,PET_X_HYB,Petrol (excluding hybrids)  ,NL,Netherlands,2024,,83235,,,,,
dataflow,ESTAT:ROAD_EQR_CARPDA(1.0),New passenger cars by type of motor energy,A,Annual,NR,Number,PET_X_HYB,Petrol (excluding hybrids)  ,NO,Norway,2016,,45894,,,,,
dataflow,ESTAT:ROAD_EQR_CARPDA(1.0),New passenger cars by type of motor energy,A,Annual,NR,Number,PET_X_HYB,Petrol (excluding hybrids)  ,NO,Norway,2017,,42492,,,,,
dataflow,ESTAT:ROAD_EQR_CARPDA(1.0),New passenger cars by type of motor energy,A,Annual,NR,Number,PET_X_HYB,Petrol (excluding hybrids)  ,NO,Norway,2018,,36392,,,,,
dataflow,ESTAT:ROAD_EQR_CARPDA(1.0),New passenger cars by type of motor energy,A,Annual,NR,Number,PET_X_HYB,Petrol (excluding hybrids)  ,NO,Norway,2019,,23294,,,,,
dataflow,ESTAT:ROAD_EQR_CARPDA(1.0),New passenger cars by type of motor energy,A,Annual,NR,Number,PET_X_HYB,Petrol (excluding hybrids)  ,NO,Norway,2020,,11753,,,,,
dataflow,ESTAT:ROAD_EQR_CARPDA(1.0),New passenger cars by type of motor energy,A,Annual,NR,Number,PET_X_HYB,Petrol (excluding hybrids)  ,NO,Norway,2021,,3760,,,,,
dataflow,ESTAT:ROAD_EQR_CARPDA(1.0),New passenger cars by type of motor energy,A,Annual,NR,Number,PET_X_HYB,Petrol (excluding hybrids)  ,NO,Norway,2022,,2284,,,,,
dataflow,ESTAT:ROAD_EQR_CARPDA(1.0),New passenger cars by type of motor energy,A,Annual,NR,Number,PET_X_HYB,Petrol (excluding hybrids)  ,NO,Norway,2023,,818,,,,,
dataflow,ESTAT:ROAD_EQR_CARPDA(1.0),New passenger cars by type of motor energy,A,Annual,NR,Number,PET_X_HYB,Petrol (excluding hybrids)  ,NO,Norway,2024,,346,,,,,
dataflow,ESTAT:ROAD_EQR_CARPDA(1.0),New passenger cars by type of motor energy,A,Annual,NR,Number,PET_X_HYB,Petrol (excluding hybrids)  ,PL,Poland,2013,,183184,,i,value imputed by Eurostat or other receiving agencies,,
dataflow,ESTAT:ROAD_EQR_CARPDA(1.0),New passenger cars by type of motor energy,A,Annual,NR,Number,PET_X_HYB,Petrol (excluding hybrids)  ,PL,Poland,2014,,199788,,i,value imputed by Eurostat or other receiving agencies,,
dataflow,ESTAT:ROAD_EQR_CARPDA(1.0),New passenger cars by type of motor energy,A,Annual,NR,Number,PET_X_HYB,Petrol (excluding hybrids)  ,PL,Poland,2015,,226638,,i,value imputed by Eurostat or other receiving agencies,,
dataflow,ESTAT:ROAD_EQR_CARPDA(1.0),New passenger cars by type of motor energy,A,Annual,NR,Number,PET_X_HYB,Petrol (excluding hybrids)  ,PL,Poland,2016,,271388,,i,value imputed by Eurostat or other receiving agencies,,
dataflow,ESTAT:ROAD_EQR_CARPDA(1.0),New passenger cars by type of motor energy,A,Annual,NR,Number,PET_X_HYB,Petrol (excluding hybrids)  ,PL,Poland,2017,,329538,,i,value imputed by Eurostat or other receiving agencies,,
dataflow,ESTAT:ROAD_EQR_CARPDA(1.0),New passenger cars by type of motor energy,A,Annual,NR,Number,PET_X_HYB,Petrol (excluding hybrids)  ,PL,Poland,2018,,377113,,i,value imputed by Eurostat or other receiving agencies,,
dataflow,ESTAT:ROAD_EQR_CARPDA(1.0),New passenger cars by type of motor energy,A,Annual,NR,Number,PET_X_HYB,Petrol (excluding hybrids)  ,PL,Poland,2019,,407613,,i,value imputed by Eurostat or other receiving agencies,,
dataflow,ESTAT:ROAD_EQR_CARPDA(1.0),New passenger cars by type of motor energy,A,Annual,NR,Number,PET_X_HYB,Petrol (excluding hybrids)  ,PL,Poland,2020,,292487,,i,value imputed by Eurostat or other receiving agencies,,
dataflow,ESTAT:ROAD_EQR_CARPDA(1.0),New passenger cars by type of motor energy,A,Annual,NR,Number,PET_X_HYB,Petrol (excluding hybrids)  ,PL,Poland,2021,,291872,,i,value imputed by Eurostat or other receiving agencies,,
dataflow,ESTAT:ROAD_EQR_CARPDA(1.0),New passenger cars by type of motor energy,A,Annual,NR,Number,PET_X_HYB,Petrol (excluding hybrids)  ,PL,Poland,2022,,262875,,i,value imputed by Eurostat or other receiving agencies,,
dataflow,ESTAT:ROAD_EQR_CARPDA(1.0),New passenger cars by type of motor energy,A,Annual,NR,Number,PET_X_HYB,Petrol (excluding hybrids)  ,PL,Poland,2023,,277876,,i,value imputed by Eurostat or other receiving agencies,,
dataflow,ESTAT:ROAD_EQR_CARPDA(1.0),New passenger cars by type of motor energy,A,Annual,NR,Number,PET_X_HYB,Petrol (excluding hybrids)  ,PL,Poland,2024,,311395,,i,value imputed by Eurostat or other receiving agencies,,
dataflow,ESTAT:ROAD_EQR_CARPDA(1.0),New passenger cars by type of motor energy,A,Annual,NR,Number,PET_X_HYB,Petrol (excluding hybrids)  ,PT,Portugal,2017,,74357,,,,,
dataflow,ESTAT:ROAD_EQR_CARPDA(1.0),New passenger cars by type of motor energy,A,Annual,NR,Number,PET_X_HYB,Petrol (excluding hybrids)  ,PT,Portugal,2018,,87083,,,,,
dataflow,ESTAT:ROAD_EQR_CARPDA(1.0),New passenger cars by type of motor energy,A,Annual,NR,Number,PET_X_HYB,Petrol (excluding hybrids)  ,PT,Portugal,2019,,109847,,,,,
dataflow,ESTAT:ROAD_EQR_CARPDA(1.0),New passenger cars by type of motor energy,A,Annual,NR,Number,PET_X_HYB,Petrol (excluding hybrids)  ,PT,Portugal,2020,,63916,,,,,
dataflow,ESTAT:ROAD_EQR_CARPDA(1.0),New passenger cars by type of motor energy,A,Annual,NR,Number,PET_X_HYB,Petrol (excluding hybrids)  ,PT,Portugal,2021,,62883,,,,,
dataflow,ESTAT:ROAD_EQR_CARPDA(1.0),New passenger cars by type of motor energy,A,Annual,NR,Number,PET_X_HYB,Petrol (excluding hybrids)  ,PT,Portugal,2022,,66058,,,,,
dataflow,ESTAT:ROAD_EQR_CARPDA(1.0),New passenger cars by type of motor energy,A,Annual,NR,Number,PET_X_HYB,Petrol (excluding hybrids)  ,PT,Portugal,2023,,72281,,,,,
dataflow,ESTAT:ROAD_EQR_CARPDA(1.0),New passenger cars by type of motor energy,A,Annual,NR,Number,PET_X_HYB,Petrol (excluding hybrids)  ,PT,Portugal,2024,,71529,,p,provisional,,
dataflow,ESTAT:ROAD_EQR_CARPDA(1.0),New passenger cars by type of motor energy,A,Annual,NR,Number,PET_X_HYB,Petrol (excluding hybrids)  ,RO,Romania,2013,,25617,,,,,
dataflow,ESTAT:ROAD_EQR_CARPDA(1.0),New passenger cars by type of motor energy,A,Annual,NR,Number,PET_X_HYB,Petrol (excluding hybrids)  ,RO,Romania,2014,,29362,,,,,
dataflow,ESTAT:ROAD_EQR_CARPDA(1.0),New passenger cars by type of motor energy,A,Annual,NR,Number,PET_X_HYB,Petrol (excluding hybrids)  ,RO,Romania,2015,,408,,,,,
dataflow,ESTAT:ROAD_EQR_CARPDA(1.0),New passenger cars by type of motor energy,A,Annual,NR,Number,PET_X_HYB,Petrol (excluding hybrids)  ,RO,Romania,2016,,44422,,,,,
dataflow,ESTAT:ROAD_EQR_CARPDA(1.0),New passenger cars by type of motor energy,A,Annual,NR,Number,PET_X_HYB,Petrol (excluding hybrids)  ,RO,Romania,2017,,49664,,,,,
dataflow,ESTAT:ROAD_EQR_CARPDA(1.0),New passenger cars by type of motor energy,A,Annual,NR,Number,PET_X_HYB,Petrol (excluding hybrids)  ,RO,Romania,2018,,71873,,,,,
dataflow,ESTAT:ROAD_EQR_CARPDA(1.0),New passenger cars by type of motor energy,A,Annual,NR,Number,PET_X_HYB,Petrol (excluding hybrids)  ,RO,Romania,2019,,107810,,,,,
dataflow,ESTAT:ROAD_EQR_CARPDA(1.0),New passenger cars by type of motor energy,A,Annual,NR,Number,PET_X_HYB,Petrol (excluding hybrids)  ,RO,Romania,2020,,66110,,,,,
dataflow,ESTAT:ROAD_EQR_CARPDA(1.0),New passenger cars by type of motor energy,A,Annual,NR,Number,PET_X_HYB,Petrol (excluding hybrids)  ,RO,Romania,2021,,47813,,,,,
dataflow,ESTAT:ROAD_EQR_CARPDA(1.0),New passenger cars by type of motor energy,A,Annual,NR,Number,PET_X_HYB,Petrol (excluding hybrids)  ,RO,Romania,2022,,53298,,,,,
dataflow,ESTAT:ROAD_EQR_CARPDA(1.0),New passenger cars by type of motor energy,A,Annual,NR,Number,PET_X_HYB,Petrol (excluding hybrids)  ,RO,Romania,2023,,51034,,,,,
dataflow,ESTAT:ROAD_EQR_CARPDA(1.0),New passenger cars by type of motor energy,A,Annual,NR,Number,PET_X_HYB,Petrol (excluding hybrids)  ,RO,Romania,2024,,49005,,,,,
dataflow,ESTAT:ROAD_EQR_CARPDA(1.0),New passenger cars by type of motor energy,A,Annual,NR,Number,PET_X_HYB,Petrol (excluding hybrids)  ,RS,Serbia,2019,,27948,,,,,
dataflow,ESTAT:ROAD_EQR_CARPDA(1.0),New passenger cars by type of motor energy,A,Annual,NR,Number,PET_X_HYB,Petrol (excluding hybrids)  ,RS,Serbia,2020,,26182,,,,,
dataflow,ESTAT:ROAD_EQR_CARPDA(1.0),New passenger cars by type of motor energy,A,Annual,NR,Number,PET_X_HYB,Petrol (excluding hybrids)  ,RS,Serbia,2021,,24878,,,,,
dataflow,ESTAT:ROAD_EQR_CARPDA(1.0),New passenger cars by type of motor energy,A,Annual,NR,Number,PET_X_HYB,Petrol (excluding hybrids)  ,RS,Serbia,2022,,24786,,,,,
dataflow,ESTAT:ROAD_EQR_CARPDA(1.0),New passenger cars by type of motor energy,A,Annual,NR,Number,PET_X_HYB,Petrol (excluding hybrids)  ,RS,Serbia,2023,,24581,,,,,
dataflow,ESTAT:ROAD_EQR_CARPDA(1.0),New passenger cars by type of motor energy,A,Annual,NR,Number,PET_X_HYB,Petrol (excluding hybrids)  ,RS,Serbia,2024,,22977,,,,,
dataflow,ESTAT:ROAD_EQR_CARPDA(1.0),New passenger cars by type of motor energy,A,Annual,NR,Number,PET_X_HYB,Petrol (excluding hybrids)  ,SE,Sweden,2013,,102849,,,,,
dataflow,ESTAT:ROAD_EQR_CARPDA(1.0),New passenger cars by type of motor energy,A,Annual,NR,Number,PET_X_HYB,Petrol (excluding hybrids)  ,SE,Sweden,2014,,116519,,,,,
dataflow,ESTAT:ROAD_EQR_CARPDA(1.0),New passenger cars by type of motor energy,A,Annual,NR,Number,PET_X_HYB,Petrol (excluding hybrids)  ,SE,Sweden,2015,,131576,,,,,
dataflow,ESTAT:ROAD_EQR_CARPDA(1.0),New passenger cars by type of motor energy,A,Annual,NR,Number,PET_X_HYB,Petrol (excluding hybrids)  ,SE,Sweden,2016,,155318,,,,,
dataflow,ESTAT:ROAD_EQR_CARPDA(1.0),New passenger cars by type of motor energy,A,Annual,NR,Number,PET_X_HYB,Petrol (excluding hybrids)  ,SE,Sweden,2017,,157794,,,,,
dataflow,ESTAT:ROAD_EQR_CARPDA(1.0),New passenger cars by type of motor energy,A,Annual,NR,Number,PET_X_HYB,Petrol (excluding hybrids)  ,SE,Sweden,2018,,173813,,,,,
dataflow,ESTAT:ROAD_EQR_CARPDA(1.0),New passenger cars by type of motor energy,A,Annual,NR,Number,PET_X_HYB,Petrol (excluding hybrids)  ,SE,Sweden,2019,,169199,,,,,
dataflow,ESTAT:ROAD_EQR_CARPDA(1.0),New passenger cars by type of motor energy,A,Annual,NR,Number,PET_X_HYB,Petrol (excluding hybrids)  ,SE,Sweden,2020,,94448,,,,,
dataflow,ESTAT:ROAD_EQR_CARPDA(1.0),New passenger cars by type of motor energy,A,Annual,NR,Number,PET_X_HYB,Petrol (excluding hybrids)  ,SE,Sweden,2021,,68405,,,,,
dataflow,ESTAT:ROAD_EQR_CARPDA(1.0),New passenger cars by type of motor energy,A,Annual,NR,Number,PET_X_HYB,Petrol (excluding hybrids)  ,SE,Sweden,2022,,46962,,,,,
dataflow,ESTAT:ROAD_EQR_CARPDA(1.0),New passenger cars by type of motor energy,A,Annual,NR,Number,PET_X_HYB,Petrol (excluding hybrids)  ,SE,Sweden,2023,,60582,,,,,
dataflow,ESTAT:ROAD_EQR_CARPDA(1.0),New passenger cars by type of motor energy,A,Annual,NR,Number,PET_X_HYB,Petrol (excluding hybrids)  ,SE,Sweden,2024,,62677,,,,,
dataflow,ESTAT:ROAD_EQR_CARPDA(1.0),New passenger cars by type of motor energy,A,Annual,NR,Number,PET_X_HYB,Petrol (excluding hybrids)  ,SI,Slovenia,2013,,23942,,,,,
dataflow,ESTAT:ROAD_EQR_CARPDA(1.0),New passenger cars by type of motor energy,A,Annual,NR,Number,PET_X_HYB,Petrol (excluding hybrids)  ,SI,Slovenia,2014,,23916,,,,,
dataflow,ESTAT:ROAD_EQR_CARPDA(1.0),New passenger cars by type of motor energy,A,Annual,NR,Number,PET_X_HYB,Petrol (excluding hybrids)  ,SI,Slovenia,2015,,29038,,,,,
dataflow,ESTAT:ROAD_EQR_CARPDA(1.0),New passenger cars by type of motor energy,A,Annual,NR,Number,PET_X_HYB,Petrol (excluding hybrids)  ,SI,Slovenia,2016,,31429,,,,,
dataflow,ESTAT:ROAD_EQR_CARPDA(1.0),New passenger cars by type of motor energy,A,Annual,NR,Number,PET_X_HYB,Petrol (excluding hybrids)  ,SI,Slovenia,2017,,38229,,,,,
dataflow,ESTAT:ROAD_EQR_CARPDA(1.0),New passenger cars by type of motor energy,A,Annual,NR,Number,PET_X_HYB,Petrol (excluding hybrids)  ,SI,Slovenia,2018,,48240,,,,,
dataflow,ESTAT:ROAD_EQR_CARPDA(1.0),New passenger cars by type of motor energy,A,Annual,NR,Number,PET_X_HYB,Petrol (excluding hybrids)  ,SI,Slovenia,2019,,47937,,,,,
dataflow,ESTAT:ROAD_EQR_CARPDA(1.0),New passenger cars by type of motor energy,A,Annual,NR,Number,PET_X_HYB,Petrol (excluding hybrids)  ,SI,Slovenia,2020,,31529,,,,,
dataflow,ESTAT:ROAD_EQR_CARPDA(1.0),New passenger cars by type of motor energy,A,Annual,NR,Number,PET_X_HYB,Petrol (excluding hybrids)  ,SI,Slovenia,2021,,31245,,,,,
dataflow,ESTAT:ROAD_EQR_CARPDA(1.0),New passenger cars by type of motor energy,A,Annual,NR,Number,PET_X_HYB,Petrol (excluding hybrids)  ,SI,Slovenia,2022,,25989,,,,,
dataflow,ESTAT:ROAD_EQR_CARPDA(1.0),New passenger cars by type of motor energy,A,Annual,NR,Number,PET_X_HYB,Petrol (excluding hybrids)  ,SI,Slovenia,2023,,25198,,,,,
dataflow,ESTAT:ROAD_EQR_CARPDA(1.0),New passenger cars by type of motor energy,A,Annual,NR,Number,PET_X_HYB,Petrol (excluding hybrids)  ,SI,Slovenia,2024,,26811,,,,,
dataflow,ESTAT:ROAD_EQR_CARPDA(1.0),New passenger cars by type of motor energy,A,Annual,NR,Number,PET_X_HYB,Petrol (excluding hybrids)  ,SK,Slovakia,2022,,43903,,i,value imputed by Eurostat or other receiving agencies,,
dataflow,ESTAT:ROAD_EQR_CARPDA(1.0),New passenger cars by type of motor energy,A,Annual,NR,Number,PET_X_HYB,Petrol (excluding hybrids)  ,SK,Slovakia,2023,,41412,,i,value imputed by Eurostat or other receiving agencies,,
dataflow,ESTAT:ROAD_EQR_CARPDA(1.0),New passenger cars by type of motor energy,A,Annual,NR,Number,PET_X_HYB,Petrol (excluding hybrids)  ,SK,Slovakia,2024,,42130,,i,value imputed by Eurostat or other receiving agencies,,
dataflow,ESTAT:ROAD_EQR_CARPDA(1.0),New passenger cars by type of motor energy,A,Annual,NR,Number,PET_X_HYB,Petrol (excluding hybrids)  ,TR,Türkiye,2013,,256479,,,,,
dataflow,ESTAT:ROAD_EQR_CARPDA(1.0),New passenger cars by type of motor energy,A,Annual,NR,Number,PET_X_HYB,Petrol (excluding hybrids)  ,TR,Türkiye,2014,,210141,,,,,
dataflow,ESTAT:ROAD_EQR_CARPDA(1.0),New passenger cars by type of motor energy,A,Annual,NR,Number,PET_X_HYB,Petrol (excluding hybrids)  ,TR,Türkiye,2015,,270634,,,,,
dataflow,ESTAT:ROAD_EQR_CARPDA(1.0),New passenger cars by type of motor energy,A,Annual,NR,Number,PET_X_HYB,Petrol (excluding hybrids)  ,TR,Türkiye,2016,,271315,,,,,
dataflow,ESTAT:ROAD_EQR_CARPDA(1.0),New passenger cars by type of motor energy,A,Annual,NR,Number,PET_X_HYB,Petrol (excluding hybrids)  ,TR,Türkiye,2017,,258940,,,,,
dataflow,ESTAT:ROAD_EQR_CARPDA(1.0),New passenger cars by type of motor energy,A,Annual,NR,Number,PET_X_HYB,Petrol (excluding hybrids)  ,TR,Türkiye,2018,,175515,,,,,
dataflow,ESTAT:ROAD_EQR_CARPDA(1.0),New passenger cars by type of motor energy,A,Annual,NR,Number,PET_X_HYB,Petrol (excluding hybrids)  ,TR,Türkiye,2019,,139898,,,,,
dataflow,ESTAT:ROAD_EQR_CARPDA(1.0),New passenger cars by type of motor energy,A,Annual,NR,Number,PET_X_HYB,Petrol (excluding hybrids)  ,TR,Türkiye,2020,,300676,,,,,
dataflow,ESTAT:ROAD_EQR_CARPDA(1.0),New passenger cars by type of motor energy,A,Annual,NR,Number,PET_X_HYB,Petrol (excluding hybrids)  ,TR,Türkiye,2021,,380973,,,,,
dataflow,ESTAT:ROAD_EQR_CARPDA(1.0),New passenger cars by type of motor energy,A,Annual,NR,Number,PET_X_HYB,Petrol (excluding hybrids)  ,TR,Türkiye,2022,,396912,,,,,
dataflow,ESTAT:ROAD_EQR_CARPDA(1.0),New passenger cars by type of motor energy,A,Annual,NR,Number,PET_X_HYB,Petrol (excluding hybrids)  ,TR,Türkiye,2023,,625501,,,,,
dataflow,ESTAT:ROAD_EQR_CARPDA(1.0),New passenger cars by type of motor energy,A,Annual,NR,Number,PET_X_HYB,Petrol (excluding hybrids)  ,TR,Türkiye,2024,,616699,,,,,
dataflow,ESTAT:ROAD_EQR_CARPDA(1.0),New passenger cars by type of motor energy,A,Annual,NR,Number,PET_X_HYB,Petrol (excluding hybrids)  ,UA,Ukraine,2019,,28689,,,,,
dataflow,ESTAT:ROAD_EQR_CARPDA(1.0),New passenger cars by type of motor energy,A,Annual,NR,Number,PET_X_HYB,Petrol (excluding hybrids)  ,UA,Ukraine,2020,,52907,,,,,
dataflow,ESTAT:ROAD_EQR_CARPDA(1.0),New passenger cars by type of motor energy,A,Annual,NR,Number,PET_X_HYB,Petrol (excluding hybrids)  ,UA,Ukraine,2021,,65235,,,,,
dataflow,ESTAT:ROAD_EQR_CARPDA(1.0),New passenger cars by type of motor energy,A,Annual,NR,Number,PET_X_HYB,Petrol (excluding hybrids)  ,UA,Ukraine,2022,,21775,,,,,
dataflow,ESTAT:ROAD_EQR_CARPDA(1.0),New passenger cars by type of motor energy,A,Annual,NR,Number,PET_X_HYB,Petrol (excluding hybrids)  ,UA,Ukraine,2023,,28689,,,,,
dataflow,ESTAT:ROAD_EQR_CARPDA(1.0),New passenger cars by type of motor energy,A,Annual,NR,Number,PET_X_HYB,Petrol (excluding hybrids)  ,UA,Ukraine,2024,,27057,,,,,
dataflow,ESTAT:ROAD_EQR_CARPDA(1.0),New passenger cars by type of motor energy,A,Annual,NR,Number,PET_X_HYB,Petrol (excluding hybrids)  ,UK,United Kingdom,2015,,1276159,,,,,
dataflow,ESTAT:ROAD_EQR_CARPDA(1.0),New passenger cars by type of motor energy,A,Annual,NR,Number,PET_X_HYB,Petrol (excluding hybrids)  ,UK,United Kingdom,2016,,1313385,,,,,
dataflow,ESTAT:ROAD_EQR_CARPDA(1.0),New passenger cars by type of motor energy,A,Annual,NR,Number,PET_X_HYB,Petrol (excluding hybrids)  ,UK,United Kingdom,2017,,1342152,,,,,
dataflow,ESTAT:ROAD_EQR_CARPDA(1.0),New passenger cars by type of motor energy,A,Annual,NR,Number,PET_X_HYB,Petrol (excluding hybrids)  ,UK,United Kingdom,2018,,1459764,,,,,
dataflow,ESTAT:ROAD_EQR_CARPDA(1.0),New passenger cars by type of motor energy,A,Annual,NR,Number,PET_X_HYB,Petrol (excluding hybrids)  ,UK,United Kingdom,2021,,891232,,,,,
dataflow,ESTAT:ROAD_EQR_CARPDA(1.0),New passenger cars by type of motor energy,A,Annual,NR,Number,PET_X_HYB,Petrol (excluding hybrids)  ,UK,United Kingdom,2022,,801434,,,,,
dataflow,ESTAT:ROAD_EQR_CARPDA(1.0),New passenger cars by type of motor energy,A,Annual,NR,Number,PET_X_HYB,Petrol (excluding hybrids)  ,UK,United Kingdom,2023,,875971,,,,,
dataflow,ESTAT:ROAD_EQR_CARPDA(1.0),New passenger cars by type of motor energy,A,Annual,NR,Number,PET_X_HYB,Petrol (excluding hybrids)  ,XK,Kosovo*,2017,,2928,,,,,
dataflow,ESTAT:ROAD_EQR_CARPDA(1.0),New passenger cars by type of motor energy,A,Annual,NR,Number,PET_X_HYB,Petrol (excluding hybrids)  ,XK,Kosovo*,2018,,2030,,,,,
dataflow,ESTAT:ROAD_EQR_CARPDA(1.0),New passenger cars by type of motor energy,A,Annual,NR,Number,PET_X_HYB,Petrol (excluding hybrids)  ,XK,Kosovo*,2019,,0,,,,,
dataflow,ESTAT:ROAD_EQR_CARPDA(1.0),New passenger cars by type of motor energy,A,Annual,NR,Number,PET_X_HYB,Petrol (excluding hybrids)  ,XK,Kosovo*,2021,,2615,,,,,
dataflow,ESTAT:ROAD_EQR_CARPDA(1.0),New passenger cars by type of motor energy,A,Annual,NR,Number,TOTAL,Total,AL,Albania,2019,,42681,,,,,
dataflow,ESTAT:ROAD_EQR_CARPDA(1.0),New passenger cars by type of motor energy,A,Annual,NR,Number,TOTAL,Total,AL,Albania,2020,,43661,,,,,
dataflow,ESTAT:ROAD_EQR_CARPDA(1.0),New passenger cars by type of motor energy,A,Annual,NR,Number,TOTAL,Total,AL,Albania,2021,,58208,,,,,
dataflow,ESTAT:ROAD_EQR_CARPDA(1.0),New passenger cars by type of motor energy,A,Annual,NR,Number,TOTAL,Total,AL,Albania,2022,,49459,,,,,
dataflow,ESTAT:ROAD_EQR_CARPDA(1.0),New passenger cars by type of motor energy,A,Annual,NR,Number,TOTAL,Total,AL,Albania,2023,,66004,,,,,
dataflow,ESTAT:ROAD_EQR_CARPDA(1.0),New passenger cars by type of motor energy,A,Annual,NR,Number,TOTAL,Total,AL,Albania,2024,,82931,,,,,
dataflow,ESTAT:ROAD_EQR_CARPDA(1.0),New passenger cars by type of motor energy,A,Annual,NR,Number,TOTAL,Total,AT,Austria,2013,,319035,,,,,
dataflow,ESTAT:ROAD_EQR_CARPDA(1.0),New passenger cars by type of motor energy,A,Annual,NR,Number,TOTAL,Total,AT,Austria,2014,,303318,,,,,
dataflow,ESTAT:ROAD_EQR_CARPDA(1.0),New passenger cars by type of motor energy,A,Annual,NR,Number,TOTAL,Total,AT,Austria,2015,,308555,,,,,
dataflow,ESTAT:ROAD_EQR_CARPDA(1.0),New passenger cars by type of motor energy,A,Annual,NR,Number,TOTAL,Total,AT,Austria,2016,,329604,,,,,
dataflow,ESTAT:ROAD_EQR_CARPDA(1.0),New passenger cars by type of motor energy,A,Annual,NR,Number,TOTAL,Total,AT,Austria,2017,,353320,,,,,
dataflow,ESTAT:ROAD_EQR_CARPDA(1.0),New passenger cars by type of motor energy,A,Annual,NR,Number,TOTAL,Total,AT,Austria,2018,,341068,,,,,
dataflow,ESTAT:ROAD_EQR_CARPDA(1.0),New passenger cars by type of motor energy,A,Annual,NR,Number,TOTAL,Total,AT,Austria,2019,,329363,,,,,
dataflow,ESTAT:ROAD_EQR_CARPDA(1.0),New passenger cars by type of motor energy,A,Annual,NR,Number,TOTAL,Total,AT,Austria,2020,,248740,,,,,
dataflow,ESTAT:ROAD_EQR_CARPDA(1.0),New passenger cars by type of motor energy,A,Annual,NR,Number,TOTAL,Total,AT,Austria,2021,,239803,,,,,
dataflow,ESTAT:ROAD_EQR_CARPDA(1.0),New passenger cars by type of motor energy,A,Annual,NR,Number,TOTAL,Total,AT,Austria,2022,,215050,,,,,
dataflow,ESTAT:ROAD_EQR_CARPDA(1.0),New passenger cars by type of motor energy,A,Annual,NR,Number,TOTAL,Total,AT,Austria,2023,,239150,,,,,
dataflow,ESTAT:ROAD_EQR_CARPDA(1.0),New passenger cars by type of motor energy,A,Annual,NR,Number,TOTAL,Total,AT,Austria,2024,,253789,,,,,
dataflow,ESTAT:ROAD_EQR_CARPDA(1.0),New passenger cars by type of motor energy,A,Annual,NR,Number,TOTAL,Total,BA,Bosnia and Herzegovina,2013,,6055,,,,,
dataflow,ESTAT:ROAD_EQR_CARPDA(1.0),New passenger cars by type of motor energy,A,Annual,NR,Number,TOTAL,Total,BA,Bosnia and Herzegovina,2014,,5976,,,,,
dataflow,ESTAT:ROAD_EQR_CARPDA(1.0),New passenger cars by type of motor energy,A,Annual,NR,Number,TOTAL,Total,BA,Bosnia and Herzegovina,2015,,5709,,,,,
dataflow,ESTAT:ROAD_EQR_CARPDA(1.0),New passenger cars by type of motor energy,A,Annual,NR,Number,TOTAL,Total,BA,Bosnia and Herzegovina,2016,,7450,,,,,
dataflow,ESTAT:ROAD_EQR_CARPDA(1.0),New passenger cars by type of motor energy,A,Annual,NR,Number,TOTAL,Total,BA,Bosnia and Herzegovina,2017,,8164,,,,,
dataflow,ESTAT:ROAD_EQR_CARPDA(1.0),New passenger cars by type of motor energy,A,Annual,NR,Number,TOTAL,Total,BA,Bosnia and Herzegovina,2018,,8476,,,,,
dataflow,ESTAT:ROAD_EQR_CARPDA(1.0),New passenger cars by type of motor energy,A,Annual,NR,Number,TOTAL,Total,BA,Bosnia and Herzegovina,2019,,8680,,,,,
dataflow,ESTAT:ROAD_EQR_CARPDA(1.0),New passenger cars by type of motor energy,A,Annual,NR,Number,TOTAL,Total,BA,Bosnia and Herzegovina,2020,,6505,,,,,
dataflow,ESTAT:ROAD_EQR_CARPDA(1.0),New passenger cars by type of motor energy,A,Annual,NR,Number,TOTAL,Total,BA,Bosnia and Herzegovina,2021,,7337,,,,,
dataflow,ESTAT:ROAD_EQR_CARPDA(1.0),New passenger cars by type of motor energy,A,Annual,NR,Number,TOTAL,Total,BA,Bosnia and Herzegovina,2022,,7967,,,,,
dataflow,ESTAT:ROAD_EQR_CARPDA(1.0),New passenger cars by type of motor energy,A,Annual,NR,Number,TOTAL,Total,BA,Bosnia and Herzegovina,2023,,9027,,,,,
dataflow,ESTAT:ROAD_EQR_CARPDA(1.0),New passenger cars by type of motor energy,A,Annual,NR,Number,TOTAL,Total,BA,Bosnia and Herzegovina,2024,,9150,,,,,
dataflow,ESTAT:ROAD_EQR_CARPDA(1.0),New passenger cars by type of motor energy,A,Annual,NR,Number,TOTAL,Total,BE,Belgium,2013,,490369,,,,,
dataflow,ESTAT:ROAD_EQR_CARPDA(1.0),New passenger cars by type of motor energy,A,Annual,NR,Number,TOTAL,Total,BE,Belgium,2014,,487711,,,,,
dataflow,ESTAT:ROAD_EQR_CARPDA(1.0),New passenger cars by type of motor energy,A,Annual,NR,Number,TOTAL,Total,BE,Belgium,2015,,506284,,,,,
dataflow,ESTAT:ROAD_EQR_CARPDA(1.0),New passenger cars by type of motor energy,A,Annual,NR,Number,TOTAL,Total,BE,Belgium,2016,,546142,,,,,
dataflow,ESTAT:ROAD_EQR_CARPDA(1.0),New passenger cars by type of motor energy,A,Annual,NR,Number,TOTAL,Total,BE,Belgium,2017,,553692,,,,,
dataflow,ESTAT:ROAD_EQR_CARPDA(1.0),New passenger cars by type of motor energy,A,Annual,NR,Number,TOTAL,Total,BE,Belgium,2018,,557487,,,,,
dataflow,ESTAT:ROAD_EQR_CARPDA(1.0),New passenger cars by type of motor energy,A,Annual,NR,Number,TOTAL,Total,BE,Belgium,2019,,558003,,,,,
dataflow,ESTAT:ROAD_EQR_CARPDA(1.0),New passenger cars by type of motor energy,A,Annual,NR,Number,TOTAL,Total,BE,Belgium,2020,,439038,,,,,
dataflow,ESTAT:ROAD_EQR_CARPDA(1.0),New passenger cars by type of motor energy,A,Annual,NR,Number,TOTAL,Total,BE,Belgium,2021,,392769,,,,,
dataflow,ESTAT:ROAD_EQR_CARPDA(1.0),New passenger cars by type of motor energy,A,Annual,NR,Number,TOTAL,Total,BE,Belgium,2022,,374597,,,,,
dataflow,ESTAT:ROAD_EQR_CARPDA(1.0),New passenger cars by type of motor energy,A,Annual,NR,Number,TOTAL,Total,BE,Belgium,2023,,484639,,i,value imputed by Eurostat or other receiving agencies,,
dataflow,ESTAT:ROAD_EQR_CARPDA(1.0),New passenger cars by type of motor energy,A,Annual,NR,Number,TOTAL,Total,BE,Belgium,2024,,456303,,i,value imputed by Eurostat or other receiving agencies,,
dataflow,ESTAT:ROAD_EQR_CARPDA(1.0),New passenger cars by type of motor energy,A,Annual,NR,Number,TOTAL,Total,BG,Bulgaria,2013,,15114,,,,,
dataflow,ESTAT:ROAD_EQR_CARPDA(1.0),New passenger cars by type of motor energy,A,Annual,NR,Number,TOTAL,Total,BG,Bulgaria,2014,,16626,,,,,
dataflow,ESTAT:ROAD_EQR_CARPDA(1.0),New passenger cars by type of motor energy,A,Annual,NR,Number,TOTAL,Total,BG,Bulgaria,2015,,17271,,,,,
dataflow,ESTAT:ROAD_EQR_CARPDA(1.0),New passenger cars by type of motor energy,A,Annual,NR,Number,TOTAL,Total,BG,Bulgaria,2016,,20386,,,,,
dataflow,ESTAT:ROAD_EQR_CARPDA(1.0),New passenger cars by type of motor energy,A,Annual,NR,Number,TOTAL,Total,BG,Bulgaria,2017,,25995,,,,,
dataflow,ESTAT:ROAD_EQR_CARPDA(1.0),New passenger cars by type of motor energy,A,Annual,NR,Number,TOTAL,Total,BG,Bulgaria,2018,,28584,,,,,
dataflow,ESTAT:ROAD_EQR_CARPDA(1.0),New passenger cars by type of motor energy,A,Annual,NR,Number,TOTAL,Total,BG,Bulgaria,2019,,32885,,,,,
dataflow,ESTAT:ROAD_EQR_CARPDA(1.0),New passenger cars by type of motor energy,A,Annual,NR,Number,TOTAL,Total,BG,Bulgaria,2020,,20429,,,,,
dataflow,ESTAT:ROAD_EQR_CARPDA(1.0),New passenger cars by type of motor energy,A,Annual,NR,Number,TOTAL,Total,BG,Bulgaria,2021,,24467,,,,,
dataflow,ESTAT:ROAD_EQR_CARPDA(1.0),New passenger cars by type of motor energy,A,Annual,NR,Number,TOTAL,Total,BG,Bulgaria,2022,,28568,,,,,
dataflow,ESTAT:ROAD_EQR_CARPDA(1.0),New passenger cars by type of motor energy,A,Annual,NR,Number,TOTAL,Total,BG,Bulgaria,2023,,37476,,,,,
dataflow,ESTAT:ROAD_EQR_CARPDA(1.0),New passenger cars by type of motor energy,A,Annual,NR,Number,TOTAL,Total,BG,Bulgaria,2024,,42799,,,,,
dataflow,ESTAT:ROAD_EQR_CARPDA(1.0),New passenger cars by type of motor energy,A,Annual,NR,Number,TOTAL,Total,CH,Switzerland,2013,,313353,,,,,
dataflow,ESTAT:ROAD_EQR_CARPDA(1.0),New passenger cars by type of motor energy,A,Annual,NR,Number,TOTAL,Total,CH,Switzerland,2014,,307403,,,,,
dataflow,ESTAT:ROAD_EQR_CARPDA(1.0),New passenger cars by type of motor energy,A,Annual,NR,Number,TOTAL,Total,CH,Switzerland,2015,,330985,,,,,
dataflow,ESTAT:ROAD_EQR_CARPDA(1.0),New passenger cars by type of motor energy,A,Annual,NR,Number,TOTAL,Total,CH,Switzerland,2016,,323620,,,,,
dataflow,ESTAT:ROAD_EQR_CARPDA(1.0),New passenger cars by type of motor energy,A,Annual,NR,Number,TOTAL,Total,CH,Switzerland,2017,,319765,,,,,
dataflow,ESTAT:ROAD_EQR_CARPDA(1.0),New passenger cars by type of motor energy,A,Annual,NR,Number,TOTAL,Total,CH,Switzerland,2018,,304663,,,,,
dataflow,ESTAT:ROAD_EQR_CARPDA(1.0),New passenger cars by type of motor energy,A,Annual,NR,Number,TOTAL,Total,CH,Switzerland,2019,,318065,,,,,
dataflow,ESTAT:ROAD_EQR_CARPDA(1.0),New passenger cars by type of motor energy,A,Annual,NR,Number,TOTAL,Total,CH,Switzerland,2020,,245510,,,,,
dataflow,ESTAT:ROAD_EQR_CARPDA(1.0),New passenger cars by type of motor energy,A,Annual,NR,Number,TOTAL,Total,CH,Switzerland,2021,,250901,,,,,
dataflow,ESTAT:ROAD_EQR_CARPDA(1.0),New passenger cars by type of motor energy,A,Annual,NR,Number,TOTAL,Total,CH,Switzerland,2022,,236751,,,,,
dataflow,ESTAT:ROAD_EQR_CARPDA(1.0),New passenger cars by type of motor energy,A,Annual,NR,Number,TOTAL,Total,CH,Switzerland,2023,,263514,,,,,
dataflow,ESTAT:ROAD_EQR_CARPDA(1.0),New passenger cars by type of motor energy,A,Annual,NR,Number,TOTAL,Total,CH,Switzerland,2024,,252547,,,,,
dataflow,ESTAT:ROAD_EQR_CARPDA(1.0),New passenger cars by type of motor energy,A,Annual,NR,Number,TOTAL,Total,CY,Cyprus,2013,,7047,,,,,
dataflow,ESTAT:ROAD_EQR_CARPDA(1.0),New passenger cars by type of motor energy,A,Annual,NR,Number,TOTAL,Total,CY,Cyprus,2014,,8271,,,,,
dataflow,ESTAT:ROAD_EQR_CARPDA(1.0),New passenger cars by type of motor energy,A,Annual,NR,Number,TOTAL,Total,CY,Cyprus,2015,,10078,,,,,
dataflow,ESTAT:ROAD_EQR_CARPDA(1.0),New passenger cars by type of motor energy,A,Annual,NR,Number,TOTAL,Total,CY,Cyprus,2016,,12468,,,,,
dataflow,ESTAT:ROAD_EQR_CARPDA(1.0),New passenger cars by type of motor energy,A,Annual,NR,Number,TOTAL,Total,CY,Cyprus,2017,,13118,,,,,
dataflow,ESTAT:ROAD_EQR_CARPDA(1.0),New passenger cars by type of motor energy,A,Annual,NR,Number,TOTAL,Total,CY,Cyprus,2018,,13126,,,,,
dataflow,ESTAT:ROAD_EQR_CARPDA(1.0),New passenger cars by type of motor energy,A,Annual,NR,Number,TOTAL,Total,CY,Cyprus,2019,,12601,,,,,
dataflow,ESTAT:ROAD_EQR_CARPDA(1.0),New passenger cars by type of motor energy,A,Annual,NR,Number,TOTAL,Total,CY,Cyprus,2020,,10237,,,,,
dataflow,ESTAT:ROAD_EQR_CARPDA(1.0),New passenger cars by type of motor energy,A,Annual,NR,Number,TOTAL,Total,CY,Cyprus,2021,,10611,,,,,
dataflow,ESTAT:ROAD_EQR_CARPDA(1.0),New passenger cars by type of motor energy,A,Annual,NR,Number,TOTAL,Total,CY,Cyprus,2022,,11577,,,,,
dataflow,ESTAT:ROAD_EQR_CARPDA(1.0),New passenger cars by type of motor energy,A,Annual,NR,Number,TOTAL,Total,CY,Cyprus,2023,,14637,,,,,
dataflow,ESTAT:ROAD_EQR_CARPDA(1.0),New passenger cars by type of motor energy,A,Annual,NR,Number,TOTAL,Total,CY,Cyprus,2024,,15061,,,,,
dataflow,ESTAT:ROAD_EQR_CARPDA(1.0),New passenger cars by type of motor energy,A,Annual,NR,Number,TOTAL,Total,CZ,Czechia,2013,,164627,,,,,
dataflow,ESTAT:ROAD_EQR_CARPDA(1.0),New passenger cars by type of motor energy,A,Annual,NR,Number,TOTAL,Total,CZ,Czechia,2014,,192923,,,,,
dataflow,ESTAT:ROAD_EQR_CARPDA(1.0),New passenger cars by type of motor energy,A,Annual,NR,Number,TOTAL,Total,CZ,Czechia,2015,,229731,,,,,
dataflow,ESTAT:ROAD_EQR_CARPDA(1.0),New passenger cars by type of motor energy,A,Annual,NR,Number,TOTAL,Total,CZ,Czechia,2016,,257854,,,,,
dataflow,ESTAT:ROAD_EQR_CARPDA(1.0),New passenger cars by type of motor energy,A,Annual,NR,Number,TOTAL,Total,CZ,Czechia,2017,,269622,,,,,
dataflow,ESTAT:ROAD_EQR_CARPDA(1.0),New passenger cars by type of motor energy,A,Annual,NR,Number,TOTAL,Total,CZ,Czechia,2018,,259525,,,,,
dataflow,ESTAT:ROAD_EQR_CARPDA(1.0),New passenger cars by type of motor energy,A,Annual,NR,Number,TOTAL,Total,CZ,Czechia,2019,,247567,,,,,
dataflow,ESTAT:ROAD_EQR_CARPDA(1.0),New passenger cars by type of motor energy,A,Annual,NR,Number,TOTAL,Total,CZ,Czechia,2020,,198400,,,,,
dataflow,ESTAT:ROAD_EQR_CARPDA(1.0),New passenger cars by type of motor energy,A,Annual,NR,Number,TOTAL,Total,CZ,Czechia,2021,,205397,,,,,
dataflow,ESTAT:ROAD_EQR_CARPDA(1.0),New passenger cars by type of motor energy,A,Annual,NR,Number,TOTAL,Total,CZ,Czechia,2022,,177644,,,,,
dataflow,ESTAT:ROAD_EQR_CARPDA(1.0),New passenger cars by type of motor energy,A,Annual,NR,Number,TOTAL,Total,CZ,Czechia,2023,,212662,,,,,
dataflow,ESTAT:ROAD_EQR_CARPDA(1.0),New passenger cars by type of motor energy,A,Annual,NR,Number,TOTAL,Total,CZ,Czechia,2024,,217520,,,,,
dataflow,ESTAT:ROAD_EQR_CARPDA(1.0),New passenger cars by type of motor energy,A,Annual,NR,Number,TOTAL,Total,DE,Germany,2013,,2952431,,,,,
dataflow,ESTAT:ROAD_EQR_CARPDA(1.0),New passenger cars by type of motor energy,A,Annual,NR,Number,TOTAL,Total,DE,Germany,2014,,3036773,,,,,
dataflow,ESTAT:ROAD_EQR_CARPDA(1.0),New passenger cars by type of motor energy,A,Annual,NR,Number,TOTAL,Total,DE,Germany,2015,,3206042,,,,,
dataflow,ESTAT:ROAD_EQR_CARPDA(1.0),New passenger cars by type of motor energy,A,Annual,NR,Number,TOTAL,Total,DE,Germany,2016,,3285904,,,,,
dataflow,ESTAT:ROAD_EQR_CARPDA(1.0),New passenger cars by type of motor energy,A,Annual,NR,Number,TOTAL,Total,DE,Germany,2017,,3441262,,,,,
dataflow,ESTAT:ROAD_EQR_CARPDA(1.0),New passenger cars by type of motor energy,A,Annual,NR,Number,TOTAL,Total,DE,Germany,2018,,3435778,,,,,
dataflow,ESTAT:ROAD_EQR_CARPDA(1.0),New passenger cars by type of motor energy,A,Annual,NR,Number,TOTAL,Total,DE,Germany,2019,,3607258,,,,,
dataflow,ESTAT:ROAD_EQR_CARPDA(1.0),New passenger cars by type of motor energy,A,Annual,NR,Number,TOTAL,Total,DE,Germany,2020,,2917678,,,,,
dataflow,ESTAT:ROAD_EQR_CARPDA(1.0),New passenger cars by type of motor energy,A,Annual,NR,Number,TOTAL,Total,DE,Germany,2021,,2622132,,,,,
dataflow,ESTAT:ROAD_EQR_CARPDA(1.0),New passenger cars by type of motor energy,A,Annual,NR,Number,TOTAL,Total,DE,Germany,2022,,2651357,,,,,
dataflow,ESTAT:ROAD_EQR_CARPDA(1.0),New passenger cars by type of motor energy,A,Annual,NR,Number,TOTAL,Total,DE,Germany,2023,,2844609,,,,,
dataflow,ESTAT:ROAD_EQR_CARPDA(1.0),New passenger cars by type of motor energy,A,Annual,NR,Number,TOTAL,Total,DE,Germany,2024,,2817331,,,,,
dataflow,ESTAT:ROAD_EQR_CARPDA(1.0),New passenger cars by type of motor energy,A,Annual,NR,Number,TOTAL,Total,DK,Denmark,2013,,180642,,,,,
dataflow,ESTAT:ROAD_EQR_CARPDA(1.0),New passenger cars by type of motor energy,A,Annual,NR,Number,TOTAL,Total,DK,Denmark,2014,,188406,,,,,
dataflow,ESTAT:ROAD_EQR_CARPDA(1.0),New passenger cars by type of motor energy,A,Annual,NR,Number,TOTAL,Total,DK,Denmark,2015,,206653,,,,,
dataflow,ESTAT:ROAD_EQR_CARPDA(1.0),New passenger cars by type of motor energy,A,Annual,NR,Number,TOTAL,Total,DK,Denmark,2016,,222469,,,,,
dataflow,ESTAT:ROAD_EQR_CARPDA(1.0),New passenger cars by type of motor energy,A,Annual,NR,Number,TOTAL,Total,DK,Denmark,2017,,221473,,,,,
dataflow,ESTAT:ROAD_EQR_CARPDA(1.0),New passenger cars by type of motor energy,A,Annual,NR,Number,TOTAL,Total,DK,Denmark,2018,,218475,,,,,
dataflow,ESTAT:ROAD_EQR_CARPDA(1.0),New passenger cars by type of motor energy,A,Annual,NR,Number,TOTAL,Total,DK,Denmark,2019,,225620,,,,,
dataflow,ESTAT:ROAD_EQR_CARPDA(1.0),New passenger cars by type of motor energy,A,Annual,NR,Number,TOTAL,Total,DK,Denmark,2020,,198979,,,,,
dataflow,ESTAT:ROAD_EQR_CARPDA(1.0),New passenger cars by type of motor energy,A,Annual,NR,Number,TOTAL,Total,DK,Denmark,2021,,186592,,,,,
dataflow,ESTAT:ROAD_EQR_CARPDA(1.0),New passenger cars by type of motor energy,A,Annual,NR,Number,TOTAL,Total,DK,Denmark,2022,,149285,,,,,
dataflow,ESTAT:ROAD_EQR_CARPDA(1.0),New passenger cars by type of motor energy,A,Annual,NR,Number,TOTAL,Total,DK,Denmark,2023,,173374,,,,,
dataflow,ESTAT:ROAD_EQR_CARPDA(1.0),New passenger cars by type of motor energy,A,Annual,NR,Number,TOTAL,Total,DK,Denmark,2024,,173461,,,,,
dataflow,ESTAT:ROAD_EQR_CARPDA(1.0),New passenger cars by type of motor energy,A,Annual,NR,Number,TOTAL,Total,EE,Estonia,2013,,19690,,,,,
dataflow,ESTAT:ROAD_EQR_CARPDA(1.0),New passenger cars by type of motor energy,A,Annual,NR,Number,TOTAL,Total,EE,Estonia,2014,,21128,,,,,
dataflow,ESTAT:ROAD_EQR_CARPDA(1.0),New passenger cars by type of motor energy,A,Annual,NR,Number,TOTAL,Total,EE,Estonia,2015,,21064,,,,,
dataflow,ESTAT:ROAD_EQR_CARPDA(1.0),New passenger cars by type of motor energy,A,Annual,NR,Number,TOTAL,Total,EE,Estonia,2016,,23020,,,,,
dataflow,ESTAT:ROAD_EQR_CARPDA(1.0),New passenger cars by type of motor energy,A,Annual,NR,Number,TOTAL,Total,EE,Estonia,2017,,25621,,,,,
dataflow,ESTAT:ROAD_EQR_CARPDA(1.0),New passenger cars by type of motor energy,A,Annual,NR,Number,TOTAL,Total,EE,Estonia,2018,,26299,,,,,
dataflow,ESTAT:ROAD_EQR_CARPDA(1.0),New passenger cars by type of motor energy,A,Annual,NR,Number,TOTAL,Total,EE,Estonia,2019,,27579,,,,,
dataflow,ESTAT:ROAD_EQR_CARPDA(1.0),New passenger cars by type of motor energy,A,Annual,NR,Number,TOTAL,Total,EE,Estonia,2020,,19295,,,,,
dataflow,ESTAT:ROAD_EQR_CARPDA(1.0),New passenger cars by type of motor energy,A,Annual,NR,Number,TOTAL,Total,EE,Estonia,2021,,22610,,,,,
dataflow,ESTAT:ROAD_EQR_CARPDA(1.0),New passenger cars by type of motor energy,A,Annual,NR,Number,TOTAL,Total,EE,Estonia,2022,,20558,,,,,
dataflow,ESTAT:ROAD_EQR_CARPDA(1.0),New passenger cars by type of motor energy,A,Annual,NR,Number,TOTAL,Total,EE,Estonia,2023,,22986,,,,,
dataflow,ESTAT:ROAD_EQR_CARPDA(1.0),New passenger cars by type of motor energy,A,Annual,NR,Number,TOTAL,Total,EE,Estonia,2024,,25744,,,,,
dataflow,ESTAT:ROAD_EQR_CARPDA(1.0),New passenger cars by type of motor energy,A,Annual,NR,Number,TOTAL,Total,EL,Greece,2013,,58659,,b,break in time series,,
dataflow,ESTAT:ROAD_EQR_CARPDA(1.0),New passenger cars by type of motor energy,A,Annual,NR,Number,TOTAL,Total,EL,Greece,2014,,70810,,,,,
dataflow,ESTAT:ROAD_EQR_CARPDA(1.0),New passenger cars by type of motor energy,A,Annual,NR,Number,TOTAL,Total,EL,Greece,2015,,75497,,,,,
dataflow,ESTAT:ROAD_EQR_CARPDA(1.0),New passenger cars by type of motor energy,A,Annual,NR,Number,TOTAL,Total,EL,Greece,2016,,78790,,,,,
dataflow,ESTAT:ROAD_EQR_CARPDA(1.0),New passenger cars by type of motor energy,A,Annual,NR,Number,TOTAL,Total,EL,Greece,2017,,88001,,,,,
dataflow,ESTAT:ROAD_EQR_CARPDA(1.0),New passenger cars by type of motor energy,A,Annual,NR,Number,TOTAL,Total,EL,Greece,2018,,103322,,,,,
dataflow,ESTAT:ROAD_EQR_CARPDA(1.0),New passenger cars by type of motor energy,A,Annual,NR,Number,TOTAL,Total,EL,Greece,2019,,114007,,,,,
dataflow,ESTAT:ROAD_EQR_CARPDA(1.0),New passenger cars by type of motor energy,A,Annual,NR,Number,TOTAL,Total,EL,Greece,2020,,79597,,,,,
dataflow,ESTAT:ROAD_EQR_CARPDA(1.0),New passenger cars by type of motor energy,A,Annual,NR,Number,TOTAL,Total,EL,Greece,2021,,100274,,,,,
dataflow,ESTAT:ROAD_EQR_CARPDA(1.0),New passenger cars by type of motor energy,A,Annual,NR,Number,TOTAL,Total,EL,Greece,2022,,105219,,,,,
dataflow,ESTAT:ROAD_EQR_CARPDA(1.0),New passenger cars by type of motor energy,A,Annual,NR,Number,TOTAL,Total,EL,Greece,2023,,134465,,,,,
dataflow,ESTAT:ROAD_EQR_CARPDA(1.0),New passenger cars by type of motor energy,A,Annual,NR,Number,TOTAL,Total,EL,Greece,2024,,136984,,,,,
dataflow,ESTAT:ROAD_EQR_CARPDA(1.0),New passenger cars by type of motor energy,A,Annual,NR,Number,TOTAL,Total,ES,Spain,2013,,742305,,,,,
dataflow,ESTAT:ROAD_EQR_CARPDA(1.0),New passenger cars by type of motor energy,A,Annual,NR,Number,TOTAL,Total,ES,Spain,2014,,890125,,,,,
dataflow,ESTAT:ROAD_EQR_CARPDA(1.0),New passenger cars by type of motor energy,A,Annual,NR,Number,TOTAL,Total,ES,Spain,2015,,1047782,,,,,
dataflow,ESTAT:ROAD_EQR_CARPDA(1.0),New passenger cars by type of motor energy,A,Annual,NR,Number,TOTAL,Total,ES,Spain,2016,,1228412,,,,,
dataflow,ESTAT:ROAD_EQR_CARPDA(1.0),New passenger cars by type of motor energy,A,Annual,NR,Number,TOTAL,Total,ES,Spain,2017,,1339232,,,,,
dataflow,ESTAT:ROAD_EQR_CARPDA(1.0),New passenger cars by type of motor energy,A,Annual,NR,Number,TOTAL,Total,ES,Spain,2018,,1439270,,,,,
dataflow,ESTAT:ROAD_EQR_CARPDA(1.0),New passenger cars by type of motor energy,A,Annual,NR,Number,TOTAL,Total,ES,Spain,2019,,1372821,,,,,
dataflow,ESTAT:ROAD_EQR_CARPDA(1.0),New passenger cars by type of motor energy,A,Annual,NR,Number,TOTAL,Total,ES,Spain,2020,,927523,,,,,
dataflow,ESTAT:ROAD_EQR_CARPDA(1.0),New passenger cars by type of motor energy,A,Annual,NR,Number,TOTAL,Total,ES,Spain,2021,,918831,,,,,
dataflow,ESTAT:ROAD_EQR_CARPDA(1.0),New passenger cars by type of motor energy,A,Annual,NR,Number,TOTAL,Total,ES,Spain,2022,,851525,,,,,
dataflow,ESTAT:ROAD_EQR_CARPDA(1.0),New passenger cars by type of motor energy,A,Annual,NR,Number,TOTAL,Total,ES,Spain,2023,,983721,,,,,
dataflow,ESTAT:ROAD_EQR_CARPDA(1.0),New passenger cars by type of motor energy,A,Annual,NR,Number,TOTAL,Total,ES,Spain,2024,,1067172,,,,,
dataflow,ESTAT:ROAD_EQR_CARPDA(1.0),New passenger cars by type of motor energy,A,Annual,NR,Number,TOTAL,Total,EU27_2020,European Union - 27 countries (from 2020),2013,,9637545,,,,,
dataflow,ESTAT:ROAD_EQR_CARPDA(1.0),New passenger cars by type of motor energy,A,Annual,NR,Number,TOTAL,Total,EU27_2020,European Union - 27 countries (from 2020),2014,,10109718,,,,,
dataflow,ESTAT:ROAD_EQR_CARPDA(1.0),New passenger cars by type of motor energy,A,Annual,NR,Number,TOTAL,Total,EU27_2020,European Union - 27 countries (from 2020),2015,,11107413,,,,,
dataflow,ESTAT:ROAD_EQR_CARPDA(1.0),New passenger cars by type of motor energy,A,Annual,NR,Number,TOTAL,Total,EU27_2020,European Union - 27 countries (from 2020),2016,,11982392,,,,,
dataflow,ESTAT:ROAD_EQR_CARPDA(1.0),New passenger cars by type of motor energy,A,Annual,NR,Number,TOTAL,Total,EU27_2020,European Union - 27 countries (from 2020),2017,,12795786,,,,,
dataflow,ESTAT:ROAD_EQR_CARPDA(1.0),New passenger cars by type of motor energy,A,Annual,NR,Number,TOTAL,Total,EU27_2020,European Union - 27 countries (from 2020),2018,,13017959,,,,,
dataflow,ESTAT:ROAD_EQR_CARPDA(1.0),New passenger cars by type of motor energy,A,Annual,NR,Number,TOTAL,Total,EU27_2020,European Union - 27 countries (from 2020),2019,,13235768,,,,,
dataflow,ESTAT:ROAD_EQR_CARPDA(1.0),New passenger cars by type of motor energy,A,Annual,NR,Number,TOTAL,Total,EU27_2020,European Union - 27 countries (from 2020),2020,,10131016,,,,,
dataflow,ESTAT:ROAD_EQR_CARPDA(1.0),New passenger cars by type of motor energy,A,Annual,NR,Number,TOTAL,Total,EU27_2020,European Union - 27 countries (from 2020),2021,,9881857,,,,,
dataflow,ESTAT:ROAD_EQR_CARPDA(1.0),New passenger cars by type of motor energy,A,Annual,NR,Number,TOTAL,Total,EU27_2020,European Union - 27 countries (from 2020),2022,,9360702,,,,,
dataflow,ESTAT:ROAD_EQR_CARPDA(1.0),New passenger cars by type of motor energy,A,Annual,NR,Number,TOTAL,Total,EU27_2020,European Union - 27 countries (from 2020),2023,,10654649,,,,,
dataflow,ESTAT:ROAD_EQR_CARPDA(1.0),New passenger cars by type of motor energy,A,Annual,NR,Number,TOTAL,Total,EU27_2020,European Union - 27 countries (from 2020),2024,,10724014,,,,,
dataflow,ESTAT:ROAD_EQR_CARPDA(1.0),New passenger cars by type of motor energy,A,Annual,NR,Number,TOTAL,Total,FI,Finland,2013,,103450,,,,,
dataflow,ESTAT:ROAD_EQR_CARPDA(1.0),New passenger cars by type of motor energy,A,Annual,NR,Number,TOTAL,Total,FI,Finland,2014,,106235,,,,,
dataflow,ESTAT:ROAD_EQR_CARPDA(1.0),New passenger cars by type of motor energy,A,Annual,NR,Number,TOTAL,Total,FI,Finland,2015,,108819,,,,,
dataflow,ESTAT:ROAD_EQR_CARPDA(1.0),New passenger cars by type of motor energy,A,Annual,NR,Number,TOTAL,Total,FI,Finland,2016,,119000,,,,,
dataflow,ESTAT:ROAD_EQR_CARPDA(1.0),New passenger cars by type of motor energy,A,Annual,NR,Number,TOTAL,Total,FI,Finland,2017,,118587,,,,,
dataflow,ESTAT:ROAD_EQR_CARPDA(1.0),New passenger cars by type of motor energy,A,Annual,NR,Number,TOTAL,Total,FI,Finland,2018,,120505,,,,,
dataflow,ESTAT:ROAD_EQR_CARPDA(1.0),New passenger cars by type of motor energy,A,Annual,NR,Number,TOTAL,Total,FI,Finland,2019,,114202,,,,,
dataflow,ESTAT:ROAD_EQR_CARPDA(1.0),New passenger cars by type of motor energy,A,Annual,NR,Number,TOTAL,Total,FI,Finland,2020,,96418,,,,,
dataflow,ESTAT:ROAD_EQR_CARPDA(1.0),New passenger cars by type of motor energy,A,Annual,NR,Number,TOTAL,Total,FI,Finland,2021,,98485,,,,,
dataflow,ESTAT:ROAD_EQR_CARPDA(1.0),New passenger cars by type of motor energy,A,Annual,NR,Number,TOTAL,Total,FI,Finland,2022,,81700,,,,,
dataflow,ESTAT:ROAD_EQR_CARPDA(1.0),New passenger cars by type of motor energy,A,Annual,NR,Number,TOTAL,Total,FI,Finland,2023,,87509,,,,,
dataflow,ESTAT:ROAD_EQR_CARPDA(1.0),New passenger cars by type of motor energy,A,Annual,NR,Number,TOTAL,Total,FI,Finland,2024,,74075,,,,,
dataflow,ESTAT:ROAD_EQR_CARPDA(1.0),New passenger cars by type of motor energy,A,Annual,NR,Number,TOTAL,Total,FR,France,2013,,1756953,,,,,
dataflow,ESTAT:ROAD_EQR_CARPDA(1.0),New passenger cars by type of motor energy,A,Annual,NR,Number,TOTAL,Total,FR,France,2014,,1765855,,,,,
dataflow,ESTAT:ROAD_EQR_CARPDA(1.0),New passenger cars by type of motor energy,A,Annual,NR,Number,TOTAL,Total,FR,France,2015,,1886229,,,,,
dataflow,ESTAT:ROAD_EQR_CARPDA(1.0),New passenger cars by type of motor energy,A,Annual,NR,Number,TOTAL,Total,FR,France,2016,,1984471,,,,,
dataflow,ESTAT:ROAD_EQR_CARPDA(1.0),New passenger cars by type of motor energy,A,Annual,NR,Number,TOTAL,Total,FR,France,2017,,2157670,,,,,
dataflow,ESTAT:ROAD_EQR_CARPDA(1.0),New passenger cars by type of motor energy,A,Annual,NR,Number,TOTAL,Total,FR,France,2018,,2223581,,,,,
dataflow,ESTAT:ROAD_EQR_CARPDA(1.0),New passenger cars by type of motor energy,A,Annual,NR,Number,TOTAL,Total,FR,France,2019,,2258277,,,,,
dataflow,ESTAT:ROAD_EQR_CARPDA(1.0),New passenger cars by type of motor energy,A,Annual,NR,Number,TOTAL,Total,FR,France,2020,,1693530,,,,,
dataflow,ESTAT:ROAD_EQR_CARPDA(1.0),New passenger cars by type of motor energy,A,Annual,NR,Number,TOTAL,Total,FR,France,2021,,1708675,,,,,
dataflow,ESTAT:ROAD_EQR_CARPDA(1.0),New passenger cars by type of motor energy,A,Annual,NR,Number,TOTAL,Total,FR,France,2022,,1576950,,,,,
dataflow,ESTAT:ROAD_EQR_CARPDA(1.0),New passenger cars by type of motor energy,A,Annual,NR,Number,TOTAL,Total,FR,France,2023,,1841326,,,,,
dataflow,ESTAT:ROAD_EQR_CARPDA(1.0),New passenger cars by type of motor energy,A,Annual,NR,Number,TOTAL,Total,FR,France,2024,,1780860,,,,,
dataflow,ESTAT:ROAD_EQR_CARPDA(1.0),New passenger cars by type of motor energy,A,Annual,NR,Number,TOTAL,Total,GE,Georgia,2017,,2731,,,,,
dataflow,ESTAT:ROAD_EQR_CARPDA(1.0),New passenger cars by type of motor energy,A,Annual,NR,Number,TOTAL,Total,GE,Georgia,2018,,3432,,,,,
dataflow,ESTAT:ROAD_EQR_CARPDA(1.0),New passenger cars by type of motor energy,A,Annual,NR,Number,TOTAL,Total,GE,Georgia,2019,,2396,,,,,
dataflow,ESTAT:ROAD_EQR_CARPDA(1.0),New passenger cars by type of motor energy,A,Annual,NR,Number,TOTAL,Total,GE,Georgia,2020,,2396,,,,,
dataflow,ESTAT:ROAD_EQR_CARPDA(1.0),New passenger cars by type of motor energy,A,Annual,NR,Number,TOTAL,Total,GE,Georgia,2021,,3551,,,,,
dataflow,ESTAT:ROAD_EQR_CARPDA(1.0),New passenger cars by type of motor energy,A,Annual,NR,Number,TOTAL,Total,GE,Georgia,2022,,5419,,,,,
dataflow,ESTAT:ROAD_EQR_CARPDA(1.0),New passenger cars by type of motor energy,A,Annual,NR,Number,TOTAL,Total,GE,Georgia,2023,,6422,,,,,
dataflow,ESTAT:ROAD_EQR_CARPDA(1.0),New passenger cars by type of motor energy,A,Annual,NR,Number,TOTAL,Total,GE,Georgia,2024,,8473,,,,,
dataflow,ESTAT:ROAD_EQR_CARPDA(1.0),New passenger cars by type of motor energy,A,Annual,NR,Number,TOTAL,Total,HR,Croatia,2013,,27802,,b,break in time series,,
dataflow,ESTAT:ROAD_EQR_CARPDA(1.0),New passenger cars by type of motor energy,A,Annual,NR,Number,TOTAL,Total,HR,Croatia,2014,,33997,,i,value imputed by Eurostat or other receiving agencies,,
dataflow,ESTAT:ROAD_EQR_CARPDA(1.0),New passenger cars by type of motor energy,A,Annual,NR,Number,TOTAL,Total,HR,Croatia,2015,,34820,,i,value imputed by Eurostat or other receiving agencies,,
dataflow,ESTAT:ROAD_EQR_CARPDA(1.0),New passenger cars by type of motor energy,A,Annual,NR,Number,TOTAL,Total,HR,Croatia,2016,,43015,,i,value imputed by Eurostat or other receiving agencies,,
dataflow,ESTAT:ROAD_EQR_CARPDA(1.0),New passenger cars by type of motor energy,A,Annual,NR,Number,TOTAL,Total,HR,Croatia,2017,,50412,,i,value imputed by Eurostat or other receiving agencies,,
dataflow,ESTAT:ROAD_EQR_CARPDA(1.0),New passenger cars by type of motor energy,A,Annual,NR,Number,TOTAL,Total,HR,Croatia,2018,,59856,,i,value imputed by Eurostat or other receiving agencies,,
dataflow,ESTAT:ROAD_EQR_CARPDA(1.0),New passenger cars by type of motor energy,A,Annual,NR,Number,TOTAL,Total,HR,Croatia,2019,,62975,,i,value imputed by Eurostat or other receiving agencies,,
dataflow,ESTAT:ROAD_EQR_CARPDA(1.0),New passenger cars by type of motor energy,A,Annual,NR,Number,TOTAL,Total,HR,Croatia,2020,,36047,,i,value imputed by Eurostat or other receiving agencies,,
dataflow,ESTAT:ROAD_EQR_CARPDA(1.0),New passenger cars by type of motor energy,A,Annual,NR,Number,TOTAL,Total,HR,Croatia,2021,,35246,,,,,
dataflow,ESTAT:ROAD_EQR_CARPDA(1.0),New passenger cars by type of motor energy,A,Annual,NR,Number,TOTAL,Total,HR,Croatia,2022,,37044,,,,,
dataflow,ESTAT:ROAD_EQR_CARPDA(1.0),New passenger cars by type of motor energy,A,Annual,NR,Number,TOTAL,Total,HR,Croatia,2023,,43866,,,,,
dataflow,ESTAT:ROAD_EQR_CARPDA(1.0),New passenger cars by type of motor energy,A,Annual,NR,Number,TOTAL,Total,HR,Croatia,2024,,47806,,,,,
dataflow,ESTAT:ROAD_EQR_CARPDA(1.0),New passenger cars by type of motor energy,A,Annual,NR,Number,TOTAL,Total,HU,Hungary,2013,,56510,,,,,
dataflow,ESTAT:ROAD_EQR_CARPDA(1.0),New passenger cars by type of motor energy,A,Annual,NR,Number,TOTAL,Total,HU,Hungary,2014,,68016,,,,,
dataflow,ESTAT:ROAD_EQR_CARPDA(1.0),New passenger cars by type of motor energy,A,Annual,NR,Number,TOTAL,Total,HU,Hungary,2015,,77414,,,,,
dataflow,ESTAT:ROAD_EQR_CARPDA(1.0),New passenger cars by type of motor energy,A,Annual,NR,Number,TOTAL,Total,HU,Hungary,2016,,96735,,,,,
dataflow,ESTAT:ROAD_EQR_CARPDA(1.0),New passenger cars by type of motor energy,A,Annual,NR,Number,TOTAL,Total,HU,Hungary,2017,,116305,,,,,
dataflow,ESTAT:ROAD_EQR_CARPDA(1.0),New passenger cars by type of motor energy,A,Annual,NR,Number,TOTAL,Total,HU,Hungary,2018,,136755,,,,,
dataflow,ESTAT:ROAD_EQR_CARPDA(1.0),New passenger cars by type of motor energy,A,Annual,NR,Number,TOTAL,Total,HU,Hungary,2019,,158167,,,,,
dataflow,ESTAT:ROAD_EQR_CARPDA(1.0),New passenger cars by type of motor energy,A,Annual,NR,Number,TOTAL,Total,HU,Hungary,2020,,128196,,,,,
dataflow,ESTAT:ROAD_EQR_CARPDA(1.0),New passenger cars by type of motor energy,A,Annual,NR,Number,TOTAL,Total,HU,Hungary,2021,,122080,,,,,
dataflow,ESTAT:ROAD_EQR_CARPDA(1.0),New passenger cars by type of motor energy,A,Annual,NR,Number,TOTAL,Total,HU,Hungary,2022,,111631,,,,,
dataflow,ESTAT:ROAD_EQR_CARPDA(1.0),New passenger cars by type of motor energy,A,Annual,NR,Number,TOTAL,Total,HU,Hungary,2023,,107860,,,,,
dataflow,ESTAT:ROAD_EQR_CARPDA(1.0),New passenger cars by type of motor energy,A,Annual,NR,Number,TOTAL,Total,HU,Hungary,2024,,121611,,i,value imputed by Eurostat or other receiving agencies,,
dataflow,ESTAT:ROAD_EQR_CARPDA(1.0),New passenger cars by type of motor energy,A,Annual,NR,Number,TOTAL,Total,IE,Ireland,2013,,74960,,,,,
dataflow,ESTAT:ROAD_EQR_CARPDA(1.0),New passenger cars by type of motor energy,A,Annual,NR,Number,TOTAL,Total,IE,Ireland,2014,,84136,,,,,
dataflow,ESTAT:ROAD_EQR_CARPDA(1.0),New passenger cars by type of motor energy,A,Annual,NR,Number,TOTAL,Total,IE,Ireland,2015,,129959,,,,,
dataflow,ESTAT:ROAD_EQR_CARPDA(1.0),New passenger cars by type of motor energy,A,Annual,NR,Number,TOTAL,Total,IE,Ireland,2016,,149763,,,,,
dataflow,ESTAT:ROAD_EQR_CARPDA(1.0),New passenger cars by type of motor energy,A,Annual,NR,Number,TOTAL,Total,IE,Ireland,2017,,133579,,,,,
dataflow,ESTAT:ROAD_EQR_CARPDA(1.0),New passenger cars by type of motor energy,A,Annual,NR,Number,TOTAL,Total,IE,Ireland,2018,,128549,,,,,
dataflow,ESTAT:ROAD_EQR_CARPDA(1.0),New passenger cars by type of motor energy,A,Annual,NR,Number,TOTAL,Total,IE,Ireland,2019,,126104,,,,,
dataflow,ESTAT:ROAD_EQR_CARPDA(1.0),New passenger cars by type of motor energy,A,Annual,NR,Number,TOTAL,Total,IE,Ireland,2020,,92393,,,,,
dataflow,ESTAT:ROAD_EQR_CARPDA(1.0),New passenger cars by type of motor energy,A,Annual,NR,Number,TOTAL,Total,IE,Ireland,2021,,108615,,,,,
dataflow,ESTAT:ROAD_EQR_CARPDA(1.0),New passenger cars by type of motor energy,A,Annual,NR,Number,TOTAL,Total,IE,Ireland,2022,,107620,,,,,
dataflow,ESTAT:ROAD_EQR_CARPDA(1.0),New passenger cars by type of motor energy,A,Annual,NR,Number,TOTAL,Total,IE,Ireland,2023,,125530,,,,,
dataflow,ESTAT:ROAD_EQR_CARPDA(1.0),New passenger cars by type of motor energy,A,Annual,NR,Number,TOTAL,Total,IE,Ireland,2024,,123054,,i,value imputed by Eurostat or other receiving agencies,,
dataflow,ESTAT:ROAD_EQR_CARPDA(1.0),New passenger cars by type of motor energy,A,Annual,NR,Number,TOTAL,Total,IS,Iceland,2013,,7274,,i,value imputed by Eurostat or other receiving agencies,,
dataflow,ESTAT:ROAD_EQR_CARPDA(1.0),New passenger cars by type of motor energy,A,Annual,NR,Number,TOTAL,Total,IS,Iceland,2014,,9536,,i,value imputed by Eurostat or other receiving agencies,,
dataflow,ESTAT:ROAD_EQR_CARPDA(1.0),New passenger cars by type of motor energy,A,Annual,NR,Number,TOTAL,Total,IS,Iceland,2015,,14029,,i,value imputed by Eurostat or other receiving agencies,,
dataflow,ESTAT:ROAD_EQR_CARPDA(1.0),New passenger cars by type of motor energy,A,Annual,NR,Number,TOTAL,Total,IS,Iceland,2016,,18442,,i,value imputed by Eurostat or other receiving agencies,,
dataflow,ESTAT:ROAD_EQR_CARPDA(1.0),New passenger cars by type of motor energy,A,Annual,NR,Number,TOTAL,Total,IS,Iceland,2017,,25900,,,,,
dataflow,ESTAT:ROAD_EQR_CARPDA(1.0),New passenger cars by type of motor energy,A,Annual,NR,Number,TOTAL,Total,IS,Iceland,2018,,21227,,,,,
dataflow,ESTAT:ROAD_EQR_CARPDA(1.0),New passenger cars by type of motor energy,A,Annual,NR,Number,TOTAL,Total,IS,Iceland,2019,,13636,,,,,
dataflow,ESTAT:ROAD_EQR_CARPDA(1.0),New passenger cars by type of motor energy,A,Annual,NR,Number,TOTAL,Total,IS,Iceland,2020,,10622,,,,,
dataflow,ESTAT:ROAD_EQR_CARPDA(1.0),New passenger cars by type of motor energy,A,Annual,NR,Number,TOTAL,Total,IS,Iceland,2021,,15787,,,,,
dataflow,ESTAT:ROAD_EQR_CARPDA(1.0),New passenger cars by type of motor energy,A,Annual,NR,Number,TOTAL,Total,IS,Iceland,2022,,16673,,,,,
dataflow,ESTAT:ROAD_EQR_CARPDA(1.0),New passenger cars by type of motor energy,A,Annual,NR,Number,TOTAL,Total,IS,Iceland,2023,,17543,,,,,
dataflow,ESTAT:ROAD_EQR_CARPDA(1.0),New passenger cars by type of motor energy,A,Annual,NR,Number,TOTAL,Total,IS,Iceland,2024,,10233,,i,value imputed by Eurostat or other receiving agencies,,
dataflow,ESTAT:ROAD_EQR_CARPDA(1.0),New passenger cars by type of motor energy,A,Annual,NR,Number,TOTAL,Total,IT,Italy,2013,,1311334,,,,,
dataflow,ESTAT:ROAD_EQR_CARPDA(1.0),New passenger cars by type of motor energy,A,Annual,NR,Number,TOTAL,Total,IT,Italy,2014,,1376185,,,,,
dataflow,ESTAT:ROAD_EQR_CARPDA(1.0),New passenger cars by type of motor energy,A,Annual,NR,Number,TOTAL,Total,IT,Italy,2015,,1593857,,,,,
dataflow,ESTAT:ROAD_EQR_CARPDA(1.0),New passenger cars by type of motor energy,A,Annual,NR,Number,TOTAL,Total,IT,Italy,2016,,1848841,,,,,
dataflow,ESTAT:ROAD_EQR_CARPDA(1.0),New passenger cars by type of motor energy,A,Annual,NR,Number,TOTAL,Total,IT,Italy,2017,,1993826,,,,,
dataflow,ESTAT:ROAD_EQR_CARPDA(1.0),New passenger cars by type of motor energy,A,Annual,NR,Number,TOTAL,Total,IT,Italy,2018,,1944312,,,,,
dataflow,ESTAT:ROAD_EQR_CARPDA(1.0),New passenger cars by type of motor energy,A,Annual,NR,Number,TOTAL,Total,IT,Italy,2019,,1948479,,,,,
dataflow,ESTAT:ROAD_EQR_CARPDA(1.0),New passenger cars by type of motor energy,A,Annual,NR,Number,TOTAL,Total,IT,Italy,2020,,1437259,,,,,
dataflow,ESTAT:ROAD_EQR_CARPDA(1.0),New passenger cars by type of motor energy,A,Annual,NR,Number,TOTAL,Total,IT,Italy,2021,,1518876,,,,,
dataflow,ESTAT:ROAD_EQR_CARPDA(1.0),New passenger cars by type of motor energy,A,Annual,NR,Number,TOTAL,Total,IT,Italy,2022,,1335690,,,,,
dataflow,ESTAT:ROAD_EQR_CARPDA(1.0),New passenger cars by type of motor energy,A,Annual,NR,Number,TOTAL,Total,IT,Italy,2023,,1581156,,,,,
dataflow,ESTAT:ROAD_EQR_CARPDA(1.0),New passenger cars by type of motor energy,A,Annual,NR,Number,TOTAL,Total,IT,Italy,2024,,1559208,,i,value imputed by Eurostat or other receiving agencies,,
dataflow,ESTAT:ROAD_EQR_CARPDA(1.0),New passenger cars by type of motor energy,A,Annual,NR,Number,TOTAL,Total,LI,Liechtenstein,2013,,1920,,,,,
dataflow,ESTAT:ROAD_EQR_CARPDA(1.0),New passenger cars by type of motor energy,A,Annual,NR,Number,TOTAL,Total,LI,Liechtenstein,2014,,1800,,,,,
dataflow,ESTAT:ROAD_EQR_CARPDA(1.0),New passenger cars by type of motor energy,A,Annual,NR,Number,TOTAL,Total,LI,Liechtenstein,2015,,2049,,,,,
dataflow,ESTAT:ROAD_EQR_CARPDA(1.0),New passenger cars by type of motor energy,A,Annual,NR,Number,TOTAL,Total,LI,Liechtenstein,2016,,1984,,,,,
dataflow,ESTAT:ROAD_EQR_CARPDA(1.0),New passenger cars by type of motor energy,A,Annual,NR,Number,TOTAL,Total,LI,Liechtenstein,2017,,2024,,,,,
dataflow,ESTAT:ROAD_EQR_CARPDA(1.0),New passenger cars by type of motor energy,A,Annual,NR,Number,TOTAL,Total,LI,Liechtenstein,2018,,1849,,,,,
dataflow,ESTAT:ROAD_EQR_CARPDA(1.0),New passenger cars by type of motor energy,A,Annual,NR,Number,TOTAL,Total,LI,Liechtenstein,2019,,1953,,,,,
dataflow,ESTAT:ROAD_EQR_CARPDA(1.0),New passenger cars by type of motor energy,A,Annual,NR,Number,TOTAL,Total,LI,Liechtenstein,2020,,1510,,,,,
dataflow,ESTAT:ROAD_EQR_CARPDA(1.0),New passenger cars by type of motor energy,A,Annual,NR,Number,TOTAL,Total,LI,Liechtenstein,2021,,1627,,,,,
dataflow,ESTAT:ROAD_EQR_CARPDA(1.0),New passenger cars by type of motor energy,A,Annual,NR,Number,TOTAL,Total,LI,Liechtenstein,2022,,1524,,,,,
dataflow,ESTAT:ROAD_EQR_CARPDA(1.0),New passenger cars by type of motor energy,A,Annual,NR,Number,TOTAL,Total,LI,Liechtenstein,2023,,1590,,,,,
dataflow,ESTAT:ROAD_EQR_CARPDA(1.0),New passenger cars by type of motor energy,A,Annual,NR,Number,TOTAL,Total,LI,Liechtenstein,2024,,1567,,,,,
dataflow,ESTAT:ROAD_EQR_CARPDA(1.0),New passenger cars by type of motor energy,A,Annual,NR,Number,TOTAL,Total,LT,Lithuania,2013,,12257,,,,,
dataflow,ESTAT:ROAD_EQR_CARPDA(1.0),New passenger cars by type of motor energy,A,Annual,NR,Number,TOTAL,Total,LT,Lithuania,2014,,11699,,,,,
dataflow,ESTAT:ROAD_EQR_CARPDA(1.0),New passenger cars by type of motor energy,A,Annual,NR,Number,TOTAL,Total,LT,Lithuania,2015,,13757,,,,,
dataflow,ESTAT:ROAD_EQR_CARPDA(1.0),New passenger cars by type of motor energy,A,Annual,NR,Number,TOTAL,Total,LT,Lithuania,2016,,16402,,,,,
dataflow,ESTAT:ROAD_EQR_CARPDA(1.0),New passenger cars by type of motor energy,A,Annual,NR,Number,TOTAL,Total,LT,Lithuania,2017,,19083,,,,,
dataflow,ESTAT:ROAD_EQR_CARPDA(1.0),New passenger cars by type of motor energy,A,Annual,NR,Number,TOTAL,Total,LT,Lithuania,2018,,21678,,,,,
dataflow,ESTAT:ROAD_EQR_CARPDA(1.0),New passenger cars by type of motor energy,A,Annual,NR,Number,TOTAL,Total,LT,Lithuania,2019,,25609,,,,,
dataflow,ESTAT:ROAD_EQR_CARPDA(1.0),New passenger cars by type of motor energy,A,Annual,NR,Number,TOTAL,Total,LT,Lithuania,2020,,40878,,,,,
dataflow,ESTAT:ROAD_EQR_CARPDA(1.0),New passenger cars by type of motor energy,A,Annual,NR,Number,TOTAL,Total,LT,Lithuania,2021,,28209,,,,,
dataflow,ESTAT:ROAD_EQR_CARPDA(1.0),New passenger cars by type of motor energy,A,Annual,NR,Number,TOTAL,Total,LT,Lithuania,2022,,24115,,,,,
dataflow,ESTAT:ROAD_EQR_CARPDA(1.0),New passenger cars by type of motor energy,A,Annual,NR,Number,TOTAL,Total,LT,Lithuania,2023,,26866,,,,,
dataflow,ESTAT:ROAD_EQR_CARPDA(1.0),New passenger cars by type of motor energy,A,Annual,NR,Number,TOTAL,Total,LT,Lithuania,2024,,27857,,,,,
dataflow,ESTAT:ROAD_EQR_CARPDA(1.0),New passenger cars by type of motor energy,A,Annual,NR,Number,TOTAL,Total,LU,Luxembourg,2013,,46624,,,,,
dataflow,ESTAT:ROAD_EQR_CARPDA(1.0),New passenger cars by type of motor energy,A,Annual,NR,Number,TOTAL,Total,LU,Luxembourg,2014,,49793,,,,,
dataflow,ESTAT:ROAD_EQR_CARPDA(1.0),New passenger cars by type of motor energy,A,Annual,NR,Number,TOTAL,Total,LU,Luxembourg,2015,,46473,,,,,
dataflow,ESTAT:ROAD_EQR_CARPDA(1.0),New passenger cars by type of motor energy,A,Annual,NR,Number,TOTAL,Total,LU,Luxembourg,2016,,50561,,,,,
dataflow,ESTAT:ROAD_EQR_CARPDA(1.0),New passenger cars by type of motor energy,A,Annual,NR,Number,TOTAL,Total,LU,Luxembourg,2017,,52775,,,,,
dataflow,ESTAT:ROAD_EQR_CARPDA(1.0),New passenger cars by type of motor energy,A,Annual,NR,Number,TOTAL,Total,LU,Luxembourg,2018,,52811,,,,,
dataflow,ESTAT:ROAD_EQR_CARPDA(1.0),New passenger cars by type of motor energy,A,Annual,NR,Number,TOTAL,Total,LU,Luxembourg,2019,,55008,,,,,
dataflow,ESTAT:ROAD_EQR_CARPDA(1.0),New passenger cars by type of motor energy,A,Annual,NR,Number,TOTAL,Total,LU,Luxembourg,2020,,45189,,,,,
dataflow,ESTAT:ROAD_EQR_CARPDA(1.0),New passenger cars by type of motor energy,A,Annual,NR,Number,TOTAL,Total,LU,Luxembourg,2021,,44372,,,,,
dataflow,ESTAT:ROAD_EQR_CARPDA(1.0),New passenger cars by type of motor energy,A,Annual,NR,Number,TOTAL,Total,LU,Luxembourg,2022,,42094,,,,,
dataflow,ESTAT:ROAD_EQR_CARPDA(1.0),New passenger cars by type of motor energy,A,Annual,NR,Number,TOTAL,Total,LU,Luxembourg,2023,,49155,,,,,
dataflow,ESTAT:ROAD_EQR_CARPDA(1.0),New passenger cars by type of motor energy,A,Annual,NR,Number,TOTAL,Total,LU,Luxembourg,2024,,46635,,,,,
dataflow,ESTAT:ROAD_EQR_CARPDA(1.0),New passenger cars by type of motor energy,A,Annual,NR,Number,TOTAL,Total,LV,Latvia,2013,,11070,,,,,
dataflow,ESTAT:ROAD_EQR_CARPDA(1.0),New passenger cars by type of motor energy,A,Annual,NR,Number,TOTAL,Total,LV,Latvia,2014,,13173,,,,,
dataflow,ESTAT:ROAD_EQR_CARPDA(1.0),New passenger cars by type of motor energy,A,Annual,NR,Number,TOTAL,Total,LV,Latvia,2015,,14291,,,,,
dataflow,ESTAT:ROAD_EQR_CARPDA(1.0),New passenger cars by type of motor energy,A,Annual,NR,Number,TOTAL,Total,LV,Latvia,2016,,16768,,,,,
dataflow,ESTAT:ROAD_EQR_CARPDA(1.0),New passenger cars by type of motor energy,A,Annual,NR,Number,TOTAL,Total,LV,Latvia,2017,,17064,,,,,
dataflow,ESTAT:ROAD_EQR_CARPDA(1.0),New passenger cars by type of motor energy,A,Annual,NR,Number,TOTAL,Total,LV,Latvia,2018,,17185,,,,,
dataflow,ESTAT:ROAD_EQR_CARPDA(1.0),New passenger cars by type of motor energy,A,Annual,NR,Number,TOTAL,Total,LV,Latvia,2019,,18537,,,,,
dataflow,ESTAT:ROAD_EQR_CARPDA(1.0),New passenger cars by type of motor energy,A,Annual,NR,Number,TOTAL,Total,LV,Latvia,2020,,13725,,,,,
dataflow,ESTAT:ROAD_EQR_CARPDA(1.0),New passenger cars by type of motor energy,A,Annual,NR,Number,TOTAL,Total,LV,Latvia,2021,,14621,,,,,
dataflow,ESTAT:ROAD_EQR_CARPDA(1.0),New passenger cars by type of motor energy,A,Annual,NR,Number,TOTAL,Total,LV,Latvia,2022,,16715,,,,,
dataflow,ESTAT:ROAD_EQR_CARPDA(1.0),New passenger cars by type of motor energy,A,Annual,NR,Number,TOTAL,Total,LV,Latvia,2023,,18451,,,,,
dataflow,ESTAT:ROAD_EQR_CARPDA(1.0),New passenger cars by type of motor energy,A,Annual,NR,Number,TOTAL,Total,LV,Latvia,2024,,17135,,,,,
dataflow,ESTAT:ROAD_EQR_CARPDA(1.0),New passenger cars by type of motor energy,A,Annual,NR,Number,TOTAL,Total,MD,Moldova,2013,,29698,,,,,
dataflow,ESTAT:ROAD_EQR_CARPDA(1.0),New passenger cars by type of motor energy,A,Annual,NR,Number,TOTAL,Total,MD,Moldova,2014,,24843,,,,,
dataflow,ESTAT:ROAD_EQR_CARPDA(1.0),New passenger cars by type of motor energy,A,Annual,NR,Number,TOTAL,Total,MD,Moldova,2015,,17031,,,,,
dataflow,ESTAT:ROAD_EQR_CARPDA(1.0),New passenger cars by type of motor energy,A,Annual,NR,Number,TOTAL,Total,MD,Moldova,2016,,17208,,,,,
dataflow,ESTAT:ROAD_EQR_CARPDA(1.0),New passenger cars by type of motor energy,A,Annual,NR,Number,TOTAL,Total,MD,Moldova,2017,,42225,,,,,
dataflow,ESTAT:ROAD_EQR_CARPDA(1.0),New passenger cars by type of motor energy,A,Annual,NR,Number,TOTAL,Total,MD,Moldova,2018,,27009,,,,,
dataflow,ESTAT:ROAD_EQR_CARPDA(1.0),New passenger cars by type of motor energy,A,Annual,NR,Number,TOTAL,Total,MD,Moldova,2019,,32733,,,,,
dataflow,ESTAT:ROAD_EQR_CARPDA(1.0),New passenger cars by type of motor energy,A,Annual,NR,Number,TOTAL,Total,MD,Moldova,2020,,30339,,,,,
dataflow,ESTAT:ROAD_EQR_CARPDA(1.0),New passenger cars by type of motor energy,A,Annual,NR,Number,TOTAL,Total,MD,Moldova,2021,,41021,,,,,
dataflow,ESTAT:ROAD_EQR_CARPDA(1.0),New passenger cars by type of motor energy,A,Annual,NR,Number,TOTAL,Total,MD,Moldova,2022,,31391,,,,,
dataflow,ESTAT:ROAD_EQR_CARPDA(1.0),New passenger cars by type of motor energy,A,Annual,NR,Number,TOTAL,Total,MD,Moldova,2023,,46033,,,,,
dataflow,ESTAT:ROAD_EQR_CARPDA(1.0),New passenger cars by type of motor energy,A,Annual,NR,Number,TOTAL,Total,MD,Moldova,2024,,53226,,,,,
dataflow,ESTAT:ROAD_EQR_CARPDA(1.0),New passenger cars by type of motor energy,A,Annual,NR,Number,TOTAL,Total,ME,Montenegro,2014,,1864,,,,,
dataflow,ESTAT:ROAD_EQR_CARPDA(1.0),New passenger cars by type of motor energy,A,Annual,NR,Number,TOTAL,Total,ME,Montenegro,2015,,2217,,,,,
dataflow,ESTAT:ROAD_EQR_CARPDA(1.0),New passenger cars by type of motor energy,A,Annual,NR,Number,TOTAL,Total,ME,Montenegro,2016,,2300,,,,,
dataflow,ESTAT:ROAD_EQR_CARPDA(1.0),New passenger cars by type of motor energy,A,Annual,NR,Number,TOTAL,Total,ME,Montenegro,2017,,2979,,,,,
dataflow,ESTAT:ROAD_EQR_CARPDA(1.0),New passenger cars by type of motor energy,A,Annual,NR,Number,TOTAL,Total,ME,Montenegro,2018,,3225,,,,,
dataflow,ESTAT:ROAD_EQR_CARPDA(1.0),New passenger cars by type of motor energy,A,Annual,NR,Number,TOTAL,Total,ME,Montenegro,2019,,3196,,,,,
dataflow,ESTAT:ROAD_EQR_CARPDA(1.0),New passenger cars by type of motor energy,A,Annual,NR,Number,TOTAL,Total,ME,Montenegro,2020,,3981,,,,,
dataflow,ESTAT:ROAD_EQR_CARPDA(1.0),New passenger cars by type of motor energy,A,Annual,NR,Number,TOTAL,Total,ME,Montenegro,2021,,2990,,,,,
dataflow,ESTAT:ROAD_EQR_CARPDA(1.0),New passenger cars by type of motor energy,A,Annual,NR,Number,TOTAL,Total,ME,Montenegro,2022,,4066,,,,,
dataflow,ESTAT:ROAD_EQR_CARPDA(1.0),New passenger cars by type of motor energy,A,Annual,NR,Number,TOTAL,Total,MK,North Macedonia,2013,,31927,,,,,
dataflow,ESTAT:ROAD_EQR_CARPDA(1.0),New passenger cars by type of motor energy,A,Annual,NR,Number,TOTAL,Total,MK,North Macedonia,2014,,29766,,,,,
dataflow,ESTAT:ROAD_EQR_CARPDA(1.0),New passenger cars by type of motor energy,A,Annual,NR,Number,TOTAL,Total,MK,North Macedonia,2015,,29308,,,,,
dataflow,ESTAT:ROAD_EQR_CARPDA(1.0),New passenger cars by type of motor energy,A,Annual,NR,Number,TOTAL,Total,MK,North Macedonia,2016,,30423,,,,,
dataflow,ESTAT:ROAD_EQR_CARPDA(1.0),New passenger cars by type of motor energy,A,Annual,NR,Number,TOTAL,Total,MK,North Macedonia,2017,,26609,,,,,
dataflow,ESTAT:ROAD_EQR_CARPDA(1.0),New passenger cars by type of motor energy,A,Annual,NR,Number,TOTAL,Total,MK,North Macedonia,2018,,33072,,,,,
dataflow,ESTAT:ROAD_EQR_CARPDA(1.0),New passenger cars by type of motor energy,A,Annual,NR,Number,TOTAL,Total,MK,North Macedonia,2019,,39217,,,,,
dataflow,ESTAT:ROAD_EQR_CARPDA(1.0),New passenger cars by type of motor energy,A,Annual,NR,Number,TOTAL,Total,MK,North Macedonia,2020,,29952,,,,,
dataflow,ESTAT:ROAD_EQR_CARPDA(1.0),New passenger cars by type of motor energy,A,Annual,NR,Number,TOTAL,Total,MK,North Macedonia,2021,,39427,,,,,
dataflow,ESTAT:ROAD_EQR_CARPDA(1.0),New passenger cars by type of motor energy,A,Annual,NR,Number,TOTAL,Total,MK,North Macedonia,2022,,28018,,,,,
dataflow,ESTAT:ROAD_EQR_CARPDA(1.0),New passenger cars by type of motor energy,A,Annual,NR,Number,TOTAL,Total,MK,North Macedonia,2023,,35509,,,,,
dataflow,ESTAT:ROAD_EQR_CARPDA(1.0),New passenger cars by type of motor energy,A,Annual,NR,Number,TOTAL,Total,MT,Malta,2013,,5749,,i,value imputed by Eurostat or other receiving agencies,,
dataflow,ESTAT:ROAD_EQR_CARPDA(1.0),New passenger cars by type of motor energy,A,Annual,NR,Number,TOTAL,Total,MT,Malta,2014,,6451,,i,value imputed by Eurostat or other receiving agencies,,
dataflow,ESTAT:ROAD_EQR_CARPDA(1.0),New passenger cars by type of motor energy,A,Annual,NR,Number,TOTAL,Total,MT,Malta,2015,,7168,,,,,
dataflow,ESTAT:ROAD_EQR_CARPDA(1.0),New passenger cars by type of motor energy,A,Annual,NR,Number,TOTAL,Total,MT,Malta,2016,,7306,,,,,
dataflow,ESTAT:ROAD_EQR_CARPDA(1.0),New passenger cars by type of motor energy,A,Annual,NR,Number,TOTAL,Total,MT,Malta,2017,,7776,,,,,
dataflow,ESTAT:ROAD_EQR_CARPDA(1.0),New passenger cars by type of motor energy,A,Annual,NR,Number,TOTAL,Total,MT,Malta,2018,,8175,,,,,
dataflow,ESTAT:ROAD_EQR_CARPDA(1.0),New passenger cars by type of motor energy,A,Annual,NR,Number,TOTAL,Total,MT,Malta,2019,,7698,,,,,
dataflow,ESTAT:ROAD_EQR_CARPDA(1.0),New passenger cars by type of motor energy,A,Annual,NR,Number,TOTAL,Total,MT,Malta,2020,,4602,,,,,
dataflow,ESTAT:ROAD_EQR_CARPDA(1.0),New passenger cars by type of motor energy,A,Annual,NR,Number,TOTAL,Total,MT,Malta,2021,,5250,,,,,
dataflow,ESTAT:ROAD_EQR_CARPDA(1.0),New passenger cars by type of motor energy,A,Annual,NR,Number,TOTAL,Total,MT,Malta,2022,,6429,,,,,
dataflow,ESTAT:ROAD_EQR_CARPDA(1.0),New passenger cars by type of motor energy,A,Annual,NR,Number,TOTAL,Total,MT,Malta,2023,,7464,,,,,
dataflow,ESTAT:ROAD_EQR_CARPDA(1.0),New passenger cars by type of motor energy,A,Annual,NR,Number,TOTAL,Total,MT,Malta,2024,,7683,,,,,
dataflow,ESTAT:ROAD_EQR_CARPDA(1.0),New passenger cars by type of motor energy,A,Annual,NR,Number,TOTAL,Total,NL,Netherlands,2013,,416717,,,,,
dataflow,ESTAT:ROAD_EQR_CARPDA(1.0),New passenger cars by type of motor energy,A,Annual,NR,Number,TOTAL,Total,NL,Netherlands,2014,,387568,,,,,
dataflow,ESTAT:ROAD_EQR_CARPDA(1.0),New passenger cars by type of motor energy,A,Annual,NR,Number,TOTAL,Total,NL,Netherlands,2015,,448906,,,,,
dataflow,ESTAT:ROAD_EQR_CARPDA(1.0),New passenger cars by type of motor energy,A,Annual,NR,Number,TOTAL,Total,NL,Netherlands,2016,,382512,,,,,
dataflow,ESTAT:ROAD_EQR_CARPDA(1.0),New passenger cars by type of motor energy,A,Annual,NR,Number,TOTAL,Total,NL,Netherlands,2017,,414306,,,,,
dataflow,ESTAT:ROAD_EQR_CARPDA(1.0),New passenger cars by type of motor energy,A,Annual,NR,Number,TOTAL,Total,NL,Netherlands,2018,,443529,,,,,
dataflow,ESTAT:ROAD_EQR_CARPDA(1.0),New passenger cars by type of motor energy,A,Annual,NR,Number,TOTAL,Total,NL,Netherlands,2019,,445218,,,,,
dataflow,ESTAT:ROAD_EQR_CARPDA(1.0),New passenger cars by type of motor energy,A,Annual,NR,Number,TOTAL,Total,NL,Netherlands,2020,,355432,,,,,
dataflow,ESTAT:ROAD_EQR_CARPDA(1.0),New passenger cars by type of motor energy,A,Annual,NR,Number,TOTAL,Total,NL,Netherlands,2021,,322318,,,,,
dataflow,ESTAT:ROAD_EQR_CARPDA(1.0),New passenger cars by type of motor energy,A,Annual,NR,Number,TOTAL,Total,NL,Netherlands,2022,,312070,,,,,
dataflow,ESTAT:ROAD_EQR_CARPDA(1.0),New passenger cars by type of motor energy,A,Annual,NR,Number,TOTAL,Total,NL,Netherlands,2023,,369608,,,,,
dataflow,ESTAT:ROAD_EQR_CARPDA(1.0),New passenger cars by type of motor energy,A,Annual,NR,Number,TOTAL,Total,NL,Netherlands,2024,,381529,,,,,
dataflow,ESTAT:ROAD_EQR_CARPDA(1.0),New passenger cars by type of motor energy,A,Annual,NR,Number,TOTAL,Total,NO,Norway,2013,,150018,,,,,
dataflow,ESTAT:ROAD_EQR_CARPDA(1.0),New passenger cars by type of motor energy,A,Annual,NR,Number,TOTAL,Total,NO,Norway,2014,,149963,,,,,
dataflow,ESTAT:ROAD_EQR_CARPDA(1.0),New passenger cars by type of motor energy,A,Annual,NR,Number,TOTAL,Total,NO,Norway,2015,,158577,,,,,
dataflow,ESTAT:ROAD_EQR_CARPDA(1.0),New passenger cars by type of motor energy,A,Annual,NR,Number,TOTAL,Total,NO,Norway,2016,,160404,,,,,
dataflow,ESTAT:ROAD_EQR_CARPDA(1.0),New passenger cars by type of motor energy,A,Annual,NR,Number,TOTAL,Total,NO,Norway,2017,,167692,,,,,
dataflow,ESTAT:ROAD_EQR_CARPDA(1.0),New passenger cars by type of motor energy,A,Annual,NR,Number,TOTAL,Total,NO,Norway,2018,,158837,,,,,
dataflow,ESTAT:ROAD_EQR_CARPDA(1.0),New passenger cars by type of motor energy,A,Annual,NR,Number,TOTAL,Total,NO,Norway,2019,,148682,,,,,
dataflow,ESTAT:ROAD_EQR_CARPDA(1.0),New passenger cars by type of motor energy,A,Annual,NR,Number,TOTAL,Total,NO,Norway,2020,,157503,,,,,
dataflow,ESTAT:ROAD_EQR_CARPDA(1.0),New passenger cars by type of motor energy,A,Annual,NR,Number,TOTAL,Total,NO,Norway,2021,,182618,,,,,
dataflow,ESTAT:ROAD_EQR_CARPDA(1.0),New passenger cars by type of motor energy,A,Annual,NR,Number,TOTAL,Total,NO,Norway,2022,,180864,,,,,
dataflow,ESTAT:ROAD_EQR_CARPDA(1.0),New passenger cars by type of motor energy,A,Annual,NR,Number,TOTAL,Total,NO,Norway,2023,,128731,,,,,
dataflow,ESTAT:ROAD_EQR_CARPDA(1.0),New passenger cars by type of motor energy,A,Annual,NR,Number,TOTAL,Total,NO,Norway,2024,,130653,,,,,
dataflow,ESTAT:ROAD_EQR_CARPDA(1.0),New passenger cars by type of motor energy,A,Annual,NR,Number,TOTAL,Total,PL,Poland,2013,,290983,,i,value imputed by Eurostat or other receiving agencies,,
dataflow,ESTAT:ROAD_EQR_CARPDA(1.0),New passenger cars by type of motor energy,A,Annual,NR,Number,TOTAL,Total,PL,Poland,2014,,327709,,i,value imputed by Eurostat or other receiving agencies,,
dataflow,ESTAT:ROAD_EQR_CARPDA(1.0),New passenger cars by type of motor energy,A,Annual,NR,Number,TOTAL,Total,PL,Poland,2015,,356337,,i,value imputed by Eurostat or other receiving agencies,,
dataflow,ESTAT:ROAD_EQR_CARPDA(1.0),New passenger cars by type of motor energy,A,Annual,NR,Number,TOTAL,Total,PL,Poland,2016,,418058,,i,value imputed by Eurostat or other receiving agencies,,
dataflow,ESTAT:ROAD_EQR_CARPDA(1.0),New passenger cars by type of motor energy,A,Annual,NR,Number,TOTAL,Total,PL,Poland,2017,,490651,,i,value imputed by Eurostat or other receiving agencies,,
dataflow,ESTAT:ROAD_EQR_CARPDA(1.0),New passenger cars by type of motor energy,A,Annual,NR,Number,TOTAL,Total,PL,Poland,2018,,540396,,i,value imputed by Eurostat or other receiving agencies,,
dataflow,ESTAT:ROAD_EQR_CARPDA(1.0),New passenger cars by type of motor energy,A,Annual,NR,Number,TOTAL,Total,PL,Poland,2019,,561153,,i,value imputed by Eurostat or other receiving agencies,,
dataflow,ESTAT:ROAD_EQR_CARPDA(1.0),New passenger cars by type of motor energy,A,Annual,NR,Number,TOTAL,Total,PL,Poland,2020,,432394,,i,value imputed by Eurostat or other receiving agencies,,
dataflow,ESTAT:ROAD_EQR_CARPDA(1.0),New passenger cars by type of motor energy,A,Annual,NR,Number,TOTAL,Total,PL,Poland,2021,,450831,,i,value imputed by Eurostat or other receiving agencies,,
dataflow,ESTAT:ROAD_EQR_CARPDA(1.0),New passenger cars by type of motor energy,A,Annual,NR,Number,TOTAL,Total,PL,Poland,2022,,421565,,,,,
dataflow,ESTAT:ROAD_EQR_CARPDA(1.0),New passenger cars by type of motor energy,A,Annual,NR,Number,TOTAL,Total,PL,Poland,2023,,477258,,i,value imputed by Eurostat or other receiving agencies,,
dataflow,ESTAT:ROAD_EQR_CARPDA(1.0),New passenger cars by type of motor energy,A,Annual,NR,Number,TOTAL,Total,PL,Poland,2024,,554248,,,,,
dataflow,ESTAT:ROAD_EQR_CARPDA(1.0),New passenger cars by type of motor energy,A,Annual,NR,Number,TOTAL,Total,PT,Portugal,2013,,105921,,i,value imputed by Eurostat or other receiving agencies,,
dataflow,ESTAT:ROAD_EQR_CARPDA(1.0),New passenger cars by type of motor energy,A,Annual,NR,Number,TOTAL,Total,PT,Portugal,2014,,142826,,i,value imputed by Eurostat or other receiving agencies,,
dataflow,ESTAT:ROAD_EQR_CARPDA(1.0),New passenger cars by type of motor energy,A,Annual,NR,Number,TOTAL,Total,PT,Portugal,2015,,178495,,i,value imputed by Eurostat or other receiving agencies,,
dataflow,ESTAT:ROAD_EQR_CARPDA(1.0),New passenger cars by type of motor energy,A,Annual,NR,Number,TOTAL,Total,PT,Portugal,2016,,207330,,i,value imputed by Eurostat or other receiving agencies,,
dataflow,ESTAT:ROAD_EQR_CARPDA(1.0),New passenger cars by type of motor energy,A,Annual,NR,Number,TOTAL,Total,PT,Portugal,2017,,224037,,,,,
dataflow,ESTAT:ROAD_EQR_CARPDA(1.0),New passenger cars by type of motor energy,A,Annual,NR,Number,TOTAL,Total,PT,Portugal,2018,,228139,,,,,
dataflow,ESTAT:ROAD_EQR_CARPDA(1.0),New passenger cars by type of motor energy,A,Annual,NR,Number,TOTAL,Total,PT,Portugal,2019,,223674,,,,,
dataflow,ESTAT:ROAD_EQR_CARPDA(1.0),New passenger cars by type of motor energy,A,Annual,NR,Number,TOTAL,Total,PT,Portugal,2020,,145270,,,,,
dataflow,ESTAT:ROAD_EQR_CARPDA(1.0),New passenger cars by type of motor energy,A,Annual,NR,Number,TOTAL,Total,PT,Portugal,2021,,146641,,,,,
dataflow,ESTAT:ROAD_EQR_CARPDA(1.0),New passenger cars by type of motor energy,A,Annual,NR,Number,TOTAL,Total,PT,Portugal,2022,,158258,,,,,
dataflow,ESTAT:ROAD_EQR_CARPDA(1.0),New passenger cars by type of motor energy,A,Annual,NR,Number,TOTAL,Total,PT,Portugal,2023,,200237,,,,,
dataflow,ESTAT:ROAD_EQR_CARPDA(1.0),New passenger cars by type of motor energy,A,Annual,NR,Number,TOTAL,Total,PT,Portugal,2024,,210223,,p,provisional,,
dataflow,ESTAT:ROAD_EQR_CARPDA(1.0),New passenger cars by type of motor energy,A,Annual,NR,Number,TOTAL,Total,RO,Romania,2013,,57700,,,,,
dataflow,ESTAT:ROAD_EQR_CARPDA(1.0),New passenger cars by type of motor energy,A,Annual,NR,Number,TOTAL,Total,RO,Romania,2014,,70175,,,,,
dataflow,ESTAT:ROAD_EQR_CARPDA(1.0),New passenger cars by type of motor energy,A,Annual,NR,Number,TOTAL,Total,RO,Romania,2015,,81175,,,,,
dataflow,ESTAT:ROAD_EQR_CARPDA(1.0),New passenger cars by type of motor energy,A,Annual,NR,Number,TOTAL,Total,RO,Romania,2016,,95181,,,,,
dataflow,ESTAT:ROAD_EQR_CARPDA(1.0),New passenger cars by type of motor energy,A,Annual,NR,Number,TOTAL,Total,RO,Romania,2017,,106873,,,,,
dataflow,ESTAT:ROAD_EQR_CARPDA(1.0),New passenger cars by type of motor energy,A,Annual,NR,Number,TOTAL,Total,RO,Romania,2018,,130921,,,,,
dataflow,ESTAT:ROAD_EQR_CARPDA(1.0),New passenger cars by type of motor energy,A,Annual,NR,Number,TOTAL,Total,RO,Romania,2019,,161564,,,,,
dataflow,ESTAT:ROAD_EQR_CARPDA(1.0),New passenger cars by type of motor energy,A,Annual,NR,Number,TOTAL,Total,RO,Romania,2020,,126329,,,,,
dataflow,ESTAT:ROAD_EQR_CARPDA(1.0),New passenger cars by type of motor energy,A,Annual,NR,Number,TOTAL,Total,RO,Romania,2021,,121210,,,,,
dataflow,ESTAT:ROAD_EQR_CARPDA(1.0),New passenger cars by type of motor energy,A,Annual,NR,Number,TOTAL,Total,RO,Romania,2022,,129324,,,,,
dataflow,ESTAT:ROAD_EQR_CARPDA(1.0),New passenger cars by type of motor energy,A,Annual,NR,Number,TOTAL,Total,RO,Romania,2023,,144609,,,,,
dataflow,ESTAT:ROAD_EQR_CARPDA(1.0),New passenger cars by type of motor energy,A,Annual,NR,Number,TOTAL,Total,RO,Romania,2024,,151105,,,,,
dataflow,ESTAT:ROAD_EQR_CARPDA(1.0),New passenger cars by type of motor energy,A,Annual,NR,Number,TOTAL,Total,RS,Serbia,2015,,30572,,,,,
dataflow,ESTAT:ROAD_EQR_CARPDA(1.0),New passenger cars by type of motor energy,A,Annual,NR,Number,TOTAL,Total,RS,Serbia,2016,,34461,,,,,
dataflow,ESTAT:ROAD_EQR_CARPDA(1.0),New passenger cars by type of motor energy,A,Annual,NR,Number,TOTAL,Total,RS,Serbia,2017,,40461,,,,,
dataflow,ESTAT:ROAD_EQR_CARPDA(1.0),New passenger cars by type of motor energy,A,Annual,NR,Number,TOTAL,Total,RS,Serbia,2018,,43954,,,,,
dataflow,ESTAT:ROAD_EQR_CARPDA(1.0),New passenger cars by type of motor energy,A,Annual,NR,Number,TOTAL,Total,RS,Serbia,2019,,49926,,,,,
dataflow,ESTAT:ROAD_EQR_CARPDA(1.0),New passenger cars by type of motor energy,A,Annual,NR,Number,TOTAL,Total,RS,Serbia,2020,,45061,,,,,
dataflow,ESTAT:ROAD_EQR_CARPDA(1.0),New passenger cars by type of motor energy,A,Annual,NR,Number,TOTAL,Total,RS,Serbia,2021,,41301,,,,,
dataflow,ESTAT:ROAD_EQR_CARPDA(1.0),New passenger cars by type of motor energy,A,Annual,NR,Number,TOTAL,Total,RS,Serbia,2022,,42256,,,,,
dataflow,ESTAT:ROAD_EQR_CARPDA(1.0),New passenger cars by type of motor energy,A,Annual,NR,Number,TOTAL,Total,RS,Serbia,2023,,45960,,,,,
dataflow,ESTAT:ROAD_EQR_CARPDA(1.0),New passenger cars by type of motor energy,A,Annual,NR,Number,TOTAL,Total,RS,Serbia,2024,,49282,,,,,
dataflow,ESTAT:ROAD_EQR_CARPDA(1.0),New passenger cars by type of motor energy,A,Annual,NR,Number,TOTAL,Total,SE,Sweden,2013,,292162,,,,,
dataflow,ESTAT:ROAD_EQR_CARPDA(1.0),New passenger cars by type of motor energy,A,Annual,NR,Number,TOTAL,Total,SE,Sweden,2014,,324030,,,,,
dataflow,ESTAT:ROAD_EQR_CARPDA(1.0),New passenger cars by type of motor energy,A,Annual,NR,Number,TOTAL,Total,SE,Sweden,2015,,361908,,,,,
dataflow,ESTAT:ROAD_EQR_CARPDA(1.0),New passenger cars by type of motor energy,A,Annual,NR,Number,TOTAL,Total,SE,Sweden,2016,,387997,,,,,
dataflow,ESTAT:ROAD_EQR_CARPDA(1.0),New passenger cars by type of motor energy,A,Annual,NR,Number,TOTAL,Total,SE,Sweden,2017,,392717,,,,,
dataflow,ESTAT:ROAD_EQR_CARPDA(1.0),New passenger cars by type of motor energy,A,Annual,NR,Number,TOTAL,Total,SE,Sweden,2018,,365513,,,,,
dataflow,ESTAT:ROAD_EQR_CARPDA(1.0),New passenger cars by type of motor energy,A,Annual,NR,Number,TOTAL,Total,SE,Sweden,2019,,366946,,,,,
dataflow,ESTAT:ROAD_EQR_CARPDA(1.0),New passenger cars by type of motor energy,A,Annual,NR,Number,TOTAL,Total,SE,Sweden,2020,,293771,,,,,
dataflow,ESTAT:ROAD_EQR_CARPDA(1.0),New passenger cars by type of motor energy,A,Annual,NR,Number,TOTAL,Total,SE,Sweden,2021,,303906,,,,,
dataflow,ESTAT:ROAD_EQR_CARPDA(1.0),New passenger cars by type of motor energy,A,Annual,NR,Number,TOTAL,Total,SE,Sweden,2022,,289779,,,,,
dataflow,ESTAT:ROAD_EQR_CARPDA(1.0),New passenger cars by type of motor energy,A,Annual,NR,Number,TOTAL,Total,SE,Sweden,2023,,290768,,,,,
dataflow,ESTAT:ROAD_EQR_CARPDA(1.0),New passenger cars by type of motor energy,A,Annual,NR,Number,TOTAL,Total,SE,Sweden,2024,,270744,,,,,
dataflow,ESTAT:ROAD_EQR_CARPDA(1.0),New passenger cars by type of motor energy,A,Annual,NR,Number,TOTAL,Total,SI,Slovenia,2013,,51968,,,,,
dataflow,ESTAT:ROAD_EQR_CARPDA(1.0),New passenger cars by type of motor energy,A,Annual,NR,Number,TOTAL,Total,SI,Slovenia,2014,,54086,,,,,
dataflow,ESTAT:ROAD_EQR_CARPDA(1.0),New passenger cars by type of motor energy,A,Annual,NR,Number,TOTAL,Total,SI,Slovenia,2015,,60668,,,,,
dataflow,ESTAT:ROAD_EQR_CARPDA(1.0),New passenger cars by type of motor energy,A,Annual,NR,Number,TOTAL,Total,SI,Slovenia,2016,,64899,,,,,
dataflow,ESTAT:ROAD_EQR_CARPDA(1.0),New passenger cars by type of motor energy,A,Annual,NR,Number,TOTAL,Total,SI,Slovenia,2017,,72477,,,,,
dataflow,ESTAT:ROAD_EQR_CARPDA(1.0),New passenger cars by type of motor energy,A,Annual,NR,Number,TOTAL,Total,SI,Slovenia,2018,,74518,,,,,
dataflow,ESTAT:ROAD_EQR_CARPDA(1.0),New passenger cars by type of motor energy,A,Annual,NR,Number,TOTAL,Total,SI,Slovenia,2019,,72710,,,,,
dataflow,ESTAT:ROAD_EQR_CARPDA(1.0),New passenger cars by type of motor energy,A,Annual,NR,Number,TOTAL,Total,SI,Slovenia,2020,,53367,,,,,
dataflow,ESTAT:ROAD_EQR_CARPDA(1.0),New passenger cars by type of motor energy,A,Annual,NR,Number,TOTAL,Total,SI,Slovenia,2021,,53428,,,,,
dataflow,ESTAT:ROAD_EQR_CARPDA(1.0),New passenger cars by type of motor energy,A,Annual,NR,Number,TOTAL,Total,SI,Slovenia,2022,,45679,,,,,
dataflow,ESTAT:ROAD_EQR_CARPDA(1.0),New passenger cars by type of motor energy,A,Annual,NR,Number,TOTAL,Total,SI,Slovenia,2023,,48455,,,,,
dataflow,ESTAT:ROAD_EQR_CARPDA(1.0),New passenger cars by type of motor energy,A,Annual,NR,Number,TOTAL,Total,SI,Slovenia,2024,,52533,,,,,
dataflow,ESTAT:ROAD_EQR_CARPDA(1.0),New passenger cars by type of motor energy,A,Annual,NR,Number,TOTAL,Total,SK,Slovakia,2013,,65466,,,,,
dataflow,ESTAT:ROAD_EQR_CARPDA(1.0),New passenger cars by type of motor energy,A,Annual,NR,Number,TOTAL,Total,SK,Slovakia,2014,,71693,,,,,
dataflow,ESTAT:ROAD_EQR_CARPDA(1.0),New passenger cars by type of motor energy,A,Annual,NR,Number,TOTAL,Total,SK,Slovakia,2015,,78180,,,,,
dataflow,ESTAT:ROAD_EQR_CARPDA(1.0),New passenger cars by type of motor energy,A,Annual,NR,Number,TOTAL,Total,SK,Slovakia,2016,,88504,,,,,
dataflow,ESTAT:ROAD_EQR_CARPDA(1.0),New passenger cars by type of motor energy,A,Annual,NR,Number,TOTAL,Total,SK,Slovakia,2017,,96312,,,,,
dataflow,ESTAT:ROAD_EQR_CARPDA(1.0),New passenger cars by type of motor energy,A,Annual,NR,Number,TOTAL,Total,SK,Slovakia,2018,,98602,,,,,
dataflow,ESTAT:ROAD_EQR_CARPDA(1.0),New passenger cars by type of motor energy,A,Annual,NR,Number,TOTAL,Total,SK,Slovakia,2019,,101743,,,,,
dataflow,ESTAT:ROAD_EQR_CARPDA(1.0),New passenger cars by type of motor energy,A,Annual,NR,Number,TOTAL,Total,SK,Slovakia,2020,,76300,,,,,
dataflow,ESTAT:ROAD_EQR_CARPDA(1.0),New passenger cars by type of motor energy,A,Annual,NR,Number,TOTAL,Total,SK,Slovakia,2021,,75608,,,,,
dataflow,ESTAT:ROAD_EQR_CARPDA(1.0),New passenger cars by type of motor energy,A,Annual,NR,Number,TOTAL,Total,SK,Slovakia,2022,,78659,,,,,
dataflow,ESTAT:ROAD_EQR_CARPDA(1.0),New passenger cars by type of motor energy,A,Annual,NR,Number,TOTAL,Total,SK,Slovakia,2023,,86812,,,,,
dataflow,ESTAT:ROAD_EQR_CARPDA(1.0),New passenger cars by type of motor energy,A,Annual,NR,Number,TOTAL,Total,SK,Slovakia,2024,,91544,,,,,
dataflow,ESTAT:ROAD_EQR_CARPDA(1.0),New passenger cars by type of motor energy,A,Annual,NR,Number,TOTAL,Total,TR,Türkiye,2013,,654905,,,,,
dataflow,ESTAT:ROAD_EQR_CARPDA(1.0),New passenger cars by type of motor energy,A,Annual,NR,Number,TOTAL,Total,TR,Türkiye,2014,,585814,,,,,
dataflow,ESTAT:ROAD_EQR_CARPDA(1.0),New passenger cars by type of motor energy,A,Annual,NR,Number,TOTAL,Total,TR,Türkiye,2015,,746395,,,,,
dataflow,ESTAT:ROAD_EQR_CARPDA(1.0),New passenger cars by type of motor energy,A,Annual,NR,Number,TOTAL,Total,TR,Türkiye,2016,,746074,,,,,
dataflow,ESTAT:ROAD_EQR_CARPDA(1.0),New passenger cars by type of motor energy,A,Annual,NR,Number,TOTAL,Total,TR,Türkiye,2017,,741902,,,,,
dataflow,ESTAT:ROAD_EQR_CARPDA(1.0),New passenger cars by type of motor energy,A,Annual,NR,Number,TOTAL,Total,TR,Türkiye,2018,,526235,,,,,
dataflow,ESTAT:ROAD_EQR_CARPDA(1.0),New passenger cars by type of motor energy,A,Annual,NR,Number,TOTAL,Total,TR,Türkiye,2019,,386748,,,,,
dataflow,ESTAT:ROAD_EQR_CARPDA(1.0),New passenger cars by type of motor energy,A,Annual,NR,Number,TOTAL,Total,TR,Türkiye,2020,,601525,,,,,
dataflow,ESTAT:ROAD_EQR_CARPDA(1.0),New passenger cars by type of motor energy,A,Annual,NR,Number,TOTAL,Total,TR,Türkiye,2021,,614037,,,,,
dataflow,ESTAT:ROAD_EQR_CARPDA(1.0),New passenger cars by type of motor energy,A,Annual,NR,Number,TOTAL,Total,TR,Türkiye,2022,,566280,,,,,
dataflow,ESTAT:ROAD_EQR_CARPDA(1.0),New passenger cars by type of motor energy,A,Annual,NR,Number,TOTAL,Total,TR,Türkiye,2023,,945768,,,,,
dataflow,ESTAT:ROAD_EQR_CARPDA(1.0),New passenger cars by type of motor energy,A,Annual,NR,Number,TOTAL,Total,TR,Türkiye,2024,,1014830,,,,,
dataflow,ESTAT:ROAD_EQR_CARPDA(1.0),New passenger cars by type of motor energy,A,Annual,NR,Number,TOTAL,Total,UA,Ukraine,2019,,62951,,,,,
dataflow,ESTAT:ROAD_EQR_CARPDA(1.0),New passenger cars by type of motor energy,A,Annual,NR,Number,TOTAL,Total,UA,Ukraine,2020,,88797,,,,,
dataflow,ESTAT:ROAD_EQR_CARPDA(1.0),New passenger cars by type of motor energy,A,Annual,NR,Number,TOTAL,Total,UA,Ukraine,2021,,107771,,,,,
dataflow,ESTAT:ROAD_EQR_CARPDA(1.0),New passenger cars by type of motor energy,A,Annual,NR,Number,TOTAL,Total,UA,Ukraine,2022,,39090,,,,,
dataflow,ESTAT:ROAD_EQR_CARPDA(1.0),New passenger cars by type of motor energy,A,Annual,NR,Number,TOTAL,Total,UA,Ukraine,2023,,62951,,,,,
dataflow,ESTAT:ROAD_EQR_CARPDA(1.0),New passenger cars by type of motor energy,A,Annual,NR,Number,TOTAL,Total,UA,Ukraine,2024,,68757,,,,,
dataflow,ESTAT:ROAD_EQR_CARPDA(1.0),New passenger cars by type of motor energy,A,Annual,NR,Number,TOTAL,Total,UK,United Kingdom,2013,,2264737,,i,value imputed by Eurostat or other receiving agencies,,
dataflow,ESTAT:ROAD_EQR_CARPDA(1.0),New passenger cars by type of motor energy,A,Annual,NR,Number,TOTAL,Total,UK,United Kingdom,2014,,2476435,,i,value imputed by Eurostat or other receiving agencies,,
dataflow,ESTAT:ROAD_EQR_CARPDA(1.0),New passenger cars by type of motor energy,A,Annual,NR,Number,TOTAL,Total,UK,United Kingdom,2015,,2602146,,,,,
dataflow,ESTAT:ROAD_EQR_CARPDA(1.0),New passenger cars by type of motor energy,A,Annual,NR,Number,TOTAL,Total,UK,United Kingdom,2016,,2665251,,,,,
dataflow,ESTAT:ROAD_EQR_CARPDA(1.0),New passenger cars by type of motor energy,A,Annual,NR,Number,TOTAL,Total,UK,United Kingdom,2017,,2509330,,,,,
dataflow,ESTAT:ROAD_EQR_CARPDA(1.0),New passenger cars by type of motor energy,A,Annual,NR,Number,TOTAL,Total,UK,United Kingdom,2018,,2341505,,,,,
dataflow,ESTAT:ROAD_EQR_CARPDA(1.0),New passenger cars by type of motor energy,A,Annual,NR,Number,TOTAL,Total,UK,United Kingdom,2019,,2311140,,i,value imputed by Eurostat or other receiving agencies,,
dataflow,ESTAT:ROAD_EQR_CARPDA(1.0),New passenger cars by type of motor energy,A,Annual,NR,Number,TOTAL,Total,UK,United Kingdom,2020,,1631064,,i,value imputed by Eurostat or other receiving agencies,,
dataflow,ESTAT:ROAD_EQR_CARPDA(1.0),New passenger cars by type of motor energy,A,Annual,NR,Number,TOTAL,Total,UK,United Kingdom,2021,,1640224,,,,,
dataflow,ESTAT:ROAD_EQR_CARPDA(1.0),New passenger cars by type of motor energy,A,Annual,NR,Number,TOTAL,Total,UK,United Kingdom,2022,,1613141,,,,,
dataflow,ESTAT:ROAD_EQR_CARPDA(1.0),New passenger cars by type of motor energy,A,Annual,NR,Number,TOTAL,Total,UK,United Kingdom,2023,,1899737,,,,,
dataflow,ESTAT:ROAD_EQR_CARPDA(1.0),New passenger cars by type of motor energy,A,Annual,NR,Number,TOTAL,Total,XK,Kosovo*,2017,,19500,,,,,
dataflow,ESTAT:ROAD_EQR_CARPDA(1.0),New passenger cars by type of motor energy,A,Annual,NR,Number,TOTAL,Total,XK,Kosovo*,2018,,9842,,,,,
dataflow,ESTAT:ROAD_EQR_CARPDA(1.0),New passenger cars by type of motor energy,A,Annual,NR,Number,TOTAL,Total,XK,Kosovo*,2019,,22587,,,,,
dataflow,ESTAT:ROAD_EQR_CARPDA(1.0),New passenger cars by type of motor energy,A,Annual,NR,Number,TOTAL,Total,XK,Kosovo*,2021,,27171,,,,,
